Preparing output directories.
Creating AI2-THOR controller.
agent index: 0
agentId: 0
position: {'x': -1.0, 'y': 0.900999128818512, 'z': 1.0}
agent index: 1
agentId: 1
position: {'x': -1.0, 'y': 0.900999128818512, 'z': 0.0}
Initializing AI2-THOR scene.
FloorPlan1 initialized with 2 physical agent(s) for 2 logical robot(s).
Skipping top-view camera because renderImage=0.
Loading reachable positions.
Placing agent 0.
Placing agent 1.
Setting initial look angle for agent 0.
Setting initial look angle for agent 1.
Phase 1 started with 1 robot queue(s).
GoToObject visibility look adjustment failed for agent 1: can't look down beyond 60 degrees below the forward horizon
GoToObject visibility look adjustment failed for agent 1: can't look down beyond 60 degrees below the forward horizon
GoToObject visibility look adjustment failed for agent 1: can't look down beyond 60 degrees below the forward horizon
GoToObject visibility look adjustment failed for agent 1: can't look down beyond 60 degrees below the forward horizon
GoToObject visibility look adjustment failed for agent 1: can't look down beyond 60 degrees below the forward horizon
GoToObject visibility look adjustment failed for agent 1: can't look down beyond 60 degrees below the forward horizon
GoToObject visibility look adjustment failed for agent 1: can't look down beyond 60 degrees below the forward horizon
GoToObject visibility look adjustment failed for agent 1: can't look down beyond 60 degrees below the forward horizon
GoToObject visibility look adjustment failed for agent 1: can't look down beyond 60 degrees below the forward horizon
GoToObject visibility look adjustment failed for agent 1: can't look down beyond 60 degrees below the forward horizon
GoToObject visibility look adjustment failed for agent 1: can't look down beyond 60 degrees below the forward horizon
GoToObject visibility look adjustment failed for agent 1: can't look down beyond 60 degrees below the forward horizon
GoToObject visibility look adjustment failed for agent 1: can't look down beyond 60 degrees below the forward horizon
GoToObject visibility look adjustment failed for agent 1: can't look down beyond 60 degrees below the forward horizon
GoToObject visibility look adjustment failed for agent 1: can't look down beyond 60 degrees below the forward horizon
GoToObject visibility look adjustment failed for agent 1: can't look down beyond 60 degrees below the forward horizon
GoToObject visibility look adjustment failed for agent 1: can't look down beyond 60 degrees below the forward horizon
GoToObject visibility look adjustment failed for agent 1: can't look down beyond 60 degrees below the forward horizon
GoToObject visibility look adjustment failed for agent 1: can't look down beyond 60 degrees below the forward horizon
GoToObject visibility look adjustment failed for agent 1: can't look down beyond 60 degrees below the forward horizon
GoToObject visibility look adjustment failed for agent 1: can't look down beyond 60 degrees below the forward horizon
GoToObject visibility look adjustment failed for agent 1: can't look down beyond 60 degrees below the forward horizon
GoToObject visibility look adjustment failed for agent 1: can't look down beyond 60 degrees below the forward horizon
GoToObject visibility look adjustment failed for agent 1: can't look down beyond 60 degrees below the forward horizon
GoToObject visibility look adjustment failed for agent 1: can't look down beyond 60 degrees below the forward horizon
GoToObject visibility look adjustment failed for agent 1: can't look down beyond 60 degrees below the forward horizon
GoToObject visibility look adjustment failed for agent 1: can't look down beyond 60 degrees below the forward horizon
GoToObject visibility look adjustment failed for agent 1: can't look down beyond 60 degrees below the forward horizon
GoToObject visibility look adjustment failed for agent 1: can't look down beyond 60 degrees below the forward horizon
GoToObject visibility look adjustment failed for agent 1: can't look down beyond 60 degrees below the forward horizon
Tick 0: robot2 failed GoToObject: NO_INTERACTION_POSE: interaction target is invisible from every candidate for agent 1 target 'Cup'
BreakObject Cup -> Cup_4c1ceda2 Cup|+00.37|+01.64|-02.58
BreakObject target still outside visibility for agent 1 after camera offset -10; trying another angle.
BreakObject target still outside visibility for agent 1 after camera offset -20; trying another angle.
BreakObject target still outside visibility for agent 1 after camera offset -30; trying another angle.
BreakObject target still outside visibility for agent 1 after camera offset 10; trying another angle.
BreakObject target still outside visibility for agent 1 after camera offset 20; trying another angle.
BreakObject visibility look adjustment failed for agent 1: can't look down beyond 60 degrees below the forward horizon
Tick 1: robot2 failed BreakObject: BreakObject failed for agent 1 on Cup|+00.37|+01.64|-02.58: NullReferenceException: Target object not found within the specified visibility.. trace:   at UnityStandardAssets.Characters.FirstPerson.BaseFPSAgentController.getInteractableSimObjectFromId (System.String objectId, System.Boolean forceAction) [0x0007a] in <686694aeb00e4f03b2b15637c42c1442>:0 
  at UnityStandardAssets.Characters.FirstPerson.PhysicsRemoteFPSAgentController.BreakObject (ServerAction action) [0x00034] in <686694aeb00e4f03b2b15637c42c1442>:0 
  at (wrapper managed-to-native) System.Reflection.MonoMethod.InternalInvoke(System.Reflection.MonoMethod,object,object[],System.Exception&)
  at System.Reflection.MonoMethod.Invoke (System.Object obj, System.Reflection.BindingFlags invokeAttr, System.Reflection.Binder binder, System.Object[] parameters, System.Globalization.CultureInfo culture) [0x00032] in <695d1cc93cca45069c528c15c9fdd749>:0 
GoToObject visibility look adjustment failed for agent 1: can't look down beyond 60 degrees below the forward horizon
GoToObject visibility look adjustment failed for agent 1: can't look down beyond 60 degrees below the forward horizon
GoToObject visibility look adjustment failed for agent 1: can't look down beyond 60 degrees below the forward horizon
GoToObject visibility look adjustment failed for agent 1: can't look down beyond 60 degrees below the forward horizon
GoToObject visibility look adjustment failed for agent 1: can't look down beyond 60 degrees below the forward horizon
GoToObject visibility look adjustment failed for agent 1: can't look down beyond 60 degrees below the forward horizon
GoToObject visibility look adjustment failed for agent 1: can't look down beyond 60 degrees below the forward horizon
GoToObject visibility look adjustment failed for agent 1: can't look down beyond 60 degrees below the forward horizon
GoToObject visibility look adjustment failed for agent 1: can't look down beyond 60 degrees below the forward horizon
GoToObject visibility look adjustment failed for agent 1: can't look down beyond 60 degrees below the forward horizon
GoToObject visibility look adjustment failed for agent 1: can't look down beyond 60 degrees below the forward horizon
GoToObject visibility look adjustment failed for agent 1: can't look down beyond 60 degrees below the forward horizon
GoToObject visibility look adjustment failed for agent 1: can't look down beyond 60 degrees below the forward horizon
GoToObject visibility look adjustment failed for agent 1: can't look down beyond 60 degrees below the forward horizon
GoToObject visibility look adjustment failed for agent 1: can't look down beyond 60 degrees below the forward horizon
GoToObject visibility look adjustment failed for agent 1: can't look down beyond 60 degrees below the forward horizon
GoToObject visibility look adjustment failed for agent 1: can't look down beyond 60 degrees below the forward horizon
GoToObject visibility look adjustment failed for agent 1: can't look down beyond 60 degrees below the forward horizon
GoToObject visibility look adjustment failed for agent 1: can't look down beyond 60 degrees below the forward horizon
GoToObject visibility look adjustment failed for agent 1: can't look down beyond 60 degrees below the forward horizon
GoToObject visibility look adjustment failed for agent 1: can't look down beyond 60 degrees below the forward horizon
GoToObject visibility look adjustment failed for agent 1: can't look down beyond 60 degrees below the forward horizon
GoToObject visibility look adjustment failed for agent 1: can't look down beyond 60 degrees below the forward horizon
GoToObject visibility look adjustment failed for agent 1: can't look down beyond 60 degrees below the forward horizon
GoToObject visibility look adjustment failed for agent 1: can't look down beyond 60 degrees below the forward horizon
GoToObject visibility look adjustment failed for agent 1: can't look down beyond 60 degrees below the forward horizon
GoToObject visibility look adjustment failed for agent 1: can't look down beyond 60 degrees below the forward horizon
GoToObject visibility look adjustment failed for agent 1: can't look down beyond 60 degrees below the forward horizon
GoToObject visibility look adjustment failed for agent 1: can't look down beyond 60 degrees below the forward horizon
GoToObject visibility look adjustment failed for agent 1: can't look down beyond 60 degrees below the forward horizon
Tick 2: robot2 failed GoToObject: NO_INTERACTION_POSE: interaction target is invisible from every candidate for agent 1 target 'Egg'
PickupObject name: Egg_67211636
PickupObject Egg -> Egg_67211636 Egg|-02.04|+00.81|+01.24
PickupObject target still outside visibility for agent 1 after camera offset -10; trying another angle.
PickupObject target still outside visibility for agent 1 after camera offset -20; trying another angle.
PickupObject target still outside visibility for agent 1 after camera offset -30; trying another angle.
PickupObject target still outside visibility for agent 1 after camera offset 10; trying another angle.
PickupObject target still outside visibility for agent 1 after camera offset 20; trying another angle.
PickupObject visibility look adjustment failed for agent 1: can't look down beyond 60 degrees below the forward horizon
Tick 3: robot2 failed PickupObject: PickupObject failed for agent 1 on Egg|-02.04|+00.81|+01.24: NullReferenceException: Target object not found within the specified visibility.. trace:   at UnityStandardAssets.Characters.FirstPerson.BaseFPSAgentController.getInteractableSimObjectFromId (System.String objectId, System.Boolean forceAction) [0x0007a] in <686694aeb00e4f03b2b15637c42c1442>:0 
  at UnityStandardAssets.Characters.FirstPerson.PhysicsRemoteFPSAgentController.PickupObject (System.String objectId, System.Boolean forceAction, System.Boolean manualInteract) [0x00000] in <686694aeb00e4f03b2b15637c42c1442>:0 
  at (wrapper managed-to-native) System.Reflection.MonoMethod.InternalInvoke(System.Reflection.MonoMethod,object,object[],System.Exception&)
  at System.Reflection.MonoMethod.Invoke (System.Object obj, System.Reflection.BindingFlags invokeAttr, System.Reflection.Binder binder, System.Object[] parameters, System.Globalization.CultureInfo culture) [0x00032] in <695d1cc93cca45069c528c15c9fdd749>:0 
Reached: Pot
Operated object name: Pot_5c47f775
Tick 4: robot2 completed GoToObject.
PickupObject name: Pot_5c47f775
PickupObject Pot -> Pot_5c47f775 Pot|-01.22|+00.90|-02.36
Operated object name: Pot_5c47f775
Tick 5: robot2 completed PickupObject.
Tick 6: robot2 failed PutObject: Cannot PutObject for robot2: robot is not holding the requested object.
GoToObject visibility look adjustment failed for agent 1: a held item: Pot|-01.22|+00.90|-02.36 will collide with something if agent rotates up 10 degrees
GoToObject visibility look adjustment failed for agent 1: a held item: Pot|-01.22|+00.90|-02.36 will collide with something if agent rotates up 20 degrees
GoToObject visibility look adjustment failed for agent 1: a held item: Pot|-01.22|+00.90|-02.36 will collide with something if agent rotates up 30 degrees
GoToObject visibility look adjustment failed for agent 1: can't look down beyond 60 degrees below the forward horizon
GoToObject visibility look adjustment failed for agent 1: a held item: Pot|-01.22|+00.90|-02.36 will collide with something if agent rotates up 10 degrees
GoToObject visibility look adjustment failed for agent 1: a held item: Pot|-01.22|+00.90|-02.36 will collide with something if agent rotates up 20 degrees
GoToObject visibility look adjustment failed for agent 1: can't look down beyond 60 degrees below the forward horizon
RotateLeft was blocked by a held item for agent 1; trying equivalent RotateRight rotation.
GoToObject visibility look adjustment failed for agent 1: a held item: Pot|-01.22|+00.90|-02.36 will collide with something if agent rotates up 10 degrees
GoToObject visibility look adjustment failed for agent 1: a held item: Pot|-01.22|+00.90|-02.36 will collide with something if agent rotates up 20 degrees
GoToObject visibility look adjustment failed for agent 1: a held item: Pot|-01.22|+00.90|-02.36 will collide with something if agent rotates up 30 degrees
GoToObject visibility look adjustment failed for agent 1: can't look down beyond 60 degrees below the forward horizon
GoToObject visibility look adjustment failed for agent 1: a held item: Pot|-01.22|+00.90|-02.36 will collide with something if agent rotates up 10 degrees
GoToObject visibility look adjustment failed for agent 1: a held item: Pot|-01.22|+00.90|-02.36 will collide with something if agent rotates up 20 degrees
GoToObject visibility look adjustment failed for agent 1: can't look down beyond 60 degrees below the forward horizon
GoToObject visibility look adjustment failed for agent 1: a held item: Pot|-01.22|+00.90|-02.36 will collide with something if agent rotates up 10 degrees
GoToObject visibility look adjustment failed for agent 1: a held item: Pot|-01.22|+00.90|-02.36 will collide with something if agent rotates up 20 degrees
GoToObject visibility look adjustment failed for agent 1: can't look down beyond 60 degrees below the forward horizon
GoToObject visibility look adjustment failed for agent 1: a held item: Pot|-01.22|+00.90|-02.36 will collide with something if agent rotates up 10 degrees
GoToObject visibility look adjustment failed for agent 1: a held item: Pot|-01.22|+00.90|-02.36 will collide with something if agent rotates up 20 degrees
GoToObject visibility look adjustment failed for agent 1: can't look down beyond 60 degrees below the forward horizon
GoToObject visibility look adjustment failed for agent 1: can't look down beyond 60 degrees below the forward horizon
GoToObject visibility look adjustment failed for agent 1: can't look down beyond 60 degrees below the forward horizon
GoToObject visibility look adjustment failed for agent 1: can't look down beyond 60 degrees below the forward horizon
Tick 6: robot2 failed GoToObject: NO_INTERACTION_POSE: interaction target is invisible from every candidate for agent 1 target 'Egg'
BreakObject Egg -> Egg_67211636 Egg|-02.04|+00.81|+01.24
BreakObject target still outside visibility for agent 1 after camera offset -10; trying another angle.
BreakObject target still outside visibility for agent 1 after camera offset -20; trying another angle.
BreakObject target still outside visibility for agent 1 after camera offset -30; trying another angle.
BreakObject target still outside visibility for agent 1 after camera offset 10; trying another angle.
BreakObject target still outside visibility for agent 1 after camera offset 20; trying another angle.
BreakObject visibility look adjustment failed for agent 1: can't look down beyond 60 degrees below the forward horizon
Tick 7: robot2 failed PrepareEgg: BreakObject failed for agent 1 on Egg|-02.04|+00.81|+01.24: NullReferenceException: Target object not found within the specified visibility.. trace:   at UnityStandardAssets.Characters.FirstPerson.BaseFPSAgentController.getInteractableSimObjectFromId (System.String objectId, System.Boolean forceAction) [0x0007a] in <686694aeb00e4f03b2b15637c42c1442>:0 
  at UnityStandardAssets.Characters.FirstPerson.PhysicsRemoteFPSAgentController.BreakObject (ServerAction action) [0x00034] in <686694aeb00e4f03b2b15637c42c1442>:0 
  at (wrapper managed-to-native) System.Reflection.MonoMethod.InternalInvoke(System.Reflection.MonoMethod,object,object[],System.Exception&)
  at System.Reflection.MonoMethod.Invoke (System.Object obj, System.Reflection.BindingFlags invokeAttr, System.Reflection.Binder binder, System.Object[] parameters, System.Globalization.CultureInfo culture) [0x00032] in <695d1cc93cca45069c528c15c9fdd749>:0 
Reached: StoveBurner_1
Operated object name: StoveBurner_08a5798f
Tick 8: robot2 completed GoToObject.
PutObject names: Pot_5c47f775, StoveBurner_08a5798f
PutObject StoveBurner|-00.47|+00.92|-02.37 -> StoveBurner_08a5798f StoveBurner|-00.47|+00.92|-02.37
Operated object name: StoveBurner_08a5798f
Operated object name: StoveKnob_e0c0e452
Operated object name: StoveKnob_e0c0e452
Tick 9: robot2 failed CookByStoveBurner: CookByStoveBurner timed out waiting for Egg|-02.04|+00.81|+01.24 to become Cooked.
GoToObject visibility look adjustment failed for agent 1: can't look down beyond 60 degrees below the forward horizon
GoToObject visibility look adjustment failed for agent 1: can't look down beyond 60 degrees below the forward horizon
GoToObject visibility look adjustment failed for agent 1: can't look down beyond 60 degrees below the forward horizon
GoToObject visibility look adjustment failed for agent 1: can't look down beyond 60 degrees below the forward horizon
GoToObject visibility look adjustment failed for agent 1: can't look down beyond 60 degrees below the forward horizon
GoToObject visibility look adjustment failed for agent 1: can't look down beyond 60 degrees below the forward horizon
GoToObject visibility look adjustment failed for agent 1: can't look down beyond 60 degrees below the forward horizon
GoToObject visibility look adjustment failed for agent 1: can't look down beyond 60 degrees below the forward horizon
GoToObject visibility look adjustment failed for agent 1: can't look down beyond 60 degrees below the forward horizon
GoToObject visibility look adjustment failed for agent 1: can't look down beyond 60 degrees below the forward horizon
GoToObject visibility look adjustment failed for agent 1: can't look down beyond 60 degrees below the forward horizon
GoToObject visibility look adjustment failed for agent 1: can't look down beyond 60 degrees below the forward horizon
GoToObject visibility look adjustment failed for agent 1: can't look down beyond 60 degrees below the forward horizon
GoToObject visibility look adjustment failed for agent 1: can't look down beyond 60 degrees below the forward horizon
GoToObject visibility look adjustment failed for agent 1: can't look down beyond 60 degrees below the forward horizon
GoToObject visibility look adjustment failed for agent 1: can't look down beyond 60 degrees below the forward horizon
GoToObject visibility look adjustment failed for agent 1: can't look down beyond 60 degrees below the forward horizon
GoToObject visibility look adjustment failed for agent 1: can't look down beyond 60 degrees below the forward horizon
GoToObject visibility look adjustment failed for agent 1: can't look down beyond 60 degrees below the forward horizon
GoToObject visibility look adjustment failed for agent 1: can't look down beyond 60 degrees below the forward horizon
GoToObject visibility look adjustment failed for agent 1: can't look down beyond 60 degrees below the forward horizon
GoToObject visibility look adjustment failed for agent 1: can't look down beyond 60 degrees below the forward horizon
GoToObject visibility look adjustment failed for agent 1: can't look down beyond 60 degrees below the forward horizon
GoToObject visibility look adjustment failed for agent 1: can't look down beyond 60 degrees below the forward horizon
GoToObject visibility look adjustment failed for agent 1: can't look down beyond 60 degrees below the forward horizon
GoToObject visibility look adjustment failed for agent 1: can't look down beyond 60 degrees below the forward horizon
GoToObject visibility look adjustment failed for agent 1: can't look down beyond 60 degrees below the forward horizon
GoToObject visibility look adjustment failed for agent 1: can't look down beyond 60 degrees below the forward horizon
GoToObject visibility look adjustment failed for agent 1: can't look down beyond 60 degrees below the forward horizon
GoToObject visibility look adjustment failed for agent 1: can't look down beyond 60 degrees below the forward horizon
Tick 10: robot2 failed GoToObject: NO_INTERACTION_POSE: interaction target is invisible from every candidate for agent 1 target 'Knife'
PickupObject name: Knife_28c8fc57
PickupObject Knife -> Knife_28c8fc57 Knife|-01.70|+00.79|-00.22
PickupObject target still outside visibility for agent 1 after camera offset -10; trying another angle.
PickupObject target still outside visibility for agent 1 after camera offset -20; trying another angle.
PickupObject target still outside visibility for agent 1 after camera offset -30; trying another angle.
PickupObject target still outside visibility for agent 1 after camera offset 10; trying another angle.
PickupObject target still outside visibility for agent 1 after camera offset 20; trying another angle.
PickupObject visibility look adjustment failed for agent 1: can't look down beyond 60 degrees below the forward horizon
Tick 11: robot2 failed PickupObject: PickupObject failed for agent 1 on Knife|-01.70|+00.79|-00.22: NullReferenceException: Target object not found within the specified visibility.. trace:   at UnityStandardAssets.Characters.FirstPerson.BaseFPSAgentController.getInteractableSimObjectFromId (System.String objectId, System.Boolean forceAction) [0x0007a] in <686694aeb00e4f03b2b15637c42c1442>:0 
  at UnityStandardAssets.Characters.FirstPerson.PhysicsRemoteFPSAgentController.PickupObject (System.String objectId, System.Boolean forceAction, System.Boolean manualInteract) [0x00000] in <686694aeb00e4f03b2b15637c42c1442>:0 
  at (wrapper managed-to-native) System.Reflection.MonoMethod.InternalInvoke(System.Reflection.MonoMethod,object,object[],System.Exception&)
  at System.Reflection.MonoMethod.Invoke (System.Object obj, System.Reflection.BindingFlags invokeAttr, System.Reflection.Binder binder, System.Object[] parameters, System.Globalization.CultureInfo culture) [0x00032] in <695d1cc93cca45069c528c15c9fdd749>:0 
Reached: CounterTop_3
Operated object name: CounterTop_978a4b41
Tick 12: robot2 completed GoToObject.
SliceObject Lettuce -> Lettuce_2d8f3ab9 Lettuce|-01.81|+00.97|-00.94
Operated object name: LettuceSliced_2d8f3ab9
Operated object name: LettuceSliced_1_Slice_1
Operated object name: LettuceSliced_1_Slice_2
Operated object name: LettuceSliced_1_Slice_3
Operated object name: LettuceSliced_1_Slice_4
Operated object name: LettuceSliced_1_Slice_5
Operated object name: LettuceSliced_1_Slice_6
Operated object name: LettuceSliced_1_Slice_7
Operated object name: LettuceSliced_1_Slice_8
Operated object name: Lettuce_2d8f3ab9
Tick 13: robot2 completed SliceObject.
{"action_counts": {"attempts": 15, "cancelled": 0, "failed": 10, "planned": 15, "skipped": 0, "started": 15, "succeeded": 5, "unexecuted": 0}, "action_sr": 0.3333333333333333, "actions": [{"action_key": "0:robot2:0", "action_type": "GoToObject", "attempts": 1, "cursor": 0, "effects": [], "error": "NO_INTERACTION_POSE: interaction target is invisible from every candidate for agent 1 target 'Cup'", "failure_decision": "skip", "preconditions": [], "reason": "action_failed", "requested_failure_policy": "FAIL_STAGE", "robot_id": "robot2", "stage_id": "Phase 1", "status": "failed", "world_version": 5}, {"action_key": "0:robot2:1", "action_type": "BreakObject", "attempts": 1, "cursor": 1, "effects": [], "error": "BreakObject failed for agent 1 on Cup|+00.37|+01.64|-02.58: NullReferenceException: Target object not found within the specified visibility.. trace:   at UnityStandardAssets.Characters.FirstPerson.BaseFPSAgentController.getInteractableSimObjectFromId (System.String objectId, System.Boolean forceAction) [0x0007a] in <686694aeb00e4f03b2b15637c42c1442>:0 \n  at UnityStandardAssets.Characters.FirstPerson.PhysicsRemoteFPSAgentController.BreakObject (ServerAction action) [0x00034] in <686694aeb00e4f03b2b15637c42c1442>:0 \n  at (wrapper managed-to-native) System.Reflection.MonoMethod.InternalInvoke(System.Reflection.MonoMethod,object,object[],System.Exception&)\n  at System.Reflection.MonoMethod.Invoke (System.Object obj, System.Reflection.BindingFlags invokeAttr, System.Reflection.Binder binder, System.Object[] parameters, System.Globalization.CultureInfo culture) [0x00032] in <695d1cc93cca45069c528c15c9fdd749>:0 ", "failure_decision": "skip", "preconditions": [], "reason": "action_failed", "requested_failure_policy": "FAIL_STAGE", "robot_id": "robot2", "stage_id": "Phase 1", "status": "failed", "world_version": 705}, {"action_key": "0:robot2:2", "action_type": "GoToObject", "attempts": 1, "cursor": 2, "effects": [], "error": "NO_INTERACTION_POSE: interaction target is invisible from every candidate for agent 1 target 'Egg'", "failure_decision": "skip", "preconditions": [], "reason": "action_failed", "requested_failure_policy": "FAIL_STAGE", "robot_id": "robot2", "stage_id": "Phase 1", "status": "failed", "world_version": 718}, {"action_key": "0:robot2:3", "action_type": "PickupObject", "attempts": 1, "cursor": 3, "effects": [], "error": "PickupObject failed for agent 1 on Egg|-02.04|+00.81|+01.24: NullReferenceException: Target object not found within the specified visibility.. trace:   at UnityStandardAssets.Characters.FirstPerson.BaseFPSAgentController.getInteractableSimObjectFromId (System.String objectId, System.Boolean forceAction) [0x0007a] in <686694aeb00e4f03b2b15637c42c1442>:0 \n  at UnityStandardAssets.Characters.FirstPerson.PhysicsRemoteFPSAgentController.PickupObject (System.String objectId, System.Boolean forceAction, System.Boolean manualInteract) [0x00000] in <686694aeb00e4f03b2b15637c42c1442>:0 \n  at (wrapper managed-to-native) System.Reflection.MonoMethod.InternalInvoke(System.Reflection.MonoMethod,object,object[],System.Exception&)\n  at System.Reflection.MonoMethod.Invoke (System.Object obj, System.Reflection.BindingFlags invokeAttr, System.Reflection.Binder binder, System.Object[] parameters, System.Globalization.CultureInfo culture) [0x00032] in <695d1cc93cca45069c528c15c9fdd749>:0 ", "failure_decision": "skip", "preconditions": [], "reason": "action_failed", "requested_failure_policy": "FAIL_STAGE", "robot_id": "robot2", "stage_id": "Phase 1", "status": "failed", "world_version": 1736}, {"action_key": "0:robot2:4", "action_type": "GoToObject", "attempts": 1, "cursor": 4, "effects": [], "error": "", "failure_decision": "", "preconditions": [], "reason": "action_completed", "requested_failure_policy": "FAIL_STAGE", "robot_id": "robot2", "stage_id": "Phase 1", "status": "succeeded", "world_version": 1803}, {"action_key": "0:robot2:5", "action_type": "PickupObject", "attempts": 1, "cursor": 5, "effects": [], "error": "", "failure_decision": "", "preconditions": [], "reason": "action_completed", "requested_failure_policy": "FAIL_STAGE", "robot_id": "robot2", "stage_id": "Phase 1", "status": "succeeded", "world_version": 1804}, {"action_key": "0:robot2:6", "action_type": "PutObject", "attempts": 1, "cursor": 6, "effects": [], "error": "Cannot PutObject for robot2: robot is not holding the requested object.", "failure_decision": "skip", "preconditions": [], "reason": "action_failed", "requested_failure_policy": "FAIL_STAGE", "robot_id": "robot2", "stage_id": "Phase 1", "status": "failed", "world_version": 1804}, {"action_key": "0:robot2:7", "action_type": "GoToObject", "attempts": 1, "cursor": 7, "effects": [], "error": "NO_INTERACTION_POSE: interaction target is invisible from every candidate for agent 1 target 'Egg'", "failure_decision": "skip", "preconditions": [], "reason": "action_failed", "requested_failure_policy": "FAIL_STAGE", "robot_id": "robot2", "stage_id": "Phase 1", "status": "failed", "world_version": 1805}, {"action_key": "0:robot2:8", "action_type": "PrepareEgg", "attempts": 1, "cursor": 8, "effects": [], "error": "BreakObject failed for agent 1 on Egg|-02.04|+00.81|+01.24: NullReferenceException: Target object not found within the specified visibility.. trace:   at UnityStandardAssets.Characters.FirstPerson.BaseFPSAgentController.getInteractableSimObjectFromId (System.String objectId, System.Boolean forceAction) [0x0007a] in <686694aeb00e4f03b2b15637c42c1442>:0 \n  at UnityStandardAssets.Characters.FirstPerson.PhysicsRemoteFPSAgentController.BreakObject (ServerAction action) [0x00034] in <686694aeb00e4f03b2b15637c42c1442>:0 \n  at (wrapper managed-to-native) System.Reflection.MonoMethod.InternalInvoke(System.Reflection.MonoMethod,object,object[],System.Exception&)\n  at System.Reflection.MonoMethod.Invoke (System.Object obj, System.Reflection.BindingFlags invokeAttr, System.Reflection.Binder binder, System.Object[] parameters, System.Globalization.CultureInfo culture) [0x00032] in <695d1cc93cca45069c528c15c9fdd749>:0 ", "failure_decision": "skip", "preconditions": [], "reason": "action_failed", "requested_failure_policy": "FAIL_STAGE", "robot_id": "robot2", "stage_id": "Phase 1", "status": "failed", "world_version": 2013}, {"action_key": "0:robot2:9", "action_type": "GoToObject", "attempts": 1, "cursor": 9, "effects": [], "error": "", "failure_decision": "", "preconditions": [], "reason": "action_completed", "requested_failure_policy": "FAIL_STAGE", "robot_id": "robot2", "stage_id": "Phase 1", "status": "succeeded", "world_version": 2030}, {"action_key": "0:robot2:10", "action_type": "CookByStoveBurner", "attempts": 1, "cursor": 10, "effects": [], "error": "CookByStoveBurner timed out waiting for Egg|-02.04|+00.81|+01.24 to become Cooked.", "failure_decision": "skip", "preconditions": [], "reason": "action_failed", "requested_failure_policy": "FAIL_STAGE", "robot_id": "robot2", "stage_id": "Phase 1", "status": "failed", "world_version": 2030}, {"action_key": "0:robot2:11", "action_type": "GoToObject", "attempts": 1, "cursor": 11, "effects": [], "error": "NO_INTERACTION_POSE: interaction target is invisible from every candidate for agent 1 target 'Knife'", "failure_decision": "skip", "preconditions": [], "reason": "action_failed", "requested_failure_policy": "FAIL_STAGE", "robot_id": "robot2", "stage_id": "Phase 1", "status": "failed", "world_version": 2063}, {"action_key": "0:robot2:12", "action_type": "PickupObject", "attempts": 1, "cursor": 12, "effects": [], "error": "PickupObject failed for agent 1 on Knife|-01.70|+00.79|-00.22: NullReferenceException: Target object not found within the specified visibility.. trace:   at UnityStandardAssets.Characters.FirstPerson.BaseFPSAgentController.getInteractableSimObjectFromId (System.String objectId, System.Boolean forceAction) [0x0007a] in <686694aeb00e4f03b2b15637c42c1442>:0 \n  at UnityStandardAssets.Characters.FirstPerson.PhysicsRemoteFPSAgentController.PickupObject (System.String objectId, System.Boolean forceAction, System.Boolean manualInteract) [0x00000] in <686694aeb00e4f03b2b15637c42c1442>:0 \n  at (wrapper managed-to-native) System.Reflection.MonoMethod.InternalInvoke(System.Reflection.MonoMethod,object,object[],System.Exception&)\n  at System.Reflection.MonoMethod.Invoke (System.Object obj, System.Reflection.BindingFlags invokeAttr, System.Reflection.Binder binder, System.Object[] parameters, System.Globalization.CultureInfo culture) [0x00032] in <695d1cc93cca45069c528c15c9fdd749>:0 ", "failure_decision": "skip", "preconditions": [], "reason": "action_failed", "requested_failure_policy": "FAIL_STAGE", "robot_id": "robot2", "stage_id": "Phase 1", "status": "failed", "world_version": 2649}, {"action_key": "0:robot2:13", "action_type": "GoToObject", "attempts": 1, "cursor": 13, "effects": [], "error": "", "failure_decision": "", "preconditions": [], "reason": "action_completed", "requested_failure_policy": "FAIL_STAGE", "robot_id": "robot2", "stage_id": "Phase 1", "status": "succeeded", "world_version": 2683}, {"action_key": "0:robot2:14", "action_type": "SliceObject", "attempts": 1, "cursor": 14, "effects": [], "error": "", "failure_decision": "", "preconditions": [], "reason": "action_completed", "requested_failure_policy": "FAIL_STAGE", "robot_id": "robot2", "stage_id": "Phase 1", "status": "succeeded", "world_version": 2684}], "atomic_goal_count": 4, "attempt": 1, "cleanup_errors": [], "errors": [{"exception_type": "NoInteractionPoseError", "message": "NO_INTERACTION_POSE: interaction target is invisible from every candidate for agent 1 target 'Cup'", "phase": "Phase 1", "robot_id": "robot2", "traceback": "Traceback (most recent call last):\n  File \"/home/dwb/thor/Coder/scripts/executor_system/executor.py\", line 651, in _execute_queue\n    event = executor.execute_action(pending.action, action_wave=action_wave)\n  File \"/home/dwb/thor/Coder/scripts/executor_system/executor.py\", line 702, in execute_action\n    return self.adapter.execute(\n  File \"/home/dwb/thor/Coder/scripts/executor_system/action_plan.py\", line 525, in execute\n    return registry.execute(self.runtime, robot_id, prepared, {\n  File \"/home/dwb/thor/Coder/scripts/executor_system/action_registry.py\", line 278, in execute\n    return ObjectInteractor(runtime).execute(robot_id, prepared, context, registry=self)\n  File \"/home/dwb/thor/Coder/scripts/executor_system/object_interactor.py\", line 43, in execute\n    return executor(self.runtime, robot_id, normalized, action_context)\n  File \"/home/dwb/thor/Coder/scripts/executor_system/action_registry.py\", line 87, in _navigate\n    return runtime.navigate_to_object(robot_id, normalized.parameters['args'][0],\n  File \"/home/dwb/thor/Coder/scripts/executor_system/runtime.py\", line 2418, in navigate_to_object\n    result = self.movement_strategy.navigate(request)\n  File \"/home/dwb/thor/Coder/scripts/executor_system/step_movement.py\", line 31, in navigate\n    return self._navigate(request)\n  File \"/home/dwb/thor/Coder/scripts/executor_system/step_movement.py\", line 35, in _navigate\n    return request.phase_coordinator.submit_step_navigation(\n  File \"/home/dwb/thor/Coder/scripts/executor_system/executor.py\", line 389, in submit_step_navigation\n    raise request_error\nexecutor_system.movement.NoInteractionPoseError: NO_INTERACTION_POSE: interaction target is invisible from every candidate for agent 1 target 'Cup'\n"}, {"exception_type": "RuntimeError", "message": "BreakObject failed for agent 1 on Cup|+00.37|+01.64|-02.58: NullReferenceException: Target object not found within the specified visibility.. trace:   at UnityStandardAssets.Characters.FirstPerson.BaseFPSAgentController.getInteractableSimObjectFromId (System.String objectId, System.Boolean forceAction) [0x0007a] in <686694aeb00e4f03b2b15637c42c1442>:0 \n  at UnityStandardAssets.Characters.FirstPerson.PhysicsRemoteFPSAgentController.BreakObject (ServerAction action) [0x00034] in <686694aeb00e4f03b2b15637c42c1442>:0 \n  at (wrapper managed-to-native) System.Reflection.MonoMethod.InternalInvoke(System.Reflection.MonoMethod,object,object[],System.Exception&)\n  at System.Reflection.MonoMethod.Invoke (System.Object obj, System.Reflection.BindingFlags invokeAttr, System.Reflection.Binder binder, System.Object[] parameters, System.Globalization.CultureInfo culture) [0x00032] in <695d1cc93cca45069c528c15c9fdd749>:0 ", "phase": "Phase 1", "robot_id": "robot2", "traceback": "Traceback (most recent call last):\n  File \"/home/dwb/thor/Coder/scripts/executor_system/executor.py\", line 651, in _execute_queue\n    event = executor.execute_action(pending.action, action_wave=action_wave)\n  File \"/home/dwb/thor/Coder/scripts/executor_system/executor.py\", line 702, in execute_action\n    return self.adapter.execute(\n  File \"/home/dwb/thor/Coder/scripts/executor_system/action_plan.py\", line 525, in execute\n    return registry.execute(self.runtime, robot_id, prepared, {\n  File \"/home/dwb/thor/Coder/scripts/executor_system/action_registry.py\", line 278, in execute\n    return ObjectInteractor(runtime).execute(robot_id, prepared, context, registry=self)\n  File \"/home/dwb/thor/Coder/scripts/executor_system/object_interactor.py\", line 43, in execute\n    return executor(self.runtime, robot_id, normalized, action_context)\n  File \"/home/dwb/thor/Coder/scripts/executor_system/action_registry.py\", line 81, in _object\n    return runtime.object_action(action_type, robot_id, normalized.parameters['args'][0])\n  File \"/home/dwb/thor/Coder/scripts/executor_system/runtime.py\", line 2467, in object_action\n    return self._get_object_interactor().object_action(action, robot, obj_name, force_action=force_action, extra_object_resources=extra_object_resources, action_parameters=action_parameters)\n  File \"/home/dwb/thor/Coder/scripts/executor_system/object_interactor.py\", line 574, in object_action\n    return runtime.object_action_by_object(\n  File \"/home/dwb/thor/Coder/scripts/executor_system/runtime.py\", line 2541, in object_action_by_object\n    return self._get_object_interactor().object_action_by_object(action, agent_id, obj, force_action=force_action, extra_object_resources=extra_object_resources, action_parameters=action_parameters, goal_object_name=goal_object_name)\n  File \"/home/dwb/thor/Coder/scripts/executor_system/object_interactor.py\", line 1095, in object_action_by_object\n    raise RuntimeError(\nRuntimeError: BreakObject failed for agent 1 on Cup|+00.37|+01.64|-02.58: NullReferenceException: Target object not found within the specified visibility.. trace:   at UnityStandardAssets.Characters.FirstPerson.BaseFPSAgentController.getInteractableSimObjectFromId (System.String objectId, System.Boolean forceAction) [0x0007a] in <686694aeb00e4f03b2b15637c42c1442>:0 \n  at UnityStandardAssets.Characters.FirstPerson.PhysicsRemoteFPSAgentController.BreakObject (ServerAction action) [0x00034] in <686694aeb00e4f03b2b15637c42c1442>:0 \n  at (wrapper managed-to-native) System.Reflection.MonoMethod.InternalInvoke(System.Reflection.MonoMethod,object,object[],System.Exception&)\n  at System.Reflection.MonoMethod.Invoke (System.Object obj, System.Reflection.BindingFlags invokeAttr, System.Reflection.Binder binder, System.Object[] parameters, System.Globalization.CultureInfo culture) [0x00032] in <695d1cc93cca45069c528c15c9fdd749>:0 \n"}, {"exception_type": "NoInteractionPoseError", "message": "NO_INTERACTION_POSE: interaction target is invisible from every candidate for agent 1 target 'Egg'", "phase": "Phase 1", "robot_id": "robot2", "traceback": "Traceback (most recent call last):\n  File \"/home/dwb/thor/Coder/scripts/executor_system/executor.py\", line 651, in _execute_queue\n    event = executor.execute_action(pending.action, action_wave=action_wave)\n  File \"/home/dwb/thor/Coder/scripts/executor_system/executor.py\", line 702, in execute_action\n    return self.adapter.execute(\n  File \"/home/dwb/thor/Coder/scripts/executor_system/action_plan.py\", line 525, in execute\n    return registry.execute(self.runtime, robot_id, prepared, {\n  File \"/home/dwb/thor/Coder/scripts/executor_system/action_registry.py\", line 278, in execute\n    return ObjectInteractor(runtime).execute(robot_id, prepared, context, registry=self)\n  File \"/home/dwb/thor/Coder/scripts/executor_system/object_interactor.py\", line 43, in execute\n    return executor(self.runtime, robot_id, normalized, action_context)\n  File \"/home/dwb/thor/Coder/scripts/executor_system/action_registry.py\", line 87, in _navigate\n    return runtime.navigate_to_object(robot_id, normalized.parameters['args'][0],\n  File \"/home/dwb/thor/Coder/scripts/executor_system/runtime.py\", line 2418, in navigate_to_object\n    result = self.movement_strategy.navigate(request)\n  File \"/home/dwb/thor/Coder/scripts/executor_system/step_movement.py\", line 31, in navigate\n    return self._navigate(request)\n  File \"/home/dwb/thor/Coder/scripts/executor_system/step_movement.py\", line 35, in _navigate\n    return request.phase_coordinator.submit_step_navigation(\n  File \"/home/dwb/thor/Coder/scripts/executor_system/executor.py\", line 389, in submit_step_navigation\n    raise request_error\nexecutor_system.movement.NoInteractionPoseError: NO_INTERACTION_POSE: interaction target is invisible from every candidate for agent 1 target 'Egg'\n"}, {"exception_type": "RuntimeError", "message": "PickupObject failed for agent 1 on Egg|-02.04|+00.81|+01.24: NullReferenceException: Target object not found within the specified visibility.. trace:   at UnityStandardAssets.Characters.FirstPerson.BaseFPSAgentController.getInteractableSimObjectFromId (System.String objectId, System.Boolean forceAction) [0x0007a] in <686694aeb00e4f03b2b15637c42c1442>:0 \n  at UnityStandardAssets.Characters.FirstPerson.PhysicsRemoteFPSAgentController.PickupObject (System.String objectId, System.Boolean forceAction, System.Boolean manualInteract) [0x00000] in <686694aeb00e4f03b2b15637c42c1442>:0 \n  at (wrapper managed-to-native) System.Reflection.MonoMethod.InternalInvoke(System.Reflection.MonoMethod,object,object[],System.Exception&)\n  at System.Reflection.MonoMethod.Invoke (System.Object obj, System.Reflection.BindingFlags invokeAttr, System.Reflection.Binder binder, System.Object[] parameters, System.Globalization.CultureInfo culture) [0x00032] in <695d1cc93cca45069c528c15c9fdd749>:0 ", "phase": "Phase 1", "robot_id": "robot2", "traceback": "Traceback (most recent call last):\n  File \"/home/dwb/thor/Coder/scripts/executor_system/executor.py\", line 651, in _execute_queue\n    event = executor.execute_action(pending.action, action_wave=action_wave)\n  File \"/home/dwb/thor/Coder/scripts/executor_system/executor.py\", line 702, in execute_action\n    return self.adapter.execute(\n  File \"/home/dwb/thor/Coder/scripts/executor_system/action_plan.py\", line 525, in execute\n    return registry.execute(self.runtime, robot_id, prepared, {\n  File \"/home/dwb/thor/Coder/scripts/executor_system/action_registry.py\", line 278, in execute\n    return ObjectInteractor(runtime).execute(robot_id, prepared, context, registry=self)\n  File \"/home/dwb/thor/Coder/scripts/executor_system/object_interactor.py\", line 43, in execute\n    return executor(self.runtime, robot_id, normalized, action_context)\n  File \"/home/dwb/thor/Coder/scripts/executor_system/action_registry.py\", line 81, in _object\n    return runtime.object_action(action_type, robot_id, normalized.parameters['args'][0])\n  File \"/home/dwb/thor/Coder/scripts/executor_system/runtime.py\", line 2467, in object_action\n    return self._get_object_interactor().object_action(action, robot, obj_name, force_action=force_action, extra_object_resources=extra_object_resources, action_parameters=action_parameters)\n  File \"/home/dwb/thor/Coder/scripts/executor_system/object_interactor.py\", line 574, in object_action\n    return runtime.object_action_by_object(\n  File \"/home/dwb/thor/Coder/scripts/executor_system/runtime.py\", line 2541, in object_action_by_object\n    return self._get_object_interactor().object_action_by_object(action, agent_id, obj, force_action=force_action, extra_object_resources=extra_object_resources, action_parameters=action_parameters, goal_object_name=goal_object_name)\n  File \"/home/dwb/thor/Coder/scripts/executor_system/object_interactor.py\", line 1095, in object_action_by_object\n    raise RuntimeError(\nRuntimeError: PickupObject failed for agent 1 on Egg|-02.04|+00.81|+01.24: NullReferenceException: Target object not found within the specified visibility.. trace:   at UnityStandardAssets.Characters.FirstPerson.BaseFPSAgentController.getInteractableSimObjectFromId (System.String objectId, System.Boolean forceAction) [0x0007a] in <686694aeb00e4f03b2b15637c42c1442>:0 \n  at UnityStandardAssets.Characters.FirstPerson.PhysicsRemoteFPSAgentController.PickupObject (System.String objectId, System.Boolean forceAction, System.Boolean manualInteract) [0x00000] in <686694aeb00e4f03b2b15637c42c1442>:0 \n  at (wrapper managed-to-native) System.Reflection.MonoMethod.InternalInvoke(System.Reflection.MonoMethod,object,object[],System.Exception&)\n  at System.Reflection.MonoMethod.Invoke (System.Object obj, System.Reflection.BindingFlags invokeAttr, System.Reflection.Binder binder, System.Object[] parameters, System.Globalization.CultureInfo culture) [0x00032] in <695d1cc93cca45069c528c15c9fdd749>:0 \n"}, {"exception_type": "RuntimeError", "message": "Cannot PutObject for robot2: robot is not holding the requested object.", "phase": "Phase 1", "robot_id": "robot2", "traceback": "Traceback (most recent call last):\n  File \"/home/dwb/thor/Coder/scripts/executor_system/stage_scheduler.py\", line 148, in _admit_resources\n    resolved = resolve_action_resources(self.runtime, self.world.snapshot,\n  File \"/home/dwb/thor/Coder/scripts/executor_system/action_resources.py\", line 96, in resolve_action_resources\n    return ActionRegistry().prepare(runtime, snapshot, robot_id, action).resources\n  File \"/home/dwb/thor/Coder/scripts/executor_system/action_registry.py\", line 260, in prepare\n    resources = self.get(action.action_type).resource_resolver(runtime, snapshot, robot_id, action)\n  File \"/home/dwb/thor/Coder/scripts/executor_system/action_resources.py\", line 152, in resolve_declared_resources\n    raise RuntimeError(f'Cannot PutObject for {robot_id}: robot is not holding the requested object.')\nRuntimeError: Cannot PutObject for robot2: robot is not holding the requested object.\n"}, {"exception_type": "NoInteractionPoseError", "message": "NO_INTERACTION_POSE: interaction target is invisible from every candidate for agent 1 target 'Egg'", "phase": "Phase 1", "robot_id": "robot2", "traceback": "Traceback (most recent call last):\n  File \"/home/dwb/thor/Coder/scripts/executor_system/executor.py\", line 651, in _execute_queue\n    event = executor.execute_action(pending.action, action_wave=action_wave)\n  File \"/home/dwb/thor/Coder/scripts/executor_system/executor.py\", line 702, in execute_action\n    return self.adapter.execute(\n  File \"/home/dwb/thor/Coder/scripts/executor_system/action_plan.py\", line 525, in execute\n    return registry.execute(self.runtime, robot_id, prepared, {\n  File \"/home/dwb/thor/Coder/scripts/executor_system/action_registry.py\", line 278, in execute\n    return ObjectInteractor(runtime).execute(robot_id, prepared, context, registry=self)\n  File \"/home/dwb/thor/Coder/scripts/executor_system/object_interactor.py\", line 43, in execute\n    return executor(self.runtime, robot_id, normalized, action_context)\n  File \"/home/dwb/thor/Coder/scripts/executor_system/action_registry.py\", line 87, in _navigate\n    return runtime.navigate_to_object(robot_id, normalized.parameters['args'][0],\n  File \"/home/dwb/thor/Coder/scripts/executor_system/runtime.py\", line 2418, in navigate_to_object\n    result = self.movement_strategy.navigate(request)\n  File \"/home/dwb/thor/Coder/scripts/executor_system/step_movement.py\", line 31, in navigate\n    return self._navigate(request)\n  File \"/home/dwb/thor/Coder/scripts/executor_system/step_movement.py\", line 35, in _navigate\n    return request.phase_coordinator.submit_step_navigation(\n  File \"/home/dwb/thor/Coder/scripts/executor_system/executor.py\", line 389, in submit_step_navigation\n    raise request_error\nexecutor_system.movement.NoInteractionPoseError: NO_INTERACTION_POSE: interaction target is invisible from every candidate for agent 1 target 'Egg'\n"}, {"exception_type": "RuntimeError", "message": "BreakObject failed for agent 1 on Egg|-02.04|+00.81|+01.24: NullReferenceException: Target object not found within the specified visibility.. trace:   at UnityStandardAssets.Characters.FirstPerson.BaseFPSAgentController.getInteractableSimObjectFromId (System.String objectId, System.Boolean forceAction) [0x0007a] in <686694aeb00e4f03b2b15637c42c1442>:0 \n  at UnityStandardAssets.Characters.FirstPerson.PhysicsRemoteFPSAgentController.BreakObject (ServerAction action) [0x00034] in <686694aeb00e4f03b2b15637c42c1442>:0 \n  at (wrapper managed-to-native) System.Reflection.MonoMethod.InternalInvoke(System.Reflection.MonoMethod,object,object[],System.Exception&)\n  at System.Reflection.MonoMethod.Invoke (System.Object obj, System.Reflection.BindingFlags invokeAttr, System.Reflection.Binder binder, System.Object[] parameters, System.Globalization.CultureInfo culture) [0x00032] in <695d1cc93cca45069c528c15c9fdd749>:0 ", "phase": "Phase 1", "robot_id": "robot2", "traceback": "Traceback (most recent call last):\n  File \"/home/dwb/thor/Coder/scripts/executor_system/executor.py\", line 651, in _execute_queue\n    event = executor.execute_action(pending.action, action_wave=action_wave)\n  File \"/home/dwb/thor/Coder/scripts/executor_system/executor.py\", line 702, in execute_action\n    return self.adapter.execute(\n  File \"/home/dwb/thor/Coder/scripts/executor_system/action_plan.py\", line 525, in execute\n    return registry.execute(self.runtime, robot_id, prepared, {\n  File \"/home/dwb/thor/Coder/scripts/executor_system/action_registry.py\", line 278, in execute\n    return ObjectInteractor(runtime).execute(robot_id, prepared, context, registry=self)\n  File \"/home/dwb/thor/Coder/scripts/executor_system/object_interactor.py\", line 43, in execute\n    return executor(self.runtime, robot_id, normalized, action_context)\n  File \"/home/dwb/thor/Coder/scripts/executor_system/action_registry.py\", line 81, in _object\n    return runtime.object_action(action_type, robot_id, normalized.parameters['args'][0])\n  File \"/home/dwb/thor/Coder/scripts/executor_system/runtime.py\", line 2467, in object_action\n    return self._get_object_interactor().object_action(action, robot, obj_name, force_action=force_action, extra_object_resources=extra_object_resources, action_parameters=action_parameters)\n  File \"/home/dwb/thor/Coder/scripts/executor_system/object_interactor.py\", line 574, in object_action\n    return runtime.object_action_by_object(\n  File \"/home/dwb/thor/Coder/scripts/executor_system/runtime.py\", line 2541, in object_action_by_object\n    return self._get_object_interactor().object_action_by_object(action, agent_id, obj, force_action=force_action, extra_object_resources=extra_object_resources, action_parameters=action_parameters, goal_object_name=goal_object_name)\n  File \"/home/dwb/thor/Coder/scripts/executor_system/object_interactor.py\", line 1095, in object_action_by_object\n    raise RuntimeError(\nRuntimeError: BreakObject failed for agent 1 on Egg|-02.04|+00.81|+01.24: NullReferenceException: Target object not found within the specified visibility.. trace:   at UnityStandardAssets.Characters.FirstPerson.BaseFPSAgentController.getInteractableSimObjectFromId (System.String objectId, System.Boolean forceAction) [0x0007a] in <686694aeb00e4f03b2b15637c42c1442>:0 \n  at UnityStandardAssets.Characters.FirstPerson.PhysicsRemoteFPSAgentController.BreakObject (ServerAction action) [0x00034] in <686694aeb00e4f03b2b15637c42c1442>:0 \n  at (wrapper managed-to-native) System.Reflection.MonoMethod.InternalInvoke(System.Reflection.MonoMethod,object,object[],System.Exception&)\n  at System.Reflection.MonoMethod.Invoke (System.Object obj, System.Reflection.BindingFlags invokeAttr, System.Reflection.Binder binder, System.Object[] parameters, System.Globalization.CultureInfo culture) [0x00032] in <695d1cc93cca45069c528c15c9fdd749>:0 \n"}, {"exception_type": "RuntimeError", "message": "CookByStoveBurner timed out waiting for Egg|-02.04|+00.81|+01.24 to become Cooked.", "phase": "Phase 1", "robot_id": "robot2", "traceback": "Traceback (most recent call last):\n  File \"/home/dwb/thor/Coder/scripts/executor_system/executor.py\", line 651, in _execute_queue\n    event = executor.execute_action(pending.action, action_wave=action_wave)\n  File \"/home/dwb/thor/Coder/scripts/executor_system/executor.py\", line 702, in execute_action\n    return self.adapter.execute(\n  File \"/home/dwb/thor/Coder/scripts/executor_system/action_plan.py\", line 525, in execute\n    return registry.execute(self.runtime, robot_id, prepared, {\n  File \"/home/dwb/thor/Coder/scripts/executor_system/action_registry.py\", line 278, in execute\n    return ObjectInteractor(runtime).execute(robot_id, prepared, context, registry=self)\n  File \"/home/dwb/thor/Coder/scripts/executor_system/object_interactor.py\", line 43, in execute\n    return executor(self.runtime, robot_id, normalized, action_context)\n  File \"/home/dwb/thor/Coder/scripts/executor_system/action_registry.py\", line 77, in _helper\n    return function(ObjectInteractor(runtime))(robot_id, *normalized.parameters['args'])\n  File \"/home/dwb/thor/Coder/scripts/executor_system/object_interactor.py\", line 1681, in CookByStoveBurner\n    self._wait_for_object_cooked(robot, food, \"CookByStoveBurner\")\n  File \"/home/dwb/thor/Coder/scripts/executor_system/object_interactor.py\", line 1501, in _wait_for_object_cooked\n    raise RuntimeError(f\"{action_name} timed out waiting for {target_id} to become Cooked.\")\nRuntimeError: CookByStoveBurner timed out waiting for Egg|-02.04|+00.81|+01.24 to become Cooked.\n"}, {"exception_type": "NoInteractionPoseError", "message": "NO_INTERACTION_POSE: interaction target is invisible from every candidate for agent 1 target 'Knife'", "phase": "Phase 1", "robot_id": "robot2", "traceback": "Traceback (most recent call last):\n  File \"/home/dwb/thor/Coder/scripts/executor_system/executor.py\", line 651, in _execute_queue\n    event = executor.execute_action(pending.action, action_wave=action_wave)\n  File \"/home/dwb/thor/Coder/scripts/executor_system/executor.py\", line 702, in execute_action\n    return self.adapter.execute(\n  File \"/home/dwb/thor/Coder/scripts/executor_system/action_plan.py\", line 525, in execute\n    return registry.execute(self.runtime, robot_id, prepared, {\n  File \"/home/dwb/thor/Coder/scripts/executor_system/action_registry.py\", line 278, in execute\n    return ObjectInteractor(runtime).execute(robot_id, prepared, context, registry=self)\n  File \"/home/dwb/thor/Coder/scripts/executor_system/object_interactor.py\", line 43, in execute\n    return executor(self.runtime, robot_id, normalized, action_context)\n  File \"/home/dwb/thor/Coder/scripts/executor_system/action_registry.py\", line 87, in _navigate\n    return runtime.navigate_to_object(robot_id, normalized.parameters['args'][0],\n  File \"/home/dwb/thor/Coder/scripts/executor_system/runtime.py\", line 2418, in navigate_to_object\n    result = self.movement_strategy.navigate(request)\n  File \"/home/dwb/thor/Coder/scripts/executor_system/step_movement.py\", line 31, in navigate\n    return self._navigate(request)\n  File \"/home/dwb/thor/Coder/scripts/executor_system/step_movement.py\", line 35, in _navigate\n    return request.phase_coordinator.submit_step_navigation(\n  File \"/home/dwb/thor/Coder/scripts/executor_system/executor.py\", line 389, in submit_step_navigation\n    raise request_error\nexecutor_system.movement.NoInteractionPoseError: NO_INTERACTION_POSE: interaction target is invisible from every candidate for agent 1 target 'Knife'\n"}, {"exception_type": "RuntimeError", "message": "PickupObject failed for agent 1 on Knife|-01.70|+00.79|-00.22: NullReferenceException: Target object not found within the specified visibility.. trace:   at UnityStandardAssets.Characters.FirstPerson.BaseFPSAgentController.getInteractableSimObjectFromId (System.String objectId, System.Boolean forceAction) [0x0007a] in <686694aeb00e4f03b2b15637c42c1442>:0 \n  at UnityStandardAssets.Characters.FirstPerson.PhysicsRemoteFPSAgentController.PickupObject (System.String objectId, System.Boolean forceAction, System.Boolean manualInteract) [0x00000] in <686694aeb00e4f03b2b15637c42c1442>:0 \n  at (wrapper managed-to-native) System.Reflection.MonoMethod.InternalInvoke(System.Reflection.MonoMethod,object,object[],System.Exception&)\n  at System.Reflection.MonoMethod.Invoke (System.Object obj, System.Reflection.BindingFlags invokeAttr, System.Reflection.Binder binder, System.Object[] parameters, System.Globalization.CultureInfo culture) [0x00032] in <695d1cc93cca45069c528c15c9fdd749>:0 ", "phase": "Phase 1", "robot_id": "robot2", "traceback": "Traceback (most recent call last):\n  File \"/home/dwb/thor/Coder/scripts/executor_system/executor.py\", line 651, in _execute_queue\n    event = executor.execute_action(pending.action, action_wave=action_wave)\n  File \"/home/dwb/thor/Coder/scripts/executor_system/executor.py\", line 702, in execute_action\n    return self.adapter.execute(\n  File \"/home/dwb/thor/Coder/scripts/executor_system/action_plan.py\", line 525, in execute\n    return registry.execute(self.runtime, robot_id, prepared, {\n  File \"/home/dwb/thor/Coder/scripts/executor_system/action_registry.py\", line 278, in execute\n    return ObjectInteractor(runtime).execute(robot_id, prepared, context, registry=self)\n  File \"/home/dwb/thor/Coder/scripts/executor_system/object_interactor.py\", line 43, in execute\n    return executor(self.runtime, robot_id, normalized, action_context)\n  File \"/home/dwb/thor/Coder/scripts/executor_system/action_registry.py\", line 81, in _object\n    return runtime.object_action(action_type, robot_id, normalized.parameters['args'][0])\n  File \"/home/dwb/thor/Coder/scripts/executor_system/runtime.py\", line 2467, in object_action\n    return self._get_object_interactor().object_action(action, robot, obj_name, force_action=force_action, extra_object_resources=extra_object_resources, action_parameters=action_parameters)\n  File \"/home/dwb/thor/Coder/scripts/executor_system/object_interactor.py\", line 574, in object_action\n    return runtime.object_action_by_object(\n  File \"/home/dwb/thor/Coder/scripts/executor_system/runtime.py\", line 2541, in object_action_by_object\n    return self._get_object_interactor().object_action_by_object(action, agent_id, obj, force_action=force_action, extra_object_resources=extra_object_resources, action_parameters=action_parameters, goal_object_name=goal_object_name)\n  File \"/home/dwb/thor/Coder/scripts/executor_system/object_interactor.py\", line 1095, in object_action_by_object\n    raise RuntimeError(\nRuntimeError: PickupObject failed for agent 1 on Knife|-01.70|+00.79|-00.22: NullReferenceException: Target object not found within the specified visibility.. trace:   at UnityStandardAssets.Characters.FirstPerson.BaseFPSAgentController.getInteractableSimObjectFromId (System.String objectId, System.Boolean forceAction) [0x0007a] in <686694aeb00e4f03b2b15637c42c1442>:0 \n  at UnityStandardAssets.Characters.FirstPerson.PhysicsRemoteFPSAgentController.PickupObject (System.String objectId, System.Boolean forceAction, System.Boolean manualInteract) [0x00000] in <686694aeb00e4f03b2b15637c42c1442>:0 \n  at (wrapper managed-to-native) System.Reflection.MonoMethod.InternalInvoke(System.Reflection.MonoMethod,object,object[],System.Exception&)\n  at System.Reflection.MonoMethod.Invoke (System.Object obj, System.Reflection.BindingFlags invokeAttr, System.Reflection.Binder binder, System.Object[] parameters, System.Globalization.CultureInfo culture) [0x00032] in <695d1cc93cca45069c528c15c9fdd749>:0 \n"}], "evaluation_status": "valid", "evaluation_version": "atomic_goals_v3", "exec_rate": 0.5555555555555556, "executed_actions": 15, "execution_policy": "legacy", "execution_quiescent": true, "execution_status": "partial", "failed_actions": 10, "failure_action_ratio": 0.6666666666666666, "final_snapshot": {"held_object_sources": {"robot1": {}, "robot2": {}}, "held_objects": {"robot1": [], "robot2": []}, "objects_by_id": {"Apple|-00.47|+01.15|+00.48": {"assetId": "Apple_1", "axisAlignedBoundingBox": {"center": {"x": -0.4651550054550171, "y": 1.1567251682281494, "z": 0.47574546933174133}, "cornerPoints": [[-0.4121478199958801, 1.213450312614441, 0.5287579894065857], [-0.4121478199958801, 1.213450312614441, 0.422732949256897], [-0.4121478199958801, 1.100000023841858, 0.5287579894065857], [-0.4121478199958801, 1.100000023841858, 0.422732949256897], [-0.518162190914154, 1.213450312614441, 0.5287579894065857], [-0.518162190914154, 1.213450312614441, 0.422732949256897], [-0.518162190914154, 1.100000023841858, 0.5287579894065857], [-0.518162190914154, 1.100000023841858, 0.422732949256897]], "size": {"x": 0.10601437091827393, "y": 0.11345028877258301, "z": 0.10602504014968872}}, "breakable": false, "canBeUsedUp": false, "canFillWithLiquid": false, "controlledObjects": null, "cookable": false, "dirtyable": false, "distance": 1.6901377439498901, "fillLiquid": null, "isBroken": false, "isColdSource": false, "isCooked": false, "isDirty": false, "isFilledWithLiquid": false, "isHeatSource": false, "isInteractable": false, "isMoving": false, "isOpen": false, "isPickedUp": false, "isSliced": false, "isToggled": false, "isUsedUp": false, "mass": 0.20000000298023224, "moveable": false, "name": "Apple_3fef4551", "objectId": "Apple|-00.47|+01.15|+00.48", "objectOrientedBoundingBox": {"cornerPoints": [[-0.41212940216064453, 1.0999243259429932, 0.5286504626274109], [-0.5181412100791931, 1.099887490272522, 0.5286504626274109], [-0.5181412100791931, 1.1000759601593018, 0.42263880372047424], [-0.4121294319629669, 1.100112795829773, 0.42263883352279663], [-0.41216880083084106, 1.2133744955062866, 0.5288521647453308], [-0.5181806087493896, 1.2133376598358154, 0.528852105140686], [-0.5181806087493896, 1.2135261297225952, 0.4228404760360718], [-0.41216880083084106, 1.2135629653930664, 0.42284050583839417]]}, "objectType": "Apple", "openable": false, "openness": 0.0, "parentReceptacles": ["CounterTop|-00.08|+01.15|00.00"], "pickupable": true, "position": {"x": -0.46516576409339905, "y": 1.151225209236145, "z": 0.47580063343048096}, "receptacle": false, "receptacleObjectIds": null, "rotation": {"x": 0.17450670897960663, "y": 5.203456021263264e-05, "z": 0.03407910093665123}, "salientMaterials": ["Food"], "sliceable": true, "temperature": "RoomTemp", "toggleable": false, "visible": false}, "Book|+00.15|+01.10|+00.62": {"assetId": "Book_1", "axisAlignedBoundingBox": {"center": {"x": 0.15373563766479492, "y": 1.1303372383117676, "z": 0.6158389449119568}, "cornerPoints": [[0.4208664894104004, 1.1613304615020752, 0.8820400238037109], [0.4208664894104004, 1.1613304615020752, 0.34963786602020264], [0.4208664894104004, 1.09934401512146, 0.8820400238037109], [0.4208664894104004, 1.09934401512146, 0.34963786602020264], [-0.11339521408081055, 1.1613304615020752, 0.8820400238037109], [-0.11339521408081055, 1.1613304615020752, 0.34963786602020264], [-0.11339521408081055, 1.09934401512146, 0.8820400238037109], [-0.11339521408081055, 1.09934401512146, 0.34963786602020264]], "size": {"x": 0.5342617034912109, "y": 0.061986446380615234, "z": 0.5324021577835083}}, "breakable": false, "canBeUsedUp": false, "canFillWithLiquid": false, "controlledObjects": null, "cookable": false, "dirtyable": false, "distance": 2.151282787322998, "fillLiquid": null, "isBroken": false, "isColdSource": false, "isCooked": false, "isDirty": false, "isFilledWithLiquid": false, "isHeatSource": false, "isInteractable": false, "isMoving": false, "isOpen": false, "isPickedUp": false, "isSliced": false, "isToggled": false, "isUsedUp": false, "mass": 0.5, "moveable": false, "name": "Book_e5ef3174", "objectId": "Book|+00.15|+01.10|+00.62", "objectOrientedBoundingBox": {"cornerPoints": [[0.11577555537223816, 1.1002905368804932, 0.34963762760162354], [0.4211297631263733, 1.0998495817184448, 0.6463086605072021], [0.19197002053260803, 1.0993398427963257, 0.8821747899055481], [-0.11338414251804352, 1.099780797958374, 0.5855037569999695], [0.11575495451688766, 1.1613341569900513, 0.34974953532218933], [0.421109139919281, 1.1608933210372925, 0.6464205980300903], [0.19194942712783813, 1.1603835821151733, 0.8822867274284363], [-0.1134047657251358, 1.1608244180679321, 0.5856156349182129]]}, "objectType": "Book", "openable": true, "openness": 0.0, "parentReceptacles": ["CounterTop|-00.08|+01.15|00.00"], "pickupable": true, "position": {"x": 0.15499889850616455, "y": 1.0992612838745117, "z": 0.6169993281364441}, "receptacle": false, "receptacleObjectIds": null, "rotation": {"x": 359.9111633300781, "y": 135.82623291015625, "z": 0.059336576610803604}, "salientMaterials": ["Paper"], "sliceable": false, "temperature": "RoomTemp", "toggleable": false, "visible": false}, "Bottle|+01.54|+00.89|-02.54": {"assetId": "Bottle_1", "axisAlignedBoundingBox": {"center": {"x": 1.539992332458496, "y": 1.0129189491271973, "z": -2.539964199066162}, "cornerPoints": [[1.5933752059936523, 1.1396863460540771, -2.4865808486938477], [1.5933752059936523, 1.1396863460540771, -2.5933475494384766], [1.5933752059936523, 0.8861515522003174, -2.4865808486938477], [1.5933752059936523, 0.8861515522003174, -2.5933475494384766], [1.4866094589233398, 1.1396863460540771, -2.4865808486938477], [1.4866094589233398, 1.1396863460540771, -2.5933475494384766], [1.4866094589233398, 0.8861515522003174, -2.4865808486938477], [1.4866094589233398, 0.8861515522003174, -2.5933475494384766]], "size": {"x": 0.1067657470703125, "y": 0.25353479385375977, "z": 0.1067667007446289}}, "breakable": true, "canBeUsedUp": false, "canFillWithLiquid": true, "controlledObjects": null, "cookable": false, "dirtyable": false, "distance": 3.186812400817871, "fillLiquid": null, "isBroken": false, "isColdSource": false, "isCooked": false, "isDirty": false, "isFilledWithLiquid": false, "isHeatSource": false, "isInteractable": false, "isMoving": false, "isOpen": false, "isPickedUp": false, "isSliced": false, "isToggled": false, "isUsedUp": false, "mass": 0.20000000298023224, "moveable": false, "name": "Bottle_4e73f712", "objectId": "Bottle|+01.54|+00.89|-02.54", "objectOrientedBoundingBox": {"cornerPoints": [[1.593356728553772, 0.8861469030380249, -2.4865870475769043], [1.4865907430648804, 0.8861535787582397, -2.4866139888763428], [1.486617922782898, 0.8861792683601379, -2.5933799743652344], [1.5933839082717896, 0.8861725926399231, -2.593353033065796], [1.5933727025985718, 1.1396633386611938, -2.4865260124206543], [1.4866067171096802, 1.1396701335906982, -2.4865529537200928], [1.4866337776184082, 1.1396957635879517, -2.5933189392089844], [1.5933997631072998, 1.1396890878677368, -2.593291997909546]]}, "objectType": "Bottle", "openable": false, "openness": 0.0, "parentReceptacles": ["Shelf|+01.75|+00.88|-02.56"], "pickupable": true, "position": {"x": 1.5399909019470215, "y": 0.8861721158027649, "z": -2.539968967437744}, "receptacle": false, "receptacleObjectIds": null, "rotation": {"x": 359.9647521972656, "y": 359.9922180175781, "z": 0.012980744242668152}, "salientMaterials": ["Glass"], "sliceable": false, "temperature": "RoomTemp", "toggleable": false, "visible": false}, "Bowl|+00.27|+01.10|-00.75": {"assetId": "Bowl_1", "axisAlignedBoundingBox": {"center": {"x": 0.27318695187568665, "y": 1.1440942287445068, "z": -0.7532854676246643}, "cornerPoints": [[0.3664007782936096, 1.1881828308105469, -0.660071611404419], [0.3664007782936096, 1.1881828308105469, -0.8464993238449097], [0.3664007782936096, 1.1000056266784668, -0.660071611404419], [0.3664007782936096, 1.1000056266784668, -0.8464993238449097], [0.17997312545776367, 1.1881828308105469, -0.660071611404419], [0.17997312545776367, 1.1881828308105469, -0.8464993238449097], [0.17997312545776367, 1.1000056266784668, -0.660071611404419], [0.17997312545776367, 1.1000056266784668, -0.8464993238449097]], "size": {"x": 0.18642765283584595, "y": 0.08817720413208008, "z": 0.18642771244049072}}, "breakable": true, "canBeUsedUp": false, "canFillWithLiquid": true, "controlledObjects": null, "cookable": false, "dirtyable": true, "distance": 1.5559520721435547, "fillLiquid": null, "isBroken": false, "isColdSource": false, "isCooked": false, "isDirty": false, "isFilledWithLiquid": false, "isHeatSource": false, "isInteractable": false, "isMoving": false, "isOpen": false, "isPickedUp": false, "isSliced": false, "isToggled": false, "isUsedUp": false, "mass": 0.4699999988079071, "moveable": false, "name": "Bowl_208f368b", "objectId": "Bowl|+00.27|+01.10|-00.75", "objectOrientedBoundingBox": {"cornerPoints": [[0.36640140414237976, 1.1000055074691772, -0.6600737571716309], [0.17997419834136963, 1.100005030632019, -0.6600723266601562], [0.17997276782989502, 1.100007176399231, -0.8464991450309753], [0.36639997363090515, 1.1000076532363892, -0.84650057554245], [0.36640116572380066, 1.1881805658340454, -0.6600726842880249], [0.17997395992279053, 1.1881800889968872, -0.6600712537765503], [0.17997252941131592, 1.1881822347640991, -0.8464981317520142], [0.36639973521232605, 1.1881828308105469, -0.8464995622634888]]}, "objectType": "Bowl", "openable": false, "openness": 0.0, "parentReceptacles": ["CounterTop|-00.08|+01.15|00.00"], "pickupable": true, "position": {"x": 0.2731873095035553, "y": 1.1010472774505615, "z": -0.7532863020896912}, "receptacle": true, "receptacleObjectIds": [], "rotation": {"x": 0.0028516424354165792, "y": 0.0002832398749887943, "z": 0.0016968069830909371}, "salientMaterials": ["Ceramic"], "sliceable": false, "temperature": "RoomTemp", "toggleable": false, "visible": false}, "Bread|-00.52|+01.17|-00.03": {"assetId": "Bread_1", "axisAlignedBoundingBox": {"center": {"x": -0.522383451461792, "y": 1.1738834381103516, "z": -0.02827875316143036}, "cornerPoints": [[-0.46321237087249756, 1.2477669715881348, 0.11511127650737762], [-0.46321237087249756, 1.2477669715881348, -0.17166878283023834], [-0.46321237087249756, 1.0999999046325684, 0.11511127650737762], [-0.46321237087249756, 1.0999999046325684, -0.17166878283023834], [-0.5815545320510864, 1.2477669715881348, 0.11511127650737762], [-0.5815545320510864, 1.2477669715881348, -0.17166878283023834], [-0.5815545320510864, 1.0999999046325684, 0.11511127650737762], [-0.5815545320510864, 1.0999999046325684, -0.17166878283023834]], "size": {"x": 0.11834216117858887, "y": 0.1477670669555664, "z": 0.28678005933761597}}, "breakable": false, "canBeUsedUp": false, "canFillWithLiquid": false, "controlledObjects": null, "cookable": false, "dirtyable": false, "distance": 1.2434906959533691, "fillLiquid": null, "isBroken": false, "isColdSource": false, "isCooked": false, "isDirty": false, "isFilledWithLiquid": false, "isHeatSource": false, "isInteractable": false, "isMoving": false, "isOpen": false, "isPickedUp": false, "isSliced": false, "isToggled": false, "isUsedUp": false, "mass": 0.699999988079071, "moveable": false, "name": "Bread_c6b4566e", "objectId": "Bread|-00.52|+01.17|-00.03", "objectOrientedBoundingBox": {"cornerPoints": [[-0.4632124602794647, 1.0999999046325684, 0.11511130630970001], [-0.581554651260376, 1.100000023841858, 0.11511127650737762], [-0.5815545916557312, 1.100000023841858, -0.17166878283023834], [-0.46321240067481995, 1.0999999046325684, -0.17166875302791595], [-0.4632123112678528, 1.2477668523788452, 0.11511127650737762], [-0.5815544724464417, 1.2477669715881348, 0.11511124670505524], [-0.5815544128417969, 1.2477669715881348, -0.17166881263256073], [-0.4632122814655304, 1.2477668523788452, -0.17166878283023834]]}, "objectType": "Bread", "openable": false, "openness": 0.0, "parentReceptacles": ["CounterTop|-00.08|+01.15|00.00"], "pickupable": true, "position": {"x": -0.5223836302757263, "y": 1.1704490184783936, "z": -0.028279820457100868}, "receptacle": false, "receptacleObjectIds": null, "rotation": {"x": 3.7452718970598653e-06, "y": -9.558698366163298e-06, "z": 8.136953692883253e-05}, "salientMaterials": ["Food"], "sliceable": true, "temperature": "RoomTemp", "toggleable": false, "visible": false}, "ButterKnife|-00.41|+01.11|-00.46": {"assetId": "ButterKnife_1", "axisAlignedBoundingBox": {"center": {"x": -0.41531339287757874, "y": 1.1033320426940918, "z": -0.4595739245414734}, "cornerPoints": [[-0.4047043025493622, 1.1066639423370361, -0.32536059617996216], [-0.4047043025493622, 1.1066639423370361, -0.5937872529029846], [-0.4047043025493622, 1.1000001430511475, -0.32536059617996216], [-0.4047043025493622, 1.1000001430511475, -0.5937872529029846], [-0.4259224832057953, 1.1066639423370361, -0.32536059617996216], [-0.4259224832057953, 1.1066639423370361, -0.5937872529029846], [-0.4259224832057953, 1.1000001430511475, -0.32536059617996216], [-0.4259224832057953, 1.1000001430511475, -0.5937872529029846]], "size": {"x": 0.021218180656433105, "y": 0.006663799285888672, "z": 0.26842665672302246}}, "breakable": false, "canBeUsedUp": false, "canFillWithLiquid": false, "controlledObjects": null, "cookable": false, "dirtyable": false, "distance": 1.0167326927185059, "fillLiquid": null, "isBroken": false, "isColdSource": false, "isCooked": false, "isDirty": false, "isFilledWithLiquid": false, "isHeatSource": false, "isInteractable": false, "isMoving": false, "isOpen": false, "isPickedUp": false, "isSliced": false, "isToggled": false, "isUsedUp": false, "mass": 0.07999999821186066, "moveable": false, "name": "ButterKnife_4ae287b7", "objectId": "ButterKnife|-00.41|+01.11|-00.46", "objectOrientedBoundingBox": {"cornerPoints": [[-0.4259178042411804, 1.1000003814697266, -0.32536059617996216], [-0.42591777443885803, 1.106664776802063, -0.32536059617996216], [-0.4259225130081177, 1.1066639423370361, -0.593786895275116], [-0.42592254281044006, 1.0999995470046997, -0.5937868356704712], [-0.4047043025493622, 1.100000262260437, -0.3253609538078308], [-0.4047042727470398, 1.1066646575927734, -0.3253609836101532], [-0.40470898151397705, 1.106663703918457, -0.5937872529029846], [-0.4047090411186218, 1.0999994277954102, -0.5937872529029846]]}, "objectType": "ButterKnife", "openable": false, "openness": 0.0, "parentReceptacles": ["CounterTop|-00.08|+01.15|00.00"], "pickupable": true, "position": {"x": -0.41180744767189026, "y": 1.1053317785263062, "z": -0.462016224861145}, "receptacle": false, "receptacleObjectIds": null, "rotation": {"x": -0.00016680412227287889, "y": 0.0009630339918658137, "z": 269.9984130859375}, "salientMaterials": ["Metal"], "sliceable": false, "temperature": "RoomTemp", "toggleable": false, "visible": false}, "Cabinet|+00.68|+00.50|-02.20": {"assetId": "", "axisAlignedBoundingBox": {"center": {"x": 0.4500000476837158, "y": 0.4949999749660492, "z": -2.388200283050537}, "cornerPoints": [[0.6850004196166992, 0.8700001835823059, -2.1729001998901367], [0.6850004196166992, 0.8700001835823059, -2.6035003662109375], [0.6850004196166992, 0.11999976634979248, -2.1729001998901367], [0.6850004196166992, 0.11999976634979248, -2.6035003662109375], [0.21499967575073242, 0.8700001835823059, -2.1729001998901367], [0.21499967575073242, 0.8700001835823059, -2.6035003662109375], [0.21499967575073242, 0.11999976634979248, -2.1729001998901367], [0.21499967575073242, 0.11999976634979248, -2.6035003662109375]], "size": {"x": 0.4700007438659668, "y": 0.7500004172325134, "z": 0.4306001663208008}}, "breakable": false, "canBeUsedUp": false, "canFillWithLiquid": false, "controlledObjects": null, "cookable": false, "dirtyable": false, "distance": 2.308622121810913, "fillLiquid": null, "isBroken": false, "isColdSource": false, "isCooked": false, "isDirty": false, "isFilledWithLiquid": false, "isHeatSource": false, "isInteractable": false, "isMoving": false, "isOpen": false, "isPickedUp": false, "isSliced": false, "isToggled": false, "isUsedUp": false, "mass": 0.0, "moveable": false, "name": "Cabinet_07bf9f23", "objectId": "Cabinet|+00.68|+00.50|-02.20", "objectOrientedBoundingBox": null, "objectType": "Cabinet", "openable": true, "openness": 0.0, "parentReceptacles": null, "pickupable": false, "position": {"x": 0.6800000071525574, "y": 0.4949999749660492, "z": -2.200000047683716}, "receptacle": true, "receptacleObjectIds": [], "rotation": {"x": -0.0, "y": 0.0, "z": 0.0}, "salientMaterials": null, "sliceable": false, "temperature": "RoomTemp", "toggleable": false, "visible": false}, "Cabinet|+00.68|+02.02|-02.46": {"assetId": "", "axisAlignedBoundingBox": {"center": {"x": 0.4500000476837158, "y": 2.015000104904175, "z": -2.5909407138824463}, "cornerPoints": [[0.6850004196166992, 2.390000343322754, -2.4328999519348145], [0.6850004196166992, 2.390000343322754, -2.748981475830078], [0.6850004196166992, 1.6399998664855957, -2.4328999519348145], [0.6850004196166992, 1.6399998664855957, -2.748981475830078], [0.21499967575073242, 2.390000343322754, -2.4328999519348145], [0.21499967575073242, 2.390000343322754, -2.748981475830078], [0.21499967575073242, 1.6399998664855957, -2.4328999519348145], [0.21499967575073242, 1.6399998664855957, -2.748981475830078]], "size": {"x": 0.4700007438659668, "y": 0.7500004768371582, "z": 0.31608152389526367}}, "breakable": false, "canBeUsedUp": false, "canFillWithLiquid": false, "controlledObjects": null, "cookable": false, "dirtyable": false, "distance": 2.6641130447387695, "fillLiquid": null, "isBroken": false, "isColdSource": false, "isCooked": false, "isDirty": false, "isFilledWithLiquid": false, "isHeatSource": false, "isInteractable": false, "isMoving": false, "isOpen": false, "isPickedUp": false, "isSliced": false, "isToggled": false, "isUsedUp": false, "mass": 0.0, "moveable": false, "name": "Cabinet_41c7fc3b", "objectId": "Cabinet|+00.68|+02.02|-02.46", "objectOrientedBoundingBox": null, "objectType": "Cabinet", "openable": true, "openness": 0.0, "parentReceptacles": null, "pickupable": false, "position": {"x": 0.6800000071525574, "y": 2.015000104904175, "z": -2.4600000381469727}, "receptacle": true, "receptacleObjectIds": ["Cup|+00.37|+01.64|-02.58"], "rotation": {"x": -0.0, "y": 0.0, "z": 0.0}, "salientMaterials": null, "sliceable": false, "temperature": "RoomTemp", "toggleable": false, "visible": false}, "Cabinet|+00.72|+02.02|-02.46": {"assetId": "", "axisAlignedBoundingBox": {"center": {"x": 0.9490000009536743, "y": 2.0149998664855957, "z": -2.590733528137207}, "cornerPoints": [[1.1860003471374512, 2.390000343322754, -2.4328999519348145], [1.1860003471374512, 2.390000343322754, -2.7485671043395996], [1.1860003471374512, 1.6399993896484375, -2.4328999519348145], [1.1860003471374512, 1.6399993896484375, -2.7485671043395996], [0.7119996547698975, 2.390000343322754, -2.4328999519348145], [0.7119996547698975, 2.390000343322754, -2.7485671043395996], [0.7119996547698975, 1.6399993896484375, -2.4328999519348145], [0.7119996547698975, 1.6399993896484375, -2.7485671043395996]], "size": {"x": 0.4740006923675537, "y": 0.7500009536743164, "z": 0.31566715240478516}}, "breakable": false, "canBeUsedUp": false, "canFillWithLiquid": false, "controlledObjects": null, "cookable": false, "dirtyable": false, "distance": 2.6932320594787598, "fillLiquid": null, "isBroken": false, "isColdSource": false, "isCooked": false, "isDirty": false, "isFilledWithLiquid": false, "isHeatSource": false, "isInteractable": false, "isMoving": false, "isOpen": false, "isPickedUp": false, "isSliced": false, "isToggled": false, "isUsedUp": false, "mass": 0.0, "moveable": false, "name": "Cabinet_b69a8cbf", "objectId": "Cabinet|+00.72|+02.02|-02.46", "objectOrientedBoundingBox": null, "objectType": "Cabinet", "openable": true, "openness": 0.0, "parentReceptacles": null, "pickupable": false, "position": {"x": 0.7199999690055847, "y": 2.015000104904175, "z": -2.4600000381469727}, "receptacle": true, "receptacleObjectIds": ["Plate|+00.96|+01.65|-02.61"], "rotation": {"x": -0.0, "y": 0.0, "z": 0.0}, "salientMaterials": null, "sliceable": false, "temperature": "RoomTemp", "toggleable": false, "visible": false}, "Cabinet|-00.73|+02.02|-02.46": {"assetId": "", "axisAlignedBoundingBox": {"center": {"x": -0.957800030708313, "y": 2.015000104904175, "z": -2.590740203857422}, "cornerPoints": [[-0.7227996587753296, 2.390000343322754, -2.4328999519348145], [-0.7227996587753296, 2.390000343322754, -2.7485804557800293], [-0.7227996587753296, 1.6399998664855957, -2.4328999519348145], [-0.7227996587753296, 1.6399998664855957, -2.7485804557800293], [-1.1928004026412964, 2.390000343322754, -2.4328999519348145], [-1.1928004026412964, 2.390000343322754, -2.7485804557800293], [-1.1928004026412964, 1.6399998664855957, -2.4328999519348145], [-1.1928004026412964, 1.6399998664855957, -2.7485804557800293]], "size": {"x": 0.4700007438659668, "y": 0.7500004768371582, "z": 0.31568050384521484}}, "breakable": false, "canBeUsedUp": false, "canFillWithLiquid": false, "controlledObjects": null, "cookable": false, "dirtyable": false, "distance": 1.9092645645141602, "fillLiquid": null, "isBroken": false, "isColdSource": false, "isCooked": false, "isDirty": false, "isFilledWithLiquid": false, "isHeatSource": false, "isInteractable": false, "isMoving": false, "isOpen": false, "isPickedUp": false, "isSliced": false, "isToggled": false, "isUsedUp": false, "mass": 0.0, "moveable": false, "name": "Cabinet_afbfa706", "objectId": "Cabinet|-00.73|+02.02|-02.46", "objectOrientedBoundingBox": null, "objectType": "Cabinet", "openable": true, "openness": 0.0, "parentReceptacles": null, "pickupable": false, "position": {"x": -0.7278000116348267, "y": 2.015000104904175, "z": -2.4600000381469727}, "receptacle": true, "receptacleObjectIds": ["WineBottle|-01.00|+01.65|-02.58"], "rotation": {"x": -0.0, "y": 0.0, "z": 0.0}, "salientMaterials": null, "sliceable": false, "temperature": "RoomTemp", "toggleable": false, "visible": false}, "Cabinet|-01.18|+00.50|-02.20": {"assetId": "", "axisAlignedBoundingBox": {"center": {"x": -1.1039116382598877, "y": 0.4949999749660492, "z": -2.388200283050537}, "cornerPoints": [[-0.7149995565414429, 0.8700001835823059, -2.1729001998901367], [-0.7149995565414429, 0.8700001835823059, -2.6035003662109375], [-0.7149995565414429, 0.11999976634979248, -2.1729001998901367], [-0.7149995565414429, 0.11999976634979248, -2.6035003662109375], [-1.4928237199783325, 0.8700001835823059, -2.1729001998901367], [-1.4928237199783325, 0.8700001835823059, -2.6035003662109375], [-1.4928237199783325, 0.11999976634979248, -2.1729001998901367], [-1.4928237199783325, 0.11999976634979248, -2.6035003662109375]], "size": {"x": 0.7778241634368896, "y": 0.7500004172325134, "z": 0.4306001663208008}}, "breakable": false, "canBeUsedUp": false, "canFillWithLiquid": false, "controlledObjects": null, "cookable": false, "dirtyable": false, "distance": 1.2687535285949707, "fillLiquid": null, "isBroken": false, "isColdSource": false, "isCooked": false, "isDirty": false, "isFilledWithLiquid": false, "isHeatSource": false, "isInteractable": false, "isMoving": false, "isOpen": false, "isPickedUp": false, "isSliced": false, "isToggled": false, "isUsedUp": false, "mass": 0.0, "moveable": false, "name": "Cabinet_7d7a3425", "objectId": "Cabinet|-01.18|+00.50|-02.20", "objectOrientedBoundingBox": null, "objectType": "Cabinet", "openable": true, "openness": 0.0, "parentReceptacles": null, "pickupable": false, "position": {"x": -1.1799999475479126, "y": 0.4949999749660492, "z": -2.200000047683716}, "receptacle": true, "receptacleObjectIds": [], "rotation": {"x": -0.0, "y": 0.0, "z": 0.0}, "salientMaterials": null, "sliceable": false, "temperature": "RoomTemp", "toggleable": false, "visible": false}, "Cabinet|-01.55|+00.50|+00.38": {"assetId": "", "axisAlignedBoundingBox": {"center": {"x": -1.7429003715515137, "y": 0.440000057220459, "z": 0.20499983429908752}, "cornerPoints": [[-1.5322999954223633, 0.760000467300415, 0.3850003778934479], [-1.5322999954223633, 0.760000467300415, 0.024999290704727173], [-1.5322999954223633, 0.11999964714050293, 0.3850003778934479], [-1.5322999954223633, 0.11999964714050293, 0.024999290704727173], [-1.953500747680664, 0.760000467300415, 0.3850003778934479], [-1.953500747680664, 0.760000467300415, 0.024999290704727173], [-1.953500747680664, 0.11999964714050293, 0.3850003778934479], [-1.953500747680664, 0.11999964714050293, 0.024999290704727173]], "size": {"x": 0.4212007522583008, "y": 0.6400008201599121, "z": 0.3600010871887207}}, "breakable": false, "canBeUsedUp": false, "canFillWithLiquid": false, "controlledObjects": null, "cookable": false, "dirtyable": false, "distance": 1.4694336652755737, "fillLiquid": null, "isBroken": false, "isColdSource": false, "isCooked": false, "isDirty": false, "isFilledWithLiquid": false, "isHeatSource": false, "isInteractable": true, "isMoving": false, "isOpen": false, "isPickedUp": false, "isSliced": false, "isToggled": false, "isUsedUp": false, "mass": 0.0, "moveable": false, "name": "Cabinet_67e9cbea", "objectId": "Cabinet|-01.55|+00.50|+00.38", "objectOrientedBoundingBox": null, "objectType": "Cabinet", "openable": true, "openness": 0.0, "parentReceptacles": null, "pickupable": false, "position": {"x": -1.5499999523162842, "y": 0.4949999749660492, "z": 0.3799999952316284}, "receptacle": true, "receptacleObjectIds": [], "rotation": {"x": -0.0, "y": 90.0, "z": -0.0}, "salientMaterials": null, "sliceable": false, "temperature": "RoomTemp", "toggleable": false, "visible": true}, "Cabinet|-01.55|+00.50|-01.97": {"assetId": "", "axisAlignedBoundingBox": {"center": {"x": -1.7382001876831055, "y": 0.4949999451637268, "z": -1.5044996738433838}, "cornerPoints": [[-1.522899866104126, 0.8700002431869507, -1.033998966217041], [-1.522899866104126, 0.8700002431869507, -1.9750003814697266], [-1.522899866104126, 0.11999964714050293, -1.033998966217041], [-1.522899866104126, 0.11999964714050293, -1.9750003814697266], [-1.953500509262085, 0.8700002431869507, -1.033998966217041], [-1.953500509262085, 0.8700002431869507, -1.9750003814697266], [-1.953500509262085, 0.11999964714050293, -1.033998966217041], [-1.953500509262085, 0.11999964714050293, -1.9750003814697266]], "size": {"x": 0.430600643157959, "y": 0.7500005960464478, "z": 0.9410014152526855}}, "breakable": false, "canBeUsedUp": false, "canFillWithLiquid": false, "controlledObjects": null, "cookable": false, "dirtyable": false, "distance": 1.0890638828277588, "fillLiquid": null, "isBroken": false, "isColdSource": false, "isCooked": false, "isDirty": false, "isFilledWithLiquid": false, "isHeatSource": false, "isInteractable": true, "isMoving": false, "isOpen": false, "isPickedUp": false, "isSliced": false, "isToggled": false, "isUsedUp": false, "mass": 0.0, "moveable": false, "name": "Cabinet_4223545f", "objectId": "Cabinet|-01.55|+00.50|-01.97", "objectOrientedBoundingBox": null, "objectType": "Cabinet", "openable": true, "openness": 0.0, "parentReceptacles": null, "pickupable": false, "position": {"x": -1.5499999523162842, "y": 0.4949999749660492, "z": -1.9649999141693115}, "receptacle": true, "receptacleObjectIds": ["DishSponge|-01.94|+00.75|-01.71"], "rotation": {"x": -0.0, "y": 90.0, "z": -0.0}, "salientMaterials": null, "sliceable": false, "temperature": "RoomTemp", "toggleable": false, "visible": true}, "Cabinet|-01.69|+02.02|-02.46": {"assetId": "", "axisAlignedBoundingBox": {"center": {"x": -1.4542499780654907, "y": 2.0149998664855957, "z": -2.591533660888672}, "cornerPoints": [[-1.218199610710144, 2.390000343322754, -2.434499740600586], [-1.218199610710144, 2.390000343322754, -2.748567581176758], [-1.218199610710144, 1.6399993896484375, -2.434499740600586], [-1.218199610710144, 1.6399993896484375, -2.748567581176758], [-1.6903003454208374, 2.390000343322754, -2.434499740600586], [-1.6903003454208374, 2.390000343322754, -2.748567581176758], [-1.6903003454208374, 1.6399993896484375, -2.434499740600586], [-1.6903003454208374, 1.6399993896484375, -2.748567581176758]], "size": {"x": 0.47210073471069336, "y": 0.7500009536743164, "z": 0.3140678405761719}}, "breakable": false, "canBeUsedUp": false, "canFillWithLiquid": false, "controlledObjects": null, "cookable": false, "dirtyable": false, "distance": 1.8885865211486816, "fillLiquid": null, "isBroken": false, "isColdSource": false, "isCooked": false, "isDirty": false, "isFilledWithLiquid": false, "isHeatSource": false, "isInteractable": false, "isMoving": false, "isOpen": false, "isPickedUp": false, "isSliced": false, "isToggled": false, "isUsedUp": false, "mass": 0.0, "moveable": false, "name": "Cabinet_64c8b7ce", "objectId": "Cabinet|-01.69|+02.02|-02.46", "objectOrientedBoundingBox": null, "objectType": "Cabinet", "openable": true, "openness": 0.0, "parentReceptacles": null, "pickupable": false, "position": {"x": -1.6852999925613403, "y": 2.015000104904175, "z": -2.4616000652313232}, "receptacle": true, "receptacleObjectIds": [], "rotation": {"x": -0.0, "y": 0.0, "z": 0.0}, "salientMaterials": null, "sliceable": false, "temperature": "RoomTemp", "toggleable": false, "visible": false}, "Cabinet|-01.85|+02.02|+00.38": {"assetId": "", "axisAlignedBoundingBox": {"center": {"x": -1.9850268363952637, "y": 2.0153615474700928, "z": 0.09986761212348938}, "cornerPoints": [[-1.8214218616485596, 2.392423152923584, 0.38969266414642334], [-1.8214218616485596, 2.392423152923584, -0.18995743989944458], [-1.8214218616485596, 1.6382999420166016, 0.38969266414642334], [-1.8214218616485596, 1.6382999420166016, -0.18995743989944458], [-2.1486318111419678, 2.392423152923584, 0.38969266414642334], [-2.1486318111419678, 2.392423152923584, -0.18995743989944458], [-2.1486318111419678, 1.6382999420166016, 0.38969266414642334], [-2.1486318111419678, 1.6382999420166016, -0.18995743989944458]], "size": {"x": 0.3272099494934082, "y": 0.7541232109069824, "z": 0.5796501040458679}}, "breakable": false, "canBeUsedUp": false, "canFillWithLiquid": false, "controlledObjects": null, "cookable": false, "dirtyable": false, "distance": 1.8722708225250244, "fillLiquid": null, "isBroken": false, "isColdSource": false, "isCooked": false, "isDirty": false, "isFilledWithLiquid": false, "isHeatSource": false, "isInteractable": false, "isMoving": false, "isOpen": false, "isPickedUp": false, "isSliced": false, "isToggled": false, "isUsedUp": false, "mass": 0.0, "moveable": false, "name": "Cabinet_83d77a74", "objectId": "Cabinet|-01.85|+02.02|+00.38", "objectOrientedBoundingBox": null, "objectType": "Cabinet", "openable": true, "openness": 0.0, "parentReceptacles": null, "pickupable": false, "position": {"x": -1.8499999046325684, "y": 2.015000104904175, "z": 0.3799999952316284}, "receptacle": true, "receptacleObjectIds": [], "rotation": {"x": -0.0, "y": 90.0, "z": -0.0}, "salientMaterials": null, "sliceable": false, "temperature": "RoomTemp", "toggleable": false, "visible": false}, "CoffeeMachine|-01.98|+00.90|-00.19": {"assetId": "coffee_machine_1", "axisAlignedBoundingBox": {"center": {"x": -1.8729240894317627, "y": 1.121159315109253, "z": -0.1903645098209381}, "cornerPoints": [[-1.626600980758667, 1.3422942161560059, -0.043006181716918945], [-1.626600980758667, 1.3422942161560059, -0.3377228379249573], [-1.626600980758667, 0.9000244140625, -0.043006181716918945], [-1.626600980758667, 0.9000244140625, -0.3377228379249573], [-2.1192471981048584, 1.3422942161560059, -0.043006181716918945], [-2.1192471981048584, 1.3422942161560059, -0.3377228379249573], [-2.1192471981048584, 0.9000244140625, -0.043006181716918945], [-2.1192471981048584, 0.9000244140625, -0.3377228379249573]], "size": {"x": 0.4926462173461914, "y": 0.44226980209350586, "z": 0.29471665620803833}}, "breakable": false, "canBeUsedUp": false, "canFillWithLiquid": false, "controlledObjects": [], "cookable": false, "dirtyable": false, "distance": 1.0897854566574097, "fillLiquid": null, "isBroken": false, "isColdSource": false, "isCooked": false, "isDirty": false, "isFilledWithLiquid": false, "isHeatSource": true, "isInteractable": true, "isMoving": false, "isOpen": false, "isPickedUp": false, "isSliced": false, "isToggled": false, "isUsedUp": false, "mass": 5.0, "moveable": true, "name": "CoffeeMachine_19c6af8e", "objectId": "CoffeeMachine|-01.98|+00.90|-00.19", "objectOrientedBoundingBox": {"cornerPoints": [[-1.6266016960144043, 0.9000190496444702, -0.3376868963241577], [-1.6266076564788818, 0.9000366926193237, -0.04300205409526825], [-2.119248390197754, 0.9000493884086609, -0.04301212728023529], [-2.1192421913146973, 0.9000316858291626, -0.33769699931144714], [-1.6265902519226074, 1.3422651290893555, -0.33771342039108276], [-1.6265963315963745, 1.342282772064209, -0.0430285781621933], [-2.119236946105957, 1.3422954082489014, -0.04303865134716034], [-2.1192309856414795, 1.3422777652740479, -0.3377235233783722]]}, "objectType": "CoffeeMachine", "openable": false, "openness": 0.0, "parentReceptacles": ["CounterTop|-01.87|+00.95|-01.21"], "pickupable": false, "position": {"x": -1.9780069589614868, "y": 0.8999992609024048, "z": -0.18905165791511536}, "receptacle": true, "receptacleObjectIds": [], "rotation": {"x": -1.0376458703831304e-05, "y": 89.99881744384766, "z": -2.0035493434988894e-05}, "salientMaterials": ["Plastic"], "sliceable": false, "temperature": "RoomTemp", "toggleable": true, "visible": true}, "CounterTop|+00.69|+00.95|-02.48": {"assetId": "", "axisAlignedBoundingBox": {"center": {"x": 0.7077270746231079, "y": 0.9093500375747681, "z": -2.4922728538513184}, "cornerPoints": [[1.2154541015625, 0.9172000885009766, -2.1845459938049316], [1.2154541015625, 0.9172000885009766, -2.799999713897705], [1.2154541015625, 0.9014999866485596, -2.1845459938049316], [1.2154541015625, 0.9014999866485596, -2.799999713897705], [0.20000004768371582, 0.9172000885009766, -2.1845459938049316], [0.20000004768371582, 0.9172000885009766, -2.799999713897705], [0.20000004768371582, 0.9014999866485596, -2.1845459938049316], [0.20000004768371582, 0.9014999866485596, -2.799999713897705]], "size": {"x": 1.0154540538787842, "y": 0.015700101852416992, "z": 0.6154537200927734}}, "breakable": false, "canBeUsedUp": false, "canFillWithLiquid": false, "controlledObjects": null, "cookable": false, "dirtyable": false, "distance": 2.4453115463256836, "fillLiquid": null, "isBroken": false, "isColdSource": false, "isCooked": false, "isDirty": false, "isFilledWithLiquid": false, "isHeatSource": false, "isInteractable": false, "isMoving": false, "isOpen": false, "isPickedUp": false, "isSliced": false, "isToggled": false, "isUsedUp": false, "mass": 0.0, "moveable": false, "name": "CounterTop_2fe78146", "objectId": "CounterTop|+00.69|+00.95|-02.48", "objectOrientedBoundingBox": null, "objectType": "CounterTop", "openable": false, "openness": 0.0, "parentReceptacles": null, "pickupable": false, "position": {"x": 0.6930000185966492, "y": 0.9462000131607056, "z": -2.4839999675750732}, "receptacle": true, "receptacleObjectIds": ["Pan|+00.72|+00.90|-02.42", "Kettle|+01.04|+00.90|-02.60", "Spatula|+00.38|+00.91|-02.33", "PepperShaker|+00.30|+00.90|-02.47", "SaltShaker|+00.35|+00.90|-02.57"], "rotation": {"x": -0.0, "y": 0.0, "z": 0.0}, "salientMaterials": null, "sliceable": false, "temperature": "RoomTemp", "toggleable": false, "visible": false}, "CounterTop|-00.08|+01.15|00.00": {"assetId": "", "axisAlignedBoundingBox": {"center": {"x": -0.06000000238418579, "y": 1.1097999811172485, "z": -0.004999995231628418}, "cornerPoints": [[0.4999999403953552, 1.1180999279022217, 1.0100001096725464], [0.4999999403953552, 1.1180999279022217, -1.0200001001358032], [0.4999999403953552, 1.1015000343322754, 1.0100001096725464], [0.4999999403953552, 1.1015000343322754, -1.0200001001358032], [-0.6199999451637268, 1.1180999279022217, 1.0100001096725464], [-0.6199999451637268, 1.1180999279022217, -1.0200001001358032], [-0.6199999451637268, 1.1015000343322754, 1.0100001096725464], [-0.6199999451637268, 1.1015000343322754, -1.0200001001358032]], "size": {"x": 1.119999885559082, "y": 0.01659989356994629, "z": 2.0300002098083496}}, "breakable": false, "canBeUsedUp": false, "canFillWithLiquid": false, "controlledObjects": null, "cookable": false, "dirtyable": false, "distance": 1.5587841272354126, "fillLiquid": null, "isBroken": false, "isColdSource": false, "isCooked": false, "isDirty": false, "isFilledWithLiquid": false, "isHeatSource": false, "isInteractable": false, "isMoving": false, "isOpen": false, "isPickedUp": false, "isSliced": false, "isToggled": false, "isUsedUp": false, "mass": 0.0, "moveable": false, "name": "CounterTop_203f0cf4", "objectId": "CounterTop|-00.08|+01.15|00.00", "objectOrientedBoundingBox": null, "objectType": "CounterTop", "openable": false, "openness": 0.0, "parentReceptacles": null, "pickupable": false, "position": {"x": -0.07900000363588333, "y": 1.1470999717712402, "z": -0.0010000000474974513}, "receptacle": true, "receptacleObjectIds": ["Book|+00.15|+01.10|+00.62", "Bowl|+00.27|+01.10|-00.75", "CreditCard|-00.46|+01.10|+00.87", "Apple|-00.47|+01.15|+00.48", "Bread|-00.52|+01.17|-00.03", "ButterKnife|-00.41|+01.11|-00.46", "Tomato|-00.39|+01.14|-00.81"], "rotation": {"x": -0.0, "y": 0.0, "z": 0.0}, "salientMaterials": null, "sliceable": false, "temperature": "RoomTemp", "toggleable": false, "visible": false}, "CounterTop|-01.87|+00.95|-01.21": {"assetId": "", "axisAlignedBoundingBox": {"center": {"x": -1.4500000476837158, "y": 0.9094499349594116, "z": -1.1922730207443237}, "cornerPoints": [[-0.7000000476837158, 0.9178999662399292, 0.4154539108276367], [-0.7000000476837158, 0.9178999662399292, -2.799999952316284], [-0.7000000476837158, 0.900999903678894, 0.4154539108276367], [-0.7000000476837158, 0.900999903678894, -2.799999952316284], [-2.200000047683716, 0.9178999662399292, 0.4154539108276367], [-2.200000047683716, 0.9178999662399292, -2.799999952316284], [-2.200000047683716, 0.900999903678894, 0.4154539108276367], [-2.200000047683716, 0.900999903678894, -2.799999952316284]], "size": {"x": 1.5, "y": 0.01690012216567993, "z": 3.215453863143921}}, "breakable": false, "canBeUsedUp": false, "canFillWithLiquid": false, "controlledObjects": null, "cookable": false, "dirtyable": false, "distance": 0.6530442237854004, "fillLiquid": null, "isBroken": false, "isColdSource": false, "isCooked": false, "isDirty": false, "isFilledWithLiquid": false, "isHeatSource": false, "isInteractable": true, "isMoving": false, "isOpen": false, "isPickedUp": false, "isSliced": false, "isToggled": false, "isUsedUp": false, "mass": 0.0, "moveable": false, "name": "CounterTop_978a4b41", "objectId": "CounterTop|-01.87|+00.95|-01.21", "objectOrientedBoundingBox": null, "objectType": "CounterTop", "openable": false, "openness": 0.0, "parentReceptacles": null, "pickupable": false, "position": {"x": -1.8680000305175781, "y": 0.9469000101089478, "z": -1.2059999704360962}, "receptacle": true, "receptacleObjectIds": ["Toaster|-01.84|+00.90|+00.13", "CoffeeMachine|-01.98|+00.90|-00.19", "Mug|-01.76|+00.90|-00.62", "PaperTowelRoll|-02.06|+01.01|-00.81", "Lettuce|-01.81|+00.97|-00.94|LettuceSliced_7", "Lettuce|-01.81|+00.97|-00.94|LettuceSliced_0", "Lettuce|-01.81|+00.97|-00.94|LettuceSliced_1", "Lettuce|-01.81|+00.97|-00.94|LettuceSliced_2", "Lettuce|-01.81|+00.97|-00.94|LettuceSliced_4", "Lettuce|-01.81|+00.97|-00.94|LettuceSliced_6", "Lettuce|-01.81|+00.97|-00.94|LettuceSliced_3", "Lettuce|-01.81|+00.97|-00.94|LettuceSliced_5", "Potato|-01.66|+00.93|-02.15", "HousePlant|-01.95|+00.89|-02.52", "SoapBottle|-01.99|+00.90|-02.03"], "rotation": {"x": -0.0, "y": 0.0, "z": 0.0}, "salientMaterials": null, "sliceable": false, "temperature": "RoomTemp", "toggleable": false, "visible": true}, "CreditCard|-00.46|+01.10|+00.87": {"assetId": "CreditCard_4", "axisAlignedBoundingBox": {"center": {"x": -0.4636647701263428, "y": 1.1022453308105469, "z": 0.8652697205543518}, "cornerPoints": [[-0.4147329330444336, 1.1044902801513672, 0.9153267741203308], [-0.4147329330444336, 1.1044902801513672, 0.8152126669883728], [-0.4147329330444336, 1.1000003814697266, 0.9153267741203308], [-0.4147329330444336, 1.1000003814697266, 0.8152126669883728], [-0.512596607208252, 1.1044902801513672, 0.9153267741203308], [-0.512596607208252, 1.1044902801513672, 0.8152126669883728], [-0.512596607208252, 1.1000003814697266, 0.9153267741203308], [-0.512596607208252, 1.1000003814697266, 0.8152126669883728]], "size": {"x": 0.09786367416381836, "y": 0.004489898681640625, "z": 0.10011410713195801}}, "breakable": false, "canBeUsedUp": false, "canFillWithLiquid": false, "controlledObjects": null, "cookable": false, "dirtyable": false, "distance": 2.0340335369110107, "fillLiquid": null, "isBroken": false, "isColdSource": false, "isCooked": false, "isDirty": false, "isFilledWithLiquid": false, "isHeatSource": false, "isInteractable": false, "isMoving": false, "isOpen": false, "isPickedUp": false, "isSliced": false, "isToggled": false, "isUsedUp": false, "mass": 0.005999999586492777, "moveable": false, "name": "CreditCard_5e829d70", "objectId": "CreditCard|-00.46|+01.10|+00.87", "objectOrientedBoundingBox": {"cornerPoints": [[-0.4547576904296875, 1.1000006198883057, 0.915326714515686], [-0.5125965476036072, 1.1000005006790161, 0.8514595031738281], [-0.4725717306137085, 1.1000006198883057, 0.815212607383728], [-0.4147328734397888, 1.1000007390975952, 0.8790798187255859], [-0.4547577202320099, 1.1044901609420776, 0.915326714515686], [-0.5125965476036072, 1.104490041732788, 0.8514595031738281], [-0.4725717306137085, 1.1044901609420776, 0.815212607383728], [-0.4147329032421112, 1.1044902801513672, 0.8790798187255859]]}, "objectType": "CreditCard", "openable": false, "openness": 0.0, "parentReceptacles": ["CounterTop|-00.08|+01.15|00.00"], "pickupable": true, "position": {"x": -0.463664710521698, "y": 1.1003444194793701, "z": 0.8652696013450623}, "receptacle": false, "receptacleObjectIds": null, "rotation": {"x": 0.00023811418213881552, "y": 312.1642761230469, "z": 0.00018782161350827664}, "salientMaterials": ["Plastic"], "sliceable": false, "temperature": "RoomTemp", "toggleable": false, "visible": false}, "Cup|+00.37|+01.64|-02.58": {"assetId": "Cup_1", "axisAlignedBoundingBox": {"center": {"x": 0.37137091159820557, "y": 1.7159022092819214, "z": -2.5795485973358154}, "cornerPoints": [[0.41397035121917725, 1.7868034839630127, -2.5371298789978027], [0.41397035121917725, 1.7868034839630127, -2.621967315673828], [0.41397035121917725, 1.64500093460083, -2.5371298789978027], [0.41397035121917725, 1.64500093460083, -2.621967315673828], [0.3287714719772339, 1.7868034839630127, -2.5371298789978027], [0.3287714719772339, 1.7868034839630127, -2.621967315673828], [0.3287714719772339, 1.64500093460083, -2.5371298789978027], [0.3287714719772339, 1.64500093460083, -2.621967315673828]], "size": {"x": 0.08519887924194336, "y": 0.14180254936218262, "z": 0.08483743667602539}}, "breakable": true, "canBeUsedUp": false, "canFillWithLiquid": true, "controlledObjects": null, "cookable": false, "dirtyable": true, "distance": 2.3824024200439453, "fillLiquid": null, "isBroken": false, "isColdSource": false, "isCooked": false, "isDirty": false, "isFilledWithLiquid": false, "isHeatSource": false, "isInteractable": false, "isMoving": false, "isOpen": false, "isPickedUp": false, "isSliced": false, "isToggled": false, "isUsedUp": false, "mass": 0.4000000059604645, "moveable": false, "name": "Cup_4c1ceda2", "objectId": "Cup|+00.37|+01.64|-02.58", "objectOrientedBoundingBox": {"cornerPoints": [[0.41393792629241943, 1.6449925899505615, -2.53719425201416], [0.32877451181411743, 1.6450144052505493, -2.537179708480835], [0.328760027885437, 1.6450464725494385, -2.621960163116455], [0.4139234721660614, 1.6450246572494507, -2.6219747066497803], [0.41397419571876526, 1.786764144897461, -2.5371406078338623], [0.32881075143814087, 1.7867859601974487, -2.537126064300537], [0.32879626750946045, 1.786818027496338, -2.6219065189361572], [0.41395971179008484, 1.78679621219635, -2.6219210624694824]]}, "objectType": "Cup", "openable": false, "openness": 0.0, "parentReceptacles": ["Cabinet|+00.68|+02.02|-02.46"], "pickupable": true, "position": {"x": 0.37134993076324463, "y": 1.6448094844818115, "z": -2.5791807174682617}, "receptacle": true, "receptacleObjectIds": [], "rotation": {"x": 0.009855267591774464, "y": 0.009454729035496712, "z": -0.0006322866538539529}, "salientMaterials": ["Glass"], "sliceable": false, "temperature": "RoomTemp", "toggleable": false, "visible": false}, "DishSponge|-01.94|+00.75|-01.71": {"assetId": "Dish_Sponge_1", "axisAlignedBoundingBox": {"center": {"x": -1.8567782640457153, "y": 0.13397790491580963, "z": -1.6192200183868408}, "cornerPoints": [[-1.7888219356536865, 0.14702336490154266, -1.540802001953125], [-1.7888219356536865, 0.14702336490154266, -1.6976380348205566], [-1.7888219356536865, 0.1209324449300766, -1.540802001953125], [-1.7888219356536865, 0.1209324449300766, -1.6976380348205566], [-1.9247345924377441, 0.14702336490154266, -1.540802001953125], [-1.9247345924377441, 0.14702336490154266, -1.6976380348205566], [-1.9247345924377441, 0.1209324449300766, -1.540802001953125], [-1.9247345924377441, 0.1209324449300766, -1.6976380348205566]], "size": {"x": 0.13591265678405762, "y": 0.026090919971466064, "z": 0.15683603286743164}}, "breakable": false, "canBeUsedUp": false, "canFillWithLiquid": false, "controlledObjects": null, "cookable": false, "dirtyable": false, "distance": 1.1503363847732544, "fillLiquid": null, "isBroken": false, "isColdSource": false, "isCooked": false, "isDirty": false, "isFilledWithLiquid": false, "isHeatSource": false, "isInteractable": false, "isMoving": false, "isOpen": false, "isPickedUp": false, "isSliced": false, "isToggled": false, "isUsedUp": false, "mass": 0.029999997466802597, "moveable": false, "name": "DishSponge_2f93679b", "objectId": "DishSponge|-01.94|+00.75|-01.71", "objectOrientedBoundingBox": {"cornerPoints": [[-1.8512547016143799, 0.14697138965129852, -1.540802001953125], [-1.7888222932815552, 0.14697209000587463, -1.5797001123428345], [-1.8622974157333374, 0.1470233052968979, -1.6976295709609985], [-1.9247299432754517, 0.14702260494232178, -1.658731460571289], [-1.8512595891952515, 0.12093238532543182, -1.540810227394104], [-1.7888270616531372, 0.12093308568000793, -1.5797083377838135], [-1.862302303314209, 0.12098430097103119, -1.697637915611267], [-1.9247348308563232, 0.12098360061645508, -1.6587398052215576]]}, "objectType": "DishSponge", "openable": false, "openness": 0.0, "parentReceptacles": ["Cabinet|-01.55|+00.50|-01.97"], "pickupable": true, "position": {"x": -1.8567615747451782, "y": 0.14490127563476562, "z": -1.6192175149917603}, "receptacle": false, "receptacleObjectIds": null, "rotation": {"x": 0.021411165595054626, "y": 31.920835494995117, "z": 179.98861694335938}, "salientMaterials": ["Sponge"], "sliceable": false, "temperature": "RoomTemp", "toggleable": false, "visible": false}, "Drawer|+00.95|+00.22|-02.20": {"assetId": "", "axisAlignedBoundingBox": {"center": {"x": 0.949999988079071, "y": 0.19667398929595947, "z": -2.3732364177703857}, "cornerPoints": [[1.1897614002227783, 0.2715473175048828, -2.178211212158203], [1.1897614002227783, 0.2715473175048828, -2.5682616233825684], [1.1897614002227783, 0.12180066108703613, -2.178211212158203], [1.1897614002227783, 0.12180066108703613, -2.5682616233825684], [0.7102385759353638, 0.2715473175048828, -2.178211212158203], [0.7102385759353638, 0.2715473175048828, -2.5682616233825684], [0.7102385759353638, 0.12180066108703613, -2.178211212158203], [0.7102385759353638, 0.12180066108703613, -2.5682616233825684]], "size": {"x": 0.47952282428741455, "y": 0.14974665641784668, "z": 0.39005041122436523}}, "breakable": false, "canBeUsedUp": false, "canFillWithLiquid": false, "controlledObjects": null, "cookable": false, "dirtyable": false, "distance": 2.5970752239227295, "fillLiquid": null, "isBroken": false, "isColdSource": false, "isCooked": false, "isDirty": false, "isFilledWithLiquid": false, "isHeatSource": false, "isInteractable": false, "isMoving": false, "isOpen": false, "isPickedUp": false, "isSliced": false, "isToggled": false, "isUsedUp": false, "mass": 0.0, "moveable": false, "name": "Drawer_14af4910", "objectId": "Drawer|+00.95|+00.22|-02.20", "objectOrientedBoundingBox": null, "objectType": "Drawer", "openable": true, "openness": 0.0, "parentReceptacles": null, "pickupable": false, "position": {"x": 0.949999988079071, "y": 0.22100000083446503, "z": -2.2009999752044678}, "receptacle": true, "receptacleObjectIds": [], "rotation": {"x": -0.0, "y": 0.0, "z": 0.0}, "salientMaterials": null, "sliceable": false, "temperature": "RoomTemp", "toggleable": false, "visible": false}, "Drawer|+00.95|+00.39|-02.20": {"assetId": "", "axisAlignedBoundingBox": {"center": {"x": 0.949999988079071, "y": 0.3696739673614502, "z": -2.3732364177703857}, "cornerPoints": [[1.1897614002227783, 0.44454729557037354, -2.178211212158203], [1.1897614002227783, 0.44454729557037354, -2.5682616233825684], [1.1897614002227783, 0.29480063915252686, -2.178211212158203], [1.1897614002227783, 0.29480063915252686, -2.5682616233825684], [0.7102385759353638, 0.44454729557037354, -2.178211212158203], [0.7102385759353638, 0.44454729557037354, -2.5682616233825684], [0.7102385759353638, 0.29480063915252686, -2.178211212158203], [0.7102385759353638, 0.29480063915252686, -2.5682616233825684]], "size": {"x": 0.47952282428741455, "y": 0.14974665641784668, "z": 0.39005041122436523}}, "breakable": false, "canBeUsedUp": false, "canFillWithLiquid": false, "controlledObjects": null, "cookable": false, "dirtyable": false, "distance": 2.557234764099121, "fillLiquid": null, "isBroken": false, "isColdSource": false, "isCooked": false, "isDirty": false, "isFilledWithLiquid": false, "isHeatSource": false, "isInteractable": false, "isMoving": false, "isOpen": false, "isPickedUp": false, "isSliced": false, "isToggled": false, "isUsedUp": false, "mass": 0.0, "moveable": false, "name": "Drawer_feba4efa", "objectId": "Drawer|+00.95|+00.39|-02.20", "objectOrientedBoundingBox": null, "objectType": "Drawer", "openable": true, "openness": 0.0, "parentReceptacles": null, "pickupable": false, "position": {"x": 0.949999988079071, "y": 0.39399999380111694, "z": -2.2009999752044678}, "receptacle": true, "receptacleObjectIds": [], "rotation": {"x": -0.0, "y": 0.0, "z": 0.0}, "salientMaterials": null, "sliceable": false, "temperature": "RoomTemp", "toggleable": false, "visible": false}, "Drawer|+00.95|+00.56|-02.20": {"assetId": "", "axisAlignedBoundingBox": {"center": {"x": 0.949999988079071, "y": 0.535673975944519, "z": -2.3733365535736084}, "cornerPoints": [[1.1897614002227783, 0.6105473041534424, -2.178311347961426], [1.1897614002227783, 0.6105473041534424, -2.568361759185791], [1.1897614002227783, 0.4608006477355957, -2.178311347961426], [1.1897614002227783, 0.4608006477355957, -2.568361759185791], [0.7102385759353638, 0.6105473041534424, -2.178311347961426], [0.7102385759353638, 0.6105473041534424, -2.568361759185791], [0.7102385759353638, 0.4608006477355957, -2.178311347961426], [0.7102385759353638, 0.4608006477355957, -2.568361759185791]], "size": {"x": 0.47952282428741455, "y": 0.14974665641784668, "z": 0.39005041122436523}}, "breakable": false, "canBeUsedUp": false, "canFillWithLiquid": false, "controlledObjects": null, "cookable": false, "dirtyable": false, "distance": 2.529608964920044, "fillLiquid": null, "isBroken": false, "isColdSource": false, "isCooked": false, "isDirty": false, "isFilledWithLiquid": false, "isHeatSource": false, "isInteractable": false, "isMoving": false, "isOpen": false, "isPickedUp": false, "isSliced": false, "isToggled": false, "isUsedUp": false, "mass": 0.0, "moveable": false, "name": "Drawer_b7714dd0", "objectId": "Drawer|+00.95|+00.56|-02.20", "objectOrientedBoundingBox": null, "objectType": "Drawer", "openable": true, "openness": 0.0, "parentReceptacles": null, "pickupable": false, "position": {"x": 0.949999988079071, "y": 0.5600000023841858, "z": -2.2011001110076904}, "receptacle": true, "receptacleObjectIds": [], "rotation": {"x": -0.0, "y": 0.0, "z": 0.0}, "salientMaterials": null, "sliceable": false, "temperature": "RoomTemp", "toggleable": false, "visible": false}, "Drawer|+00.95|+00.71|-02.20": {"assetId": "", "axisAlignedBoundingBox": {"center": {"x": 0.949999988079071, "y": 0.6882746815681458, "z": -2.3724365234375}, "cornerPoints": [[1.1897614002227783, 0.7492952346801758, -2.1774110794067383], [1.1897614002227783, 0.7492952346801758, -2.5674619674682617], [1.1897614002227783, 0.6272541284561157, -2.1774110794067383], [1.1897614002227783, 0.6272541284561157, -2.5674619674682617], [0.7102385759353638, 0.7492952346801758, -2.1774110794067383], [0.7102385759353638, 0.7492952346801758, -2.5674619674682617], [0.7102385759353638, 0.6272541284561157, -2.1774110794067383], [0.7102385759353638, 0.6272541284561157, -2.5674619674682617]], "size": {"x": 0.47952282428741455, "y": 0.12204110622406006, "z": 0.39005088806152344}}, "breakable": false, "canBeUsedUp": false, "canFillWithLiquid": false, "controlledObjects": null, "cookable": false, "dirtyable": false, "distance": 2.5135016441345215, "fillLiquid": null, "isBroken": false, "isColdSource": false, "isCooked": false, "isDirty": false, "isFilledWithLiquid": false, "isHeatSource": false, "isInteractable": false, "isMoving": false, "isOpen": false, "isPickedUp": false, "isSliced": false, "isToggled": false, "isUsedUp": false, "mass": 0.0, "moveable": false, "name": "Drawer_45b02cbc", "objectId": "Drawer|+00.95|+00.71|-02.20", "objectOrientedBoundingBox": null, "objectType": "Drawer", "openable": true, "openness": 0.0, "parentReceptacles": null, "pickupable": false, "position": {"x": 0.949999988079071, "y": 0.7081000208854675, "z": -2.200200080871582}, "receptacle": true, "receptacleObjectIds": [], "rotation": {"x": -0.0, "y": 0.0, "z": 0.0}, "salientMaterials": null, "sliceable": false, "temperature": "RoomTemp", "toggleable": false, "visible": false}, "Drawer|+00.95|+00.83|-02.20": {"assetId": "", "axisAlignedBoundingBox": {"center": {"x": 0.949999988079071, "y": 0.8145545721054077, "z": -2.369236469268799}, "cornerPoints": [[1.1897614002227783, 0.8707123398780823, -2.174211025238037], [1.1897614002227783, 0.8707123398780823, -2.5642619132995605], [1.1897614002227783, 0.7583968043327332, -2.174211025238037], [1.1897614002227783, 0.7583968043327332, -2.5642619132995605], [0.7102385759353638, 0.8707123398780823, -2.174211025238037], [0.7102385759353638, 0.8707123398780823, -2.5642619132995605], [0.7102385759353638, 0.7583968043327332, -2.174211025238037], [0.7102385759353638, 0.7583968043327332, -2.5642619132995605]], "size": {"x": 0.47952282428741455, "y": 0.11231553554534912, "z": 0.39005088806152344}}, "breakable": false, "canBeUsedUp": false, "canFillWithLiquid": false, "controlledObjects": null, "cookable": false, "dirtyable": false, "distance": 2.505486011505127, "fillLiquid": null, "isBroken": false, "isColdSource": false, "isCooked": false, "isDirty": false, "isFilledWithLiquid": false, "isHeatSource": false, "isInteractable": false, "isMoving": false, "isOpen": false, "isPickedUp": false, "isSliced": false, "isToggled": false, "isUsedUp": false, "mass": 0.0, "moveable": false, "name": "Drawer_814ccbab", "objectId": "Drawer|+00.95|+00.83|-02.20", "objectOrientedBoundingBox": null, "objectType": "Drawer", "openable": true, "openness": 0.0, "parentReceptacles": null, "pickupable": false, "position": {"x": 0.949999988079071, "y": 0.8327999711036682, "z": -2.197000026702881}, "receptacle": true, "receptacleObjectIds": ["Spoon|+00.98|+00.77|-02.29", "Fork|+00.95|+00.77|-02.37"], "rotation": {"x": -0.0, "y": 0.0, "z": 0.0}, "salientMaterials": null, "sliceable": false, "temperature": "RoomTemp", "toggleable": false, "visible": false}, "Drawer|-01.56|+00.33|-00.20": {"assetId": "", "axisAlignedBoundingBox": {"center": {"x": -1.732636570930481, "y": 0.2797078490257263, "z": -0.19700002670288086}, "cornerPoints": [[-1.5376112461090088, 0.43758052587509155, 0.00789332389831543], [-1.5376112461090088, 0.43758052587509155, -0.40189337730407715], [-1.5376112461090088, 0.12183517217636108, 0.00789332389831543], [-1.5376112461090088, 0.12183517217636108, -0.40189337730407715], [-1.9276618957519531, 0.43758052587509155, 0.00789332389831543], [-1.9276618957519531, 0.43758052587509155, -0.40189337730407715], [-1.9276618957519531, 0.12183517217636108, 0.00789332389831543], [-1.9276618957519531, 0.12183517217636108, -0.40189337730407715]], "size": {"x": 0.39005064964294434, "y": 0.31574535369873047, "z": 0.4097867012023926}}, "breakable": false, "canBeUsedUp": false, "canFillWithLiquid": false, "controlledObjects": null, "cookable": false, "dirtyable": false, "distance": 1.03249990940094, "fillLiquid": null, "isBroken": false, "isColdSource": false, "isCooked": false, "isDirty": false, "isFilledWithLiquid": false, "isHeatSource": false, "isInteractable": true, "isMoving": false, "isOpen": false, "isPickedUp": false, "isSliced": false, "isToggled": false, "isUsedUp": false, "mass": 0.0, "moveable": false, "name": "Drawer_f0dcbe39", "objectId": "Drawer|-01.56|+00.33|-00.20", "objectOrientedBoundingBox": null, "objectType": "Drawer", "openable": true, "openness": 0.0, "parentReceptacles": null, "pickupable": false, "position": {"x": -1.5604000091552734, "y": 0.3310000002384186, "z": -0.19699999690055847}, "receptacle": true, "receptacleObjectIds": [], "rotation": {"x": -0.0, "y": 90.0, "z": -0.0}, "salientMaterials": null, "sliceable": false, "temperature": "RoomTemp", "toggleable": false, "visible": true}, "Drawer|-01.56|+00.66|-00.20": {"assetId": "", "axisAlignedBoundingBox": {"center": {"x": -1.7326364517211914, "y": 0.6039078831672668, "z": -0.19700002670288086}, "cornerPoints": [[-1.5376110076904297, 0.7617805004119873, 0.00789332389831543], [-1.5376110076904297, 0.7617805004119873, -0.40189337730407715], [-1.5376110076904297, 0.4460352659225464, 0.00789332389831543], [-1.5376110076904297, 0.4460352659225464, -0.40189337730407715], [-1.9276618957519531, 0.7617805004119873, 0.00789332389831543], [-1.9276618957519531, 0.7617805004119873, -0.40189337730407715], [-1.9276618957519531, 0.4460352659225464, 0.00789332389831543], [-1.9276618957519531, 0.4460352659225464, -0.40189337730407715]], "size": {"x": 0.39005088806152344, "y": 0.3157452344894409, "z": 0.4097867012023926}}, "breakable": false, "canBeUsedUp": false, "canFillWithLiquid": false, "controlledObjects": null, "cookable": false, "dirtyable": false, "distance": 0.8953067660331726, "fillLiquid": null, "isBroken": false, "isColdSource": false, "isCooked": false, "isDirty": false, "isFilledWithLiquid": false, "isHeatSource": false, "isInteractable": true, "isMoving": false, "isOpen": false, "isPickedUp": false, "isSliced": false, "isToggled": false, "isUsedUp": false, "mass": 0.0, "moveable": false, "name": "Drawer_454fdaaf", "objectId": "Drawer|-01.56|+00.66|-00.20", "objectOrientedBoundingBox": null, "objectType": "Drawer", "openable": true, "openness": 0.0, "parentReceptacles": null, "pickupable": false, "position": {"x": -1.5604000091552734, "y": 0.6552000045776367, "z": -0.19699999690055847}, "receptacle": true, "receptacleObjectIds": [], "rotation": {"x": -0.0, "y": 90.0, "z": -0.0}, "salientMaterials": null, "sliceable": false, "temperature": "RoomTemp", "toggleable": false, "visible": true}, "Drawer|-01.56|+00.84|+00.20": {"assetId": "", "axisAlignedBoundingBox": {"center": {"x": -1.73323655128479, "y": 0.8243400454521179, "z": 0.2044999897480011}, "cornerPoints": [[-1.5382111072540283, 0.8713088035583496, 0.38355451822280884], [-1.5382111072540283, 0.8713088035583496, 0.02544546127319336], [-1.5382111072540283, 0.7773712873458862, 0.38355451822280884], [-1.5382111072540283, 0.7773712873458862, 0.02544546127319336], [-1.9282619953155518, 0.8713088035583496, 0.38355451822280884], [-1.9282619953155518, 0.8713088035583496, 0.02544546127319336], [-1.9282619953155518, 0.7773712873458862, 0.38355451822280884], [-1.9282619953155518, 0.7773712873458862, 0.02544546127319336]], "size": {"x": 0.39005088806152344, "y": 0.09393751621246338, "z": 0.3581090569496155}}, "breakable": false, "canBeUsedUp": false, "canFillWithLiquid": false, "controlledObjects": null, "cookable": false, "dirtyable": false, "distance": 1.245516300201416, "fillLiquid": null, "isBroken": false, "isColdSource": false, "isCooked": false, "isDirty": false, "isFilledWithLiquid": false, "isHeatSource": false, "isInteractable": false, "isMoving": false, "isOpen": false, "isPickedUp": false, "isSliced": false, "isToggled": false, "isUsedUp": false, "mass": 0.0, "moveable": false, "name": "Drawer_8f754799", "objectId": "Drawer|-01.56|+00.84|+00.20", "objectOrientedBoundingBox": null, "objectType": "Drawer", "openable": true, "openness": 0.0, "parentReceptacles": null, "pickupable": false, "position": {"x": -1.5609999895095825, "y": 0.8396000266075134, "z": 0.2045000046491623}, "receptacle": true, "receptacleObjectIds": [], "rotation": {"x": -0.0, "y": 90.0, "z": -0.0}, "salientMaterials": null, "sliceable": false, "temperature": "RoomTemp", "toggleable": false, "visible": false}, "Drawer|-01.56|+00.84|-00.20": {"assetId": "", "axisAlignedBoundingBox": {"center": {"x": -1.733236312866211, "y": 0.8243401050567627, "z": -0.19710004329681396}, "cornerPoints": [[-1.5382111072540283, 0.8713088035583496, 0.00458139181137085], [-1.5382111072540283, 0.8713088035583496, -0.3987814784049988], [-1.5382111072540283, 0.7773714065551758, 0.00458139181137085], [-1.5382111072540283, 0.7773714065551758, -0.3987814784049988], [-1.9282615184783936, 0.8713088035583496, 0.00458139181137085], [-1.9282615184783936, 0.8713088035583496, -0.3987814784049988], [-1.9282615184783936, 0.7773714065551758, 0.00458139181137085], [-1.9282615184783936, 0.7773714065551758, -0.3987814784049988]], "size": {"x": 0.39005041122436523, "y": 0.09393739700317383, "z": 0.40336287021636963}}, "breakable": false, "canBeUsedUp": false, "canFillWithLiquid": false, "controlledObjects": null, "cookable": false, "dirtyable": false, "distance": 0.8632144331932068, "fillLiquid": null, "isBroken": false, "isColdSource": false, "isCooked": false, "isDirty": false, "isFilledWithLiquid": false, "isHeatSource": false, "isInteractable": false, "isMoving": false, "isOpen": false, "isPickedUp": false, "isSliced": false, "isToggled": false, "isUsedUp": false, "mass": 0.0, "moveable": false, "name": "Drawer_51f98f55", "objectId": "Drawer|-01.56|+00.84|-00.20", "objectOrientedBoundingBox": null, "objectType": "Drawer", "openable": true, "openness": 0.0, "parentReceptacles": null, "pickupable": false, "position": {"x": -1.5609999895095825, "y": 0.8396000266075134, "z": -0.19709999859333038}, "receptacle": true, "receptacleObjectIds": ["Knife|-01.70|+00.79|-00.22"], "rotation": {"x": -0.0, "y": 90.0, "z": -0.0}, "salientMaterials": null, "sliceable": false, "temperature": "RoomTemp", "toggleable": false, "visible": false}, "Egg|-02.04|+00.81|+01.24": {"assetId": "Egg_1", "axisAlignedBoundingBox": {"center": {"x": -2.03973388671875, "y": 0.8123221397399902, "z": 1.2443753480911255}, "cornerPoints": [[-2.010211229324341, 0.8404353260993958, 1.2808873653411865], [-2.010211229324341, 0.8404353260993958, 1.2078633308410645], [-2.010211229324341, 0.7842089533805847, 1.2808873653411865], [-2.010211229324341, 0.7842089533805847, 1.2078633308410645], [-2.069256544113159, 0.8404353260993958, 1.2808873653411865], [-2.069256544113159, 0.8404353260993958, 1.2078633308410645], [-2.069256544113159, 0.7842089533805847, 1.2808873653411865], [-2.069256544113159, 0.7842089533805847, 1.2078633308410645]], "size": {"x": 0.05904531478881836, "y": 0.056226372718811035, "z": 0.07302403450012207}}, "breakable": true, "canBeUsedUp": false, "canFillWithLiquid": false, "controlledObjects": null, "cookable": false, "dirtyable": false, "distance": 2.3809163570404053, "fillLiquid": null, "isBroken": false, "isColdSource": false, "isCooked": false, "isDirty": false, "isFilledWithLiquid": false, "isHeatSource": false, "isInteractable": false, "isMoving": false, "isOpen": false, "isPickedUp": false, "isSliced": false, "isToggled": false, "isUsedUp": false, "mass": 0.054999999701976776, "moveable": false, "name": "Egg_67211636", "objectId": "Egg|-02.04|+00.81|+01.24", "objectOrientedBoundingBox": {"cornerPoints": [[-2.0697004795074463, 0.8484203815460205, 1.2686376571655273], [-2.0809271335601807, 0.7969029545783997, 1.2736175060272217], [-2.031224489212036, 0.7876738905906677, 1.290191888809204], [-2.0199978351593018, 0.8391913771629333, 1.2852119207382202], [-2.0484302043914795, 0.837005078792572, 1.1984965801239014], [-2.059656858444214, 0.7854875922203064, 1.2034764289855957], [-2.0099542140960693, 0.7762585878372192, 1.2200508117675781], [-1.998727560043335, 0.8277760148048401, 1.2150708436965942]]}, "objectType": "Egg", "openable": false, "openness": 0.0, "parentReceptacles": ["Fridge|-02.10|+00.00|+01.07"], "pickupable": true, "position": {"x": -2.03973388671875, "y": 0.8123221397399902, "z": 1.2443753480911255}, "receptacle": false, "receptacleObjectIds": null, "rotation": {"x": 350.0098876953125, "y": 251.55801391601562, "z": 98.98977661132812}, "salientMaterials": ["Food"], "sliceable": true, "temperature": "Cold", "toggleable": false, "visible": false}, "Faucet|-02.15|+00.91|-01.50": {"assetId": "Kitchen_Faucet_1", "axisAlignedBoundingBox": {"center": {"x": -2.069281578063965, "y": 1.0676076412200928, "z": -1.5417519807815552}, "cornerPoints": [[-1.9675073623657227, 1.2363927364349365, -1.4506821632385254], [-1.9675073623657227, 1.2363927364349365, -1.632821798324585], [-1.9675073623657227, 0.898822546005249, -1.4506821632385254], [-1.9675073623657227, 0.898822546005249, -1.632821798324585], [-2.171055793762207, 1.2363927364349365, -1.4506821632385254], [-2.171055793762207, 1.2363927364349365, -1.632821798324585], [-2.171055793762207, 0.898822546005249, -1.4506821632385254], [-2.171055793762207, 0.898822546005249, -1.632821798324585]], "size": {"x": 0.20354843139648438, "y": 0.3375701904296875, "z": 0.18213963508605957}}, "breakable": false, "canBeUsedUp": false, "canFillWithLiquid": false, "controlledObjects": [], "cookable": false, "dirtyable": false, "distance": 1.0299644470214844, "fillLiquid": null, "isBroken": false, "isColdSource": false, "isCooked": false, "isDirty": false, "isFilledWithLiquid": false, "isHeatSource": false, "isInteractable": true, "isMoving": false, "isOpen": false, "isPickedUp": false, "isSliced": false, "isToggled": false, "isUsedUp": false, "mass": 0.0, "moveable": false, "name": "Faucet_1000141d", "objectId": "Faucet|-02.15|+00.91|-01.50", "objectOrientedBoundingBox": null, "objectType": "Faucet", "openable": false, "openness": 0.0, "parentReceptacles": null, "pickupable": false, "position": {"x": -2.1510000228881836, "y": 0.906000018119812, "z": -1.4989999532699585}, "receptacle": false, "receptacleObjectIds": null, "rotation": {"x": -0.0, "y": 89.99993133544922, "z": -0.0}, "salientMaterials": null, "sliceable": false, "temperature": "RoomTemp", "toggleable": true, "visible": true}, "Floor|+00.00|+00.00|+00.00": {"assetId": "", "axisAlignedBoundingBox": {"center": {"x": 0.014999866485595703, "y": -0.04999999701976776, "z": -0.19999980926513672}, "cornerPoints": [[2.429999828338623, 0.0, 2.5], [2.429999828338623, 0.0, -2.8999996185302734], [2.429999828338623, -0.09999999403953552, 2.5], [2.429999828338623, -0.09999999403953552, -2.8999996185302734], [-2.4000000953674316, 0.0, 2.5], [-2.4000000953674316, 0.0, -2.8999996185302734], [-2.4000000953674316, -0.09999999403953552, 2.5], [-2.4000000953674316, -0.09999999403953552, -2.8999996185302734]], "size": {"x": 4.829999923706055, "y": 0.09999999403953552, "z": 5.399999618530273}}, "breakable": false, "canBeUsedUp": false, "canFillWithLiquid": false, "controlledObjects": null, "cookable": false, "dirtyable": false, "distance": 1.8369266986846924, "fillLiquid": null, "isBroken": false, "isColdSource": false, "isCooked": false, "isDirty": false, "isFilledWithLiquid": false, "isHeatSource": false, "isInteractable": false, "isMoving": false, "isOpen": false, "isPickedUp": false, "isSliced": false, "isToggled": false, "isUsedUp": false, "mass": 1.0, "moveable": false, "name": "Floor_86781be7", "objectId": "Floor|+00.00|+00.00|+00.00", "objectOrientedBoundingBox": null, "objectType": "Floor", "openable": false, "openness": 0.0, "parentReceptacles": null, "pickupable": false, "position": {"x": 0.0, "y": 0.0, "z": 0.0}, "receptacle": true, "receptacleObjectIds": ["Stool|+00.74|+00.00|+00.56", "Stool|+00.70|+00.00|-00.51", "ShelvingUnit|+01.75|+00.01|-02.56", "Fridge|-02.10|+00.00|+01.07", "GarbageCan|-01.94|00.00|+02.03"], "rotation": {"x": -0.0, "y": 0.0, "z": 0.0}, "salientMaterials": ["Wood"], "sliceable": false, "temperature": "RoomTemp", "toggleable": false, "visible": false}, "Fork|+00.95|+00.77|-02.37": {"assetId": "Fork_1", "axisAlignedBoundingBox": {"center": {"x": 0.9493651390075684, "y": 0.7764060497283936, "z": -2.387404441833496}, "cornerPoints": [[0.9661399126052856, 0.7865989208221436, -2.263514518737793], [0.9661399126052856, 0.7865989208221436, -2.511294364929199], [0.9661399126052856, 0.7662131786346436, -2.263514518737793], [0.9661399126052856, 0.7662131786346436, -2.511294364929199], [0.9325903654098511, 0.7865989208221436, -2.263514518737793], [0.9325903654098511, 0.7865989208221436, -2.511294364929199], [0.9325903654098511, 0.7662131786346436, -2.263514518737793], [0.9325903654098511, 0.7662131786346436, -2.511294364929199]], "size": {"x": 0.03354954719543457, "y": 0.0203857421875, "z": 0.24777984619140625}}, "breakable": false, "canBeUsedUp": false, "canFillWithLiquid": false, "controlledObjects": null, "cookable": false, "dirtyable": false, "distance": 2.5919501781463623, "fillLiquid": null, "isBroken": false, "isColdSource": false, "isCooked": false, "isDirty": false, "isFilledWithLiquid": false, "isHeatSource": false, "isInteractable": false, "isMoving": false, "isOpen": false, "isPickedUp": false, "isSliced": false, "isToggled": false, "isUsedUp": false, "mass": 0.03999999910593033, "moveable": false, "name": "Fork_c3e63e06", "objectId": "Fork|+00.95|+00.77|-02.37", "objectOrientedBoundingBox": {"cornerPoints": [[0.966073215007782, 0.7649162411689758, -2.263660430908203], [0.9326597452163696, 0.7650223970413208, -2.2636139392852783], [0.932319700717926, 0.7665278315544128, -2.511287212371826], [0.9657331705093384, 0.7664216756820679, -2.511333703994751], [0.966141939163208, 0.7864837050437927, -2.2635295391082764], [0.9327284693717957, 0.7865898609161377, -2.2634830474853516], [0.932388424873352, 0.7880952954292297, -2.5111563205718994], [0.9658018946647644, 0.7879891395568848, -2.511202812194824]]}, "objectType": "Fork", "openable": false, "openness": 0.0, "parentReceptacles": ["Drawer|+00.95|+00.83|-02.20"], "pickupable": true, "position": {"x": 0.9492349624633789, "y": 0.7680964469909668, "z": -2.3652503490448}, "receptacle": false, "receptacleObjectIds": null, "rotation": {"x": 0.34825044870376587, "y": 0.07868495583534241, "z": 359.8178405761719}, "salientMaterials": ["Metal"], "sliceable": false, "temperature": "RoomTemp", "toggleable": false, "visible": false}, "Fridge|-02.10|+00.00|+01.07": {"assetId": "Fridge_1", "axisAlignedBoundingBox": {"center": {"x": -2.014937400817871, "y": 0.9750985503196716, "z": 1.0778288841247559}, "cornerPoints": [[-1.6528332233428955, 1.9585058689117432, 1.5843292474746704], [-1.6528332233428955, 1.9585058689117432, 0.5713285207748413], [-1.6528332233428955, -0.008308768272399902, 1.5843292474746704], [-1.6528332233428955, -0.008308768272399902, 0.5713285207748413], [-2.3770415782928467, 1.9585058689117432, 1.5843292474746704], [-2.3770415782928467, 1.9585058689117432, 0.5713285207748413], [-2.3770415782928467, -0.008308768272399902, 1.5843292474746704], [-2.3770415782928467, -0.008308768272399902, 0.5713285207748413]], "size": {"x": 0.7242083549499512, "y": 1.966814637184143, "z": 1.013000726699829}}, "breakable": false, "canBeUsedUp": false, "canFillWithLiquid": false, "controlledObjects": null, "cookable": false, "dirtyable": false, "distance": 2.412963390350342, "fillLiquid": null, "isBroken": false, "isColdSource": true, "isCooked": false, "isDirty": false, "isFilledWithLiquid": false, "isHeatSource": false, "isInteractable": false, "isMoving": false, "isOpen": false, "isPickedUp": false, "isSliced": false, "isToggled": false, "isUsedUp": false, "mass": 0.0, "moveable": false, "name": "Fridge_e92350c6", "objectId": "Fridge|-02.10|+00.00|+01.07", "objectOrientedBoundingBox": null, "objectType": "Fridge", "openable": true, "openness": 0.0, "parentReceptacles": ["Floor|+00.00|+00.00|+00.00"], "pickupable": false, "position": {"x": -2.0969998836517334, "y": 0.0, "z": 1.0720000267028809}, "receptacle": true, "receptacleObjectIds": ["Egg|-02.04|+00.81|+01.24"], "rotation": {"x": -0.0, "y": 89.9999771118164, "z": -0.0}, "salientMaterials": null, "sliceable": false, "temperature": "RoomTemp", "toggleable": false, "visible": false}, "GarbageCan|-01.94|00.00|+02.03": {"assetId": "bin_1", "axisAlignedBoundingBox": {"center": {"x": -1.9335005283355713, "y": 0.21202027797698975, "z": 2.029001474380493}, "cornerPoints": [[-1.7636137008666992, 0.4240407943725586, 2.280876398086548], [-1.7636137008666992, 0.4240407943725586, 1.7771265506744385], [-1.7636137008666992, -2.384185791015625e-07, 2.280876398086548], [-1.7636137008666992, -2.384185791015625e-07, 1.7771265506744385], [-2.1033873558044434, 0.4240407943725586, 2.280876398086548], [-2.1033873558044434, 0.4240407943725586, 1.7771265506744385], [-2.1033873558044434, -2.384185791015625e-07, 2.280876398086548], [-2.1033873558044434, -2.384185791015625e-07, 1.7771265506744385]], "size": {"x": 0.33977365493774414, "y": 0.4240410327911377, "z": 0.5037498474121094}}, "breakable": false, "canBeUsedUp": false, "canFillWithLiquid": false, "controlledObjects": null, "cookable": false, "dirtyable": false, "distance": 3.234191656112671, "fillLiquid": null, "isBroken": false, "isColdSource": false, "isCooked": false, "isDirty": false, "isFilledWithLiquid": false, "isHeatSource": false, "isInteractable": false, "isMoving": false, "isOpen": false, "isPickedUp": false, "isSliced": false, "isToggled": false, "isUsedUp": false, "mass": 0.699999988079071, "moveable": true, "name": "GarbageCan_a3dd7762", "objectId": "GarbageCan|-01.94|00.00|+02.03", "objectOrientedBoundingBox": {"cornerPoints": [[-2.103386402130127, 1.380685716867447e-07, 2.2808761596679688], [-2.103386878967285, 1.4272518455982208e-07, 1.7771272659301758], [-1.7636146545410156, -5.029141902923584e-08, 1.7771269083023071], [-1.7636141777038574, -5.494803190231323e-08, 2.2808759212493896], [-2.103386163711548, 0.4240407943725586, 2.2808761596679688], [-2.103386640548706, 0.4240407943725586, 1.7771272659301758], [-1.7636144161224365, 0.42404061555862427, 1.7771269083023071], [-1.7636139392852783, 0.42404061555862427, 2.2808759212493896]]}, "objectType": "GarbageCan", "openable": false, "openness": 0.0, "parentReceptacles": ["Floor|+00.00|+00.00|+00.00"], "pickupable": false, "position": {"x": -1.9349995851516724, "y": -0.002286478877067566, "z": 2.029000997543335}, "receptacle": true, "receptacleObjectIds": [], "rotation": {"x": 3.442415618337691e-05, "y": 270.0001220703125, "z": -2.129342101397924e-05}, "salientMaterials": ["Plastic"], "sliceable": false, "temperature": "RoomTemp", "toggleable": false, "visible": false}, "HousePlant|-01.95|+00.89|-02.52": {"assetId": "Houseplant_1", "axisAlignedBoundingBox": {"center": {"x": -1.9805331230163574, "y": 1.1958441734313965, "z": -2.5916647911071777}, "cornerPoints": [[-1.7154550552368164, 1.4916869401931763, -2.3697433471679688], [-1.7154550552368164, 1.4916869401931763, -2.8135862350463867], [-1.7154550552368164, 0.9000014066696167, -2.3697433471679688], [-1.7154550552368164, 0.9000014066696167, -2.8135862350463867], [-2.2456111907958984, 1.4916869401931763, -2.3697433471679688], [-2.2456111907958984, 1.4916869401931763, -2.8135862350463867], [-2.2456111907958984, 0.9000014066696167, -2.3697433471679688], [-2.2456111907958984, 0.9000014066696167, -2.8135862350463867]], "size": {"x": 0.530156135559082, "y": 0.5916855335235596, "z": 0.44384288787841797}}, "breakable": false, "canBeUsedUp": false, "canFillWithLiquid": true, "controlledObjects": null, "cookable": false, "dirtyable": false, "distance": 1.6737436056137085, "fillLiquid": null, "isBroken": false, "isColdSource": false, "isCooked": false, "isDirty": false, "isFilledWithLiquid": false, "isHeatSource": false, "isInteractable": false, "isMoving": false, "isOpen": false, "isPickedUp": false, "isSliced": false, "isToggled": false, "isUsedUp": false, "mass": 3.0, "moveable": true, "name": "HousePlant_cc99edda", "objectId": "HousePlant|-01.95|+00.89|-02.52", "objectOrientedBoundingBox": {"cornerPoints": [[-1.6992696523666382, 0.9000007510185242, -2.3756296634674072], [-2.226377010345459, 0.900000810623169, -2.3264129161834717], [-2.269671678543091, 0.9000032544136047, -2.7900960445404053], [-1.74256432056427, 0.9000031352043152, -2.8393125534057617], [-1.69926917552948, 1.491686224937439, -2.375626564025879], [-2.226376533508301, 1.4916863441467285, -2.3264098167419434], [-2.2696712017059326, 1.4916887283325195, -2.790092945098877], [-1.7425639629364014, 1.4916887283325195, -2.8393096923828125]]}, "objectType": "HousePlant", "openable": false, "openness": 0.0, "parentReceptacles": ["CounterTop|-01.87|+00.95|-01.21"], "pickupable": false, "position": {"x": -1.9487520456314087, "y": 0.8894974589347839, "z": -2.5208652019500732}, "receptacle": false, "receptacleObjectIds": null, "rotation": {"x": -1.6810812667245045e-05, "y": 5.334290504455566, "z": 7.305232429644093e-05}, "salientMaterials": ["Ceramic", "Organic"], "sliceable": false, "temperature": "RoomTemp", "toggleable": false, "visible": false}, "Kettle|+01.04|+00.90|-02.60": {"assetId": "Kettle_1", "axisAlignedBoundingBox": {"center": {"x": 1.0373388528823853, "y": 0.9935687780380249, "z": -2.5933003425598145}, "cornerPoints": [[1.1357378959655762, 1.086937665939331, -2.4888577461242676], [1.1357378959655762, 1.086937665939331, -2.6977429389953613], [1.1357378959655762, 0.9001998901367188, -2.4888577461242676], [1.1357378959655762, 0.9001998901367188, -2.6977429389953613], [0.9389398097991943, 1.086937665939331, -2.4888577461242676], [0.9389398097991943, 1.086937665939331, -2.6977429389953613], [0.9389398097991943, 0.9001998901367188, -2.4888577461242676], [0.9389398097991943, 0.9001998901367188, -2.6977429389953613]], "size": {"x": 0.19679808616638184, "y": 0.1867377758026123, "z": 0.20888519287109375}}, "breakable": false, "canBeUsedUp": false, "canFillWithLiquid": true, "controlledObjects": null, "cookable": false, "dirtyable": false, "distance": 2.789292573928833, "fillLiquid": null, "isBroken": false, "isColdSource": false, "isCooked": false, "isDirty": false, "isFilledWithLiquid": false, "isHeatSource": false, "isInteractable": false, "isMoving": false, "isOpen": false, "isPickedUp": false, "isSliced": false, "isToggled": false, "isUsedUp": false, "mass": 0.800000011920929, "moveable": false, "name": "Kettle_2aef2274", "objectId": "Kettle|+01.04|+00.90|-02.60", "objectOrientedBoundingBox": {"cornerPoints": [[1.1357316970825195, 0.9002001881599426, -2.4888486862182617], [0.9389368891716003, 0.9002000689506531, -2.488856554031372], [0.9389452338218689, 0.9001997709274292, -2.697736978530884], [1.135740041732788, 0.900199830532074, -2.6977291107177734], [1.1357316970825195, 1.0869336128234863, -2.488848924636841], [0.9389368295669556, 1.0869334936141968, -2.488856792449951], [0.9389451742172241, 1.0869331359863281, -2.697737216949463], [1.135740041732788, 1.0869332551956177, -2.6977293491363525]]}, "objectType": "Kettle", "openable": true, "openness": 0.0, "parentReceptacles": ["CounterTop|+00.69|+00.95|-02.48"], "pickupable": true, "position": {"x": 1.0373425483703613, "y": 0.9045257568359375, "z": -2.5963099002838135}, "receptacle": false, "receptacleObjectIds": null, "rotation": {"x": 9.812938515096903e-06, "y": -0.0051492624916136265, "z": -1.5439547496498562e-05}, "salientMaterials": ["Metal", "Plastic"], "sliceable": false, "temperature": "RoomTemp", "toggleable": false, "visible": false}, "Knife|-01.70|+00.79|-00.22": {"assetId": "Knife_1", "axisAlignedBoundingBox": {"center": {"x": -1.681653380393982, "y": 0.790901780128479, "z": -0.25039947032928467}, "cornerPoints": [[-1.5655924081802368, 0.7976953983306885, -0.1162542998790741], [-1.5655924081802368, 0.7976953983306885, -0.38454464077949524], [-1.5655924081802368, 0.7841081619262695, -0.1162542998790741], [-1.5655924081802368, 0.7841081619262695, -0.38454464077949524], [-1.797714352607727, 0.7976953983306885, -0.1162542998790741], [-1.797714352607727, 0.7976953983306885, -0.38454464077949524], [-1.797714352607727, 0.7841081619262695, -0.1162542998790741], [-1.797714352607727, 0.7841081619262695, -0.38454464077949524]], "size": {"x": 0.23212194442749023, "y": 0.013587236404418945, "z": 0.26829034090042114}}, "breakable": false, "canBeUsedUp": false, "canFillWithLiquid": false, "controlledObjects": null, "cookable": false, "dirtyable": false, "distance": 0.905705451965332, "fillLiquid": null, "isBroken": false, "isColdSource": false, "isCooked": false, "isDirty": false, "isFilledWithLiquid": false, "isHeatSource": false, "isInteractable": false, "isMoving": false, "isOpen": false, "isPickedUp": false, "isSliced": false, "isToggled": false, "isUsedUp": false, "mass": 0.18000000715255737, "moveable": false, "name": "Knife_28c8fc57", "objectId": "Knife|-01.70|+00.79|-00.22", "objectOrientedBoundingBox": {"cornerPoints": [[-1.5814255475997925, 0.7976968288421631, -0.39099687337875366], [-1.5814255475997925, 0.7841107249259949, -0.3909969925880432], [-1.8133420944213867, 0.7841088771820068, -0.14884397387504578], [-1.8133420944213867, 0.797694981098175, -0.14884382486343384], [-1.5469927787780762, 0.7976963520050049, -0.35801970958709717], [-1.5469928979873657, 0.7841103076934814, -0.3580198884010315], [-1.77890944480896, 0.7841084003448486, -0.11586685478687286], [-1.77890944480896, 0.7976945042610168, -0.11586670577526093]]}, "objectType": "Knife", "openable": false, "openness": 0.0, "parentReceptacles": ["Drawer|-01.56|+00.84|-00.20"], "pickupable": true, "position": {"x": -1.7018156051635742, "y": 0.7908881306648254, "z": -0.2227994054555893}, "receptacle": false, "receptacleObjectIds": null, "rotation": {"x": 0.00031589626451022923, "y": 136.23709106445312, "z": 89.99638366699219}, "salientMaterials": ["Metal", "Plastic"], "sliceable": false, "temperature": "RoomTemp", "toggleable": false, "visible": false}, "Lettuce|-01.81|+00.97|-00.94": {"assetId": "Lettuce_1", "axisAlignedBoundingBox": {"center": {"x": 0.0, "y": 0.0, "z": 0.0}, "cornerPoints": null, "size": {"x": 0.0, "y": 0.0, "z": 0.0}}, "breakable": false, "canBeUsedUp": false, "canFillWithLiquid": false, "controlledObjects": null, "cookable": false, "dirtyable": false, "distance": 0.5645940899848938, "fillLiquid": null, "isBroken": false, "isColdSource": false, "isCooked": false, "isDirty": false, "isFilledWithLiquid": false, "isHeatSource": false, "isInteractable": false, "isMoving": false, "isOpen": false, "isPickedUp": false, "isSliced": true, "isToggled": false, "isUsedUp": false, "mass": 0.4699999988079071, "moveable": false, "name": "Lettuce_2d8f3ab9", "objectId": "Lettuce|-01.81|+00.97|-00.94", "objectOrientedBoundingBox": {"cornerPoints": [[-1.9333723783493042, 0.9074960947036743, -0.9053176641464233], [-1.903028130531311, 0.9074985384941101, -1.0343990325927734], [-1.677768588066101, 0.9074254035949707, -0.9814453721046448], [-1.7081128358840942, 0.9074230194091797, -0.8523640632629395], [-1.9333322048187256, 1.0400960445404053, -0.9053057432174683], [-1.9029879570007324, 1.0400984287261963, -1.0343871116638184], [-1.6777284145355225, 1.0400253534317017, -0.9814334511756897], [-1.708072543144226, 1.040022850036621, -0.8523520827293396]]}, "objectType": "Lettuce", "openable": false, "openness": 0.0, "parentReceptacles": null, "pickupable": true, "position": {"x": -1.806976079940796, "y": 0.9737611413002014, "z": -0.9429916143417358}, "receptacle": false, "receptacleObjectIds": null, "rotation": {"x": 359.9819030761719, "y": 256.7712097167969, "z": -0.0010507669067010283}, "salientMaterials": ["Food"], "sliceable": true, "temperature": "RoomTemp", "toggleable": false, "visible": false}, "Lettuce|-01.81|+00.97|-00.94|LettuceSliced_0": {"assetId": "", "axisAlignedBoundingBox": {"center": {"x": -1.860425353050232, "y": 0.9637974500656128, "z": -0.9486097097396851}, "cornerPoints": [[-1.7935538291931152, 1.027346134185791, -0.8809324502944946], [-1.7935538291931152, 1.027346134185791, -1.0162869691848755], [-1.7935538291931152, 0.9002487659454346, -0.8809324502944946], [-1.7935538291931152, 0.9002487659454346, -1.0162869691848755], [-1.9272968769073486, 1.027346134185791, -0.8809324502944946], [-1.9272968769073486, 1.027346134185791, -1.0162869691848755], [-1.9272968769073486, 0.9002487659454346, -0.8809324502944946], [-1.9272968769073486, 0.9002487659454346, -1.0162869691848755]], "size": {"x": 0.1337430477142334, "y": 0.12709736824035645, "z": 0.13535451889038086}}, "breakable": false, "canBeUsedUp": false, "canFillWithLiquid": false, "controlledObjects": null, "cookable": false, "dirtyable": false, "distance": 0.6222057342529297, "fillLiquid": null, "isBroken": false, "isColdSource": false, "isCooked": false, "isDirty": false, "isFilledWithLiquid": false, "isHeatSource": false, "isInteractable": true, "isMoving": true, "isOpen": false, "isPickedUp": false, "isSliced": false, "isToggled": false, "isUsedUp": false, "mass": 0.23499999940395355, "moveable": false, "name": "Lettuce_1_Slice_1", "objectId": "Lettuce|-01.81|+00.97|-00.94|LettuceSliced_0", "objectOrientedBoundingBox": {"cornerPoints": [[-1.9408259391784668, 0.9001920819282532, -0.9088112711906433], [-1.9117488861083984, 0.9003200531005859, -1.032470464706421], [-1.7935357093811035, 0.9003524780273438, -1.0046738386154175], [-1.8226128816604614, 0.900224506855011, -0.8810147047042847], [-1.9408882856369019, 1.0272234678268433, -0.9086944460868835], [-1.9118112325668335, 1.0273514986038208, -1.0323536396026611], [-1.7935980558395386, 1.0273839235305786, -1.0045570135116577], [-1.822675108909607, 1.027255892753601, -0.8808978796005249]]}, "objectType": "LettuceSliced", "openable": false, "openness": 0.0, "parentReceptacles": ["CounterTop|-01.87|+00.95|-01.21"], "pickupable": true, "position": {"x": -1.8673392534255981, "y": 0.964363157749176, "z": -0.9550846815109253}, "receptacle": false, "receptacleObjectIds": null, "rotation": {"x": 0.01529298909008503, "y": 256.76788330078125, "z": 359.9422607421875}, "salientMaterials": ["Food"], "sliceable": false, "temperature": "RoomTemp", "toggleable": false, "visible": true}, "Lettuce|-01.81|+00.97|-00.94|LettuceSliced_1": {"assetId": "", "axisAlignedBoundingBox": {"center": {"x": -1.7969940900802612, "y": 0.9686101675033569, "z": -0.9397947788238525}, "cornerPoints": [[-1.7740757465362549, 1.0371975898742676, -0.873031735420227], [-1.7740757465362549, 1.0371975898742676, -1.006557822227478], [-1.7740757465362549, 0.9000227451324463, -0.873031735420227], [-1.7740757465362549, 0.9000227451324463, -1.006557822227478], [-1.8199124336242676, 1.0371975898742676, -0.873031735420227], [-1.8199124336242676, 1.0371975898742676, -1.006557822227478], [-1.8199124336242676, 0.9000227451324463, -0.873031735420227], [-1.8199124336242676, 0.9000227451324463, -1.006557822227478]], "size": {"x": 0.045836687088012695, "y": 0.1371748447418213, "z": 0.13352608680725098}}, "breakable": false, "canBeUsedUp": false, "canFillWithLiquid": false, "controlledObjects": null, "cookable": false, "dirtyable": false, "distance": 0.5543677806854248, "fillLiquid": null, "isBroken": false, "isColdSource": false, "isCooked": false, "isDirty": false, "isFilledWithLiquid": false, "isHeatSource": false, "isInteractable": true, "isMoving": true, "isOpen": false, "isPickedUp": false, "isSliced": false, "isToggled": false, "isUsedUp": false, "mass": 0.03400000184774399, "moveable": false, "name": "Lettuce_1_Slice_2", "objectId": "Lettuce|-01.81|+00.97|-00.94|LettuceSliced_1", "objectOrientedBoundingBox": {"cornerPoints": [[-1.8198331594467163, 0.9000611305236816, -0.8765953183174133], [-1.7893192768096924, 0.9000063538551331, -1.0064985752105713], [-1.7740422487258911, 0.9000210762023926, -1.0029100179672241], [-1.804556131362915, 0.9000759124755859, -0.8730068206787109], [-1.8199456930160522, 1.0371992588043213, -0.8766795992851257], [-1.7894318103790283, 1.037144422531128, -1.0065828561782837], [-1.774154782295227, 1.0371592044830322, -1.0029942989349365], [-1.804668664932251, 1.0372140407562256, -0.8730911016464233]]}, "objectType": "LettuceSliced", "openable": false, "openness": 0.0, "parentReceptacles": ["CounterTop|-01.87|+00.95|-01.21"], "pickupable": true, "position": {"x": -1.7967530488967896, "y": 0.9694547653198242, "z": -0.9391832947731018}, "receptacle": false, "receptacleObjectIds": null, "rotation": {"x": 0.053819894790649414, "y": 256.78106689453125, "z": 0.02352611906826496}, "salientMaterials": ["Food"], "sliceable": false, "temperature": "RoomTemp", "toggleable": false, "visible": true}, "Lettuce|-01.81|+00.97|-00.94|LettuceSliced_2": {"assetId": "", "axisAlignedBoundingBox": {"center": {"x": -1.775418758392334, "y": 0.968921959400177, "z": -0.9349932670593262}, "cornerPoints": [[-1.7505228519439697, 1.0378174781799316, -0.8657996654510498], [-1.7505228519439697, 1.0378174781799316, -1.0041868686676025], [-1.7505228519439697, 0.9000264406204224, -0.8657996654510498], [-1.7505228519439697, 0.9000264406204224, -1.0041868686676025], [-1.8003146648406982, 1.0378174781799316, -0.8657996654510498], [-1.8003146648406982, 1.0378174781799316, -1.0041868686676025], [-1.8003146648406982, 0.9000264406204224, -0.8657996654510498], [-1.8003146648406982, 0.9000264406204224, -1.0041868686676025]], "size": {"x": 0.049791812896728516, "y": 0.13779103755950928, "z": 0.13838720321655273}}, "breakable": false, "canBeUsedUp": false, "canFillWithLiquid": false, "controlledObjects": null, "cookable": false, "dirtyable": false, "distance": 0.5342049598693848, "fillLiquid": null, "isBroken": false, "isColdSource": false, "isCooked": false, "isDirty": false, "isFilledWithLiquid": false, "isHeatSource": false, "isInteractable": false, "isMoving": true, "isOpen": false, "isPickedUp": false, "isSliced": false, "isToggled": false, "isUsedUp": false, "mass": 0.03400000184774399, "moveable": false, "name": "Lettuce_1_Slice_3", "objectId": "Lettuce|-01.81|+00.97|-00.94|LettuceSliced_2", "objectOrientedBoundingBox": {"cornerPoints": [[-1.8003703355789185, 0.8999943733215332, -0.8702664375305176], [-1.7688060998916626, 0.9002153873443604, -1.0042669773101807], [-1.750655174255371, 0.9001821875572205, -0.9999915361404419], [-1.782219409942627, 0.8999611735343933, -0.8659909963607788], [-1.800182580947876, 1.0376617908477783, -0.8699951171875], [-1.7686183452606201, 1.0378828048706055, -1.003995656967163], [-1.750467300415039, 1.0378496646881104, -0.9997202754020691], [-1.7820316553115845, 1.0376286506652832, -0.8657196760177612]]}, "objectType": "LettuceSliced", "openable": false, "openness": 0.0, "parentReceptacles": ["CounterTop|-01.87|+00.95|-01.21"], "pickupable": true, "position": {"x": -1.7757779359817505, "y": 0.9693889617919922, "z": -0.9347661733627319}, "receptacle": false, "receptacleObjectIds": null, "rotation": {"x": 359.8980407714844, "y": 256.7455749511719, "z": 359.90802001953125}, "salientMaterials": ["Food"], "sliceable": false, "temperature": "RoomTemp", "toggleable": false, "visible": false}, "Lettuce|-01.81|+00.97|-00.94|LettuceSliced_3": {"assetId": "", "axisAlignedBoundingBox": {"center": {"x": -1.7538306713104248, "y": 0.9746649265289307, "z": -0.9300480484962463}, "cornerPoints": [[-1.7274272441864014, 1.0493602752685547, -0.8551706075668335], [-1.7274272441864014, 1.0493602752685547, -1.0049254894256592], [-1.7274272441864014, 0.8999695777893066, -0.8551706075668335], [-1.7274272441864014, 0.8999695777893066, -1.0049254894256592], [-1.7802340984344482, 1.0493602752685547, -0.8551706075668335], [-1.7802340984344482, 1.0493602752685547, -1.0049254894256592], [-1.7802340984344482, 0.8999695777893066, -0.8551706075668335], [-1.7802340984344482, 0.8999695777893066, -1.0049254894256592]], "size": {"x": 0.052806854248046875, "y": 0.14939069747924805, "z": 0.14975488185882568}}, "breakable": false, "canBeUsedUp": false, "canFillWithLiquid": false, "controlledObjects": null, "cookable": false, "dirtyable": false, "distance": 0.5140395164489746, "fillLiquid": null, "isBroken": false, "isColdSource": false, "isCooked": false, "isDirty": false, "isFilledWithLiquid": false, "isHeatSource": false, "isInteractable": true, "isMoving": true, "isOpen": false, "isPickedUp": false, "isSliced": false, "isToggled": false, "isUsedUp": false, "mass": 0.03400000184774399, "moveable": false, "name": "Lettuce_1_Slice_4", "objectId": "Lettuce|-01.81|+00.97|-00.94|LettuceSliced_3", "objectOrientedBoundingBox": {"cornerPoints": [[-1.7802761793136597, 0.9000018239021301, -0.8595395684242249], [-1.7460464239120483, 0.8999816179275513, -1.0049293041229248], [-1.7275274991989136, 0.8999636173248291, -1.0005693435668945], [-1.7617573738098145, 0.899983823299408, -0.8551795482635498], [-1.7801339626312256, 1.0493662357330322, -0.8595268726348877], [-1.7459040880203247, 1.0493460893630981, -1.0049165487289429], [-1.7273852825164795, 1.049328088760376, -1.0005565881729126], [-1.7616151571273804, 1.04934823513031, -0.8551668524742126]]}, "objectType": "LettuceSliced", "openable": false, "openness": 0.0, "parentReceptacles": ["CounterTop|-01.87|+00.95|-01.21"], "pickupable": true, "position": {"x": -1.7538764476776123, "y": 0.9751588702201843, "z": -0.9303895235061646}, "receptacle": false, "receptacleObjectIds": null, "rotation": {"x": 359.9457702636719, "y": 256.7518310546875, "z": 0.007761416025459766}, "salientMaterials": ["Food"], "sliceable": false, "temperature": "RoomTemp", "toggleable": false, "visible": true}, "Lettuce|-01.81|+00.97|-00.94|LettuceSliced_4": {"assetId": "", "axisAlignedBoundingBox": {"center": {"x": -1.731461763381958, "y": 0.9709871411323547, "z": -0.9257545471191406}, "cornerPoints": [[-1.7061965465545654, 1.041978120803833, -0.8545315265655518], [-1.7061965465545654, 1.041978120803833, -0.9969775676727295], [-1.7061965465545654, 0.8999961614608765, -0.8545315265655518], [-1.7061965465545654, 0.8999961614608765, -0.9969775676727295], [-1.7567269802093506, 1.041978120803833, -0.8545315265655518], [-1.7567269802093506, 1.041978120803833, -0.9969775676727295], [-1.7567269802093506, 0.8999961614608765, -0.8545315265655518], [-1.7567269802093506, 0.8999961614608765, -0.9969775676727295]], "size": {"x": 0.050530433654785156, "y": 0.14198195934295654, "z": 0.14244604110717773}}, "breakable": false, "canBeUsedUp": false, "canFillWithLiquid": false, "controlledObjects": null, "cookable": false, "dirtyable": false, "distance": 0.4923924207687378, "fillLiquid": null, "isBroken": false, "isColdSource": false, "isCooked": false, "isDirty": false, "isFilledWithLiquid": false, "isHeatSource": false, "isInteractable": true, "isMoving": true, "isOpen": false, "isPickedUp": false, "isSliced": false, "isToggled": false, "isUsedUp": false, "mass": 0.03400000184774399, "moveable": false, "name": "Lettuce_1_Slice_5", "objectId": "Lettuce|-01.81|+00.97|-00.94|LettuceSliced_4", "objectOrientedBoundingBox": {"cornerPoints": [[-1.7566509246826172, 0.9000362157821655, -0.8587400913238525], [-1.7241780757904053, 0.8999793529510498, -0.9969185590744019], [-1.706164836883545, 0.8999955654144287, -0.9926853179931641], [-1.7386378049850464, 0.9000524282455444, -0.8545068502426147], [-1.7567590475082397, 1.0419787168502808, -0.8588238954544067], [-1.7242860794067383, 1.041921854019165, -0.997002363204956], [-1.7062729597091675, 1.041938066482544, -0.9927691221237183], [-1.738745927810669, 1.0419949293136597, -0.854590654373169]]}, "objectType": "LettuceSliced", "openable": false, "openness": 0.0, "parentReceptacles": ["CounterTop|-01.87|+00.95|-01.21"], "pickupable": true, "position": {"x": -1.7316193580627441, "y": 0.9714435338973999, "z": -0.9256308078765869}, "receptacle": false, "receptacleObjectIds": null, "rotation": {"x": 0.050209905952215195, "y": 256.77508544921875, "z": 0.022950991988182068}, "salientMaterials": ["Food"], "sliceable": false, "temperature": "RoomTemp", "toggleable": false, "visible": true}, "Lettuce|-01.81|+00.97|-00.94|LettuceSliced_5": {"assetId": "", "axisAlignedBoundingBox": {"center": {"x": -1.7121620178222656, "y": 0.9689290523529053, "z": -0.9203026294708252}, "cornerPoints": [[-1.6894547939300537, 1.037839651107788, -0.8516157865524292], [-1.6894547939300537, 1.037839651107788, -0.9889894723892212], [-1.6894547939300537, 0.9000184535980225, -0.8516157865524292], [-1.6894547939300537, 0.9000184535980225, -0.9889894723892212], [-1.7348692417144775, 1.037839651107788, -0.8516157865524292], [-1.7348692417144775, 1.037839651107788, -0.9889894723892212], [-1.7348692417144775, 0.9000184535980225, -0.8516157865524292], [-1.7348692417144775, 0.9000184535980225, -0.9889894723892212]], "size": {"x": 0.04541444778442383, "y": 0.13782119750976562, "z": 0.137373685836792}}, "breakable": false, "canBeUsedUp": false, "canFillWithLiquid": false, "controlledObjects": null, "cookable": false, "dirtyable": false, "distance": 0.4735846519470215, "fillLiquid": null, "isBroken": false, "isColdSource": false, "isCooked": false, "isDirty": false, "isFilledWithLiquid": false, "isHeatSource": false, "isInteractable": true, "isMoving": true, "isOpen": false, "isPickedUp": false, "isSliced": false, "isToggled": false, "isUsedUp": false, "mass": 0.03400000184774399, "moveable": false, "name": "Lettuce_1_Slice_6", "objectId": "Lettuce|-01.81|+00.97|-00.94|LettuceSliced_5", "objectOrientedBoundingBox": {"cornerPoints": [[-1.7346134185791016, 0.9000285863876343, -0.854809045791626], [-1.7030341625213623, 0.9000141024589539, -0.9889188408851624], [-1.6893476247787476, 0.900052547454834, -0.985696017742157], [-1.7209268808364868, 0.9000669717788696, -0.8515862226486206], [-1.7349764108657837, 1.0378055572509766, -0.854909360408783], [-1.703397274017334, 1.0377910137176514, -0.9890191555023193], [-1.6897107362747192, 1.0378293991088867, -0.985796332359314], [-1.721289873123169, 1.037843942642212, -0.8516865372657776]]}, "objectType": "LettuceSliced", "openable": false, "openness": 0.0, "parentReceptacles": ["CounterTop|-01.87|+00.95|-01.21"], "pickupable": true, "position": {"x": -1.7119768857955933, "y": 0.96939617395401, "z": -0.9213759899139404}, "receptacle": false, "receptacleObjectIds": null, "rotation": {"x": 0.15651848912239075, "y": 256.74981689453125, "z": 0.006013423204421997}, "salientMaterials": ["Food"], "sliceable": false, "temperature": "RoomTemp", "toggleable": false, "visible": true}, "Lettuce|-01.81|+00.97|-00.94|LettuceSliced_6": {"assetId": "", "axisAlignedBoundingBox": {"center": {"x": -1.6946357488632202, "y": 0.9627818465232849, "z": -0.9161428213119507}, "cornerPoints": [[-1.673513650894165, 1.0252954959869385, -0.8536956310272217], [-1.673513650894165, 1.0252954959869385, -0.9785900115966797], [-1.673513650894165, 0.9002681970596313, -0.8536956310272217], [-1.673513650894165, 0.9002681970596313, -0.9785900115966797], [-1.7157578468322754, 1.0252954959869385, -0.8536956310272217], [-1.7157578468322754, 1.0252954959869385, -0.9785900115966797], [-1.7157578468322754, 0.9002681970596313, -0.8536956310272217], [-1.7157578468322754, 0.9002681970596313, -0.9785900115966797]], "size": {"x": 0.04224419593811035, "y": 0.12502729892730713, "z": 0.12489438056945801}}, "breakable": false, "canBeUsedUp": false, "canFillWithLiquid": false, "controlledObjects": null, "cookable": false, "dirtyable": false, "distance": 0.45677322149276733, "fillLiquid": null, "isBroken": false, "isColdSource": false, "isCooked": false, "isDirty": false, "isFilledWithLiquid": false, "isHeatSource": false, "isInteractable": true, "isMoving": true, "isOpen": false, "isPickedUp": false, "isSliced": false, "isToggled": false, "isUsedUp": false, "mass": 0.03400000184774399, "moveable": false, "name": "Lettuce_1_Slice_7", "objectId": "Lettuce|-01.81|+00.97|-00.94|LettuceSliced_6", "objectOrientedBoundingBox": {"cornerPoints": [[-1.7156682014465332, 0.9002856016159058, -0.8568706512451172], [-1.6870421171188354, 0.9002607464790344, -0.9785510301589966], [-1.6734760999679565, 0.9002759456634521, -0.9753594994544983], [-1.7021021842956543, 0.9003008604049683, -0.8536791801452637], [-1.7157953977584839, 1.0252877473831177, -0.8569262027740479], [-1.6871693134307861, 1.0252628326416016, -0.9786065220832825], [-1.6736032962799072, 1.025278091430664, -0.9754149913787842], [-1.702229380607605, 1.0253030061721802, -0.8537346720695496]]}, "objectType": "LettuceSliced", "openable": false, "openness": 0.0, "parentReceptacles": ["CounterTop|-01.87|+00.95|-01.21"], "pickupable": true, "position": {"x": -1.6947473287582397, "y": 0.9630353450775146, "z": -0.9163746237754822}, "receptacle": false, "receptacleObjectIds": null, "rotation": {"x": 0.06257618963718414, "y": 256.7615051269531, "z": 0.011407729238271713}, "salientMaterials": ["Food"], "sliceable": false, "temperature": "RoomTemp", "toggleable": false, "visible": true}, "Lettuce|-01.81|+00.97|-00.94|LettuceSliced_7": {"assetId": "", "axisAlignedBoundingBox": {"center": {"x": -1.6755034923553467, "y": 0.9555456638336182, "z": -0.9106634855270386}, "cornerPoints": [[-1.6540629863739014, 1.0096007585525513, -0.8559074401855469], [-1.6540629863739014, 1.0096007585525513, -0.9654195308685303], [-1.6540629863739014, 0.9014905691146851, -0.8559074401855469], [-1.6540629863739014, 0.9014905691146851, -0.9654195308685303], [-1.696943998336792, 1.0096007585525513, -0.8559074401855469], [-1.696943998336792, 1.0096007585525513, -0.9654195308685303], [-1.696943998336792, 0.9014905691146851, -0.8559074401855469], [-1.696943998336792, 0.9014905691146851, -0.9654195308685303]], "size": {"x": 0.042881011962890625, "y": 0.10811018943786621, "z": 0.1095120906829834}}, "breakable": false, "canBeUsedUp": false, "canFillWithLiquid": false, "controlledObjects": null, "cookable": false, "dirtyable": false, "distance": 0.4376368224620819, "fillLiquid": null, "isBroken": false, "isColdSource": false, "isCooked": false, "isDirty": false, "isFilledWithLiquid": false, "isHeatSource": false, "isInteractable": true, "isMoving": true, "isOpen": false, "isPickedUp": false, "isSliced": false, "isToggled": false, "isUsedUp": false, "mass": 0.03400000184774399, "moveable": false, "name": "Lettuce_1_Slice_8", "objectId": "Lettuce|-01.81|+00.97|-00.94|LettuceSliced_7", "objectOrientedBoundingBox": {"cornerPoints": [[-1.696946620941162, 0.9015152454376221, -0.8601632118225098], [-1.6722325086593628, 0.9014806747436523, -0.9653959274291992], [-1.6540693044662476, 0.9014805555343628, -0.9611302614212036], [-1.6787834167480469, 0.9015151262283325, -0.8558975458145142], [-1.696937918663025, 1.0096110105514526, -0.8601967096328735], [-1.672223687171936, 1.009576439857483, -0.9654293656349182], [-1.6540604829788208, 1.0095763206481934, -0.9611636996269226], [-1.6787747144699097, 1.009610891342163, -0.8559310436248779]]}, "objectType": "LettuceSliced", "openable": false, "openness": 0.0, "parentReceptacles": ["CounterTop|-01.87|+00.95|-01.21"], "pickupable": true, "position": {"x": -1.6749054193496704, "y": 0.9555457830429077, "z": -0.910522997379303}, "receptacle": false, "receptacleObjectIds": null, "rotation": {"x": -0.0004619615792762488, "y": 256.783447265625, "z": 0.018336083739995956}, "salientMaterials": ["Food"], "sliceable": false, "temperature": "RoomTemp", "toggleable": false, "visible": true}, "LightSwitch|+02.33|+01.31|-00.16": {"assetId": "Light_Switch_1", "axisAlignedBoundingBox": {"center": {"x": 2.310480833053589, "y": 1.309000015258789, "z": -0.15999993681907654}, "cornerPoints": [[2.3305177688598633, 1.3833357095718384, -0.11431656777858734], [2.3305177688598633, 1.3833357095718384, -0.20568330585956573], [2.3305177688598633, 1.2346643209457397, -0.11431656777858734], [2.3305177688598633, 1.2346643209457397, -0.20568330585956573], [2.2904438972473145, 1.3833357095718384, -0.11431656777858734], [2.2904438972473145, 1.3833357095718384, -0.20568330585956573], [2.2904438972473145, 1.2346643209457397, -0.11431656777858734], [2.2904438972473145, 1.2346643209457397, -0.20568330585956573]], "size": {"x": 0.04007387161254883, "y": 0.14867138862609863, "z": 0.0913667380809784}}, "breakable": false, "canBeUsedUp": false, "canFillWithLiquid": false, "controlledObjects": [], "cookable": false, "dirtyable": false, "distance": 3.6997923851013184, "fillLiquid": null, "isBroken": false, "isColdSource": false, "isCooked": false, "isDirty": false, "isFilledWithLiquid": false, "isHeatSource": false, "isInteractable": false, "isMoving": false, "isOpen": false, "isPickedUp": false, "isSliced": false, "isToggled": true, "isUsedUp": false, "mass": 0.0, "moveable": false, "name": "LightSwitch_cfaab6e3", "objectId": "LightSwitch|+02.33|+01.31|-00.16", "objectOrientedBoundingBox": null, "objectType": "LightSwitch", "openable": false, "openness": 0.0, "parentReceptacles": null, "pickupable": false, "position": {"x": 2.3299999237060547, "y": 1.309000015258789, "z": -0.1599999964237213}, "receptacle": false, "receptacleObjectIds": null, "rotation": {"x": -0.0, "y": 270.00018310546875, "z": 0.0}, "salientMaterials": null, "sliceable": false, "temperature": "RoomTemp", "toggleable": true, "visible": false}, "Microwave|-00.24|+01.69|-02.53": {"assetId": "Microwave_1", "axisAlignedBoundingBox": {"center": {"x": -0.23643067479133606, "y": 1.8657841682434082, "z": -2.5105881690979004}, "cornerPoints": [[0.0667533278465271, 2.042545795440674, -2.3161540031433105], [0.0667533278465271, 2.042545795440674, -2.7050223350524902], [0.0667533278465271, 1.6890225410461426, -2.3161540031433105], [0.0667533278465271, 1.6890225410461426, -2.7050223350524902], [-0.5396146774291992, 2.042545795440674, -2.3161540031433105], [-0.5396146774291992, 2.042545795440674, -2.7050223350524902], [-0.5396146774291992, 1.6890225410461426, -2.3161540031433105], [-0.5396146774291992, 1.6890225410461426, -2.7050223350524902]], "size": {"x": 0.6063680052757263, "y": 0.35352325439453125, "z": 0.3888683319091797}}, "breakable": false, "canBeUsedUp": false, "canFillWithLiquid": false, "controlledObjects": [], "cookable": false, "dirtyable": false, "distance": 1.9932619333267212, "fillLiquid": null, "isBroken": false, "isColdSource": false, "isCooked": false, "isDirty": false, "isFilledWithLiquid": false, "isHeatSource": true, "isInteractable": false, "isMoving": false, "isOpen": false, "isPickedUp": false, "isSliced": false, "isToggled": false, "isUsedUp": false, "mass": 6.999999523162842, "moveable": true, "name": "Microwave_cf90fa06", "objectId": "Microwave|-00.24|+01.69|-02.53", "objectOrientedBoundingBox": {"cornerPoints": [[0.066751629114151, 1.6890228986740112, -2.3161537647247314], [-0.5396156311035156, 1.6890228986740112, -2.3161613941192627], [-0.5396106839179993, 1.6890228986740112, -2.705021619796753], [0.06675654649734497, 1.6890228986740112, -2.7050139904022217], [0.066751629114151, 2.0425455570220947, -2.3161537647247314], [-0.5396156311035156, 2.0425455570220947, -2.3161613941192627], [-0.5396106839179993, 2.0425455570220947, -2.705021619796753], [0.06675654649734497, 2.0425455570220947, -2.7050139904022217]]}, "objectType": "Microwave", "openable": true, "openness": 0.0, "parentReceptacles": null, "pickupable": false, "position": {"x": -0.23699793219566345, "y": 1.6890130043029785, "z": -2.5251078605651855}, "receptacle": true, "receptacleObjectIds": [], "rotation": {"x": -4.3889458538615145e-06, "y": -0.0008393662283197045, "z": -2.1344019387470325e-06}, "salientMaterials": ["Metal", "Glass"], "sliceable": false, "temperature": "RoomTemp", "toggleable": true, "visible": false}, "Mug|-01.76|+00.90|-00.62": {"assetId": "Mug_1", "axisAlignedBoundingBox": {"center": {"x": -1.772329568862915, "y": 0.9519070982933044, "z": -0.6207596063613892}, "cornerPoints": [[-1.7095351219177246, 1.003725290298462, -0.5695023536682129], [-1.7095351219177246, 1.003725290298462, -0.6720168590545654], [-1.7095351219177246, 0.900088906288147, -0.5695023536682129], [-1.7095351219177246, 0.900088906288147, -0.6720168590545654], [-1.8351240158081055, 1.003725290298462, -0.5695023536682129], [-1.8351240158081055, 1.003725290298462, -0.6720168590545654], [-1.8351240158081055, 0.900088906288147, -0.5695023536682129], [-1.8351240158081055, 0.900088906288147, -0.6720168590545654]], "size": {"x": 0.12558889389038086, "y": 0.10363638401031494, "z": 0.10251450538635254}}, "breakable": true, "canBeUsedUp": false, "canFillWithLiquid": true, "controlledObjects": null, "cookable": false, "dirtyable": true, "distance": 0.6362757086753845, "fillLiquid": null, "isBroken": false, "isColdSource": false, "isCooked": false, "isDirty": false, "isFilledWithLiquid": false, "isHeatSource": false, "isInteractable": true, "isMoving": false, "isOpen": false, "isPickedUp": false, "isSliced": false, "isToggled": false, "isUsedUp": false, "mass": 1.0, "moveable": false, "name": "Mug_e7fad100", "objectId": "Mug|-01.76|+00.90|-00.62", "objectOrientedBoundingBox": {"cornerPoints": [[-1.709533452987671, 0.9000903964042664, -0.5695035457611084], [-1.835121989250183, 0.9000893235206604, -0.5695019960403442], [-1.8351233005523682, 0.9000888466835022, -0.6720162034034729], [-1.7095346450805664, 0.9000899195671082, -0.6720177531242371], [-1.7095342874526978, 1.0037264823913574, -0.5695040822029114], [-1.83512282371521, 1.0037254095077515, -0.5695025324821472], [-1.835124135017395, 1.0037249326705933, -0.6720167398452759], [-1.7095355987548828, 1.0037260055541992, -0.67201828956604]]}, "objectType": "Mug", "openable": false, "openness": 0.0, "parentReceptacles": ["CounterTop|-01.87|+00.95|-01.21"], "pickupable": true, "position": {"x": -1.7607921361923218, "y": 0.9000071287155151, "z": -0.6206092834472656}, "receptacle": true, "receptacleObjectIds": [], "rotation": {"x": 0.00018643142539076507, "y": 0.000738541129976511, "z": 0.00021205877419561148}, "salientMaterials": ["Ceramic"], "sliceable": false, "temperature": "RoomTemp", "toggleable": false, "visible": true}, "Pan|+00.72|+00.90|-02.42": {"assetId": "Pan_22", "axisAlignedBoundingBox": {"center": {"x": 0.7212103605270386, "y": 0.918190598487854, "z": -2.4909915924072266}, "cornerPoints": [[0.8414828777313232, 0.9366322755813599, -2.2845301628112793], [0.8414828777313232, 0.9366322755813599, -2.697453022003174], [0.8414828777313232, 0.8997489213943481, -2.2845301628112793], [0.8414828777313232, 0.8997489213943481, -2.697453022003174], [0.6009378433227539, 0.9366322755813599, -2.2845301628112793], [0.6009378433227539, 0.9366322755813599, -2.697453022003174], [0.6009378433227539, 0.8997489213943481, -2.2845301628112793], [0.6009378433227539, 0.8997489213943481, -2.697453022003174]], "size": {"x": 0.24054503440856934, "y": 0.03688335418701172, "z": 0.41292285919189453}}, "breakable": false, "canBeUsedUp": false, "canFillWithLiquid": false, "controlledObjects": null, "cookable": false, "dirtyable": true, "distance": 2.4267141819000244, "fillLiquid": null, "isBroken": false, "isColdSource": false, "isCooked": false, "isDirty": false, "isFilledWithLiquid": false, "isHeatSource": false, "isInteractable": false, "isMoving": false, "isOpen": false, "isPickedUp": false, "isSliced": false, "isToggled": false, "isUsedUp": false, "mass": 0.6700000166893005, "moveable": false, "name": "Pan_21173d15", "objectId": "Pan|+00.72|+00.90|-02.42", "objectOrientedBoundingBox": {"cornerPoints": [[0.8414688110351562, 0.9000864624977112, -2.2845091819763184], [0.6009396314620972, 0.9003161787986755, -2.2844650745391846], [0.600863516330719, 0.899616539478302, -2.697380304336548], [0.8413926959037781, 0.8993868827819824, -2.6974241733551025], [0.8415039777755737, 0.9369248747825623, -2.284571409225464], [0.6009747982025146, 0.9371545910835266, -2.284527540206909], [0.6008986830711365, 0.9364550113677979, -2.6974427700042725], [0.8414278626441956, 0.9362252950668335, -2.697486639022827]]}, "objectType": "Pan", "openable": false, "openness": 0.0, "parentReceptacles": ["CounterTop|+00.69|+00.95|-02.48"], "pickupable": true, "position": {"x": 0.7211822271347046, "y": 0.9000632166862488, "z": -2.4154083728790283}, "receptacle": true, "receptacleObjectIds": [], "rotation": {"x": 359.9820556640625, "y": 0.009456933476030827, "z": 359.98236083984375}, "salientMaterials": ["Metal"], "sliceable": false, "temperature": "RoomTemp", "toggleable": false, "visible": false}, "PaperTowelRoll|-02.06|+01.01|-00.81": {"assetId": "Paper_Towel_1", "axisAlignedBoundingBox": {"center": {"x": -2.070744514465332, "y": 1.0074831247329712, "z": -0.8164085149765015}, "cornerPoints": [[-2.031907081604004, 1.1149557828903198, -0.7838881015777588], [-2.031907081604004, 1.1149557828903198, -0.8489289283752441], [-2.031907081604004, 0.9000104665756226, -0.7838881015777588], [-2.031907081604004, 0.9000104665756226, -0.8489289283752441], [-2.10958194732666, 1.1149557828903198, -0.7838881015777588], [-2.10958194732666, 1.1149557828903198, -0.8489289283752441], [-2.10958194732666, 0.9000104665756226, -0.7838881015777588], [-2.10958194732666, 0.9000104665756226, -0.8489289283752441]], "size": {"x": 0.07767486572265625, "y": 0.21494531631469727, "z": 0.06504082679748535}}, "breakable": false, "canBeUsedUp": false, "canFillWithLiquid": false, "controlledObjects": null, "cookable": false, "dirtyable": false, "distance": 0.8403978943824768, "fillLiquid": null, "isBroken": false, "isColdSource": false, "isCooked": false, "isDirty": false, "isFilledWithLiquid": false, "isHeatSource": false, "isInteractable": true, "isMoving": false, "isOpen": false, "isPickedUp": false, "isSliced": false, "isToggled": false, "isUsedUp": false, "mass": 0.2199999988079071, "moveable": false, "name": "PaperTowelRoll_511cdc3f", "objectId": "PaperTowelRoll|-02.06|+01.01|-00.81", "objectOrientedBoundingBox": {"cornerPoints": [[-2.0319104194641113, 0.9000208973884583, -0.7840396165847778], [-2.1095354557037354, 0.900002121925354, -0.7840456366539001], [-2.109530448913574, 0.9000483751296997, -0.8489295244216919], [-2.03190541267395, 0.9000670909881592, -0.8489235043525696], [-2.0319623947143555, 1.114916205406189, -0.7838866114616394], [-2.1095871925354004, 1.1148974895477295, -0.7838926315307617], [-2.1095821857452393, 1.1149437427520752, -0.8487764596939087], [-2.0319573879241943, 1.1149624586105347, -0.8487704396247864]]}, "objectType": "PaperTowelRoll", "openable": false, "openness": 0.0, "parentReceptacles": ["CounterTop|-01.87|+00.95|-01.21"], "pickupable": true, "position": {"x": -2.062819242477417, "y": 1.007476568222046, "z": -0.8149154782295227}, "receptacle": false, "receptacleObjectIds": null, "rotation": {"x": 0.02650296688079834, "y": 359.99383544921875, "z": -0.0035867386031895876}, "salientMaterials": ["Paper"], "sliceable": false, "temperature": "RoomTemp", "toggleable": false, "visible": true}, "PepperShaker|+00.30|+00.90|-02.47": {"assetId": "Pepper_Shaker_1", "axisAlignedBoundingBox": {"center": {"x": 0.30030950903892517, "y": 0.9570863246917725, "z": -2.465498924255371}, "cornerPoints": [[0.33375298976898193, 1.014162302017212, -2.431950807571411], [0.33375298976898193, 1.014162302017212, -2.499047040939331], [0.33375298976898193, 0.900010347366333, -2.431950807571411], [0.33375298976898193, 0.900010347366333, -2.499047040939331], [0.2668660283088684, 1.014162302017212, -2.431950807571411], [0.2668660283088684, 1.014162302017212, -2.499047040939331], [0.2668660283088684, 0.900010347366333, -2.431950807571411], [0.2668660283088684, 0.900010347366333, -2.499047040939331]], "size": {"x": 0.06688696146011353, "y": 0.1141519546508789, "z": 0.06709623336791992}}, "breakable": false, "canBeUsedUp": false, "canFillWithLiquid": false, "controlledObjects": null, "cookable": false, "dirtyable": false, "distance": 2.1330974102020264, "fillLiquid": null, "isBroken": false, "isColdSource": false, "isCooked": false, "isDirty": false, "isFilledWithLiquid": false, "isHeatSource": false, "isInteractable": false, "isMoving": false, "isOpen": false, "isPickedUp": false, "isSliced": false, "isToggled": false, "isUsedUp": false, "mass": 0.14000000059604645, "moveable": false, "name": "PepperShaker_948fdf26", "objectId": "PepperShaker|+00.30|+00.90|-02.47", "objectOrientedBoundingBox": {"cornerPoints": [[0.33375251293182373, 0.9000121355056763, -2.4319512844085693], [0.2668665051460266, 0.9000124335289001, -2.431950807571411], [0.26686596870422363, 0.9000107645988464, -2.4990437030792236], [0.33375197649002075, 0.9000104069709778, -2.499044179916382], [0.3337531089782715, 1.0141619443893433, -2.4319541454315186], [0.26686710119247437, 1.014162302017212, -2.4319536685943604], [0.2668665647506714, 1.0141606330871582, -2.499046564102173], [0.3337525725364685, 1.0141602754592896, -2.499047040939331]]}, "objectType": "PepperShaker", "openable": false, "openness": 0.0, "parentReceptacles": ["CounterTop|+00.69|+00.95|-02.48"], "pickupable": true, "position": {"x": 0.300026535987854, "y": 0.9000789523124695, "z": -2.465442419052124}, "receptacle": false, "receptacleObjectIds": null, "rotation": {"x": 359.99420166015625, "y": 0.0006130648544058204, "z": -0.0010952232405543327}, "salientMaterials": ["Metal", "Glass"], "sliceable": false, "temperature": "RoomTemp", "toggleable": false, "visible": false}, "Plate|+00.96|+01.65|-02.61": {"assetId": "Plate_1", "axisAlignedBoundingBox": {"center": {"x": 0.957922101020813, "y": 1.6572871208190918, "z": -2.6074795722961426}, "cornerPoints": [[1.0613356828689575, 1.6695835590362549, -2.5022168159484863], [1.0613356828689575, 1.6695835590362549, -2.712742328643799], [1.0613356828689575, 1.6449906826019287, -2.5022168159484863], [1.0613356828689575, 1.6449906826019287, -2.712742328643799], [0.8545085191726685, 1.6695835590362549, -2.5022168159484863], [0.8545085191726685, 1.6695835590362549, -2.712742328643799], [0.8545085191726685, 1.6449906826019287, -2.5022168159484863], [0.8545085191726685, 1.6449906826019287, -2.712742328643799]], "size": {"x": 0.20682716369628906, "y": 0.024592876434326172, "z": 0.2105255126953125}}, "breakable": true, "canBeUsedUp": false, "canFillWithLiquid": false, "controlledObjects": null, "cookable": false, "dirtyable": true, "distance": 2.828684091567993, "fillLiquid": null, "isBroken": false, "isColdSource": false, "isCooked": false, "isDirty": false, "isFilledWithLiquid": false, "isHeatSource": false, "isInteractable": false, "isMoving": false, "isOpen": false, "isPickedUp": false, "isSliced": false, "isToggled": false, "isUsedUp": false, "mass": 0.6200000047683716, "moveable": false, "name": "Plate_82b647b0", "objectId": "Plate|+00.96|+01.65|-02.61", "objectOrientedBoundingBox": {"cornerPoints": [[1.0613278150558472, 1.6448746919631958, -2.502225399017334], [0.8544988632202148, 1.6449512243270874, -2.502227783203125], [0.8545013666152954, 1.6450554132461548, -2.7127513885498047], [1.0613303184509277, 1.6449790000915527, -2.7127490043640137], [1.061336874961853, 1.6694374084472656, -2.5022132396698], [0.8545079827308655, 1.6695139408111572, -2.502215623855591], [0.854510486125946, 1.6696182489395142, -2.7127392292022705], [1.0613393783569336, 1.6695417165756226, -2.7127368450164795]]}, "objectType": "Plate", "openable": false, "openness": 0.0, "parentReceptacles": ["Cabinet|+00.72|+02.02|-02.46"], "pickupable": true, "position": {"x": 0.9559999704360962, "y": 1.6460758447647095, "z": -2.6061999797821045}, "receptacle": true, "receptacleObjectIds": [], "rotation": {"x": 0.021892236545681953, "y": -0.000495720247272402, "z": 359.9853515625}, "salientMaterials": ["Ceramic"], "sliceable": false, "temperature": "RoomTemp", "toggleable": false, "visible": false}, "Potato|-01.66|+00.93|-02.15": {"assetId": "Potato_1", "axisAlignedBoundingBox": {"center": {"x": -1.657830834388733, "y": 0.9329441785812378, "z": -2.150615692138672}, "cornerPoints": [[-1.612442970275879, 0.9658886790275574, -2.1052277088165283], [-1.612442970275879, 0.9658886790275574, -2.1960036754608154], [-1.612442970275879, 0.8999996781349182, -2.1052277088165283], [-1.612442970275879, 0.8999996781349182, -2.1960036754608154], [-1.703218698501587, 0.9658886790275574, -2.1052277088165283], [-1.703218698501587, 0.9658886790275574, -2.1960036754608154], [-1.703218698501587, 0.8999996781349182, -2.1052277088165283], [-1.703218698501587, 0.8999996781349182, -2.1960036754608154]], "size": {"x": 0.09077572822570801, "y": 0.06588900089263916, "z": 0.09077596664428711}}, "breakable": false, "canBeUsedUp": false, "canFillWithLiquid": false, "controlledObjects": null, "cookable": true, "dirtyable": false, "distance": 1.2204558849334717, "fillLiquid": null, "isBroken": false, "isColdSource": false, "isCooked": false, "isDirty": false, "isFilledWithLiquid": false, "isHeatSource": false, "isInteractable": false, "isMoving": false, "isOpen": false, "isPickedUp": false, "isSliced": false, "isToggled": false, "isUsedUp": false, "mass": 0.18000000715255737, "moveable": false, "name": "Potato_4dee147d", "objectId": "Potato|-01.66|+00.93|-02.15", "objectOrientedBoundingBox": {"cornerPoints": [[-1.6702741384506226, 0.8999985456466675, -2.0915822982788086], [-1.7168644666671753, 0.8999993205070496, -2.1381723880767822], [-1.645387053489685, 0.9000012278556824, -2.2096500396728516], [-1.5987967252731323, 0.9000004529953003, -2.163059949874878], [-1.6702744960784912, 0.9658870697021484, -2.091580867767334], [-1.7168647050857544, 0.9658879041671753, -2.1381709575653076], [-1.6453874111175537, 0.9658898115158081, -2.209648609161377], [-1.598797082901001, 0.9658889770507812, -2.1630585193634033]]}, "objectType": "Potato", "openable": false, "openness": 0.0, "parentReceptacles": ["CounterTop|-01.87|+00.95|-01.21"], "pickupable": true, "position": {"x": -1.6557016372680664, "y": 0.9333286881446838, "z": -2.150597095489502}, "receptacle": false, "receptacleObjectIds": null, "rotation": {"x": 0.0037954398430883884, "y": 315.0000915527344, "z": -0.000604557862970978}, "salientMaterials": ["Food"], "sliceable": true, "temperature": "RoomTemp", "toggleable": false, "visible": false}, "Pot|-01.22|+00.90|-02.36": {"assetId": "Pot_19", "axisAlignedBoundingBox": {"center": {"x": -0.4652000069618225, "y": 1.0079153776168823, "z": -2.372300624847412}, "cornerPoints": [[-0.354145884513855, 1.0662109851837158, -2.2352404594421387], [-0.354145884513855, 1.0662109851837158, -2.5093607902526855], [-0.354145884513855, 0.9496197700500488, -2.2352404594421387], [-0.354145884513855, 0.9496197700500488, -2.5093607902526855], [-0.57625412940979, 1.0662109851837158, -2.2352404594421387], [-0.57625412940979, 1.0662109851837158, -2.5093607902526855], [-0.57625412940979, 0.9496197700500488, -2.2352404594421387], [-0.57625412940979, 0.9496197700500488, -2.5093607902526855]], "size": {"x": 0.22210824489593506, "y": 0.11659121513366699, "z": 0.2741203308105469}}, "breakable": false, "canBeUsedUp": false, "canFillWithLiquid": true, "controlledObjects": null, "cookable": false, "dirtyable": true, "distance": 1.581375241279602, "fillLiquid": null, "isBroken": false, "isColdSource": false, "isCooked": false, "isDirty": false, "isFilledWithLiquid": false, "isHeatSource": false, "isInteractable": false, "isMoving": false, "isOpen": false, "isPickedUp": false, "isSliced": false, "isToggled": false, "isUsedUp": false, "mass": 0.5699999928474426, "moveable": false, "name": "Pot_5c47f775", "objectId": "Pot|-01.22|+00.90|-02.36", "objectOrientedBoundingBox": {"cornerPoints": [[-0.35414591431617737, 0.9496198296546936, -2.5093607902526855], [-0.354145884513855, 0.9496198296546936, -2.2352406978607178], [-0.57625412940979, 0.9496198296546936, -2.2352406978607178], [-0.57625412940979, 0.9496198296546936, -2.5093607902526855], [-0.35414591431617737, 1.0662109851837158, -2.5093607902526855], [-0.354145884513855, 1.0662109851837158, -2.2352406978607178], [-0.57625412940979, 1.0662109851837158, -2.2352406978607178], [-0.57625412940979, 1.0662109851837158, -2.5093607902526855]]}, "objectType": "Pot", "openable": false, "openness": 0.0, "parentReceptacles": ["StoveBurner|-00.47|+00.92|-02.37"], "pickupable": true, "position": {"x": -0.46519988775253296, "y": 0.9504998922348022, "z": -2.3720006942749023}, "receptacle": true, "receptacleObjectIds": [], "rotation": {"x": -0.0, "y": 90.00000762939453, "z": 0.0}, "salientMaterials": ["Metal"], "sliceable": false, "temperature": "RoomTemp", "toggleable": false, "visible": false}, "SaltShaker|+00.35|+00.90|-02.57": {"assetId": "Salt_Shaker_1", "axisAlignedBoundingBox": {"center": {"x": 0.3467768132686615, "y": 0.9554057121276855, "z": -2.5668764114379883}, "cornerPoints": [[0.3808000087738037, 1.0108057260513306, -2.5328211784362793], [0.3808000087738037, 1.0108057260513306, -2.6009316444396973], [0.3808000087738037, 0.9000056982040405, -2.5328211784362793], [0.3808000087738037, 0.9000056982040405, -2.6009316444396973], [0.3127536177635193, 1.0108057260513306, -2.5328211784362793], [0.3127536177635193, 1.0108057260513306, -2.6009316444396973], [0.3127536177635193, 0.9000056982040405, -2.5328211784362793], [0.3127536177635193, 0.9000056982040405, -2.6009316444396973]], "size": {"x": 0.06804639101028442, "y": 0.11080002784729004, "z": 0.06811046600341797}}, "breakable": false, "canBeUsedUp": false, "canFillWithLiquid": false, "controlledObjects": null, "cookable": false, "dirtyable": false, "distance": 2.237139940261841, "fillLiquid": null, "isBroken": false, "isColdSource": false, "isCooked": false, "isDirty": false, "isFilledWithLiquid": false, "isHeatSource": false, "isInteractable": false, "isMoving": false, "isOpen": false, "isPickedUp": false, "isSliced": false, "isToggled": false, "isUsedUp": false, "mass": 0.4000000059604645, "moveable": false, "name": "SaltShaker_ccf73c67", "objectId": "SaltShaker|+00.35|+00.90|-02.57", "objectOrientedBoundingBox": {"cornerPoints": [[0.3807990849018097, 0.900006890296936, -2.5328214168548584], [0.3127537667751312, 0.9000075459480286, -2.5328211784362793], [0.3127535283565521, 0.9000060558319092, -2.600929021835327], [0.3807988464832306, 0.9000054597854614, -2.6009292602539062], [0.3808000981807709, 1.0108052492141724, -2.5328238010406494], [0.31275475025177, 1.0108058452606201, -2.5328235626220703], [0.3127545118331909, 1.0108044147491455, -2.600931406021118], [0.3807998597621918, 1.0108038187026978, -2.6009316444396973]]}, "objectType": "SaltShaker", "openable": false, "openness": 0.0, "parentReceptacles": ["CounterTop|+00.69|+00.95|-02.48"], "pickupable": true, "position": {"x": 0.34677639603614807, "y": 0.9000768661499023, "z": -2.566875696182251}, "receptacle": false, "receptacleObjectIds": null, "rotation": {"x": -0.004529383033514023, "y": 0.00022376811830326915, "z": -0.0020091396290808916}, "salientMaterials": ["Metal", "Glass"], "sliceable": false, "temperature": "RoomTemp", "toggleable": false, "visible": false}, "Shelf|+01.75|+00.17|-02.56": {"assetId": "", "axisAlignedBoundingBox": {"center": {"x": 1.758482575416565, "y": 0.31511515378952026, "z": -2.484377145767212}, "cornerPoints": [[2.156690835952759, 0.4626169204711914, -2.406658172607422], [2.156690835952759, 0.4626169204711914, -2.562096118927002], [2.156690835952759, 0.16761337220668793, -2.406658172607422], [2.156690835952759, 0.16761337220668793, -2.562096118927002], [1.360274314880371, 0.4626169204711914, -2.406658172607422], [1.360274314880371, 0.4626169204711914, -2.562096118927002], [1.360274314880371, 0.16761337220668793, -2.406658172607422], [1.360274314880371, 0.16761337220668793, -2.562096118927002]], "size": {"x": 0.7964165210723877, "y": 0.2950035631656647, "z": 0.15543794631958008}}, "breakable": false, "canBeUsedUp": false, "canFillWithLiquid": false, "controlledObjects": null, "cookable": false, "dirtyable": false, "distance": 3.459566831588745, "fillLiquid": null, "isBroken": false, "isColdSource": false, "isCooked": false, "isDirty": false, "isFilledWithLiquid": false, "isHeatSource": false, "isInteractable": false, "isMoving": false, "isOpen": false, "isPickedUp": false, "isSliced": false, "isToggled": false, "isUsedUp": false, "mass": 0.0, "moveable": false, "name": "Shelf_bf36c881", "objectId": "Shelf|+01.75|+00.17|-02.56", "objectOrientedBoundingBox": null, "objectType": "Shelf", "openable": false, "openness": 0.0, "parentReceptacles": null, "pickupable": false, "position": {"x": 1.7510098218917847, "y": 0.17264634370803833, "z": -2.5595011711120605}, "receptacle": true, "receptacleObjectIds": ["Statue|+01.96|+00.18|-02.54"], "rotation": {"x": 0.0006628266419284046, "y": 0.002188031328842044, "z": -8.217914728447795e-05}, "salientMaterials": null, "sliceable": false, "temperature": "RoomTemp", "toggleable": false, "visible": false}, "Shelf|+01.75|+00.55|-02.56": {"assetId": "", "axisAlignedBoundingBox": {"center": {"x": 1.7584829330444336, "y": 0.6718966364860535, "z": -2.4879279136657715}, "cornerPoints": [[2.156691074371338, 0.7958433628082275, -2.4066576957702637], [2.156691074371338, 0.7958433628082275, -2.5691981315612793], [2.156691074371338, 0.5479499101638794, -2.4066576957702637], [2.156691074371338, 0.5479499101638794, -2.5691981315612793], [1.3602747917175293, 0.7958433628082275, -2.4066576957702637], [1.3602747917175293, 0.7958433628082275, -2.5691981315612793], [1.3602747917175293, 0.5479499101638794, -2.4066576957702637], [1.3602747917175293, 0.5479499101638794, -2.5691981315612793]], "size": {"x": 0.7964162826538086, "y": 0.24789345264434814, "z": 0.16254043579101562}}, "breakable": false, "canBeUsedUp": false, "canFillWithLiquid": false, "controlledObjects": null, "cookable": false, "dirtyable": false, "distance": 3.399883508682251, "fillLiquid": null, "isBroken": false, "isColdSource": false, "isCooked": false, "isDirty": false, "isFilledWithLiquid": false, "isHeatSource": false, "isInteractable": false, "isMoving": false, "isOpen": false, "isPickedUp": false, "isSliced": false, "isToggled": false, "isUsedUp": false, "mass": 0.0, "moveable": false, "name": "Shelf_9d7816a7", "objectId": "Shelf|+01.75|+00.55|-02.56", "objectOrientedBoundingBox": null, "objectType": "Shelf", "openable": false, "openness": 0.0, "parentReceptacles": null, "pickupable": false, "position": {"x": 1.7510104179382324, "y": 0.5529828667640686, "z": -2.5594966411590576}, "receptacle": true, "receptacleObjectIds": ["Vase|+01.99|+00.56|-02.49", "Vase|+01.56|+00.56|-02.50"], "rotation": {"x": 0.0006628266419284046, "y": 0.002188031328842044, "z": -8.217914728447795e-05}, "salientMaterials": null, "sliceable": false, "temperature": "RoomTemp", "toggleable": false, "visible": false}, "Shelf|+01.75|+00.88|-02.56": {"assetId": "", "axisAlignedBoundingBox": {"center": {"x": 1.7583833932876587, "y": 0.9771543145179749, "z": -2.5270605087280273}, "cornerPoints": [[2.1514201164245605, 1.078394889831543, -2.4880359172821045], [2.1514201164245605, 1.078394889831543, -2.56608510017395], [2.1514201164245605, 0.8759137392044067, -2.4880359172821045], [2.1514201164245605, 0.8759137392044067, -2.56608510017395], [1.3653466701507568, 1.078394889831543, -2.4880359172821045], [1.3653466701507568, 1.078394889831543, -2.56608510017395], [1.3653466701507568, 0.8759137392044067, -2.4880359172821045], [1.3653466701507568, 0.8759137392044067, -2.56608510017395]], "size": {"x": 0.7860734462738037, "y": 0.20248115062713623, "z": 0.0780491828918457}}, "breakable": false, "canBeUsedUp": false, "canFillWithLiquid": false, "controlledObjects": null, "cookable": false, "dirtyable": false, "distance": 3.382405996322632, "fillLiquid": null, "isBroken": false, "isColdSource": false, "isCooked": false, "isDirty": false, "isFilledWithLiquid": false, "isHeatSource": false, "isInteractable": false, "isMoving": false, "isOpen": false, "isPickedUp": false, "isSliced": false, "isToggled": false, "isUsedUp": false, "mass": 0.0, "moveable": false, "name": "Shelf_957b2e88", "objectId": "Shelf|+01.75|+00.88|-02.56", "objectOrientedBoundingBox": null, "objectType": "Shelf", "openable": false, "openness": 0.0, "parentReceptacles": null, "pickupable": false, "position": {"x": 1.751010775566101, "y": 0.8809468150138855, "z": -2.560192823410034}, "receptacle": true, "receptacleObjectIds": ["Bottle|+01.54|+00.89|-02.54"], "rotation": {"x": 0.0006628266419284046, "y": 0.002188031328842044, "z": -8.217914728447795e-05}, "salientMaterials": null, "sliceable": false, "temperature": "RoomTemp", "toggleable": false, "visible": false}, "ShelvingUnit|+01.75|+00.01|-02.56": {"assetId": "Shelving_Unit_001_1", "axisAlignedBoundingBox": {"center": {"x": 1.7510122060775757, "y": 0.7423198819160461, "z": -2.5600056648254395}, "cornerPoints": [[2.220712661743164, 1.4845664501190186, -2.3269386291503906], [2.220712661743164, 1.4845664501190186, -2.7930727005004883], [2.220712661743164, 7.331371307373047e-05, -2.3269386291503906], [2.220712661743164, 7.331371307373047e-05, -2.7930727005004883], [1.2813117504119873, 1.4845664501190186, -2.3269386291503906], [1.2813117504119873, 1.4845664501190186, -2.7930727005004883], [1.2813117504119873, 7.331371307373047e-05, -2.3269386291503906], [1.2813117504119873, 7.331371307373047e-05, -2.7930727005004883]], "size": {"x": 0.9394009113311768, "y": 1.4844931364059448, "z": 0.46613407135009766}}, "breakable": false, "canBeUsedUp": false, "canFillWithLiquid": false, "controlledObjects": null, "cookable": false, "dirtyable": false, "distance": 3.4984700679779053, "fillLiquid": null, "isBroken": false, "isColdSource": false, "isCooked": false, "isDirty": false, "isFilledWithLiquid": false, "isHeatSource": false, "isInteractable": false, "isMoving": false, "isOpen": false, "isPickedUp": false, "isSliced": false, "isToggled": false, "isUsedUp": false, "mass": 22.0, "moveable": true, "name": "ShelvingUnit_11057823", "objectId": "ShelvingUnit|+01.75|+00.01|-02.56", "objectOrientedBoundingBox": {"cornerPoints": [[2.2207183837890625, 7.463665679097176e-05, -2.3269689083099365], [1.2813185453414917, 7.516099140048027e-05, -2.3269383907318115], [1.2813035249710083, 7.425574585795403e-05, -2.7930428981781006], [2.220703363418579, 7.373141124844551e-05, -2.7930731773376465], [2.2207190990448, 1.4845643043518066, -2.3269717693328857], [1.2813193798065186, 1.4845647811889648, -2.3269412517547607], [1.2813043594360352, 1.4845638275146484, -2.79304575920105], [2.2207040786743164, 1.4845633506774902, -2.7930760383605957]]}, "objectType": "ShelvingUnit", "openable": false, "openness": 0.0, "parentReceptacles": ["Floor|+00.00|+00.00|+00.00"], "pickupable": false, "position": {"x": 1.7510095834732056, "y": 0.006782948970794678, "z": -2.5600032806396484}, "receptacle": false, "receptacleObjectIds": null, "rotation": {"x": 0.0006628266419284046, "y": 0.002188031328842044, "z": -8.217914728447795e-05}, "salientMaterials": ["Wood"], "sliceable": false, "temperature": "RoomTemp", "toggleable": false, "visible": false}, "Sink|-01.90|+00.97|-01.50": {"assetId": "", "axisAlignedBoundingBox": {"center": {"x": -1.9061001539230347, "y": 0.44700002670288086, "z": -1.4870002269744873}, "cornerPoints": [[-1.6509997844696045, 0.8940000534057617, -1.0839998722076416], [-1.6509997844696045, 0.8940000534057617, -1.890000581741333], [-1.6509997844696045, 0.0, -1.0839998722076416], [-1.6509997844696045, 0.0, -1.890000581741333], [-2.161200523376465, 0.8940000534057617, -1.0839998722076416], [-2.161200523376465, 0.8940000534057617, -1.890000581741333], [-2.161200523376465, 0.0, -1.0839998722076416], [-2.161200523376465, 0.0, -1.890000581741333]], "size": {"x": 0.5102007389068604, "y": 0.8940000534057617, "z": 0.806000828742981}}, "breakable": false, "canBeUsedUp": false, "canFillWithLiquid": false, "controlledObjects": null, "cookable": false, "dirtyable": false, "distance": 0.8225545287132263, "fillLiquid": null, "isBroken": false, "isColdSource": false, "isCooked": false, "isDirty": false, "isFilledWithLiquid": false, "isHeatSource": false, "isInteractable": false, "isMoving": false, "isOpen": false, "isPickedUp": false, "isSliced": false, "isToggled": false, "isUsedUp": false, "mass": 0.0, "moveable": false, "name": "Sink_41af8f72", "objectId": "Sink|-01.90|+00.97|-01.50", "objectOrientedBoundingBox": null, "objectType": "Sink", "openable": false, "openness": 0.0, "parentReceptacles": null, "pickupable": false, "position": {"x": -1.899999976158142, "y": 0.9649999737739563, "z": -1.5}, "receptacle": false, "receptacleObjectIds": null, "rotation": {"x": -1.4033420794510015e-14, "y": 90.0, "z": 0.0}, "salientMaterials": null, "sliceable": false, "temperature": "RoomTemp", "toggleable": false, "visible": false}, "Sink|-01.90|+00.97|-01.50|SinkBasin": {"assetId": "", "axisAlignedBoundingBox": {"center": {"x": -1.9000004529953003, "y": 0.8193707466125488, "z": -1.5000005960464478}, "cornerPoints": [[-1.7013895511627197, 0.8876692056655884, -1.152754545211792], [-1.7013895511627197, 0.8876692056655884, -1.8472466468811035], [-1.7013895511627197, 0.7510722875595093, -1.152754545211792], [-1.7013895511627197, 0.7510722875595093, -1.8472466468811035], [-2.098611354827881, 0.8876692056655884, -1.152754545211792], [-2.098611354827881, 0.8876692056655884, -1.8472466468811035], [-2.098611354827881, 0.7510722875595093, -1.152754545211792], [-2.098611354827881, 0.7510722875595093, -1.8472466468811035]], "size": {"x": 0.39722180366516113, "y": 0.1365969181060791, "z": 0.6944921016693115}}, "breakable": false, "canBeUsedUp": false, "canFillWithLiquid": false, "controlledObjects": null, "cookable": false, "dirtyable": false, "distance": 0.8319422602653503, "fillLiquid": null, "isBroken": false, "isColdSource": false, "isCooked": false, "isDirty": false, "isFilledWithLiquid": false, "isHeatSource": false, "isInteractable": true, "isMoving": false, "isOpen": false, "isPickedUp": false, "isSliced": false, "isToggled": false, "isUsedUp": false, "mass": 0.0, "moveable": false, "name": "SinkBasin_3138b92f", "objectId": "Sink|-01.90|+00.97|-01.50|SinkBasin", "objectOrientedBoundingBox": null, "objectType": "SinkBasin", "openable": false, "openness": 0.0, "parentReceptacles": null, "pickupable": false, "position": {"x": -1.9081000089645386, "y": 0.7591999769210815, "z": -1.488800048828125}, "receptacle": true, "receptacleObjectIds": [], "rotation": {"x": -0.0, "y": 90.0, "z": -0.0}, "salientMaterials": null, "sliceable": false, "temperature": "RoomTemp", "toggleable": false, "visible": true}, "SoapBottle|-01.99|+00.90|-02.03": {"assetId": "Soap_Bottle_1", "axisAlignedBoundingBox": {"center": {"x": -1.991492748260498, "y": 0.9900491237640381, "z": -2.031006336212158}, "cornerPoints": [[-1.9587483406066895, 1.0801540613174438, -1.9969592094421387], [-1.9587483406066895, 1.0801540613174438, -2.0650534629821777], [-1.9587483406066895, 0.8999441862106323, -1.9969592094421387], [-1.9587483406066895, 0.8999441862106323, -2.0650534629821777], [-2.0242371559143066, 1.0801540613174438, -1.9969592094421387], [-2.0242371559143066, 1.0801540613174438, -2.0650534629821777], [-2.0242371559143066, 0.8999441862106323, -1.9969592094421387], [-2.0242371559143066, 0.8999441862106323, -2.0650534629821777]], "size": {"x": 0.06548881530761719, "y": 0.18020987510681152, "z": 0.06809425354003906}}, "breakable": false, "canBeUsedUp": false, "canFillWithLiquid": false, "controlledObjects": null, "cookable": false, "dirtyable": false, "distance": 1.2710133790969849, "fillLiquid": null, "isBroken": false, "isColdSource": false, "isCooked": false, "isDirty": false, "isFilledWithLiquid": false, "isHeatSource": false, "isInteractable": false, "isMoving": false, "isOpen": false, "isPickedUp": false, "isSliced": false, "isToggled": false, "isUsedUp": false, "mass": 0.4000000059604645, "moveable": false, "name": "SoapBottle_4540124e", "objectId": "SoapBottle|-01.99|+00.90|-02.03", "objectOrientedBoundingBox": {"cornerPoints": [[-1.9587481021881104, 0.8999435901641846, -1.9969661235809326], [-2.0242364406585693, 0.8999433517456055, -1.996966004371643], [-2.0242366790771484, 0.899945855140686, -2.065053701400757], [-1.9587482213974, 0.8999460935592651, -2.065053939819336], [-1.9587488174438477, 1.0801523923873901, -1.9969594478607178], [-2.0242371559143066, 1.080152153968811, -1.9969594478607178], [-2.0242373943328857, 1.0801546573638916, -2.065047264099121], [-1.9587489366531372, 1.0801548957824707, -2.065047264099121]]}, "objectType": "SoapBottle", "openable": false, "openness": 0.0, "parentReceptacles": ["CounterTop|-01.87|+00.95|-01.21"], "pickupable": true, "position": {"x": -1.9914913177490234, "y": 0.899879515171051, "z": -2.0323102474212646}, "receptacle": false, "receptacleObjectIds": null, "rotation": {"x": 0.00041732299723662436, "y": -0.00027312382007949054, "z": 359.9910888671875}, "salientMaterials": ["Glass", "Metal"], "sliceable": false, "temperature": "RoomTemp", "toggleable": false, "visible": false}, "Spatula|+00.38|+00.91|-02.33": {"assetId": "Spatula_1", "axisAlignedBoundingBox": {"center": {"x": 0.4115983843803406, "y": 0.9078870415687561, "z": -2.405639171600342}, "cornerPoints": [[0.4693402647972107, 0.9170340895652771, -2.256824016571045], [0.4693402647972107, 0.9170340895652771, -2.5544543266296387], [0.4693402647972107, 0.8987399935722351, -2.256824016571045], [0.4693402647972107, 0.8987399935722351, -2.5544543266296387], [0.35385650396347046, 0.9170340895652771, -2.256824016571045], [0.35385650396347046, 0.9170340895652771, -2.5544543266296387], [0.35385650396347046, 0.8987399935722351, -2.256824016571045], [0.35385650396347046, 0.8987399935722351, -2.5544543266296387]], "size": {"x": 0.11548376083374023, "y": 0.018294095993041992, "z": 0.29763031005859375}}, "breakable": false, "canBeUsedUp": false, "canFillWithLiquid": false, "controlledObjects": null, "cookable": false, "dirtyable": false, "distance": 2.1065497398376465, "fillLiquid": null, "isBroken": false, "isColdSource": false, "isCooked": false, "isDirty": false, "isFilledWithLiquid": false, "isHeatSource": false, "isInteractable": false, "isMoving": false, "isOpen": false, "isPickedUp": false, "isSliced": false, "isToggled": false, "isUsedUp": false, "mass": 0.06499999761581421, "moveable": false, "name": "Spatula_6667745e", "objectId": "Spatula|+00.38|+00.91|-02.33", "objectOrientedBoundingBox": {"cornerPoints": [[0.4071924090385437, 0.8996942639350891, -2.55448055267334], [0.4690590798854828, 0.8984293937683105, -2.5378987789154053], [0.392056941986084, 0.8994265198707581, -2.250526189804077], [0.3301902711391449, 0.9006913900375366, -2.2671079635620117], [0.40753817558288574, 0.9170321822166443, -2.554448127746582], [0.46940484642982483, 0.9157673120498657, -2.5378663539886475], [0.392402708530426, 0.9167644381523132, -2.2504937648773193], [0.33053603768348694, 0.9180293083190918, -2.267075538635254]]}, "objectType": "Spatula", "openable": false, "openness": 0.0, "parentReceptacles": ["CounterTop|+00.69|+00.95|-02.48"], "pickupable": true, "position": {"x": 0.38115280866622925, "y": 0.9074085354804993, "z": -2.3329858779907227}, "receptacle": false, "receptacleObjectIds": null, "rotation": {"x": 0.19202445447444916, "y": 164.9998321533203, "z": 1.1313464641571045}, "salientMaterials": ["Metal", "Plastic"], "sliceable": false, "temperature": "RoomTemp", "toggleable": false, "visible": false}, "Spoon|+00.98|+00.77|-02.29": {"assetId": "Spoon_1", "axisAlignedBoundingBox": {"center": {"x": 0.9832035899162292, "y": 0.7758529186248779, "z": -2.3005175590515137}, "cornerPoints": [[1.0036957263946533, 0.7853425741195679, -2.1969799995422363], [1.0036957263946533, 0.7853425741195679, -2.404055118560791], [1.0036957263946533, 0.766363263130188, -2.1969799995422363], [1.0036957263946533, 0.766363263130188, -2.404055118560791], [0.9627114534378052, 0.7853425741195679, -2.1969799995422363], [0.9627114534378052, 0.7853425741195679, -2.404055118560791], [0.9627114534378052, 0.766363263130188, -2.1969799995422363], [0.9627114534378052, 0.766363263130188, -2.404055118560791]], "size": {"x": 0.040984272956848145, "y": 0.018979310989379883, "z": 0.2070751190185547}}, "breakable": false, "canBeUsedUp": false, "canFillWithLiquid": false, "controlledObjects": null, "cookable": false, "dirtyable": false, "distance": 2.580812931060791, "fillLiquid": null, "isBroken": false, "isColdSource": false, "isCooked": false, "isDirty": false, "isFilledWithLiquid": false, "isHeatSource": false, "isInteractable": false, "isMoving": false, "isOpen": false, "isPickedUp": false, "isSliced": false, "isToggled": false, "isUsedUp": false, "mass": 0.03999999910593033, "moveable": false, "name": "Spoon_ea8b29ee", "objectId": "Spoon|+00.98|+00.77|-02.29", "objectOrientedBoundingBox": {"cornerPoints": [[1.0045937299728394, 0.7661756873130798, -2.1972336769104004], [0.9632123708724976, 0.7662705779075623, -2.196326494216919], [0.9586660265922546, 0.76644366979599, -2.4037017822265625], [1.0000474452972412, 0.7663487792015076, -2.404608964920044], [1.0046377182006836, 0.7852319478988647, -2.197218656539917], [0.9632564187049866, 0.7853268384933472, -2.1963114738464355], [0.9587100148200989, 0.7854999899864197, -2.403686761856079], [1.0000914335250854, 0.7854050993919373, -2.4045941829681396]]}, "objectType": "Spoon", "openable": false, "openness": 0.0, "parentReceptacles": ["Drawer|+00.95|+00.83|-02.20"], "pickupable": true, "position": {"x": 0.9829990863800049, "y": 0.7667461037635803, "z": -2.2869675159454346}, "receptacle": false, "receptacleObjectIds": null, "rotation": {"x": 0.047820523381233215, "y": 1.2559016942977905, "z": 359.86865234375}, "salientMaterials": ["Metal"], "sliceable": false, "temperature": "RoomTemp", "toggleable": false, "visible": false}, "Statue|+01.96|+00.18|-02.54": {"assetId": "Hand_Statue_1", "axisAlignedBoundingBox": {"center": {"x": 1.9611445665359497, "y": 0.25686290860176086, "z": -2.5162408351898193}, "cornerPoints": [[2.148871421813965, 0.32956546545028687, -2.4088315963745117], [2.148871421813965, 0.32956546545028687, -2.623650074005127], [2.148871421813965, 0.18416035175323486, -2.4088315963745117], [2.148871421813965, 0.18416035175323486, -2.623650074005127], [1.7734177112579346, 0.32956546545028687, -2.4088315963745117], [1.7734177112579346, 0.32956546545028687, -2.623650074005127], [1.7734177112579346, 0.18416035175323486, -2.4088315963745117], [1.7734177112579346, 0.18416035175323486, -2.623650074005127]], "size": {"x": 0.3754537105560303, "y": 0.145405113697052, "z": 0.21481847763061523}}, "breakable": true, "canBeUsedUp": false, "canFillWithLiquid": false, "controlledObjects": null, "cookable": false, "dirtyable": false, "distance": 3.6292877197265625, "fillLiquid": null, "isBroken": false, "isColdSource": false, "isCooked": false, "isDirty": false, "isFilledWithLiquid": false, "isHeatSource": false, "isInteractable": false, "isMoving": false, "isOpen": false, "isPickedUp": false, "isSliced": false, "isToggled": false, "isUsedUp": false, "mass": 1.0, "moveable": false, "name": "Statue_32e151a8", "objectId": "Statue|+01.96|+00.18|-02.54", "objectOrientedBoundingBox": {"cornerPoints": [[2.1488308906555176, 0.18409520387649536, -2.4088332653045654], [1.773362398147583, 0.18427443504333496, -2.408830404281616], [1.7733607292175293, 0.18427450954914093, -2.6236486434936523], [2.148829221725464, 0.18409527838230133, -2.6236515045166016], [2.148900270462036, 0.3294181823730469, -2.4088330268859863], [1.7734317779541016, 0.3295974135398865, -2.408830404281616], [1.7734301090240479, 0.32959747314453125, -2.6236486434936523], [2.1488986015319824, 0.32941824197769165, -2.6236515045166016]]}, "objectType": "Statue", "openable": false, "openness": 0.0, "parentReceptacles": ["Shelf|+01.75|+00.17|-02.56"], "pickupable": true, "position": {"x": 1.9550410509109497, "y": 0.18092235922813416, "z": -2.5430264472961426}, "receptacle": false, "receptacleObjectIds": null, "rotation": {"x": 0.012726412154734135, "y": 0.0005701313493773341, "z": 359.88153076171875}, "salientMaterials": ["Stone"], "sliceable": false, "temperature": "RoomTemp", "toggleable": false, "visible": false}, "Stool|+00.70|+00.00|-00.51": {"assetId": "Stool_2_1", "axisAlignedBoundingBox": {"center": {"x": 0.6986541748046875, "y": 0.37828725576400757, "z": -0.5119257569313049}, "cornerPoints": [[0.991841197013855, 0.7565656900405884, -0.1701667308807373], [0.991841197013855, 0.7565656900405884, -0.8536847829818726], [0.991841197013855, 8.821487426757812e-06, -0.1701667308807373], [0.991841197013855, 8.821487426757812e-06, -0.8536847829818726], [0.40546715259552, 0.7565656900405884, -0.1701667308807373], [0.40546715259552, 0.7565656900405884, -0.8536847829818726], [0.40546715259552, 8.821487426757812e-06, -0.1701667308807373], [0.40546715259552, 8.821487426757812e-06, -0.8536847829818726]], "size": {"x": 0.586374044418335, "y": 0.7565568685531616, "z": 0.6835180521011353}}, "breakable": false, "canBeUsedUp": false, "canFillWithLiquid": false, "controlledObjects": null, "cookable": false, "dirtyable": false, "distance": 2.2044882774353027, "fillLiquid": null, "isBroken": false, "isColdSource": false, "isCooked": false, "isDirty": false, "isFilledWithLiquid": false, "isHeatSource": false, "isInteractable": false, "isMoving": false, "isOpen": false, "isPickedUp": false, "isSliced": false, "isToggled": false, "isUsedUp": false, "mass": 3.180000066757202, "moveable": true, "name": "Stool_b084fe8e", "objectId": "Stool|+00.70|+00.00|-00.51", "objectOrientedBoundingBox": {"cornerPoints": [[0.9946890473365784, -0.007260770536959171, -0.7026716470718384], [0.7466113567352295, -0.005880771204829216, -0.1678769886493683], [0.4029808044433594, 0.0023227990604937077, -0.32729971408843994], [0.6510584950447083, 0.0009427997283637524, -0.8620943427085876], [1.0102672576904297, 0.7478434443473816, -0.6973937749862671], [0.7621895670890808, 0.7492234706878662, -0.16259914636611938], [0.4185590147972107, 0.7574270367622375, -0.32202184200286865], [0.6666367053985596, 0.7560470104217529, -0.8568164706230164]]}, "objectType": "Stool", "openable": false, "openness": 0.0, "parentReceptacles": ["Floor|+00.00|+00.00|+00.00"], "pickupable": false, "position": {"x": 0.702736496925354, "y": 0.0005796551704406738, "z": -0.5143738389015198}, "receptacle": true, "receptacleObjectIds": [], "rotation": {"x": 1.2273499965667725, "y": 65.1142578125, "z": 359.87860107421875}, "salientMaterials": ["Wood"], "sliceable": false, "temperature": "RoomTemp", "toggleable": false, "visible": false}, "Stool|+00.74|+00.00|+00.56": {"assetId": "Stool_2_1", "axisAlignedBoundingBox": {"center": {"x": 0.7395825386047363, "y": 0.378284215927124, "z": 0.5649327635765076}, "cornerPoints": [[1.0007349252700806, 0.7565606832504272, 0.8975504636764526], [1.0007349252700806, 0.7565606832504272, 0.2323150634765625], [1.0007349252700806, 7.748603820800781e-06, 0.8975504636764526], [1.0007349252700806, 7.748603820800781e-06, 0.2323150634765625], [0.4784301519393921, 0.7565606832504272, 0.8975504636764526], [0.4784301519393921, 0.7565606832504272, 0.2323150634765625], [0.4784301519393921, 7.748603820800781e-06, 0.8975504636764526], [0.4784301519393921, 7.748603820800781e-06, 0.2323150634765625]], "size": {"x": 0.5223047733306885, "y": 0.7565529346466064, "z": 0.6652354001998901}}, "breakable": false, "canBeUsedUp": false, "canFillWithLiquid": false, "controlledObjects": null, "cookable": false, "dirtyable": false, "distance": 2.688500165939331, "fillLiquid": null, "isBroken": false, "isColdSource": false, "isCooked": false, "isDirty": false, "isFilledWithLiquid": false, "isHeatSource": false, "isInteractable": false, "isMoving": false, "isOpen": false, "isPickedUp": false, "isSliced": false, "isToggled": false, "isUsedUp": false, "mass": 3.180000066757202, "moveable": true, "name": "Stool_6ad82f78", "objectId": "Stool|+00.74|+00.00|+00.56", "objectOrientedBoundingBox": {"cornerPoints": [[0.8363900184631348, -0.007261260412633419, 0.2291020154953003], [1.0058979988098145, -0.005882252473384142, 0.7937389016151428], [0.6430783271789551, 0.0023208921775221825, 0.9026399254798889], [0.473570317029953, 0.000941884471103549, 0.3380030393600464], [0.8515434861183167, 0.7478430271148682, 0.22270864248275757], [1.0210514068603516, 0.7492220401763916, 0.7873455286026001], [0.658231794834137, 0.7574251890182495, 0.8962465524673462], [0.4887238144874573, 0.7560461759567261, 0.33160966634750366]]}, "objectType": "Stool", "openable": false, "openness": 0.0, "parentReceptacles": ["Floor|+00.00|+00.00|+00.00"], "pickupable": false, "position": {"x": 0.7430257797241211, "y": 0.0005869865417480469, "z": 0.5636938810348511}, "receptacle": true, "receptacleObjectIds": [], "rotation": {"x": 1.2275639772415161, "y": 106.70697784423828, "z": 359.8799133300781}, "salientMaterials": ["Wood"], "sliceable": false, "temperature": "RoomTemp", "toggleable": false, "visible": false}, "StoveBurner|-00.04|+00.92|-02.37": {"assetId": "", "axisAlignedBoundingBox": {"center": {"x": -0.03610000014305115, "y": 0.9354671239852905, "z": -2.3722000122070312}, "cornerPoints": [[0.06519922614097595, 0.951509416103363, -2.2709009647369385], [0.06519922614097595, 0.951509416103363, -2.473499059677124], [0.06519922614097595, 0.919424831867218, -2.2709009647369385], [0.06519922614097595, 0.919424831867218, -2.473499059677124], [-0.13739922642707825, 0.951509416103363, -2.2709009647369385], [-0.13739922642707825, 0.951509416103363, -2.473499059677124], [-0.13739922642707825, 0.919424831867218, -2.2709009647369385], [-0.13739922642707825, 0.919424831867218, -2.473499059677124]], "size": {"x": 0.2025984525680542, "y": 0.03208458423614502, "z": 0.20259809494018555}}, "breakable": false, "canBeUsedUp": false, "canFillWithLiquid": false, "controlledObjects": null, "cookable": false, "dirtyable": false, "distance": 1.8321259021759033, "fillLiquid": null, "isBroken": false, "isColdSource": false, "isCooked": false, "isDirty": false, "isFilledWithLiquid": false, "isHeatSource": true, "isInteractable": false, "isMoving": false, "isOpen": false, "isPickedUp": false, "isSliced": false, "isToggled": false, "isUsedUp": false, "mass": 0.0, "moveable": false, "name": "StoveBurner_d506dac6", "objectId": "StoveBurner|-00.04|+00.92|-02.37", "objectOrientedBoundingBox": null, "objectType": "StoveBurner", "openable": false, "openness": 0.0, "parentReceptacles": null, "pickupable": false, "position": {"x": -0.03610000014305115, "y": 0.9150999784469604, "z": -2.3722000122070312}, "receptacle": true, "receptacleObjectIds": [], "rotation": {"x": -0.0, "y": 0.0, "z": 0.0}, "salientMaterials": null, "sliceable": false, "temperature": "RoomTemp", "toggleable": false, "visible": false}, "StoveBurner|-00.04|+00.92|-02.58": {"assetId": "", "axisAlignedBoundingBox": {"center": {"x": -0.03610000014305115, "y": 0.9354671239852905, "z": -2.576200008392334}, "cornerPoints": [[0.06519922614097595, 0.951509416103363, -2.474900960922241], [0.06519922614097595, 0.951509416103363, -2.6774990558624268], [0.06519922614097595, 0.919424831867218, -2.474900960922241], [0.06519922614097595, 0.919424831867218, -2.6774990558624268], [-0.13739922642707825, 0.951509416103363, -2.474900960922241], [-0.13739922642707825, 0.951509416103363, -2.6774990558624268], [-0.13739922642707825, 0.919424831867218, -2.474900960922241], [-0.13739922642707825, 0.919424831867218, -2.6774990558624268]], "size": {"x": 0.2025984525680542, "y": 0.03208458423614502, "z": 0.20259809494018555}}, "breakable": false, "canBeUsedUp": false, "canFillWithLiquid": false, "controlledObjects": null, "cookable": false, "dirtyable": false, "distance": 1.9895122051239014, "fillLiquid": null, "isBroken": false, "isColdSource": false, "isCooked": false, "isDirty": false, "isFilledWithLiquid": false, "isHeatSource": true, "isInteractable": false, "isMoving": false, "isOpen": false, "isPickedUp": false, "isSliced": false, "isToggled": false, "isUsedUp": false, "mass": 0.0, "moveable": false, "name": "StoveBurner_3397cbe3", "objectId": "StoveBurner|-00.04|+00.92|-02.58", "objectOrientedBoundingBox": null, "objectType": "StoveBurner", "openable": false, "openness": 0.0, "parentReceptacles": null, "pickupable": false, "position": {"x": -0.03610000014305115, "y": 0.9150999784469604, "z": -2.576200008392334}, "receptacle": true, "receptacleObjectIds": [], "rotation": {"x": -0.0, "y": 0.0, "z": 0.0}, "salientMaterials": null, "sliceable": false, "temperature": "RoomTemp", "toggleable": false, "visible": false}, "StoveBurner|-00.47|+00.92|-02.37": {"assetId": "", "axisAlignedBoundingBox": {"center": {"x": -0.4652000069618225, "y": 0.9354671239852905, "z": -2.371999979019165}, "cornerPoints": [[-0.36390072107315063, 0.951509416103363, -2.2707009315490723], [-0.36390072107315063, 0.951509416103363, -2.473299026489258], [-0.36390072107315063, 0.919424831867218, -2.2707009315490723], [-0.36390072107315063, 0.919424831867218, -2.473299026489258], [-0.5664992928504944, 0.951509416103363, -2.2707009315490723], [-0.5664992928504944, 0.951509416103363, -2.473299026489258], [-0.5664992928504944, 0.919424831867218, -2.2707009315490723], [-0.5664992928504944, 0.919424831867218, -2.473299026489258]], "size": {"x": 0.20259857177734375, "y": 0.03208458423614502, "z": 0.20259809494018555}}, "breakable": false, "canBeUsedUp": false, "canFillWithLiquid": false, "controlledObjects": null, "cookable": false, "dirtyable": false, "distance": 1.580662488937378, "fillLiquid": null, "isBroken": false, "isColdSource": false, "isCooked": false, "isDirty": false, "isFilledWithLiquid": false, "isHeatSource": true, "isInteractable": false, "isMoving": false, "isOpen": false, "isPickedUp": false, "isSliced": false, "isToggled": false, "isUsedUp": false, "mass": 0.0, "moveable": false, "name": "StoveBurner_08a5798f", "objectId": "StoveBurner|-00.47|+00.92|-02.37", "objectOrientedBoundingBox": null, "objectType": "StoveBurner", "openable": false, "openness": 0.0, "parentReceptacles": null, "pickupable": false, "position": {"x": -0.4652000069618225, "y": 0.9150999784469604, "z": -2.371999979019165}, "receptacle": true, "receptacleObjectIds": ["Pot|-01.22|+00.90|-02.36"], "rotation": {"x": -0.0, "y": 179.99996948242188, "z": 0.0}, "salientMaterials": null, "sliceable": false, "temperature": "RoomTemp", "toggleable": false, "visible": false}, "StoveBurner|-00.47|+00.92|-02.58": {"assetId": "", "axisAlignedBoundingBox": {"center": {"x": -0.4652000069618225, "y": 0.9354671239852905, "z": -2.5759999752044678}, "cornerPoints": [[-0.36390072107315063, 0.951509416103363, -2.474700927734375], [-0.36390072107315063, 0.951509416103363, -2.6772990226745605], [-0.36390072107315063, 0.919424831867218, -2.474700927734375], [-0.36390072107315063, 0.919424831867218, -2.6772990226745605], [-0.5664992928504944, 0.951509416103363, -2.474700927734375], [-0.5664992928504944, 0.951509416103363, -2.6772990226745605], [-0.5664992928504944, 0.919424831867218, -2.474700927734375], [-0.5664992928504944, 0.919424831867218, -2.6772990226745605]], "size": {"x": 0.20259857177734375, "y": 0.03208458423614502, "z": 0.20259809494018555}}, "breakable": false, "canBeUsedUp": false, "canFillWithLiquid": false, "controlledObjects": null, "cookable": false, "dirtyable": false, "distance": 1.76064932346344, "fillLiquid": null, "isBroken": false, "isColdSource": false, "isCooked": false, "isDirty": false, "isFilledWithLiquid": false, "isHeatSource": true, "isInteractable": false, "isMoving": false, "isOpen": false, "isPickedUp": false, "isSliced": false, "isToggled": false, "isUsedUp": false, "mass": 0.0, "moveable": false, "name": "StoveBurner_a0b460e5", "objectId": "StoveBurner|-00.47|+00.92|-02.58", "objectOrientedBoundingBox": null, "objectType": "StoveBurner", "openable": false, "openness": 0.0, "parentReceptacles": null, "pickupable": false, "position": {"x": -0.4652000069618225, "y": 0.9150999784469604, "z": -2.5759999752044678}, "receptacle": true, "receptacleObjectIds": [], "rotation": {"x": -0.0, "y": 179.99996948242188, "z": 0.0}, "salientMaterials": null, "sliceable": false, "temperature": "RoomTemp", "toggleable": false, "visible": false}, "StoveKnob|-00.02|+00.88|-02.19": {"assetId": "", "axisAlignedBoundingBox": {"center": {"x": -0.022000014781951904, "y": 0.8893190622329712, "z": -2.179680824279785}, "cornerPoints": [[0.01555832102894783, 0.9303877353668213, -2.1386122703552246], [0.01555832102894783, 0.9303877353668213, -2.2207493782043457], [0.01555832102894783, 0.8482503890991211, -2.1386122703552246], [0.01555832102894783, 0.8482503890991211, -2.2207493782043457], [-0.05955835059285164, 0.9303877353668213, -2.1386122703552246], [-0.05955835059285164, 0.9303877353668213, -2.2207493782043457], [-0.05955835059285164, 0.8482503890991211, -2.1386122703552246], [-0.05955835059285164, 0.8482503890991211, -2.2207493782043457]], "size": {"x": 0.07511667162179947, "y": 0.0821373462677002, "z": 0.0821371078491211}}, "breakable": false, "canBeUsedUp": false, "canFillWithLiquid": false, "controlledObjects": ["StoveBurner|-00.04|+00.92|-02.37"], "cookable": false, "dirtyable": false, "distance": 1.708438515663147, "fillLiquid": null, "isBroken": false, "isColdSource": false, "isCooked": false, "isDirty": false, "isFilledWithLiquid": false, "isHeatSource": false, "isInteractable": false, "isMoving": false, "isOpen": false, "isPickedUp": false, "isSliced": false, "isToggled": false, "isUsedUp": false, "mass": 0.0, "moveable": false, "name": "StoveKnob_39559252", "objectId": "StoveKnob|-00.02|+00.88|-02.19", "objectOrientedBoundingBox": null, "objectType": "StoveKnob", "openable": false, "openness": 0.0, "parentReceptacles": null, "pickupable": false, "position": {"x": -0.022000014781951904, "y": 0.8813999891281128, "z": -2.1875998973846436}, "receptacle": false, "receptacleObjectIds": null, "rotation": {"x": 45.000003814697266, "y": -0.0, "z": -0.0}, "salientMaterials": null, "sliceable": false, "temperature": "RoomTemp", "toggleable": true, "visible": false}, "StoveKnob|-00.18|+00.88|-02.19": {"assetId": "", "axisAlignedBoundingBox": {"center": {"x": -0.18310000002384186, "y": 0.8893190622329712, "z": -2.179680824279785}, "cornerPoints": [[-0.14554166793823242, 0.9303877353668213, -2.1386122703552246], [-0.14554166793823242, 0.9303877353668213, -2.2207493782043457], [-0.14554166793823242, 0.8482503890991211, -2.1386122703552246], [-0.14554166793823242, 0.8482503890991211, -2.2207493782043457], [-0.2206583321094513, 0.9303877353668213, -2.1386122703552246], [-0.2206583321094513, 0.9303877353668213, -2.2207493782043457], [-0.2206583321094513, 0.8482503890991211, -2.1386122703552246], [-0.2206583321094513, 0.8482503890991211, -2.2207493782043457]], "size": {"x": 0.07511666417121887, "y": 0.0821373462677002, "z": 0.0821371078491211}}, "breakable": false, "canBeUsedUp": false, "canFillWithLiquid": false, "controlledObjects": ["StoveBurner|-00.04|+00.92|-02.58"], "cookable": false, "dirtyable": false, "distance": 1.5965756177902222, "fillLiquid": null, "isBroken": false, "isColdSource": false, "isCooked": false, "isDirty": false, "isFilledWithLiquid": false, "isHeatSource": false, "isInteractable": false, "isMoving": false, "isOpen": false, "isPickedUp": false, "isSliced": false, "isToggled": false, "isUsedUp": false, "mass": 0.0, "moveable": false, "name": "StoveKnob_b57953af", "objectId": "StoveKnob|-00.18|+00.88|-02.19", "objectOrientedBoundingBox": null, "objectType": "StoveKnob", "openable": false, "openness": 0.0, "parentReceptacles": null, "pickupable": false, "position": {"x": -0.18310000002384186, "y": 0.8813999891281128, "z": -2.1875998973846436}, "receptacle": false, "receptacleObjectIds": null, "rotation": {"x": 45.000003814697266, "y": -0.0, "z": -0.0}, "salientMaterials": null, "sliceable": false, "temperature": "RoomTemp", "toggleable": true, "visible": false}, "StoveKnob|-00.33|+00.88|-02.19": {"assetId": "", "axisAlignedBoundingBox": {"center": {"x": -0.32899999618530273, "y": 0.8893190622329712, "z": -2.179680824279785}, "cornerPoints": [[-0.2914416491985321, 0.9303877353668213, -2.1386122703552246], [-0.2914416491985321, 0.9303877353668213, -2.2207493782043457], [-0.2914416491985321, 0.8482503890991211, -2.1386122703552246], [-0.2914416491985321, 0.8482503890991211, -2.2207493782043457], [-0.36655834317207336, 0.9303877353668213, -2.1386122703552246], [-0.36655834317207336, 0.9303877353668213, -2.2207493782043457], [-0.36655834317207336, 0.8482503890991211, -2.1386122703552246], [-0.36655834317207336, 0.8482503890991211, -2.2207493782043457]], "size": {"x": 0.07511669397354126, "y": 0.0821373462677002, "z": 0.0821371078491211}}, "breakable": false, "canBeUsedUp": false, "canFillWithLiquid": false, "controlledObjects": ["StoveBurner|-00.47|+00.92|-02.58"], "cookable": false, "dirtyable": false, "distance": 1.5030032396316528, "fillLiquid": null, "isBroken": false, "isColdSource": false, "isCooked": false, "isDirty": false, "isFilledWithLiquid": false, "isHeatSource": false, "isInteractable": false, "isMoving": false, "isOpen": false, "isPickedUp": false, "isSliced": false, "isToggled": false, "isUsedUp": false, "mass": 0.0, "moveable": false, "name": "StoveKnob_61f5d5b9", "objectId": "StoveKnob|-00.33|+00.88|-02.19", "objectOrientedBoundingBox": null, "objectType": "StoveKnob", "openable": false, "openness": 0.0, "parentReceptacles": null, "pickupable": false, "position": {"x": -0.32899999618530273, "y": 0.8813999891281128, "z": -2.1875998973846436}, "receptacle": false, "receptacleObjectIds": null, "rotation": {"x": 45.000003814697266, "y": -0.0, "z": -0.0}, "salientMaterials": null, "sliceable": false, "temperature": "RoomTemp", "toggleable": true, "visible": false}, "StoveKnob|-00.48|+00.88|-02.19": {"assetId": "", "axisAlignedBoundingBox": {"center": {"x": -0.48350000381469727, "y": 0.8893190622329712, "z": -2.179680824279785}, "cornerPoints": [[-0.445941686630249, 0.9303877353668213, -2.1386122703552246], [-0.445941686630249, 0.9303877353668213, -2.2207493782043457], [-0.445941686630249, 0.8482503890991211, -2.1386122703552246], [-0.445941686630249, 0.8482503890991211, -2.2207493782043457], [-0.5210583209991455, 0.9303877353668213, -2.1386122703552246], [-0.5210583209991455, 0.9303877353668213, -2.2207493782043457], [-0.5210583209991455, 0.8482503890991211, -2.1386122703552246], [-0.5210583209991455, 0.8482503890991211, -2.2207493782043457]], "size": {"x": 0.07511663436889648, "y": 0.0821373462677002, "z": 0.0821371078491211}}, "breakable": false, "canBeUsedUp": false, "canFillWithLiquid": false, "controlledObjects": ["StoveBurner|-00.47|+00.92|-02.37"], "cookable": false, "dirtyable": false, "distance": 1.4136123657226562, "fillLiquid": null, "isBroken": false, "isColdSource": false, "isCooked": false, "isDirty": false, "isFilledWithLiquid": false, "isHeatSource": false, "isInteractable": false, "isMoving": false, "isOpen": false, "isPickedUp": false, "isSliced": false, "isToggled": false, "isUsedUp": false, "mass": 0.0, "moveable": false, "name": "StoveKnob_e0c0e452", "objectId": "StoveKnob|-00.48|+00.88|-02.19", "objectOrientedBoundingBox": null, "objectType": "StoveKnob", "openable": false, "openness": 0.0, "parentReceptacles": null, "pickupable": false, "position": {"x": -0.48350000381469727, "y": 0.8813999891281128, "z": -2.1875998973846436}, "receptacle": false, "receptacleObjectIds": null, "rotation": {"x": 45.000003814697266, "y": -0.0, "z": -0.0}, "salientMaterials": null, "sliceable": false, "temperature": "RoomTemp", "toggleable": true, "visible": false}, "Toaster|-01.84|+00.90|+00.13": {"assetId": "Toaster_1", "axisAlignedBoundingBox": {"center": {"x": -1.8267384767532349, "y": 1.002171516418457, "z": 0.13400045037269592}, "cornerPoints": [[-1.6564297676086426, 1.1043145656585693, 0.23041966557502747], [-1.6564297676086426, 1.1043145656585693, 0.03758123517036438], [-1.6564297676086426, 0.9000284671783447, 0.23041966557502747], [-1.6564297676086426, 0.9000284671783447, 0.03758123517036438], [-1.9970471858978271, 1.1043145656585693, 0.23041966557502747], [-1.9970471858978271, 1.1043145656585693, 0.03758123517036438], [-1.9970471858978271, 0.9000284671783447, 0.23041966557502747], [-1.9970471858978271, 0.9000284671783447, 0.03758123517036438]], "size": {"x": 0.34061741828918457, "y": 0.2042860984802246, "z": 0.19283843040466309}}, "breakable": false, "canBeUsedUp": false, "canFillWithLiquid": false, "controlledObjects": [], "cookable": false, "dirtyable": false, "distance": 1.2760039567947388, "fillLiquid": null, "isBroken": false, "isColdSource": false, "isCooked": false, "isDirty": false, "isFilledWithLiquid": false, "isHeatSource": true, "isInteractable": false, "isMoving": false, "isOpen": false, "isPickedUp": false, "isSliced": false, "isToggled": false, "isUsedUp": false, "mass": 5.0, "moveable": true, "name": "Toaster_f30a9b32", "objectId": "Toaster|-01.84|+00.90|+00.13", "objectOrientedBoundingBox": {"cornerPoints": [[-1.6564300060272217, 0.9000284671783447, 0.037586361169815063], [-1.656432867050171, 0.9000284671783447, 0.2304193675518036], [-1.997046947479248, 0.9000285267829895, 0.2304142713546753], [-1.9970440864562988, 0.9000285267829895, 0.037581250071525574], [-1.6564300060272217, 1.1043143272399902, 0.03758634626865387], [-1.656432867050171, 1.1043143272399902, 0.2304193526506424], [-1.997046947479248, 1.1043143272399902, 0.2304142564535141], [-1.9970440864562988, 1.1043143272399902, 0.03758123517036438]]}, "objectType": "Toaster", "openable": false, "openness": 0.0, "parentReceptacles": ["CounterTop|-01.87|+00.95|-01.21"], "pickupable": false, "position": {"x": -1.8350030183792114, "y": 0.9000004529953003, "z": 0.1340002566576004}, "receptacle": true, "receptacleObjectIds": [], "rotation": {"x": 3.025152545887977e-05, "y": 89.99909210205078, "z": 5.046393198426813e-06}, "salientMaterials": ["Metal"], "sliceable": false, "temperature": "RoomTemp", "toggleable": true, "visible": false}, "Tomato|-00.39|+01.14|-00.81": {"assetId": "Tomato_1", "axisAlignedBoundingBox": {"center": {"x": -0.38419845700263977, "y": 1.1370134353637695, "z": -0.812004804611206}, "cornerPoints": [[-0.33017048239707947, 1.174027681350708, -0.7564703822135925], [-0.33017048239707947, 1.174027681350708, -0.8675392270088196], [-0.33017048239707947, 1.099999189376831, -0.7564703822135925], [-0.33017048239707947, 1.099999189376831, -0.8675392270088196], [-0.4382264316082001, 1.174027681350708, -0.7564703822135925], [-0.4382264316082001, 1.174027681350708, -0.8675392270088196], [-0.4382264316082001, 1.099999189376831, -0.7564703822135925], [-0.4382264316082001, 1.099999189376831, -0.8675392270088196]], "size": {"x": 0.1080559492111206, "y": 0.07402849197387695, "z": 0.11106884479522705}}, "breakable": false, "canBeUsedUp": false, "canFillWithLiquid": false, "controlledObjects": null, "cookable": false, "dirtyable": false, "distance": 0.9160850644111633, "fillLiquid": null, "isBroken": false, "isColdSource": false, "isCooked": false, "isDirty": false, "isFilledWithLiquid": false, "isHeatSource": false, "isInteractable": false, "isMoving": false, "isOpen": false, "isPickedUp": false, "isSliced": false, "isToggled": false, "isUsedUp": false, "mass": 0.11999998986721039, "moveable": false, "name": "Tomato_caaae6b0", "objectId": "Tomato|-00.39|+01.14|-00.81", "objectOrientedBoundingBox": {"cornerPoints": [[-0.33016860485076904, 1.1000090837478638, -0.7564669251441956], [-0.43822455406188965, 1.1000059843063354, -0.7564653158187866], [-0.4382261633872986, 1.0999932289123535, -0.8675340414047241], [-0.33017024397850037, 1.0999963283538818, -0.8675356507301331], [-0.33017072081565857, 1.1740334033966064, -0.7564753890037537], [-0.4382266700267792, 1.1740303039550781, -0.7564738392829895], [-0.4382283091545105, 1.1740176677703857, -0.867542564868927], [-0.3301723599433899, 1.174020767211914, -0.8675441741943359]]}, "objectType": "Tomato", "openable": false, "openness": 0.0, "parentReceptacles": ["CounterTop|-00.08|+01.15|00.00"], "pickupable": true, "position": {"x": -0.38504892587661743, "y": 1.137034296989441, "z": -0.8119610548019409}, "receptacle": false, "receptacleObjectIds": null, "rotation": {"x": 0.06124817952513695, "y": 0.003531279508024454, "z": 0.07695799320936203}, "salientMaterials": ["Food"], "sliceable": true, "temperature": "RoomTemp", "toggleable": false, "visible": false}, "Vase|+01.56|+00.56|-02.50": {"assetId": "Vase_Flat_2", "axisAlignedBoundingBox": {"center": {"x": 1.5619933605194092, "y": 0.5914455652236938, "z": -2.499748706817627}, "cornerPoints": [[1.6374897956848145, 0.6265314817428589, -2.42425274848938], [1.6374897956848145, 0.6265314817428589, -2.575244665145874], [1.6374897956848145, 0.5563596487045288, -2.42425274848938], [1.6374897956848145, 0.5563596487045288, -2.575244665145874], [1.486496925354004, 0.6265314817428589, -2.42425274848938], [1.486496925354004, 0.6265314817428589, -2.575244665145874], [1.486496925354004, 0.5563596487045288, -2.42425274848938], [1.486496925354004, 0.5563596487045288, -2.575244665145874]], "size": {"x": 0.15099287033081055, "y": 0.07017183303833008, "z": 0.15099191665649414}}, "breakable": true, "canBeUsedUp": false, "canFillWithLiquid": false, "controlledObjects": null, "cookable": false, "dirtyable": false, "distance": 3.205627918243408, "fillLiquid": null, "isBroken": false, "isColdSource": false, "isCooked": false, "isDirty": false, "isFilledWithLiquid": false, "isHeatSource": false, "isInteractable": false, "isMoving": false, "isOpen": false, "isPickedUp": false, "isSliced": false, "isToggled": false, "isUsedUp": false, "mass": 1.0, "moveable": false, "name": "Vase_b2bf6b9c", "objectId": "Vase|+01.56|+00.56|-02.50", "objectOrientedBoundingBox": {"cornerPoints": [[1.6374765634536743, 0.5563684701919556, -2.42423677444458], [1.4864835739135742, 0.5563626289367676, -2.4242658615112305], [1.486512541770935, 0.556355357170105, -2.5752577781677246], [1.6375055313110352, 0.556361198425293, -2.5752289295196533], [1.6374738216400146, 0.6265367269515991, -2.4242403507232666], [1.4864808320999146, 0.6265308856964111, -2.424269199371338], [1.4865097999572754, 0.6265236139297485, -2.575261116027832], [1.6375027894973755, 0.6265294551849365, -2.5752322673797607]]}, "objectType": "Vase", "openable": false, "openness": 0.0, "parentReceptacles": ["Shelf|+01.75|+00.55|-02.56"], "pickupable": true, "position": {"x": 1.5619909763336182, "y": 0.5563272833824158, "z": -2.499985456466675}, "receptacle": false, "receptacleObjectIds": null, "rotation": {"x": -0.0002859258675016463, "y": 359.9891662597656, "z": 0.0016559881623834372}, "salientMaterials": ["Ceramic"], "sliceable": false, "temperature": "RoomTemp", "toggleable": false, "visible": false}, "Vase|+01.99|+00.56|-02.49": {"assetId": "Vase_Open_3", "axisAlignedBoundingBox": {"center": {"x": 1.9880293607711792, "y": 0.678383469581604, "z": -2.4870145320892334}, "cornerPoints": [[2.082641363143921, 0.8004100322723389, -2.3924002647399902], [2.082641363143921, 0.8004100322723389, -2.5816287994384766], [2.082641363143921, 0.5563569068908691, -2.3924002647399902], [2.082641363143921, 0.5563569068908691, -2.5816287994384766], [1.8934173583984375, 0.8004100322723389, -2.3924002647399902], [1.8934173583984375, 0.8004100322723389, -2.5816287994384766], [1.8934173583984375, 0.5563569068908691, -2.3924002647399902], [1.8934173583984375, 0.5563569068908691, -2.5816287994384766]], "size": {"x": 0.1892240047454834, "y": 0.24405312538146973, "z": 0.18922853469848633}}, "breakable": true, "canBeUsedUp": false, "canFillWithLiquid": false, "controlledObjects": null, "cookable": false, "dirtyable": false, "distance": 3.5798659324645996, "fillLiquid": null, "isBroken": false, "isColdSource": false, "isCooked": false, "isDirty": false, "isFilledWithLiquid": false, "isHeatSource": false, "isInteractable": false, "isMoving": false, "isOpen": false, "isPickedUp": false, "isSliced": false, "isToggled": false, "isUsedUp": false, "mass": 1.0, "moveable": false, "name": "Vase_a3ef2efe", "objectId": "Vase|+01.99|+00.56|-02.49", "objectOrientedBoundingBox": {"cornerPoints": [[2.0826492309570312, 0.556363046169281, -2.3924169540405273], [1.893436074256897, 0.5563638210296631, -2.3923897743225098], [1.8934087753295898, 0.5563568472862244, -2.5816030502319336], [2.0826220512390137, 0.5563560724258423, -2.581630229949951], [2.0826501846313477, 0.8004096746444702, -2.392426013946533], [1.8934370279312134, 0.8004104495048523, -2.3923988342285156], [1.8934098482131958, 0.8004034757614136, -2.5816121101379395], [2.08262300491333, 0.8004026412963867, -2.581639289855957]]}, "objectType": "Vase", "openable": false, "openness": 0.0, "parentReceptacles": ["Shelf|+01.75|+00.55|-02.56"], "pickupable": true, "position": {"x": 1.9880305528640747, "y": 0.5554115772247314, "z": -2.486999273300171}, "receptacle": false, "receptacleObjectIds": null, "rotation": {"x": 0.02352231740951538, "y": 0.013845170848071575, "z": 0.010175887495279312}, "salientMaterials": ["Glass"], "sliceable": false, "temperature": "RoomTemp", "toggleable": false, "visible": false}, "Window|-02.23|+01.43|-01.20": {"assetId": "", "axisAlignedBoundingBox": {"center": {"x": -2.2960829734802246, "y": 1.5200703144073486, "z": -1.2015669345855713}, "cornerPoints": [[-2.190800189971924, 2.138195514678955, -0.30237460136413574], [-2.190800189971924, 2.138195514678955, -2.100759267807007], [-2.190800189971924, 0.9019451141357422, -0.30237460136413574], [-2.190800189971924, 0.9019451141357422, -2.100759267807007], [-2.4013657569885254, 2.138195514678955, -0.30237460136413574], [-2.4013657569885254, 2.138195514678955, -2.100759267807007], [-2.4013657569885254, 0.9019451141357422, -0.30237460136413574], [-2.4013657569885254, 0.9019451141357422, -2.100759267807007]], "size": {"x": 0.21056556701660156, "y": 1.236250400543213, "z": 1.798384666442871}}, "breakable": true, "canBeUsedUp": false, "canFillWithLiquid": false, "controlledObjects": null, "cookable": false, "dirtyable": false, "distance": 1.13219153881073, "fillLiquid": null, "isBroken": false, "isColdSource": false, "isCooked": false, "isDirty": false, "isFilledWithLiquid": false, "isHeatSource": false, "isInteractable": true, "isMoving": false, "isOpen": false, "isPickedUp": false, "isSliced": false, "isToggled": false, "isUsedUp": false, "mass": 0.0, "moveable": false, "name": "Window_98e9c41a", "objectId": "Window|-02.23|+01.43|-01.20", "objectOrientedBoundingBox": null, "objectType": "Window", "openable": false, "openness": 0.0, "parentReceptacles": null, "pickupable": false, "position": {"x": -2.2300000190734863, "y": 1.4299999475479126, "z": -1.2039999961853027}, "receptacle": false, "receptacleObjectIds": null, "rotation": {"x": -0.0, "y": 0.0, "z": 0.0}, "salientMaterials": null, "sliceable": false, "temperature": "RoomTemp", "toggleable": false, "visible": true}, "WineBottle|-01.00|+01.65|-02.58": {"assetId": "Wine_Bottle_1", "axisAlignedBoundingBox": {"center": {"x": -1.0010087490081787, "y": 1.8079055547714233, "z": -2.583836078643799}, "cornerPoints": [[-0.9569147825241089, 1.9708046913146973, -2.5397419929504395], [-0.9569147825241089, 1.9708046913146973, -2.627930164337158], [-0.9569147825241089, 1.6450064182281494, -2.5397419929504395], [-0.9569147825241089, 1.6450064182281494, -2.627930164337158], [-1.0451027154922485, 1.9708046913146973, -2.5397419929504395], [-1.0451027154922485, 1.9708046913146973, -2.627930164337158], [-1.0451027154922485, 1.6450064182281494, -2.5397419929504395], [-1.0451027154922485, 1.6450064182281494, -2.627930164337158]], "size": {"x": 0.08818793296813965, "y": 0.32579827308654785, "z": 0.08818817138671875}}, "breakable": true, "canBeUsedUp": false, "canFillWithLiquid": true, "controlledObjects": null, "cookable": false, "dirtyable": false, "distance": 1.7675089836120605, "fillLiquid": null, "isBroken": false, "isColdSource": false, "isCooked": false, "isDirty": false, "isFilledWithLiquid": true, "isHeatSource": false, "isInteractable": false, "isMoving": false, "isOpen": false, "isPickedUp": false, "isSliced": false, "isToggled": false, "isUsedUp": false, "mass": 1.2000000476837158, "moveable": false, "name": "WineBottle_39d61bf0", "objectId": "WineBottle|-01.00|+01.65|-02.58", "objectOrientedBoundingBox": {"cornerPoints": [[-0.9569137692451477, 1.645005702972412, -2.539743661880493], [-1.045101284980774, 1.645005702972412, -2.5397415161132812], [-1.0451034307479858, 1.6450059413909912, -2.6279289722442627], [-0.9569159746170044, 1.6450059413909912, -2.6279311180114746], [-0.9569135904312134, 1.9708054065704346, -2.539742946624756], [-1.0451010465621948, 1.9708054065704346, -2.539740562438965], [-1.0451033115386963, 1.9708056449890137, -2.6279280185699463], [-0.9569157958030701, 1.9708056449890137, -2.627930164337158]]}, "objectType": "WineBottle", "openable": false, "openness": 0.0, "parentReceptacles": ["Cabinet|-00.73|+02.02|-02.46"], "pickupable": true, "position": {"x": -1.001008152961731, "y": 1.645018458366394, "z": -2.5838327407836914}, "receptacle": false, "receptacleObjectIds": null, "rotation": {"x": 0.012173563241958618, "y": -0.0004944466054439545, "z": 359.9856262207031}, "salientMaterials": ["Glass"], "sliceable": false, "temperature": "RoomTemp", "toggleable": false, "visible": false}}, "robot_positions": {"robot1": {"x": 2.0, "y": 0.900999128818512, "z": -2.0}, "robot2": {"x": -1.2500001192092896, "y": 0.900999128818512, "z": -1.0}}, "robot_rotations": {"robot1": 90.00000762939453, "robot2": 276.5669860839844}, "version": 2684}, "gcr": 0.5, "global_condition_satisfied": null, "goal_results": [{"contains": [], "name": "Cup", "states": ["BROKEN"], "status": "unsatisfied", "subgoal_indices": [0]}, {"contains": ["Cup"], "name": "Cabinet", "states": [], "status": "satisfied", "subgoal_indices": [1]}, {"contains": [], "name": "Egg", "states": ["BROKEN"], "status": "unsatisfied", "subgoal_indices": [2]}, {"contains": [], "name": "Lettuce", "states": ["SLICED"], "status": "satisfied", "subgoal_indices": [3]}], "ignored_failure_count": 0, "metrics_schema_version": 2, "movement_mode": "step", "navigation_metrics": {"action_counts": {"GetReachablePositions": 1122, "LookDown": 297, "LookUp": 396, "MoveAhead": 455, "RotateLeft": 164, "RotateRight": 150}, "budget_exhaustions": 0, "candidate_expansions": 4, "candidate_trials": 119, "deferred_requests": 0, "failed_transitions": 4, "failures": 4, "interaction_repositions": 0, "interaction_target_substitutions": 2, "invisible_candidates": 99, "invisible_interaction_candidates": 99, "micro_steps": 451, "mode": "step", "parking_moves": 24, "planning_batches": 109, "planning_durations_sample_limit": 128, "planning_durations_seconds": [0.008942076936364174, 0.002843861933797598, 0.004657660145312548, 0.002813464030623436, 0.0033872858621180058, 0.00361055601388216, 0.0026772660203278065, 0.0035142553970217705, 0.0024582440964877605, 0.0036762100644409657, 0.0027036359533667564, 0.003568527288734913, 0.00364869786426425, 0.0024775611236691475, 0.004917741287499666, 0.0029777642339468002, 0.0017086309380829334, 0.005897968076169491, 0.0033306782133877277, 0.0034567960537970066, 0.004021461121737957, 0.0027170819230377674, 0.003037606831640005, 0.003766339737921953, 0.005760920234024525, 0.002671486232429743, 0.003888361155986786, 0.0022201761603355408, 0.0035709720104932785, 0.0037002861499786377, 0.017083323560655117, 0.001962109003216028, 0.0023225792683660984, 0.0057573141530156136, 0.0043504913337528706, 0.0045355698093771935, 0.030909258872270584, 0.028961587231606245, 0.018297153059393167, 0.0036693979054689407, 0.0037345699965953827, 0.005126214120537043, 0.006440230645239353, 0.004892864264547825, 0.003988758660852909, 0.004462902899831533, 0.005346198100596666, 0.003406061325222254, 0.004821429029107094, 0.004646388813853264, 0.005051482003182173, 0.00557019142434001, 0.004615581128746271, 0.0035512037575244904, 0.004913401789963245, 0.004700129851698875, 0.003726655151695013, 0.004173397086560726, 0.003404567949473858, 0.004948217887431383, 0.0029277787543833256, 0.004133721813559532, 0.004219144117087126, 0.0035868920385837555, 0.007519364822655916, 0.004531372804194689, 0.006188015919178724, 0.006811650935560465, 0.004270039964467287, 0.0017668609507381916, 0.0070937820710241795, 0.004071815870702267, 0.0026332149282097816, 0.004496457055211067, 0.001916572917252779, 0.005893299821764231, 0.003436778672039509, 0.001261197030544281, 0.0034066718071699142, 0.0033605247735977173, 0.006787154823541641, 0.004849302116781473, 0.004432485904544592, 0.003356959205120802, 0.003526628017425537, 0.006689379923045635, 0.0019813450053334236, 0.0012659872882068157, 0.0035631568171083927, 0.0018596560694277287, 0.006409874185919762, 0.0021249563433229923, 0.003662825096398592, 0.0029100459069013596, 0.005514386110007763, 0.0017346302047371864, 0.005739198997616768, 0.0028557139448821545, 0.0018666591495275497, 0.005501842126250267, 0.0022787461057305336, 0.0033520390279591084, 0.001662924885749817, 0.003554761875420809, 0.00467152614146471, 0.005009023007005453, 0.0027236142195761204, 0.004859840963035822, 0.0037453011609613895], "planning_durations_semantics": "bounded preview of latest calls; not a full-run distribution", "planning_durations_truncated": false, "planning_time_seconds": 0.5100079248659313, "planning_timing_count": 109, "position_deviations": 0, "priority_trials": 144, "replans": 4, "requests": 7, "serial_fallback_batches": 0, "successes": 3, "suppressed_reachable_removals": 117, "visibility_look_attempts": 594, "visibility_recoveries": 0, "waits": 0}, "original_goal_count": 4, "phase_durations_seconds": {"cleanup": 0.2654202776029706, "evaluation": 0.09637858159840107, "execution": 43.972330369986594, "startup": 6.368217280134559}, "process_status": "completed", "raw_action_sr": 0.3333333333333333, "reachable_refresh_mode": "full", "reproducibility": {"ai2thor_version": "5.0.0", "code_dirty": true, "code_root": "/home/dwb/thor/Coder", "code_sha": "3d7e306e2d1f437a312b048e2882b25361537990", "config": {"cloud_rendering": true, "controller": {"agentCount": 2, "agentMode": "default", "fieldOfView": 90, "gridSize": 0.25, "headless": true, "height": 1000, "platform": "CloudRendering", "rotateStepDegrees": 20, "scene": "FloorPlan1", "snapToGrid": false, "visibilityDistance": 5, "width": 1000}, "execution_policy": "legacy", "movement": {"expanded_candidate_limit": 30, "full_refresh_interval_steps": 4, "grid_size_m": 0.25, "grid_snap_tolerance_m": 0.125001, "hard_clearance_m": 0.35, "initial_candidate_limit": 10, "max_assignment_trials": 256, "max_failed_transitions": 8, "max_invisible_candidate_replans": 1, "max_replans": 8, "mode": "step", "reachable_refresh_mode": "full"}, "movement_mode": "step", "reachable_refresh_mode": "full", "render_image": false, "robot_count": 2, "runner_mode": true, "runtime_constants": {"AGENT_CLEARANCE_DISTANCE": 0.35, "GENERATE_METADATA": false, "INTERACTION_MAX_PASS_STEPS": 30, "NAVIGATION_CHUNK_STEPS": 4, "NAVIGATION_GRID_SIZE": 0.25, "OBJECT_FOOTPRINT_CLEARANCE": 0.05, "OPEN_OBJECT_FOOTPRINT_CLEARANCE": 0.2, "TELEPORT_CANDIDATE_LIMIT": 10}, "scene": "FloorPlan1", "seed": 0, "show_windows": false, "timeout_seconds": 120.0}, "executable_sha256": "833dac9f225c81205ba12b64f0acf1b311ba91fd3095560f2b1bee716f009284", "gpu": "GPU-b9976537-636d-11cf-0b12-7cef7207dc91, NVIDIA GeForce RTX 4090, 580.173.02\nGPU-6a32fb42-08b1-3754-db82-345e037eb744, NVIDIA GeForce RTX 4090, 580.173.02\nGPU-b0028c54-c17a-b94a-0f86-63284a57f321, NVIDIA GeForce RTX 4090, 580.173.02\nGPU-35be736f-1efb-475b-9a4e-e49ad53b80ad, NVIDIA GeForce RTX 4090, 580.173.02\nGPU-f2cfad83-d977-2c20-1a29-8b696654048b, NVIDIA GeForce RTX 4090, 580.173.02\nGPU-d0e11bbf-6de7-0189-2a40-13dd79ebd9cd, NVIDIA GeForce RTX 4090, 580.173.02\nGPU-00e69c63-8cc6-d44e-2843-ea937f8eabf2, NVIDIA GeForce RTX 4090, 580.173.02\nGPU-941a4809-a065-e4e8-3790-6af06c1ab23b, NVIDIA GeForce RTX 4090, 580.173.02", "plan_content_sha256": "88c375aa9cb60dd4791e5511c59a5ef7b2f56217181cc5d347cf20d0572c598e", "platform": "Linux-6.8.0-124-generic-x86_64-with-glibc2.35", "python_version": "3.9.25", "task_record_sha256": "014e1b8e2f1fb2720dd8340fd6f2652b4ed952c13a07c10861dff4ffef044418"}, "robot_failures": [{"action_index": 0, "action_type": "GoToObject", "error": "NO_INTERACTION_POSE: interaction target is invisible from every candidate for agent 1 target 'Cup'", "failure_decision": "skip", "failure_error_code": "action_failed", "ignored_for_failure_ratio": false, "navigation_decision_trace": [{"candidate_cost": 12.165525061, "candidates": ["0:static", "1:0"], "event": "assignment_attempt", "trial": 1}, {"candidates": ["0:static", "1:0"], "event": "priority_feasible", "makespan": 22, "priority_order": ["0", "1"], "total_moves": 22}, {"event": "reservations_created", "horizon": 324, "micro_steps": 22, "reserved_ticks": 325}, {"assignment": {"0": "0:static", "1": "1:0"}, "event": "planning_finished", "priority_order": ["0", "1"], "status": "PLANNED"}, {"event": "visibility_look_attempt", "horizon": 24.999996185302734}, {"event": "visibility_look_attempt", "horizon": 14.999996185302734}, {"event": "visibility_look_attempt", "horizon": 4.999996185302734}, {"event": "visibility_look_attempt", "horizon": 44.999996185302734}, {"event": "visibility_look_attempt", "horizon": 54.999996185302734}, {"event": "visibility_look_attempt", "horizon": 64.99999618530273}, {"candidate": [1, -7], "event": "candidate_excluded", "reason": "target_not_visible"}, {"event": "reservations_released", "reason": "target not visible from assigned candidate", "release_tick": 0}, {"candidate_cost": 2.0, "candidates": ["0:static", "1:1"], "event": "assignment_attempt", "trial": 1}, {"candidates": ["0:static", "1:1"], "event": "priority_feasible", "makespan": 1, "priority_order": ["0", "1"], "total_moves": 1}, {"event": "reservations_created", "horizon": 324, "micro_steps": 1, "reserved_ticks": 325}, {"assignment": {"0": "0:static", "1": "1:1"}, "event": "planning_finished", "priority_order": ["0", "1"], "status": "PLANNED"}, {"event": "visibility_look_attempt", "horizon": 25.00000762939453}, {"event": "visibility_look_attempt", "horizon": 15.000007629394531}, {"event": "visibility_look_attempt", "horizon": 5.000007629394531}, {"event": "visibility_look_attempt", "horizon": 45.00000762939453}, {"event": "visibility_look_attempt", "horizon": 55.00000762939453}, {"event": "visibility_look_attempt", "horizon": 65.00000762939453}, {"candidate": [2, -7], "event": "candidate_excluded", "reason": "target_not_visible"}, {"event": "reservations_released", "reason": "target not visible from assigned candidate", "release_tick": 0}, {"candidate_cost": 4.0, "candidates": ["0:static", "1:2"], "event": "assignment_attempt", "trial": 1}, {"candidates": ["0:static", "1:2"], "event": "priority_feasible", "makespan": 2, "priority_order": ["0", "1"], "total_moves": 2}, {"candidate_cost": 4.0, "candidates": ["0:static", "1:3"], "event": "assignment_attempt", "trial": 2}, {"candidates": ["0:static", "1:3"], "event": "priority_feasible", "makespan": 1, "priority_order": ["0", "1"], "total_moves": 1}, {"event": "reservations_created", "horizon": 324, "micro_steps": 1, "reserved_ticks": 325}, {"assignment": {"0": "0:static", "1": "1:3"}, "event": "planning_finished", "priority_order": ["0", "1"], "status": "PLANNED"}, {"event": "visibility_look_attempt", "horizon": 24.99999237060547}, {"event": "visibility_look_attempt", "horizon": 14.999992370605469}, {"event": "visibility_look_attempt", "horizon": 4.999992370605469}, {"event": "visibility_look_attempt", "horizon": 44.99999237060547}, {"event": "visibility_look_attempt", "horizon": 54.99999237060547}, {"event": "visibility_look_attempt", "horizon": 64.99999237060547}, {"candidate": [3, -7], "event": "candidate_excluded", "reason": "target_not_visible"}, {"event": "reservations_released", "reason": "target not visible from assigned candidate", "release_tick": 0}, {"candidate_cost": 5.0, "candidates": ["0:static", "1:2"], "event": "assignment_attempt", "trial": 1}, {"candidates": ["0:static", "1:2"], "event": "priority_feasible", "makespan": 3, "priority_order": ["0", "1"], "total_moves": 3}, {"event": "reservations_created", "horizon": 324, "micro_steps": 3, "reserved_ticks": 325}, {"assignment": {"0": "0:static", "1": "1:2"}, "event": "planning_finished", "priority_order": ["0", "1"], "status": "PLANNED"}, {"event": "visibility_look_attempt", "horizon": 25.0}, {"event": "visibility_look_attempt", "horizon": 15.0}, {"event": "visibility_look_attempt", "horizon": 5.0}, {"event": "visibility_look_attempt", "horizon": 45.0}, {"event": "visibility_look_attempt", "horizon": 55.0}, {"event": "visibility_look_attempt", "horizon": 65.0}, {"candidate": [0, -7], "event": "candidate_excluded", "reason": "target_not_visible"}, {"event": "reservations_released", "reason": "target not visible from assigned candidate", "release_tick": 0}, {"candidate_cost": 5.0, "candidates": ["0:static", "1:4"], "event": "assignment_attempt", "trial": 1}, {"candidates": ["0:static", "1:4"], "event": "priority_feasible", "makespan": 1, "priority_order": ["0", "1"], "total_moves": 1}, {"event": "reservations_created", "horizon": 324, "micro_steps": 1, "reserved_ticks": 325}, {"assignment": {"0": "0:static", "1": "1:4"}, "event": "planning_finished", "priority_order": ["0", "1"], "status": "PLANNED"}, {"event": "visibility_look_attempt", "horizon": 24.99999237060547}, {"event": "visibility_look_attempt", "horizon": 14.999992370605469}, {"event": "visibility_look_attempt", "horizon": 4.999992370605469}, {"event": "visibility_look_attempt", "horizon": 44.99999237060547}, {"event": "visibility_look_attempt", "horizon": 54.99999237060547}, {"event": "visibility_look_attempt", "horizon": 64.99999237060547}, {"candidate": [-1, -7], "event": "candidate_excluded", "reason": "target_not_visible"}, {"event": "reservations_released", "reason": "target not visible from assigned candidate", "release_tick": 0}, {"candidate_cost": 8.236067977, "candidates": ["0:static", "1:6"], "event": "assignment_attempt", "trial": 1}, {"candidates": ["0:static", "1:6"], "event": "priority_feasible", "makespan": 3, "priority_order": ["0", "1"], "total_moves": 3}, {"event": "reservations_created", "horizon": 324, "micro_steps": 3, "reserved_ticks": 325}, {"assignment": {"0": "0:static", "1": "1:6"}, "event": "planning_finished", "priority_order": ["0", "1"], "status": "PLANNED"}, {"event": "visibility_look_attempt", "horizon": 25.0}, {"event": "visibility_look_attempt", "horizon": 15.0}, {"event": "visibility_look_attempt", "horizon": 5.0}, {"event": "visibility_look_attempt", "horizon": 45.0}, {"event": "visibility_look_attempt", "horizon": 55.0}, {"event": "visibility_look_attempt", "horizon": 65.0}, {"candidate": [1, -6], "event": "candidate_excluded", "reason": "target_not_visible"}, {"event": "reservations_released", "reason": "target not visible from assigned candidate", "release_tick": 0}, {"candidate_cost": 8.0, "candidates": ["0:static", "1:7"], "event": "assignment_attempt", "trial": 1}, {"candidates": ["0:static", "1:7"], "event": "priority_feasible", "makespan": 1, "priority_order": ["0", "1"], "total_moves": 1}, {"event": "reservations_created", "horizon": 324, "micro_steps": 1, "reserved_ticks": 325}, {"assignment": {"0": "0:static", "1": "1:7"}, "event": "planning_finished", "priority_order": ["0", "1"], "status": "PLANNED"}, {"event": "visibility_look_attempt", "horizon": 24.99999237060547}, {"event": "visibility_look_attempt", "horizon": 14.999992370605469}, {"event": "visibility_look_attempt", "horizon": 4.999992370605469}, {"event": "visibility_look_attempt", "horizon": 44.99999237060547}, {"event": "visibility_look_attempt", "horizon": 54.99999237060547}, {"event": "visibility_look_attempt", "horizon": 64.99999237060547}, {"candidate": [2, -6], "event": "candidate_excluded", "reason": "target_not_visible"}, {"event": "reservations_released", "reason": "target not visible from assigned candidate", "release_tick": 0}, {"candidate_cost": 7.236067977, "candidates": ["0:static", "1:5"], "event": "assignment_attempt", "trial": 1}, {"candidates": ["0:static", "1:5"], "event": "priority_feasible", "makespan": 3, "priority_order": ["0", "1"], "total_moves": 3}, {"event": "reservations_created", "horizon": 324, "micro_steps": 3, "reserved_ticks": 325}, {"assignment": {"0": "0:static", "1": "1:5"}, "event": "planning_finished", "priority_order": ["0", "1"], "status": "PLANNED"}, {"event": "visibility_look_attempt", "horizon": 24.99999237060547}, {"event": "visibility_look_attempt", "horizon": 14.999992370605469}, {"event": "visibility_look_attempt", "horizon": 4.999992370605469}, {"event": "visibility_look_attempt", "horizon": 44.99999237060547}, {"event": "visibility_look_attempt", "horizon": 54.99999237060547}, {"event": "visibility_look_attempt", "horizon": 64.99999237060547}, {"candidate": [4, -7], "event": "candidate_excluded", "reason": "target_not_visible"}, {"event": "reservations_released", "reason": "target not visible from assigned candidate", "release_tick": 0}, {"candidate_cost": 10.414213562, "candidates": ["0:static", "1:9"], "event": "assignment_attempt", "trial": 1}, {"candidates": ["0:static", "1:9"], "event": "priority_feasible", "makespan": 2, "priority_order": ["0", "1"], "total_moves": 2}, {"event": "reservations_created", "horizon": 324, "micro_steps": 2, "reserved_ticks": 325}, {"assignment": {"0": "0:static", "1": "1:9"}, "event": "planning_finished", "priority_order": ["0", "1"], "status": "PLANNED"}, {"event": "visibility_look_attempt", "horizon": 24.99999237060547}, {"event": "visibility_look_attempt", "horizon": 14.999992370605469}, {"event": "visibility_look_attempt", "horizon": 4.999992370605469}, {"event": "visibility_look_attempt", "horizon": 44.99999237060547}, {"event": "visibility_look_attempt", "horizon": 54.99999237060547}, {"event": "visibility_look_attempt", "horizon": 64.99999237060547}, {"candidate": [3, -6], "event": "candidate_excluded", "reason": "target_not_visible"}, {"event": "reservations_released", "reason": "target not visible from assigned candidate", "release_tick": 0}, {"candidate_cost": 11.0, "candidates": ["0:static", "1:8"], "event": "assignment_attempt", "trial": 1}, {"candidates": ["0:static", "1:8"], "event": "priority_feasible", "makespan": 3, "priority_order": ["0", "1"], "total_moves": 3}, {"event": "reservations_created", "horizon": 324, "micro_steps": 3, "reserved_ticks": 325}, {"assignment": {"0": "0:static", "1": "1:8"}, "event": "planning_finished", "priority_order": ["0", "1"], "status": "PLANNED"}, {"event": "visibility_look_attempt", "horizon": 24.999996185302734}, {"event": "visibility_look_attempt", "horizon": 14.999996185302734}, {"event": "visibility_look_attempt", "horizon": 4.999996185302734}, {"event": "visibility_look_attempt", "horizon": 44.999996185302734}, {"event": "visibility_look_attempt", "horizon": 54.999996185302734}, {"event": "visibility_look_attempt", "horizon": 64.99999618530273}, {"candidate": [0, -6], "event": "candidate_excluded", "reason": "target_not_visible"}, {"added": 20, "event": "candidate_expansion", "limit": 30}, {"event": "reservations_released", "reason": "target not visible from assigned candidate", "release_tick": 0}, {"candidate_cost": 12.236067977, "candidates": ["0:static", "1:10"], "event": "assignment_attempt", "trial": 1}, {"candidates": ["0:static", "1:10"], "event": "priority_feasible", "makespan": 3, "priority_order": ["0", "1"], "total_moves": 3}, {"event": "reservations_created", "horizon": 324, "micro_steps": 3, "reserved_ticks": 325}, {"assignment": {"0": "0:static", "1": "1:10"}, "event": "planning_finished", "priority_order": ["0", "1"], "status": "PLANNED"}, {"event": "visibility_look_attempt", "horizon": 25.0}, {"event": "visibility_look_attempt", "horizon": 15.0}, {"event": "visibility_look_attempt", "horizon": 5.0}, {"event": "visibility_look_attempt", "horizon": 45.0}, {"event": "visibility_look_attempt", "horizon": 55.0}, {"event": "visibility_look_attempt", "horizon": 65.0}, {"candidate": [-2, -7], "event": "candidate_excluded", "reason": "target_not_visible"}, {"event": "reservations_released", "reason": "target not visible from assigned candidate", "release_tick": 0}, {"candidate_cost": 13.414213562, "candidates": ["0:static", "1:12"], "event": "assignment_attempt", "trial": 1}, {"candidates": ["0:static", "1:12"], "event": "priority_feasible", "makespan": 2, "priority_order": ["0", "1"], "total_moves": 2}, {"event": "reservations_created", "horizon": 324, "micro_steps": 2, "reserved_ticks": 325}, {"assignment": {"0": "0:static", "1": "1:12"}, "event": "planning_finished", "priority_order": ["0", "1"], "status": "PLANNED"}, {"event": "visibility_look_attempt", "horizon": 25.0}, {"event": "visibility_look_attempt", "horizon": 15.0}, {"event": "visibility_look_attempt", "horizon": 5.0}, {"event": "visibility_look_attempt", "horizon": 45.0}, {"event": "visibility_look_attempt", "horizon": 55.0}, {"event": "visibility_look_attempt", "horizon": 65.0}, {"candidate": [-1, -6], "event": "candidate_excluded", "reason": "target_not_visible"}, {"event": "reservations_released", "reason": "target not visible from assigned candidate", "release_tick": 0}, {"candidate_cost": 17.08276253, "candidates": ["0:static", "1:11"], "event": "assignment_attempt", "trial": 1}, {"candidates": ["0:static", "1:11"], "event": "priority_feasible", "makespan": 7, "priority_order": ["0", "1"], "total_moves": 7}, {"event": "reservations_created", "horizon": 324, "micro_steps": 7, "reserved_ticks": 325}, {"assignment": {"0": "0:static", "1": "1:11"}, "event": "planning_finished", "priority_order": ["0", "1"], "status": "PLANNED"}, {"event": "visibility_look_attempt", "horizon": 24.999996185302734}, {"event": "visibility_look_attempt", "horizon": 14.999996185302734}, {"event": "visibility_look_attempt", "horizon": 4.999996185302734}, {"event": "visibility_look_attempt", "horizon": 44.999996185302734}, {"event": "visibility_look_attempt", "horizon": 54.999996185302734}, {"event": "visibility_look_attempt", "horizon": 64.99999618530273}, {"candidate": [5, -7], "event": "candidate_excluded", "reason": "target_not_visible"}, {"event": "reservations_released", "reason": "target not visible from assigned candidate", "release_tick": 0}, {"candidate_cost": 14.414213562, "candidates": ["0:static", "1:13"], "event": "assignment_attempt", "trial": 1}, {"candidates": ["0:static", "1:13"], "event": "priority_feasible", "makespan": 2, "priority_order": ["0", "1"], "total_moves": 2}, {"event": "reservations_created", "horizon": 324, "micro_steps": 2, "reserved_ticks": 325}, {"assignment": {"0": "0:static", "1": "1:13"}, "event": "planning_finished", "priority_order": ["0", "1"], "status": "PLANNED"}, {"event": "visibility_look_attempt", "horizon": 25.0}, {"event": "visibility_look_attempt", "horizon": 15.0}, {"event": "visibility_look_attempt", "horizon": 5.0}, {"event": "visibility_look_attempt", "horizon": 45.0}, {"event": "visibility_look_attempt", "horizon": 55.0}, {"event": "visibility_look_attempt", "horizon": 65.0}, {"candidate": [4, -6], "event": "candidate_excluded", "reason": "target_not_visible"}, {"event": "reservations_released", "reason": "target not visible from assigned candidate", "release_tick": 0}, {"candidate_cost": 16.828427125, "candidates": ["0:static", "1:14"], "event": "assignment_attempt", "trial": 1}, {"candidates": ["0:static", "1:14"], "event": "priority_feasible", "makespan": 4, "priority_order": ["0", "1"], "total_moves": 4}, {"event": "reservations_created", "horizon": 324, "micro_steps": 4, "reserved_ticks": 325}, {"assignment": {"0": "0:static", "1": "1:14"}, "event": "planning_finished", "priority_order": ["0", "1"], "status": "PLANNED"}, {"event": "visibility_look_attempt", "horizon": 24.99999237060547}, {"event": "visibility_look_attempt", "horizon": 14.999992370605469}, {"event": "visibility_look_attempt", "horizon": 4.999992370605469}, {"event": "visibility_look_attempt", "horizon": 44.99999237060547}, {"event": "visibility_look_attempt", "horizon": 54.99999237060547}, {"event": "visibility_look_attempt", "horizon": 64.99999237060547}, {"candidate": [6, -8], "event": "candidate_excluded", "reason": "target_not_visible"}, {"event": "reservations_released", "reason": "target not visible from assigned candidate", "release_tick": 0}, {"candidate_cost": 20.830951895, "candidates": ["0:static", "1:15"], "event": "assignment_attempt", "trial": 1}, {"candidates": ["0:static", "1:15"], "event": "priority_feasible", "makespan": 8, "priority_order": ["0", "1"], "total_moves": 8}, {"event": "reservations_created", "horizon": 324, "micro_steps": 8, "reserved_ticks": 325}, {"assignment": {"0": "0:static", "1": "1:15"}, "event": "planning_finished", "priority_order": ["0", "1"], "status": "PLANNED"}, {"event": "visibility_look_attempt", "horizon": 24.999996185302734}, {"event": "visibility_look_attempt", "horizon": 14.999996185302734}, {"event": "visibility_look_attempt", "horizon": 4.999996185302734}, {"event": "visibility_look_attempt", "horizon": 44.999996185302734}, {"event": "visibility_look_attempt", "horizon": 54.999996185302734}, {"event": "visibility_look_attempt", "horizon": 64.99999618530273}, {"candidate": [1, -5], "event": "candidate_excluded", "reason": "target_not_visible"}, {"event": "reservations_released", "reason": "target not visible from assigned candidate", "release_tick": 0}, {"candidate_cost": 17.0, "candidates": ["0:static", "1:16"], "event": "assignment_attempt", "trial": 1}, {"candidates": ["0:static", "1:16"], "event": "priority_feasible", "makespan": 1, "priority_order": ["0", "1"], "total_moves": 1}, {"event": "reservations_created", "horizon": 324, "micro_steps": 1, "reserved_ticks": 325}, {"assignment": {"0": "0:static", "1": "1:16"}, "event": "planning_finished", "priority_order": ["0", "1"], "status": "PLANNED"}, {"event": "visibility_look_attempt", "horizon": 24.999996185302734}, {"event": "visibility_look_attempt", "horizon": 14.999996185302734}, {"event": "visibility_look_attempt", "horizon": 4.999996185302734}, {"event": "visibility_look_attempt", "horizon": 44.999996185302734}, {"event": "visibility_look_attempt", "horizon": 54.999996185302734}, {"event": "visibility_look_attempt", "horizon": 64.99999618530273}, {"candidate": [2, -5], "event": "candidate_excluded", "reason": "target_not_visible"}, {"event": "reservations_released", "reason": "target not visible from assigned candidate", "release_tick": 0}, {"candidate_cost": 19.0, "candidates": ["0:static", "1:17"], "event": "assignment_attempt", "trial": 1}, {"candidates": ["0:static", "1:17"], "event": "priority_feasible", "makespan": 2, "priority_order": ["0", "1"], "total_moves": 2}, {"candidate_cost": 19.0, "candidates": ["0:static", "1:18"], "event": "assignment_attempt", "trial": 2}, {"candidates": ["0:static", "1:18"], "event": "priority_feasible", "makespan": 1, "priority_order": ["0", "1"], "total_moves": 1}, {"event": "reservations_created", "horizon": 324, "micro_steps": 1, "reserved_ticks": 325}, {"assignment": {"0": "0:static", "1": "1:18"}, "event": "planning_finished", "priority_order": ["0", "1"], "status": "PLANNED"}, {"event": "visibility_look_attempt", "horizon": 25.0}, {"event": "visibility_look_attempt", "horizon": 15.0}, {"event": "visibility_look_attempt", "horizon": 5.0}, {"event": "visibility_look_attempt", "horizon": 45.0}, {"event": "visibility_look_attempt", "horizon": 55.0}, {"event": "visibility_look_attempt", "horizon": 65.0}, {"candidate": [3, -5], "event": "candidate_excluded", "reason": "target_not_visible"}, {"event": "reservations_released", "reason": "target not visible from assigned candidate", "release_tick": 0}, {"candidate_cost": 20.0, "candidates": ["0:static", "1:17"], "event": "assignment_attempt", "trial": 1}, {"candidates": ["0:static", "1:17"], "event": "priority_feasible", "makespan": 3, "priority_order": ["0", "1"], "total_moves": 3}, {"event": "reservations_created", "horizon": 324, "micro_steps": 3, "reserved_ticks": 325}, {"assignment": {"0": "0:static", "1": "1:17"}, "event": "planning_finished", "priority_order": ["0", "1"], "status": "PLANNED"}, {"event": "visibility_look_attempt", "horizon": 25.00000762939453}, {"event": "visibility_look_attempt", "horizon": 15.000007629394531}, {"event": "visibility_look_attempt", "horizon": 5.000007629394531}, {"event": "visibility_look_attempt", "horizon": 45.00000762939453}, {"event": "visibility_look_attempt", "horizon": 55.00000762939453}, {"event": "visibility_look_attempt", "horizon": 65.00000762939453}, {"candidate": [0, -5], "event": "candidate_excluded", "reason": "target_not_visible"}, {"event": "reservations_released", "reason": "target not visible from assigned candidate", "release_tick": 0}, {"candidate_cost": 21.236067977, "candidates": ["0:static", "1:19"], "event": "assignment_attempt", "trial": 1}, {"candidates": ["0:static", "1:19"], "event": "priority_feasible", "makespan": 3, "priority_order": ["0", "1"], "total_moves": 3}, {"event": "reservations_created", "horizon": 324, "micro_steps": 3, "reserved_ticks": 325}, {"assignment": {"0": "0:static", "1": "1:19"}, "event": "planning_finished", "priority_order": ["0", "1"], "status": "PLANNED"}, {"event": "visibility_look_attempt", "horizon": 24.999996185302734}, {"event": "visibility_look_attempt", "horizon": 14.999996185302734}, {"event": "visibility_look_attempt", "horizon": 4.999996185302734}, {"event": "visibility_look_attempt", "horizon": 44.999996185302734}, {"event": "visibility_look_attempt", "horizon": 54.999996185302734}, {"event": "visibility_look_attempt", "horizon": 64.99999618530273}, {"candidate": [-2, -6], "event": "candidate_excluded", "reason": "target_not_visible"}, {"event": "reservations_released", "reason": "target not visible from assigned candidate", "release_tick": 0}, {"candidate_cost": 22.414213562, "candidates": ["0:static", "1:21"], "event": "assignment_attempt", "trial": 1}, {"candidates": ["0:static", "1:21"], "event": "priority_feasible", "makespan": 2, "priority_order": ["0", "1"], "total_moves": 2}, {"event": "reservations_created", "horizon": 324, "micro_steps": 2, "reserved_ticks": 325}, {"assignment": {"0": "0:static", "1": "1:21"}, "event": "planning_finished", "priority_order": ["0", "1"], "status": "PLANNED"}, {"event": "visibility_look_attempt", "horizon": 24.999996185302734}, {"event": "visibility_look_attempt", "horizon": 14.999996185302734}, {"event": "visibility_look_attempt", "horizon": 4.999996185302734}, {"event": "visibility_look_attempt", "horizon": 44.999996185302734}, {"event": "visibility_look_attempt", "horizon": 54.999996185302734}, {"event": "visibility_look_attempt", "horizon": 64.99999618530273}, {"candidate": [-3, -7], "event": "candidate_excluded", "reason": "target_not_visible"}, {"event": "reservations_released", "reason": "target not visible from assigned candidate", "release_tick": 0}, {"candidate_cost": 25.828427125, "candidates": ["0:static", "1:23"], "event": "assignment_attempt", "trial": 1}, {"candidates": ["0:static", "1:23"], "event": "priority_feasible", "makespan": 4, "priority_order": ["0", "1"], "total_moves": 4}, {"event": "reservations_created", "horizon": 324, "micro_steps": 4, "reserved_ticks": 325}, {"assignment": {"0": "0:static", "1": "1:23"}, "event": "planning_finished", "priority_order": ["0", "1"], "status": "PLANNED"}, {"event": "visibility_look_attempt", "horizon": 25.0}, {"event": "visibility_look_attempt", "horizon": 15.0}, {"event": "visibility_look_attempt", "horizon": 5.0}, {"event": "visibility_look_attempt", "horizon": 45.0}, {"event": "visibility_look_attempt", "horizon": 55.0}, {"event": "visibility_look_attempt", "horizon": 65.0}, {"candidate": [-1, -5], "event": "candidate_excluded", "reason": "target_not_visible"}, {"event": "reservations_released", "reason": "target not visible from assigned candidate", "release_tick": 0}, {"candidate_cost": 26.08276253, "candidates": ["0:static", "1:20"], "event": "assignment_attempt", "trial": 1}, {"candidates": ["0:static", "1:20"], "event": "priority_feasible", "makespan": 7, "priority_order": ["0", "1"], "total_moves": 7}, {"event": "reservations_created", "horizon": 324, "micro_steps": 7, "reserved_ticks": 325}, {"assignment": {"0": "0:static", "1": "1:20"}, "event": "planning_finished", "priority_order": ["0", "1"], "status": "PLANNED"}, {"event": "visibility_look_attempt", "horizon": 24.999996185302734}, {"event": "visibility_look_attempt", "horizon": 14.999996185302734}, {"event": "visibility_look_attempt", "horizon": 4.999996185302734}, {"event": "visibility_look_attempt", "horizon": 44.999996185302734}, {"event": "visibility_look_attempt", "horizon": 54.999996185302734}, {"event": "visibility_look_attempt", "horizon": 64.99999618530273}, {"candidate": [5, -6], "event": "candidate_excluded", "reason": "target_not_visible"}, {"event": "reservations_released", "reason": "target not visible from assigned candidate", "release_tick": 0}, {"candidate_cost": 23.414213562, "candidates": ["0:static", "1:22"], "event": "assignment_attempt", "trial": 1}, {"candidates": ["0:static", "1:22"], "event": "priority_feasible", "makespan": 2, "priority_order": ["0", "1"], "total_moves": 2}, {"event": "reservations_created", "horizon": 324, "micro_steps": 2, "reserved_ticks": 325}, {"assignment": {"0": "0:static", "1": "1:22"}, "event": "planning_finished", "priority_order": ["0", "1"], "status": "PLANNED"}, {"event": "visibility_look_attempt", "horizon": 25.0}, {"event": "visibility_look_attempt", "horizon": 15.0}, {"event": "visibility_look_attempt", "horizon": 5.0}, {"event": "visibility_look_attempt", "horizon": 45.0}, {"event": "visibility_look_attempt", "horizon": 55.0}, {"event": "visibility_look_attempt", "horizon": 65.0}, {"candidate": [6, -7], "event": "candidate_excluded", "reason": "target_not_visible"}, {"event": "reservations_released", "reason": "target not visible from assigned candidate", "release_tick": 0}, {"candidate_cost": 26.414213562, "candidates": ["0:static", "1:25"], "event": "assignment_attempt", "trial": 1}, {"candidates": ["0:static", "1:25"], "event": "priority_feasible", "makespan": 2, "priority_order": ["0", "1"], "total_moves": 2}, {"event": "reservations_created", "horizon": 324, "micro_steps": 2, "reserved_ticks": 325}, {"assignment": {"0": "0:static", "1": "1:25"}, "event": "planning_finished", "priority_order": ["0", "1"], "status": "PLANNED"}, {"event": "visibility_look_attempt", "horizon": 24.99999237060547}, {"event": "visibility_look_attempt", "horizon": 14.999992370605469}, {"event": "visibility_look_attempt", "horizon": 4.999992370605469}, {"event": "visibility_look_attempt", "horizon": 44.99999237060547}, {"event": "visibility_look_attempt", "horizon": 54.99999237060547}, {"event": "visibility_look_attempt", "horizon": 64.99999237060547}, {"candidate": [7, -8], "event": "candidate_excluded", "reason": "target_not_visible"}, {"event": "reservations_released", "reason": "target not visible from assigned candidate", "release_tick": 0}, {"candidate_cost": 28.242640687, "candidates": ["0:static", "1:24"], "event": "assignment_attempt", "trial": 1}, {"candidates": ["0:static", "1:24"], "event": "priority_feasible", "makespan": 6, "priority_order": ["0", "1"], "total_moves": 6}, {"event": "reservations_created", "horizon": 324, "micro_steps": 6, "reserved_ticks": 325}, {"assignment": {"0": "0:static", "1": "1:24"}, "event": "planning_finished", "priority_order": ["0", "1"], "status": "PLANNED"}, {"event": "visibility_look_attempt", "horizon": 24.999996185302734}, {"event": "visibility_look_attempt", "horizon": 14.999996185302734}, {"event": "visibility_look_attempt", "horizon": 4.999996185302734}, {"event": "visibility_look_attempt", "horizon": 44.999996185302734}, {"event": "visibility_look_attempt", "horizon": 54.999996185302734}, {"event": "visibility_look_attempt", "horizon": 64.99999618530273}, {"candidate": [4, -5], "event": "candidate_excluded", "reason": "target_not_visible"}, {"event": "reservations_released", "reason": "target not visible from assigned candidate", "release_tick": 0}, {"candidate_cost": 29.236067977, "candidates": ["0:static", "1:27"], "event": "assignment_attempt", "trial": 1}, {"candidates": ["0:static", "1:27"], "event": "priority_feasible", "makespan": 3, "priority_order": ["0", "1"], "total_moves": 3}, {"event": "reservations_created", "horizon": 324, "micro_steps": 3, "reserved_ticks": 325}, {"assignment": {"0": "0:static", "1": "1:27"}, "event": "planning_finished", "priority_order": ["0", "1"], "status": "PLANNED"}, {"event": "visibility_look_attempt", "horizon": 24.99999237060547}, {"event": "visibility_look_attempt", "horizon": 14.999992370605469}, {"event": "visibility_look_attempt", "horizon": 4.999992370605469}, {"event": "visibility_look_attempt", "horizon": 44.99999237060547}, {"event": "visibility_look_attempt", "horizon": 54.99999237060547}, {"event": "visibility_look_attempt", "horizon": 64.99999237060547}, {"candidate": [6, -6], "event": "candidate_excluded", "reason": "target_not_visible"}, {"event": "reservations_released", "reason": "target not visible from assigned candidate", "release_tick": 0}, {"candidate_cost": 30.414213562, "candidates": ["0:static", "1:29"], "event": "assignment_attempt", "trial": 1}, {"candidates": ["0:static", "1:29"], "event": "priority_feasible", "makespan": 2, "priority_order": ["0", "1"], "total_moves": 2}, {"event": "reservations_created", "horizon": 324, "micro_steps": 2, "reserved_ticks": 325}, {"assignment": {"0": "0:static", "1": "1:29"}, "event": "planning_finished", "priority_order": ["0", "1"], "status": "PLANNED"}, {"event": "visibility_look_attempt", "horizon": 24.999996185302734}, {"event": "visibility_look_attempt", "horizon": 14.999996185302734}, {"event": "visibility_look_attempt", "horizon": 4.999996185302734}, {"event": "visibility_look_attempt", "horizon": 44.999996185302734}, {"event": "visibility_look_attempt", "horizon": 54.999996185302734}, {"event": "visibility_look_attempt", "horizon": 64.99999618530273}, {"candidate": [5, -5], "event": "candidate_excluded", "reason": "target_not_visible"}, {"event": "reservations_released", "reason": "target not visible from assigned candidate", "release_tick": 0}, {"candidate_cost": 34.062257748, "candidates": ["0:static", "1:26"], "event": "assignment_attempt", "trial": 1}, {"candidates": ["0:static", "1:26"], "event": "priority_feasible", "makespan": 9, "priority_order": ["0", "1"], "total_moves": 9}, {"event": "reservations_created", "horizon": 324, "micro_steps": 9, "reserved_ticks": 325}, {"assignment": {"0": "0:static", "1": "1:26"}, "event": "planning_finished", "priority_order": ["0", "1"], "status": "PLANNED"}, {"event": "visibility_look_attempt", "horizon": 25.0}, {"event": "visibility_look_attempt", "horizon": 15.0}, {"event": "visibility_look_attempt", "horizon": 5.0}, {"event": "visibility_look_attempt", "horizon": 45.0}, {"event": "visibility_look_attempt", "horizon": 55.0}, {"event": "visibility_look_attempt", "horizon": 65.0}, {"candidate": [-3, -6], "event": "candidate_excluded", "reason": "target_not_visible"}, {"event": "reservations_released", "reason": "target not visible from assigned candidate", "release_tick": 0}, {"candidate_cost": 29.414213562, "candidates": ["0:static", "1:28"], "event": "assignment_attempt", "trial": 1}, {"candidates": ["0:static", "1:28"], "event": "priority_feasible", "makespan": 2, "priority_order": ["0", "1"], "total_moves": 2}, {"event": "reservations_created", "horizon": 324, "micro_steps": 2, "reserved_ticks": 325}, {"assignment": {"0": "0:static", "1": "1:28"}, "event": "planning_finished", "priority_order": ["0", "1"], "status": "PLANNED"}, {"event": "visibility_look_attempt", "horizon": 24.99999237060547}, {"event": "visibility_look_attempt", "horizon": 14.999992370605469}, {"event": "visibility_look_attempt", "horizon": 4.999992370605469}, {"event": "visibility_look_attempt", "horizon": 44.99999237060547}, {"event": "visibility_look_attempt", "horizon": 54.99999237060547}, {"event": "visibility_look_attempt", "horizon": 64.99999237060547}, {"candidate": [-2, -5], "event": "candidate_excluded", "reason": "target_not_visible"}, {"agent_id": 1, "event": "navigation_failed", "reason": "NO_INTERACTION_POSE: interaction target is invisible from every candidate for agent 1 target 'Cup'"}], "requested_failure_policy": "FAIL_STAGE", "robot_id": "robot2", "stage_id": "Phase 1"}, {"action_index": 1, "action_type": "BreakObject", "error": "BreakObject failed for agent 1 on Cup|+00.37|+01.64|-02.58: NullReferenceException: Target object not found within the specified visibility.. trace:   at UnityStandardAssets.Characters.FirstPerson.BaseFPSAgentController.getInteractableSimObjectFromId (System.String objectId, System.Boolean forceAction) [0x0007a] in <686694aeb00e4f03b2b15637c42c1442>:0 \n  at UnityStandardAssets.Characters.FirstPerson.PhysicsRemoteFPSAgentController.BreakObject (ServerAction action) [0x00034] in <686694aeb00e4f03b2b15637c42c1442>:0 \n  at (wrapper managed-to-native) System.Reflection.MonoMethod.InternalInvoke(System.Reflection.MonoMethod,object,object[],System.Exception&)\n  at System.Reflection.MonoMethod.Invoke (System.Object obj, System.Reflection.BindingFlags invokeAttr, System.Reflection.Binder binder, System.Object[] parameters, System.Globalization.CultureInfo culture) [0x00032] in <695d1cc93cca45069c528c15c9fdd749>:0 ", "failure_decision": "skip", "failure_error_code": "action_failed", "ignored_for_failure_ratio": false, "requested_failure_policy": "FAIL_STAGE", "robot_id": "robot2", "stage_id": "Phase 1"}, {"action_index": 2, "action_type": "GoToObject", "error": "NO_INTERACTION_POSE: interaction target is invisible from every candidate for agent 1 target 'Egg'", "failure_decision": "skip", "failure_error_code": "action_failed", "ignored_for_failure_ratio": false, "navigation_decision_trace": [{"candidates": ["0:static", "1:2"], "conflict": ["0:static", "1:2"], "event": "assignment_rejected", "reason": "endpoint_conflict"}, {"candidates": ["0:static", "1:7"], "conflict": ["0:static", "1:7"], "event": "assignment_rejected", "reason": "endpoint_conflict"}, {"candidates": ["0:static", "1:8"], "conflict": ["0:static", "1:8"], "event": "assignment_rejected", "reason": "endpoint_conflict"}, {"candidate_cost": 11.440306509, "candidates": ["0:static", "1:1"], "event": "assignment_attempt", "trial": 1}, {"candidates": ["0:static", "1:1"], "event": "priority_feasible", "makespan": 29, "priority_order": ["0", "1"], "total_moves": 29}, {"event": "reservations_created", "horizon": 324, "micro_steps": 29, "reserved_ticks": 325}, {"assignment": {"0": "0:static", "1": "1:1"}, "event": "planning_finished", "priority_order": ["0", "1"], "status": "PLANNED"}, {"event": "reservations_released", "reason": "agent 1 failed movement edge GridPoint(x=-2, z=5)->GridPoint(x=-3, z=5)", "release_tick": 24}, {"event": "replan_requested", "reason": "agent 1 failed movement edge GridPoint(x=-2, z=5)->GridPoint(x=-3, z=5)", "replan_count": 1}, {"candidates": ["0:static", "1:2"], "conflict": ["0:static", "1:2"], "event": "assignment_rejected", "reason": "endpoint_conflict"}, {"candidates": ["0:static", "1:7"], "conflict": ["0:static", "1:7"], "event": "assignment_rejected", "reason": "endpoint_conflict"}, {"candidates": ["0:static", "1:8"], "conflict": ["0:static", "1:8"], "event": "assignment_rejected", "reason": "endpoint_conflict"}, {"candidate_cost": 4.0, "candidates": ["0:static", "1:1"], "event": "assignment_attempt", "trial": 1}, {"candidates": ["0:static", "1:1"], "event": "priority_feasible", "makespan": 5, "priority_order": ["0", "1"], "total_moves": 5}, {"event": "reservations_created", "horizon": 324, "micro_steps": 5, "reserved_ticks": 325}, {"assignment": {"0": "0:static", "1": "1:1"}, "event": "planning_finished", "priority_order": ["0", "1"], "status": "PLANNED"}, {"event": "reservations_released", "reason": "agent 1 failed movement edge GridPoint(x=-5, z=6)->GridPoint(x=-5, z=5)", "release_tick": 4}, {"event": "replan_requested", "reason": "agent 1 failed movement edge GridPoint(x=-5, z=6)->GridPoint(x=-5, z=5)", "replan_count": 2}, {"candidates": ["0:static", "1:2"], "conflict": ["0:static", "1:2"], "event": "assignment_rejected", "reason": "endpoint_conflict"}, {"candidates": ["0:static", "1:7"], "conflict": ["0:static", "1:7"], "event": "assignment_rejected", "reason": "endpoint_conflict"}, {"candidates": ["0:static", "1:8"], "conflict": ["0:static", "1:8"], "event": "assignment_rejected", "reason": "endpoint_conflict"}, {"candidate_cost": 1.414213562, "candidates": ["0:static", "1:0"], "event": "assignment_attempt", "trial": 1}, {"candidates": ["0:static", "1:0"], "event": "priority_feasible", "makespan": 2, "priority_order": ["0", "1"], "total_moves": 2}, {"event": "reservations_created", "horizon": 324, "micro_steps": 2, "reserved_ticks": 325}, {"assignment": {"0": "0:static", "1": "1:0"}, "event": "planning_finished", "priority_order": ["0", "1"], "status": "PLANNED"}, {"event": "visibility_look_attempt", "horizon": 24.99999237060547}, {"event": "visibility_look_attempt", "horizon": 14.999992370605469}, {"event": "visibility_look_attempt", "horizon": 4.999992370605469}, {"event": "visibility_look_attempt", "horizon": 44.99999237060547}, {"event": "visibility_look_attempt", "horizon": 54.99999237060547}, {"event": "visibility_look_attempt", "horizon": 64.99999237060547}, {"candidate": [-6, 7], "event": "candidate_excluded", "reason": "target_not_visible"}, {"event": "reservations_released", "reason": "target not visible from assigned candidate", "release_tick": 0}, {"candidates": ["0:static", "1:2"], "conflict": ["0:static", "1:2"], "event": "assignment_rejected", "reason": "endpoint_conflict"}, {"candidates": ["0:static", "1:7"], "conflict": ["0:static", "1:7"], "event": "assignment_rejected", "reason": "endpoint_conflict"}, {"candidates": ["0:static", "1:8"], "conflict": ["0:static", "1:8"], "event": "assignment_rejected", "reason": "endpoint_conflict"}, {"candidate_cost": 3.236067977, "candidates": ["0:static", "1:1"], "event": "assignment_attempt", "trial": 1}, {"candidates": ["0:static", "1:1"], "event": "priority_rejected", "priority_order": ["0", "1"], "reason": "path_or_serialization_conflict"}, {"candidate_cost": 4.414213562, "candidates": ["0:static", "1:3"], "event": "assignment_attempt", "trial": 2}, {"candidates": ["0:static", "1:3"], "event": "priority_feasible", "makespan": 2, "priority_order": ["0", "1"], "total_moves": 2}, {"event": "reservations_created", "horizon": 324, "micro_steps": 2, "reserved_ticks": 325}, {"assignment": {"0": "0:static", "1": "1:3"}, "event": "planning_finished", "priority_order": ["0", "1"], "status": "PLANNED"}, {"event": "visibility_look_attempt", "horizon": 24.999996185302734}, {"event": "visibility_look_attempt", "horizon": 14.999996185302734}, {"event": "visibility_look_attempt", "horizon": 4.999996185302734}, {"event": "visibility_look_attempt", "horizon": 44.999996185302734}, {"event": "visibility_look_attempt", "horizon": 54.999996185302734}, {"event": "visibility_look_attempt", "horizon": 64.99999618530273}, {"candidate": [-5, 6], "event": "candidate_excluded", "reason": "target_not_visible"}, {"event": "reservations_released", "reason": "target not visible from assigned candidate", "release_tick": 0}, {"candidates": ["0:static", "1:2"], "conflict": ["0:static", "1:2"], "event": "assignment_rejected", "reason": "endpoint_conflict"}, {"candidates": ["0:static", "1:7"], "conflict": ["0:static", "1:7"], "event": "assignment_rejected", "reason": "endpoint_conflict"}, {"candidates": ["0:static", "1:8"], "conflict": ["0:static", "1:8"], "event": "assignment_rejected", "reason": "endpoint_conflict"}, {"candidate_cost": 2.0, "candidates": ["0:static", "1:1"], "event": "assignment_attempt", "trial": 1}, {"candidates": ["0:static", "1:1"], "event": "priority_rejected", "priority_order": ["0", "1"], "reason": "path_or_serialization_conflict"}, {"candidate_cost": 6.236067977, "candidates": ["0:static", "1:4"], "event": "assignment_attempt", "trial": 2}, {"candidates": ["0:static", "1:4"], "event": "priority_feasible", "makespan": 3, "priority_order": ["0", "1"], "total_moves": 3}, {"event": "reservations_created", "horizon": 324, "micro_steps": 3, "reserved_ticks": 325}, {"assignment": {"0": "0:static", "1": "1:4"}, "event": "planning_finished", "priority_order": ["0", "1"], "status": "PLANNED"}, {"event": "visibility_look_attempt", "horizon": 24.999996185302734}, {"event": "visibility_look_attempt", "horizon": 14.999996185302734}, {"event": "visibility_look_attempt", "horizon": 4.999996185302734}, {"event": "visibility_look_attempt", "horizon": 44.999996185302734}, {"event": "visibility_look_attempt", "horizon": 54.999996185302734}, {"event": "visibility_look_attempt", "horizon": 64.99999618530273}, {"candidate": [-6, 8], "event": "candidate_excluded", "reason": "target_not_visible"}, {"event": "reservations_released", "reason": "target not visible from assigned candidate", "release_tick": 0}, {"candidates": ["0:static", "1:2"], "conflict": ["0:static", "1:2"], "event": "assignment_rejected", "reason": "endpoint_conflict"}, {"candidates": ["0:static", "1:7"], "conflict": ["0:static", "1:7"], "event": "assignment_rejected", "reason": "endpoint_conflict"}, {"candidates": ["0:static", "1:8"], "conflict": ["0:static", "1:8"], "event": "assignment_rejected", "reason": "endpoint_conflict"}, {"candidate_cost": 4.16227766, "candidates": ["0:static", "1:1"], "event": "assignment_attempt", "trial": 1}, {"candidates": ["0:static", "1:1"], "event": "priority_rejected", "priority_order": ["0", "1"], "reason": "path_or_serialization_conflict"}, {"candidate_cost": 7.414213562, "candidates": ["0:static", "1:6"], "event": "assignment_attempt", "trial": 2}, {"candidates": ["0:static", "1:6"], "event": "priority_feasible", "makespan": 2, "priority_order": ["0", "1"], "total_moves": 2}, {"event": "reservations_created", "horizon": 324, "micro_steps": 2, "reserved_ticks": 325}, {"assignment": {"0": "0:static", "1": "1:6"}, "event": "planning_finished", "priority_order": ["0", "1"], "status": "PLANNED"}, {"event": "visibility_look_attempt", "horizon": 25.0}, {"event": "visibility_look_attempt", "horizon": 15.0}, {"event": "visibility_look_attempt", "horizon": 5.0}, {"event": "visibility_look_attempt", "horizon": 45.0}, {"event": "visibility_look_attempt", "horizon": 55.0}, {"event": "visibility_look_attempt", "horizon": 65.0}, {"candidate": [-5, 7], "event": "candidate_excluded", "reason": "target_not_visible"}, {"event": "reservations_released", "reason": "target not visible from assigned candidate", "release_tick": 0}, {"candidates": ["0:static", "1:2"], "conflict": ["0:static", "1:2"], "event": "assignment_rejected", "reason": "endpoint_conflict"}, {"candidates": ["0:static", "1:7"], "conflict": ["0:static", "1:7"], "event": "assignment_rejected", "reason": "endpoint_conflict"}, {"candidates": ["0:static", "1:8"], "conflict": ["0:static", "1:8"], "event": "assignment_rejected", "reason": "endpoint_conflict"}, {"candidate_cost": 3.0, "candidates": ["0:static", "1:1"], "event": "assignment_attempt", "trial": 1}, {"candidates": ["0:static", "1:1"], "event": "priority_rejected", "priority_order": ["0", "1"], "reason": "path_or_serialization_conflict"}, {"candidate_cost": 9.0, "candidates": ["0:static", "1:5"], "event": "assignment_attempt", "trial": 2}, {"candidates": ["0:static", "1:5"], "event": "priority_feasible", "makespan": 40, "priority_order": ["0", "1"], "total_moves": 40}, {"event": "reservations_created", "horizon": 324, "micro_steps": 40, "reserved_ticks": 325}, {"assignment": {"0": "0:static", "1": "1:5"}, "event": "planning_finished", "priority_order": ["0", "1"], "status": "PLANNED"}, {"event": "reservations_released", "reason": "agent 1 failed movement edge GridPoint(x=-3, z=6)->GridPoint(x=-3, z=5)", "release_tick": 3}, {"event": "replan_requested", "reason": "agent 1 failed movement edge GridPoint(x=-3, z=6)->GridPoint(x=-3, z=5)", "replan_count": 3}, {"candidates": ["0:static", "1:2"], "conflict": ["0:static", "1:2"], "event": "assignment_rejected", "reason": "endpoint_conflict"}, {"candidates": ["0:static", "1:7"], "conflict": ["0:static", "1:7"], "event": "assignment_rejected", "reason": "endpoint_conflict"}, {"candidates": ["0:static", "1:8"], "conflict": ["0:static", "1:8"], "event": "assignment_rejected", "reason": "endpoint_conflict"}, {"candidate_cost": 3.236067977, "candidates": ["0:static", "1:1"], "event": "assignment_attempt", "trial": 1}, {"candidates": ["0:static", "1:1"], "event": "priority_rejected", "priority_order": ["0", "1"], "reason": "path_or_serialization_conflict"}, {"candidate_cost": 8.605551275, "candidates": ["0:static", "1:5"], "event": "assignment_attempt", "trial": 2}, {"candidates": ["0:static", "1:5"], "event": "priority_feasible", "makespan": 37, "priority_order": ["0", "1"], "total_moves": 37}, {"event": "reservations_created", "horizon": 324, "micro_steps": 37, "reserved_ticks": 325}, {"assignment": {"0": "0:static", "1": "1:5"}, "event": "planning_finished", "priority_order": ["0", "1"], "status": "PLANNED"}, {"event": "reservations_released", "reason": "agent 1 failed movement edge GridPoint(x=-5, z=2)->GridPoint(x=-5, z=3)", "release_tick": 36}, {"event": "replan_requested", "reason": "agent 1 failed movement edge GridPoint(x=-5, z=2)->GridPoint(x=-5, z=3)", "replan_count": 4}, {"candidates": ["0:static", "1:2"], "conflict": ["0:static", "1:2"], "event": "assignment_rejected", "reason": "endpoint_conflict"}, {"candidates": ["0:static", "1:7"], "conflict": ["0:static", "1:7"], "event": "assignment_rejected", "reason": "endpoint_conflict"}, {"candidates": ["0:static", "1:8"], "conflict": ["0:static", "1:8"], "event": "assignment_rejected", "reason": "endpoint_conflict"}, {"candidate_cost": 4.0, "candidates": ["0:static", "1:1"], "event": "assignment_attempt", "trial": 1}, {"candidates": ["0:static", "1:1"], "event": "priority_rejected", "priority_order": ["0", "1"], "reason": "path_or_serialization_conflict"}, {"candidate_cost": 6.0, "candidates": ["0:static", "1:5"], "event": "assignment_attempt", "trial": 2}, {"candidates": ["0:static", "1:5"], "event": "priority_rejected", "priority_order": ["0", "1"], "reason": "path_or_serialization_conflict"}, {"candidate_cost": 13.123105626, "candidates": ["0:static", "1:9"], "event": "assignment_attempt", "trial": 3}, {"candidates": ["0:static", "1:9"], "event": "priority_feasible", "makespan": 37, "priority_order": ["0", "1"], "total_moves": 37}, {"event": "reservations_created", "horizon": 324, "micro_steps": 37, "reserved_ticks": 325}, {"assignment": {"0": "0:static", "1": "1:9"}, "event": "planning_finished", "priority_order": ["0", "1"], "status": "PLANNED"}, {"event": "visibility_look_attempt", "horizon": 24.999996185302734}, {"event": "visibility_look_attempt", "horizon": 14.999996185302734}, {"event": "visibility_look_attempt", "horizon": 4.999996185302734}, {"event": "visibility_look_attempt", "horizon": 44.999996185302734}, {"event": "visibility_look_attempt", "horizon": 54.999996185302734}, {"event": "visibility_look_attempt", "horizon": 64.99999618530273}, {"candidate": [-4, 6], "event": "candidate_excluded", "reason": "target_not_visible"}, {"event": "reservations_released", "reason": "target not visible from assigned candidate", "release_tick": 0}, {"candidates": ["0:static", "1:2"], "conflict": ["0:static", "1:2"], "event": "assignment_rejected", "reason": "endpoint_conflict"}, {"candidates": ["0:static", "1:7"], "conflict": ["0:static", "1:7"], "event": "assignment_rejected", "reason": "endpoint_conflict"}, {"candidates": ["0:static", "1:8"], "conflict": ["0:static", "1:8"], "event": "assignment_rejected", "reason": "endpoint_conflict"}, {"candidate_cost": 2.414213562, "candidates": ["0:static", "1:1"], "event": "assignment_attempt", "trial": 1}, {"candidates": ["0:static", "1:1"], "event": "priority_rejected", "priority_order": ["0", "1"], "reason": "path_or_serialization_conflict"}, {"candidate_cost": 8.16227766, "candidates": ["0:static", "1:5"], "event": "assignment_attempt", "trial": 2}, {"candidates": ["0:static", "1:5"], "event": "priority_rejected", "priority_order": ["0", "1"], "reason": "path_or_serialization_conflict"}, {"assignment_trials": 2, "event": "planning_finished", "priority_attempts": 2, "status": "NO_PLAN_FOUND"}, {"candidates": ["0:static", "1:2"], "conflict": ["0:static", "1:2"], "event": "assignment_rejected", "reason": "endpoint_conflict"}, {"candidates": ["0:static", "1:7"], "conflict": ["0:static", "1:7"], "event": "assignment_rejected", "reason": "endpoint_conflict"}, {"candidates": ["0:static", "1:8"], "conflict": ["0:static", "1:8"], "event": "assignment_rejected", "reason": "endpoint_conflict"}, {"candidate_cost": 2.414213562, "candidates": ["0:static", "1:1"], "event": "assignment_attempt", "trial": 1}, {"candidates": ["0:static", "1:1"], "event": "priority_rejected", "priority_order": ["0", "1"], "reason": "path_or_serialization_conflict"}, {"candidate_cost": 8.16227766, "candidates": ["0:static", "1:5"], "event": "assignment_attempt", "trial": 2}, {"candidates": ["0:static", "1:5"], "event": "priority_rejected", "priority_order": ["0", "1"], "reason": "path_or_serialization_conflict"}, {"assignment_trials": 2, "event": "planning_finished", "priority_attempts": 2, "status": "NO_PLAN_FOUND"}, {"event": "parking_recovery_attempted", "parking_agent_ids": [0]}, {"candidate_cost": 19.384776311, "candidates": ["0:parking:0", "1:1"], "event": "assignment_attempt", "trial": 1}, {"candidates": ["0:parking:0", "1:1"], "event": "priority_feasible", "makespan": 24, "priority_order": ["0", "1"], "total_moves": 26}, {"candidates": ["0:parking:0", "1:1"], "event": "priority_rejected", "priority_order": ["1", "0"], "reason": "path_or_serialization_conflict"}, {"event": "reservations_created", "horizon": 324, "micro_steps": 26, "reserved_ticks": 325}, {"assignment": {"0": "0:parking:0", "1": "1:1"}, "event": "planning_finished", "priority_order": ["0", "1"], "status": "PLANNED"}, {"assignments": {"0": [8, -8]}, "event": "parking_assignment"}, {"event": "visibility_look_attempt", "horizon": 24.999996185302734}, {"event": "visibility_look_attempt", "horizon": 14.999996185302734}, {"event": "visibility_look_attempt", "horizon": 4.999996185302734}, {"event": "visibility_look_attempt", "horizon": 44.999996185302734}, {"event": "visibility_look_attempt", "horizon": 54.999996185302734}, {"event": "visibility_look_attempt", "horizon": 64.99999618530273}, {"candidate": [-5, 5], "event": "candidate_excluded", "reason": "target_not_visible"}, {"event": "reservations_released", "reason": "target not visible from assigned candidate", "release_tick": 0}, {"candidate_cost": 3.0, "candidates": ["0:parking:0", "1:2"], "event": "assignment_attempt", "trial": 1}, {"candidates": ["0:parking:0", "1:2"], "event": "priority_feasible", "makespan": 1, "priority_order": ["0", "1"], "total_moves": 1}, {"candidates": ["0:parking:0", "1:2"], "event": "priority_feasible", "makespan": 1, "priority_order": ["1", "0"], "total_moves": 1}, {"event": "reservations_created", "horizon": 324, "micro_steps": 1, "reserved_ticks": 325}, {"assignment": {"0": "0:parking:0", "1": "1:2"}, "event": "planning_finished", "priority_order": ["0", "1"], "status": "PLANNED"}, {"assignments": {"0": [8, -8]}, "event": "parking_assignment"}, {"event": "visibility_look_attempt", "horizon": 24.999996185302734}, {"event": "visibility_look_attempt", "horizon": 14.999996185302734}, {"event": "visibility_look_attempt", "horizon": 4.999996185302734}, {"event": "visibility_look_attempt", "horizon": 44.999996185302734}, {"event": "visibility_look_attempt", "horizon": 54.999996185302734}, {"event": "visibility_look_attempt", "horizon": 64.99999618530273}, {"candidate": [-5, 4], "event": "candidate_excluded", "reason": "target_not_visible"}, {"event": "reservations_released", "reason": "target not visible from assigned candidate", "release_tick": 0}, {"candidate_cost": 6.0, "candidates": ["0:parking:0", "1:5"], "event": "assignment_attempt", "trial": 1}, {"candidates": ["0:parking:0", "1:5"], "event": "priority_feasible", "makespan": 1, "priority_order": ["0", "1"], "total_moves": 1}, {"candidates": ["0:parking:0", "1:5"], "event": "priority_feasible", "makespan": 1, "priority_order": ["1", "0"], "total_moves": 1}, {"event": "reservations_created", "horizon": 324, "micro_steps": 1, "reserved_ticks": 325}, {"assignment": {"0": "0:parking:0", "1": "1:5"}, "event": "planning_finished", "priority_order": ["0", "1"], "status": "PLANNED"}, {"assignments": {"0": [8, -8]}, "event": "parking_assignment"}, {"event": "visibility_look_attempt", "horizon": 24.999996185302734}, {"event": "visibility_look_attempt", "horizon": 14.999996185302734}, {"event": "visibility_look_attempt", "horizon": 4.999996185302734}, {"event": "visibility_look_attempt", "horizon": 44.999996185302734}, {"event": "visibility_look_attempt", "horizon": 54.999996185302734}, {"event": "visibility_look_attempt", "horizon": 64.99999618530273}, {"candidate": [-5, 3], "event": "candidate_excluded", "reason": "target_not_visible"}, {"event": "reservations_released", "reason": "target not visible from assigned candidate", "release_tick": 0}, {"candidate_cost": 9.236067977, "candidates": ["0:parking:0", "1:7"], "event": "assignment_attempt", "trial": 1}, {"candidates": ["0:parking:0", "1:7"], "event": "priority_feasible", "makespan": 3, "priority_order": ["0", "1"], "total_moves": 3}, {"candidates": ["0:parking:0", "1:7"], "event": "priority_feasible", "makespan": 3, "priority_order": ["1", "0"], "total_moves": 3}, {"event": "reservations_created", "horizon": 324, "micro_steps": 3, "reserved_ticks": 325}, {"assignment": {"0": "0:parking:0", "1": "1:7"}, "event": "planning_finished", "priority_order": ["0", "1"], "status": "PLANNED"}, {"assignments": {"0": [8, -8]}, "event": "parking_assignment"}, {"event": "visibility_look_attempt", "horizon": 25.0}, {"event": "visibility_look_attempt", "horizon": 15.0}, {"event": "visibility_look_attempt", "horizon": 5.0}, {"event": "visibility_look_attempt", "horizon": 45.0}, {"event": "visibility_look_attempt", "horizon": 55.0}, {"event": "visibility_look_attempt", "horizon": 65.0}, {"candidate": [-4, 5], "event": "candidate_excluded", "reason": "target_not_visible"}, {"event": "reservations_released", "reason": "target not visible from assigned candidate", "release_tick": 0}, {"candidate_cost": 9.0, "candidates": ["0:parking:0", "1:8"], "event": "assignment_attempt", "trial": 1}, {"candidates": ["0:parking:0", "1:8"], "event": "priority_feasible", "makespan": 1, "priority_order": ["0", "1"], "total_moves": 1}, {"candidates": ["0:parking:0", "1:8"], "event": "priority_feasible", "makespan": 1, "priority_order": ["1", "0"], "total_moves": 1}, {"event": "reservations_created", "horizon": 324, "micro_steps": 1, "reserved_ticks": 325}, {"assignment": {"0": "0:parking:0", "1": "1:8"}, "event": "planning_finished", "priority_order": ["0", "1"], "status": "PLANNED"}, {"assignments": {"0": [8, -8]}, "event": "parking_assignment"}, {"event": "visibility_look_attempt", "horizon": 25.0}, {"event": "visibility_look_attempt", "horizon": 15.0}, {"event": "visibility_look_attempt", "horizon": 5.0}, {"event": "visibility_look_attempt", "horizon": 45.0}, {"event": "visibility_look_attempt", "horizon": 55.0}, {"event": "visibility_look_attempt", "horizon": 65.0}, {"candidate": [-4, 4], "event": "candidate_excluded", "reason": "target_not_visible"}, {"added": 20, "event": "candidate_expansion", "limit": 30}, {"event": "reservations_released", "reason": "target not visible from assigned candidate", "release_tick": 0}, {"candidate_cost": 12.236067977, "candidates": ["0:parking:0", "1:10"], "event": "assignment_attempt", "trial": 1}, {"candidates": ["0:parking:0", "1:10"], "event": "priority_feasible", "makespan": 3, "priority_order": ["0", "1"], "total_moves": 3}, {"candidates": ["0:parking:0", "1:10"], "event": "priority_feasible", "makespan": 3, "priority_order": ["1", "0"], "total_moves": 3}, {"event": "reservations_created", "horizon": 324, "micro_steps": 3, "reserved_ticks": 325}, {"assignment": {"0": "0:parking:0", "1": "1:10"}, "event": "planning_finished", "priority_order": ["0", "1"], "status": "PLANNED"}, {"assignments": {"0": [8, -8]}, "event": "parking_assignment"}, {"event": "visibility_look_attempt", "horizon": 24.99999237060547}, {"event": "visibility_look_attempt", "horizon": 14.999992370605469}, {"event": "visibility_look_attempt", "horizon": 4.999992370605469}, {"event": "visibility_look_attempt", "horizon": 44.99999237060547}, {"event": "visibility_look_attempt", "horizon": 54.99999237060547}, {"event": "visibility_look_attempt", "horizon": 64.99999237060547}, {"candidate": [-5, 2], "event": "candidate_excluded", "reason": "target_not_visible"}, {"event": "reservations_released", "reason": "target not visible from assigned candidate", "release_tick": 0}, {"candidate_cost": 13.414213562, "candidates": ["0:parking:0", "1:12"], "event": "assignment_attempt", "trial": 1}, {"candidates": ["0:parking:0", "1:12"], "event": "priority_feasible", "makespan": 2, "priority_order": ["0", "1"], "total_moves": 2}, {"candidates": ["0:parking:0", "1:12"], "event": "priority_feasible", "makespan": 2, "priority_order": ["1", "0"], "total_moves": 2}, {"event": "reservations_created", "horizon": 324, "micro_steps": 2, "reserved_ticks": 325}, {"assignment": {"0": "0:parking:0", "1": "1:12"}, "event": "planning_finished", "priority_order": ["0", "1"], "status": "PLANNED"}, {"assignments": {"0": [8, -8]}, "event": "parking_assignment"}, {"event": "visibility_look_attempt", "horizon": 24.99999237060547}, {"event": "visibility_look_attempt", "horizon": 14.999992370605469}, {"event": "visibility_look_attempt", "horizon": 4.999992370605469}, {"event": "visibility_look_attempt", "horizon": 44.99999237060547}, {"event": "visibility_look_attempt", "horizon": 54.99999237060547}, {"event": "visibility_look_attempt", "horizon": 64.99999237060547}, {"candidate": [-4, 3], "event": "candidate_excluded", "reason": "target_not_visible"}, {"event": "reservations_released", "reason": "target not visible from assigned candidate", "release_tick": 0}, {"candidate_cost": 16.0, "candidates": ["0:parking:0", "1:15"], "event": "assignment_attempt", "trial": 1}, {"candidates": ["0:parking:0", "1:15"], "event": "priority_feasible", "makespan": 1, "priority_order": ["0", "1"], "total_moves": 1}, {"candidates": ["0:parking:0", "1:15"], "event": "priority_feasible", "makespan": 1, "priority_order": ["1", "0"], "total_moves": 1}, {"event": "reservations_created", "horizon": 324, "micro_steps": 1, "reserved_ticks": 325}, {"assignment": {"0": "0:parking:0", "1": "1:15"}, "event": "planning_finished", "priority_order": ["0", "1"], "status": "PLANNED"}, {"assignments": {"0": [8, -8]}, "event": "parking_assignment"}, {"event": "visibility_look_attempt", "horizon": 24.999996185302734}, {"event": "visibility_look_attempt", "horizon": 14.999996185302734}, {"event": "visibility_look_attempt", "horizon": 4.999996185302734}, {"event": "visibility_look_attempt", "horizon": 44.999996185302734}, {"event": "visibility_look_attempt", "horizon": 54.999996185302734}, {"event": "visibility_look_attempt", "horizon": 64.99999618530273}, {"candidate": [-4, 2], "event": "candidate_excluded", "reason": "target_not_visible"}, {"event": "reservations_released", "reason": "target not visible from assigned candidate", "release_tick": 0}, {"candidate_cost": 15.414213562, "candidates": ["0:parking:0", "1:14"], "event": "assignment_attempt", "trial": 1}, {"candidates": ["0:parking:0", "1:14"], "event": "priority_feasible", "makespan": 2, "priority_order": ["0", "1"], "total_moves": 2}, {"candidates": ["0:parking:0", "1:14"], "event": "priority_feasible", "makespan": 2, "priority_order": ["1", "0"], "total_moves": 2}, {"event": "reservations_created", "horizon": 324, "micro_steps": 2, "reserved_ticks": 325}, {"assignment": {"0": "0:parking:0", "1": "1:14"}, "event": "planning_finished", "priority_order": ["0", "1"], "status": "PLANNED"}, {"assignments": {"0": [8, -8]}, "event": "parking_assignment"}, {"event": "visibility_look_attempt", "horizon": 24.999996185302734}, {"event": "visibility_look_attempt", "horizon": 14.999996185302734}, {"event": "visibility_look_attempt", "horizon": 4.999996185302734}, {"event": "visibility_look_attempt", "horizon": 44.999996185302734}, {"event": "visibility_look_attempt", "horizon": 54.999996185302734}, {"event": "visibility_look_attempt", "horizon": 64.99999618530273}, {"candidate": [-5, 1], "event": "candidate_excluded", "reason": "target_not_visible"}, {"event": "reservations_released", "reason": "target not visible from assigned candidate", "release_tick": 0}, {"candidate_cost": 18.0, "candidates": ["0:parking:0", "1:11"], "event": "assignment_attempt", "trial": 1}, {"candidates": ["0:parking:0", "1:11"], "event": "priority_feasible", "makespan": 9, "priority_order": ["0", "1"], "total_moves": 9}, {"candidates": ["0:parking:0", "1:11"], "event": "priority_feasible", "makespan": 9, "priority_order": ["1", "0"], "total_moves": 9}, {"event": "reservations_created", "horizon": 324, "micro_steps": 9, "reserved_ticks": 325}, {"assignment": {"0": "0:parking:0", "1": "1:11"}, "event": "planning_finished", "priority_order": ["0", "1"], "status": "PLANNED"}, {"assignments": {"0": [8, -8]}, "event": "parking_assignment"}, {"event": "visibility_look_attempt", "horizon": 24.99999237060547}, {"event": "visibility_look_attempt", "horizon": 14.999992370605469}, {"event": "visibility_look_attempt", "horizon": 4.999992370605469}, {"event": "visibility_look_attempt", "horizon": 44.99999237060547}, {"event": "visibility_look_attempt", "horizon": 54.99999237060547}, {"event": "visibility_look_attempt", "horizon": 64.99999237060547}, {"candidate": [-5, 8], "event": "candidate_excluded", "reason": "target_not_visible"}, {"event": "reservations_released", "reason": "target not visible from assigned candidate", "release_tick": 0}, {"candidate_cost": 14.414213562, "candidates": ["0:parking:0", "1:13"], "event": "assignment_attempt", "trial": 1}, {"candidates": ["0:parking:0", "1:13"], "event": "priority_feasible", "makespan": 2, "priority_order": ["0", "1"], "total_moves": 2}, {"candidates": ["0:parking:0", "1:13"], "event": "priority_feasible", "makespan": 2, "priority_order": ["1", "0"], "total_moves": 2}, {"event": "reservations_created", "horizon": 324, "micro_steps": 2, "reserved_ticks": 325}, {"assignment": {"0": "0:parking:0", "1": "1:13"}, "event": "planning_finished", "priority_order": ["0", "1"], "status": "PLANNED"}, {"assignments": {"0": [8, -8]}, "event": "parking_assignment"}, {"event": "visibility_look_attempt", "horizon": 24.99999237060547}, {"event": "visibility_look_attempt", "horizon": 14.999992370605469}, {"event": "visibility_look_attempt", "horizon": 4.999992370605469}, {"event": "visibility_look_attempt", "horizon": 44.99999237060547}, {"event": "visibility_look_attempt", "horizon": 54.99999237060547}, {"event": "visibility_look_attempt", "horizon": 64.99999237060547}, {"candidate": [-4, 7], "event": "candidate_excluded", "reason": "target_not_visible"}, {"event": "reservations_released", "reason": "target not visible from assigned candidate", "release_tick": 0}, {"candidate_cost": 17.0, "candidates": ["0:parking:0", "1:16"], "event": "assignment_attempt", "trial": 1}, {"candidates": ["0:parking:0", "1:16"], "event": "priority_feasible", "makespan": 1, "priority_order": ["0", "1"], "total_moves": 1}, {"candidates": ["0:parking:0", "1:16"], "event": "priority_feasible", "makespan": 1, "priority_order": ["1", "0"], "total_moves": 1}, {"event": "reservations_created", "horizon": 324, "micro_steps": 1, "reserved_ticks": 325}, {"assignment": {"0": "0:parking:0", "1": "1:16"}, "event": "planning_finished", "priority_order": ["0", "1"], "status": "PLANNED"}, {"assignments": {"0": [8, -8]}, "event": "parking_assignment"}, {"event": "visibility_look_attempt", "horizon": 24.999996185302734}, {"event": "visibility_look_attempt", "horizon": 14.999996185302734}, {"event": "visibility_look_attempt", "horizon": 4.999996185302734}, {"event": "visibility_look_attempt", "horizon": 44.999996185302734}, {"event": "visibility_look_attempt", "horizon": 54.999996185302734}, {"event": "visibility_look_attempt", "horizon": 64.99999618530273}, {"candidate": [-4, 8], "event": "candidate_excluded", "reason": "target_not_visible"}, {"event": "reservations_released", "reason": "target not visible from assigned candidate", "release_tick": 0}, {"candidate_cost": 20.16227766, "candidates": ["0:parking:0", "1:17"], "event": "assignment_attempt", "trial": 1}, {"candidates": ["0:parking:0", "1:17"], "event": "priority_feasible", "makespan": 4, "priority_order": ["0", "1"], "total_moves": 4}, {"candidates": ["0:parking:0", "1:17"], "event": "priority_feasible", "makespan": 4, "priority_order": ["1", "0"], "total_moves": 4}, {"event": "reservations_created", "horizon": 324, "micro_steps": 4, "reserved_ticks": 325}, {"assignment": {"0": "0:parking:0", "1": "1:17"}, "event": "planning_finished", "priority_order": ["0", "1"], "status": "PLANNED"}, {"assignments": {"0": [8, -8]}, "event": "parking_assignment"}, {"event": "visibility_look_attempt", "horizon": 24.99999237060547}, {"event": "visibility_look_attempt", "horizon": 14.999992370605469}, {"event": "visibility_look_attempt", "horizon": 4.999992370605469}, {"event": "visibility_look_attempt", "horizon": 44.99999237060547}, {"event": "visibility_look_attempt", "horizon": 54.99999237060547}, {"event": "visibility_look_attempt", "horizon": 64.99999237060547}, {"candidate": [-3, 5], "event": "candidate_excluded", "reason": "target_not_visible"}, {"event": "reservations_released", "reason": "target not visible from assigned candidate", "release_tick": 0}, {"candidate_cost": 19.0, "candidates": ["0:parking:0", "1:18"], "event": "assignment_attempt", "trial": 1}, {"candidates": ["0:parking:0", "1:18"], "event": "priority_feasible", "makespan": 1, "priority_order": ["0", "1"], "total_moves": 1}, {"candidates": ["0:parking:0", "1:18"], "event": "priority_feasible", "makespan": 1, "priority_order": ["1", "0"], "total_moves": 1}, {"event": "reservations_created", "horizon": 324, "micro_steps": 1, "reserved_ticks": 325}, {"assignment": {"0": "0:parking:0", "1": "1:18"}, "event": "planning_finished", "priority_order": ["0", "1"], "status": "PLANNED"}, {"assignments": {"0": [8, -8]}, "event": "parking_assignment"}, {"event": "visibility_look_attempt", "horizon": 24.999996185302734}, {"event": "visibility_look_attempt", "horizon": 14.999996185302734}, {"event": "visibility_look_attempt", "horizon": 4.999996185302734}, {"event": "visibility_look_attempt", "horizon": 44.999996185302734}, {"event": "visibility_look_attempt", "horizon": 54.999996185302734}, {"event": "visibility_look_attempt", "horizon": 64.99999618530273}, {"candidate": [-3, 6], "event": "candidate_excluded", "reason": "target_not_visible"}, {"event": "reservations_released", "reason": "target not visible from assigned candidate", "release_tick": 0}, {"candidate_cost": 20.0, "candidates": ["0:parking:0", "1:19"], "event": "assignment_attempt", "trial": 1}, {"candidates": ["0:parking:0", "1:19"], "event": "priority_feasible", "makespan": 1, "priority_order": ["0", "1"], "total_moves": 1}, {"candidates": ["0:parking:0", "1:19"], "event": "priority_feasible", "makespan": 1, "priority_order": ["1", "0"], "total_moves": 1}, {"event": "reservations_created", "horizon": 324, "micro_steps": 1, "reserved_ticks": 325}, {"assignment": {"0": "0:parking:0", "1": "1:19"}, "event": "planning_finished", "priority_order": ["0", "1"], "status": "PLANNED"}, {"assignments": {"0": [8, -8]}, "event": "parking_assignment"}, {"event": "visibility_look_attempt", "horizon": 24.999988555908203}, {"event": "visibility_look_attempt", "horizon": 14.999988555908203}, {"event": "visibility_look_attempt", "horizon": 4.999988555908203}, {"event": "visibility_look_attempt", "horizon": 44.9999885559082}, {"event": "visibility_look_attempt", "horizon": 54.9999885559082}, {"event": "visibility_look_attempt", "horizon": 64.9999885559082}, {"candidate": [-3, 7], "event": "candidate_excluded", "reason": "target_not_visible"}, {"event": "reservations_released", "reason": "target not visible from assigned candidate", "release_tick": 0}, {"candidate_cost": 23.0, "candidates": ["0:parking:0", "1:22"], "event": "assignment_attempt", "trial": 1}, {"candidates": ["0:parking:0", "1:22"], "event": "priority_feasible", "makespan": 1, "priority_order": ["0", "1"], "total_moves": 1}, {"candidates": ["0:parking:0", "1:22"], "event": "priority_feasible", "makespan": 1, "priority_order": ["1", "0"], "total_moves": 1}, {"event": "reservations_created", "horizon": 324, "micro_steps": 1, "reserved_ticks": 325}, {"assignment": {"0": "0:parking:0", "1": "1:22"}, "event": "planning_finished", "priority_order": ["0", "1"], "status": "PLANNED"}, {"assignments": {"0": [8, -8]}, "event": "parking_assignment"}, {"event": "visibility_look_attempt", "horizon": 24.999996185302734}, {"event": "visibility_look_attempt", "horizon": 14.999996185302734}, {"event": "visibility_look_attempt", "horizon": 4.999996185302734}, {"event": "visibility_look_attempt", "horizon": 44.999996185302734}, {"event": "visibility_look_attempt", "horizon": 54.999996185302734}, {"event": "visibility_look_attempt", "horizon": 64.99999618530273}, {"candidate": [-3, 8], "event": "candidate_excluded", "reason": "target_not_visible"}, {"event": "reservations_released", "reason": "target not visible from assigned candidate", "release_tick": 0}, {"candidate_cost": 26.16227766, "candidates": ["0:parking:0", "1:23"], "event": "assignment_attempt", "trial": 1}, {"candidates": ["0:parking:0", "1:23"], "event": "priority_feasible", "makespan": 4, "priority_order": ["0", "1"], "total_moves": 4}, {"candidates": ["0:parking:0", "1:23"], "event": "priority_feasible", "makespan": 4, "priority_order": ["1", "0"], "total_moves": 4}, {"event": "reservations_created", "horizon": 324, "micro_steps": 4, "reserved_ticks": 325}, {"assignment": {"0": "0:parking:0", "1": "1:23"}, "event": "planning_finished", "priority_order": ["0", "1"], "status": "PLANNED"}, {"assignments": {"0": [8, -8]}, "event": "parking_assignment"}, {"event": "visibility_look_attempt", "horizon": 24.999996185302734}, {"event": "visibility_look_attempt", "horizon": 14.999996185302734}, {"event": "visibility_look_attempt", "horizon": 4.999996185302734}, {"event": "visibility_look_attempt", "horizon": 44.999996185302734}, {"event": "visibility_look_attempt", "horizon": 54.999996185302734}, {"event": "visibility_look_attempt", "horizon": 64.99999618530273}, {"candidate": [-2, 5], "event": "candidate_excluded", "reason": "target_not_visible"}, {"event": "reservations_released", "reason": "target not visible from assigned candidate", "release_tick": 0}, {"candidate_cost": 24.472135955, "candidates": ["0:parking:0", "1:20"], "event": "assignment_attempt", "trial": 1}, {"candidates": ["0:parking:0", "1:20"], "event": "priority_feasible", "makespan": 8, "priority_order": ["0", "1"], "total_moves": 8}, {"candidates": ["0:parking:0", "1:20"], "event": "priority_feasible", "makespan": 8, "priority_order": ["1", "0"], "total_moves": 8}, {"event": "reservations_created", "horizon": 324, "micro_steps": 8, "reserved_ticks": 325}, {"assignment": {"0": "0:parking:0", "1": "1:20"}, "event": "planning_finished", "priority_order": ["0", "1"], "status": "PLANNED"}, {"assignments": {"0": [8, -8]}, "event": "parking_assignment"}, {"event": "visibility_look_attempt", "horizon": 24.99999237060547}, {"event": "visibility_look_attempt", "horizon": 14.999992370605469}, {"event": "visibility_look_attempt", "horizon": 4.999992370605469}, {"event": "visibility_look_attempt", "horizon": 44.99999237060547}, {"event": "visibility_look_attempt", "horizon": 54.99999237060547}, {"event": "visibility_look_attempt", "horizon": 64.99999237060547}, {"candidate": [-4, 1], "event": "candidate_excluded", "reason": "target_not_visible"}, {"event": "reservations_released", "reason": "target not visible from assigned candidate", "release_tick": 0}, {"candidate_cost": 22.414213562, "candidates": ["0:parking:0", "1:21"], "event": "assignment_attempt", "trial": 1}, {"candidates": ["0:parking:0", "1:21"], "event": "priority_feasible", "makespan": 2, "priority_order": ["0", "1"], "total_moves": 2}, {"candidates": ["0:parking:0", "1:21"], "event": "priority_feasible", "makespan": 2, "priority_order": ["1", "0"], "total_moves": 2}, {"event": "reservations_created", "horizon": 324, "micro_steps": 2, "reserved_ticks": 325}, {"assignment": {"0": "0:parking:0", "1": "1:21"}, "event": "planning_finished", "priority_order": ["0", "1"], "status": "PLANNED"}, {"assignments": {"0": [8, -8]}, "event": "parking_assignment"}, {"event": "visibility_look_attempt", "horizon": 24.999996185302734}, {"event": "visibility_look_attempt", "horizon": 14.999996185302734}, {"event": "visibility_look_attempt", "horizon": 4.999996185302734}, {"event": "visibility_look_attempt", "horizon": 44.999996185302734}, {"event": "visibility_look_attempt", "horizon": 54.999996185302734}, {"event": "visibility_look_attempt", "horizon": 64.99999618530273}, {"candidate": [-5, 0], "event": "candidate_excluded", "reason": "target_not_visible"}, {"event": "reservations_released", "reason": "target not visible from assigned candidate", "release_tick": 0}, {"candidate_cost": 27.0, "candidates": ["0:parking:0", "1:26"], "event": "assignment_attempt", "trial": 1}, {"candidates": ["0:parking:0", "1:26"], "event": "priority_feasible", "makespan": 1, "priority_order": ["0", "1"], "total_moves": 1}, {"candidates": ["0:parking:0", "1:26"], "event": "priority_feasible", "makespan": 1, "priority_order": ["1", "0"], "total_moves": 1}, {"event": "reservations_created", "horizon": 324, "micro_steps": 1, "reserved_ticks": 325}, {"assignment": {"0": "0:parking:0", "1": "1:26"}, "event": "planning_finished", "priority_order": ["0", "1"], "status": "PLANNED"}, {"assignments": {"0": [8, -8]}, "event": "parking_assignment"}, {"event": "visibility_look_attempt", "horizon": 25.0}, {"event": "visibility_look_attempt", "horizon": 15.0}, {"event": "visibility_look_attempt", "horizon": 5.0}, {"event": "visibility_look_attempt", "horizon": 45.0}, {"event": "visibility_look_attempt", "horizon": 55.0}, {"event": "visibility_look_attempt", "horizon": 65.0}, {"candidate": [-4, 0], "event": "candidate_excluded", "reason": "target_not_visible"}, {"event": "reservations_released", "reason": "target not visible from assigned candidate", "release_tick": 0}, {"candidate_cost": 28.414213562, "candidates": ["0:parking:0", "1:27"], "event": "assignment_attempt", "trial": 1}, {"candidates": ["0:parking:0", "1:27"], "event": "priority_feasible", "makespan": 2, "priority_order": ["0", "1"], "total_moves": 2}, {"candidates": ["0:parking:0", "1:27"], "event": "priority_feasible", "makespan": 2, "priority_order": ["1", "0"], "total_moves": 2}, {"event": "reservations_created", "horizon": 324, "micro_steps": 2, "reserved_ticks": 325}, {"assignment": {"0": "0:parking:0", "1": "1:27"}, "event": "planning_finished", "priority_order": ["0", "1"], "status": "PLANNED"}, {"assignments": {"0": [8, -8]}, "event": "parking_assignment"}, {"event": "visibility_look_attempt", "horizon": 25.0}, {"event": "visibility_look_attempt", "horizon": 15.0}, {"event": "visibility_look_attempt", "horizon": 5.0}, {"event": "visibility_look_attempt", "horizon": 45.0}, {"event": "visibility_look_attempt", "horizon": 55.0}, {"event": "visibility_look_attempt", "horizon": 65.0}, {"candidate": [-5, -1], "event": "candidate_excluded", "reason": "target_not_visible"}, {"event": "reservations_released", "reason": "target not visible from assigned candidate", "release_tick": 0}, {"candidate_cost": 31.615773106, "candidates": ["0:parking:0", "1:24"], "event": "assignment_attempt", "trial": 1}, {"candidates": ["0:parking:0", "1:24"], "event": "priority_feasible", "makespan": 10, "priority_order": ["0", "1"], "total_moves": 10}, {"candidates": ["0:parking:0", "1:24"], "event": "priority_feasible", "makespan": 10, "priority_order": ["1", "0"], "total_moves": 10}, {"event": "reservations_created", "horizon": 324, "micro_steps": 10, "reserved_ticks": 325}, {"assignment": {"0": "0:parking:0", "1": "1:24"}, "event": "planning_finished", "priority_order": ["0", "1"], "status": "PLANNED"}, {"assignments": {"0": [8, -8]}, "event": "parking_assignment"}, {"event": "visibility_look_attempt", "horizon": 24.999996185302734}, {"event": "visibility_look_attempt", "horizon": 14.999996185302734}, {"event": "visibility_look_attempt", "horizon": 4.999996185302734}, {"event": "visibility_look_attempt", "horizon": 44.999996185302734}, {"event": "visibility_look_attempt", "horizon": 54.999996185302734}, {"event": "visibility_look_attempt", "horizon": 64.99999618530273}, {"candidate": [-2, 6], "event": "candidate_excluded", "reason": "target_not_visible"}, {"event": "reservations_released", "reason": "target not visible from assigned candidate", "release_tick": 0}, {"candidate_cost": 26.0, "candidates": ["0:parking:0", "1:25"], "event": "assignment_attempt", "trial": 1}, {"candidates": ["0:parking:0", "1:25"], "event": "priority_feasible", "makespan": 1, "priority_order": ["0", "1"], "total_moves": 1}, {"candidates": ["0:parking:0", "1:25"], "event": "priority_feasible", "makespan": 1, "priority_order": ["1", "0"], "total_moves": 1}, {"event": "reservations_created", "horizon": 324, "micro_steps": 1, "reserved_ticks": 325}, {"assignment": {"0": "0:parking:0", "1": "1:25"}, "event": "planning_finished", "priority_order": ["0", "1"], "status": "PLANNED"}, {"assignments": {"0": [8, -8]}, "event": "parking_assignment"}, {"event": "visibility_look_attempt", "horizon": 24.999996185302734}, {"event": "visibility_look_attempt", "horizon": 14.999996185302734}, {"event": "visibility_look_attempt", "horizon": 4.999996185302734}, {"event": "visibility_look_attempt", "horizon": 44.999996185302734}, {"event": "visibility_look_attempt", "horizon": 54.999996185302734}, {"event": "visibility_look_attempt", "horizon": 64.99999618530273}, {"candidate": [-2, 7], "event": "candidate_excluded", "reason": "target_not_visible"}, {"event": "reservations_released", "reason": "target not visible from assigned candidate", "release_tick": 0}, {"candidate_cost": 29.0, "candidates": ["0:parking:0", "1:28"], "event": "assignment_attempt", "trial": 1}, {"candidates": ["0:parking:0", "1:28"], "event": "priority_feasible", "makespan": 1, "priority_order": ["0", "1"], "total_moves": 1}, {"candidates": ["0:parking:0", "1:28"], "event": "priority_feasible", "makespan": 1, "priority_order": ["1", "0"], "total_moves": 1}, {"event": "reservations_created", "horizon": 324, "micro_steps": 1, "reserved_ticks": 325}, {"assignment": {"0": "0:parking:0", "1": "1:28"}, "event": "planning_finished", "priority_order": ["0", "1"], "status": "PLANNED"}, {"assignments": {"0": [8, -8]}, "event": "parking_assignment"}, {"event": "visibility_look_attempt", "horizon": 25.0}, {"event": "visibility_look_attempt", "horizon": 15.0}, {"event": "visibility_look_attempt", "horizon": 5.0}, {"event": "visibility_look_attempt", "horizon": 45.0}, {"event": "visibility_look_attempt", "horizon": 55.0}, {"event": "visibility_look_attempt", "horizon": 65.0}, {"candidate": [-2, 8], "event": "candidate_excluded", "reason": "target_not_visible"}, {"event": "reservations_released", "reason": "target not visible from assigned candidate", "release_tick": 0}, {"candidate_cost": 32.16227766, "candidates": ["0:parking:0", "1:29"], "event": "assignment_attempt", "trial": 1}, {"candidates": ["0:parking:0", "1:29"], "event": "priority_feasible", "makespan": 4, "priority_order": ["0", "1"], "total_moves": 4}, {"candidates": ["0:parking:0", "1:29"], "event": "priority_feasible", "makespan": 4, "priority_order": ["1", "0"], "total_moves": 4}, {"event": "reservations_created", "horizon": 324, "micro_steps": 4, "reserved_ticks": 325}, {"assignment": {"0": "0:parking:0", "1": "1:29"}, "event": "planning_finished", "priority_order": ["0", "1"], "status": "PLANNED"}, {"assignments": {"0": [8, -8]}, "event": "parking_assignment"}, {"event": "visibility_look_attempt", "horizon": 24.999996185302734}, {"event": "visibility_look_attempt", "horizon": 14.999996185302734}, {"event": "visibility_look_attempt", "horizon": 4.999996185302734}, {"event": "visibility_look_attempt", "horizon": 44.999996185302734}, {"event": "visibility_look_attempt", "horizon": 54.999996185302734}, {"event": "visibility_look_attempt", "horizon": 64.99999618530273}, {"candidate": [-1, 5], "event": "candidate_excluded", "reason": "target_not_visible"}, {"agent_id": 1, "event": "navigation_failed", "reason": "NO_INTERACTION_POSE: interaction target is invisible from every candidate for agent 1 target 'Egg'"}], "requested_failure_policy": "FAIL_STAGE", "robot_id": "robot2", "stage_id": "Phase 1"}, {"action_index": 3, "action_type": "PickupObject", "error": "PickupObject failed for agent 1 on Egg|-02.04|+00.81|+01.24: NullReferenceException: Target object not found within the specified visibility.. trace:   at UnityStandardAssets.Characters.FirstPerson.BaseFPSAgentController.getInteractableSimObjectFromId (System.String objectId, System.Boolean forceAction) [0x0007a] in <686694aeb00e4f03b2b15637c42c1442>:0 \n  at UnityStandardAssets.Characters.FirstPerson.PhysicsRemoteFPSAgentController.PickupObject (System.String objectId, System.Boolean forceAction, System.Boolean manualInteract) [0x00000] in <686694aeb00e4f03b2b15637c42c1442>:0 \n  at (wrapper managed-to-native) System.Reflection.MonoMethod.InternalInvoke(System.Reflection.MonoMethod,object,object[],System.Exception&)\n  at System.Reflection.MonoMethod.Invoke (System.Object obj, System.Reflection.BindingFlags invokeAttr, System.Reflection.Binder binder, System.Object[] parameters, System.Globalization.CultureInfo culture) [0x00032] in <695d1cc93cca45069c528c15c9fdd749>:0 ", "failure_decision": "skip", "failure_error_code": "action_failed", "ignored_for_failure_ratio": false, "requested_failure_policy": "FAIL_STAGE", "robot_id": "robot2", "stage_id": "Phase 1"}, {"action_index": 6, "action_type": "PutObject", "error": "Cannot PutObject for robot2: robot is not holding the requested object.", "failure_decision": "skip", "failure_error_code": "action_failed", "ignored_for_failure_ratio": false, "requested_failure_policy": "FAIL_STAGE", "robot_id": "robot2", "stage_id": "Phase 1"}, {"action_index": 7, "action_type": "GoToObject", "error": "NO_INTERACTION_POSE: interaction target is invisible from every candidate for agent 1 target 'Egg'", "failure_decision": "skip", "failure_error_code": "action_failed", "ignored_for_failure_ratio": false, "navigation_decision_trace": [{"candidate_cost": 13.0, "candidates": ["0:static", "1:1"], "event": "assignment_attempt", "trial": 1}, {"candidates": ["0:static", "1:1"], "event": "priority_feasible", "makespan": 12, "priority_order": ["0", "1"], "total_moves": 12}, {"candidate_cost": 13.0, "candidates": ["0:static", "1:2"], "event": "assignment_attempt", "trial": 2}, {"candidates": ["0:static", "1:2"], "event": "priority_feasible", "makespan": 11, "priority_order": ["0", "1"], "total_moves": 11}, {"event": "reservations_created", "horizon": 324, "micro_steps": 11, "reserved_ticks": 325}, {"assignment": {"0": "0:static", "1": "1:2"}, "event": "planning_finished", "priority_order": ["0", "1"], "status": "PLANNED"}, {"event": "visibility_look_attempt", "horizon": 24.999996185302734}, {"event": "visibility_look_attempt", "horizon": 14.999996185302734}, {"event": "visibility_look_attempt", "horizon": 4.999996185302734}, {"event": "visibility_look_attempt", "horizon": 44.999996185302734}, {"event": "visibility_look_attempt", "horizon": 54.999996185302734}, {"event": "visibility_look_attempt", "horizon": 64.99999618530273}, {"candidate": [-5, 4], "event": "candidate_excluded", "reason": "target_not_visible"}, {"event": "reservations_released", "reason": "target not visible from assigned candidate", "release_tick": 0}, {"candidate_cost": 2.0, "candidates": ["0:static", "1:1"], "event": "assignment_attempt", "trial": 1}, {"candidates": ["0:static", "1:1"], "event": "priority_feasible", "makespan": 1, "priority_order": ["0", "1"], "total_moves": 1}, {"event": "reservations_created", "horizon": 324, "micro_steps": 1, "reserved_ticks": 325}, {"assignment": {"0": "0:static", "1": "1:1"}, "event": "planning_finished", "priority_order": ["0", "1"], "status": "PLANNED"}, {"event": "visibility_look_attempt", "horizon": 24.999996185302734}, {"event": "visibility_look_attempt", "horizon": 14.999996185302734}, {"event": "visibility_look_attempt", "horizon": 4.999996185302734}, {"event": "visibility_look_attempt", "horizon": 44.999996185302734}, {"event": "visibility_look_attempt", "horizon": 54.999996185302734}, {"event": "visibility_look_attempt", "horizon": 64.99999618530273}, {"candidate": [-5, 5], "event": "candidate_excluded", "reason": "target_not_visible"}, {"event": "reservations_released", "reason": "target not visible from assigned candidate", "release_tick": 0}, {"candidate_cost": 2.236067977, "candidates": ["0:static", "1:0"], "event": "assignment_attempt", "trial": 1}, {"candidates": ["0:static", "1:0"], "event": "priority_feasible", "makespan": 3, "priority_order": ["0", "1"], "total_moves": 3}, {"event": "reservations_created", "horizon": 324, "micro_steps": 3, "reserved_ticks": 325}, {"assignment": {"0": "0:static", "1": "1:0"}, "event": "planning_finished", "priority_order": ["0", "1"], "status": "PLANNED"}, {"candidate": [-6, 7], "event": "candidate_excluded", "reason": "held_item_rotation_failure"}, {"event": "reservations_released", "reason": "target not visible from assigned candidate", "release_tick": 0}, {"candidate_cost": 4.414213562, "candidates": ["0:static", "1:3"], "event": "assignment_attempt", "trial": 1}, {"candidates": ["0:static", "1:3"], "event": "priority_feasible", "makespan": 2, "priority_order": ["0", "1"], "total_moves": 2}, {"event": "reservations_created", "horizon": 324, "micro_steps": 2, "reserved_ticks": 325}, {"assignment": {"0": "0:static", "1": "1:3"}, "event": "planning_finished", "priority_order": ["0", "1"], "status": "PLANNED"}, {"event": "visibility_look_attempt", "horizon": 24.999996185302734}, {"event": "visibility_look_attempt", "horizon": 14.999996185302734}, {"event": "visibility_look_attempt", "horizon": 4.999996185302734}, {"event": "visibility_look_attempt", "horizon": 44.999996185302734}, {"event": "visibility_look_attempt", "horizon": 54.999996185302734}, {"event": "visibility_look_attempt", "horizon": 64.99999618530273}, {"candidate": [-5, 6], "event": "candidate_excluded", "reason": "target_not_visible"}, {"event": "reservations_released", "reason": "target not visible from assigned candidate", "release_tick": 0}, {"candidate_cost": 6.236067977, "candidates": ["0:static", "1:4"], "event": "assignment_attempt", "trial": 1}, {"candidates": ["0:static", "1:4"], "event": "priority_feasible", "makespan": 3, "priority_order": ["0", "1"], "total_moves": 3}, {"event": "reservations_created", "horizon": 324, "micro_steps": 3, "reserved_ticks": 325}, {"assignment": {"0": "0:static", "1": "1:4"}, "event": "planning_finished", "priority_order": ["0", "1"], "status": "PLANNED"}, {"event": "visibility_look_attempt", "horizon": 24.999996185302734}, {"event": "visibility_look_attempt", "horizon": 14.999996185302734}, {"event": "visibility_look_attempt", "horizon": 4.999996185302734}, {"event": "visibility_look_attempt", "horizon": 44.999996185302734}, {"event": "visibility_look_attempt", "horizon": 54.999996185302734}, {"event": "visibility_look_attempt", "horizon": 64.99999618530273}, {"candidate": [-6, 8], "event": "candidate_excluded", "reason": "target_not_visible"}, {"event": "reservations_released", "reason": "target not visible from assigned candidate", "release_tick": 0}, {"candidate_cost": 7.414213562, "candidates": ["0:static", "1:6"], "event": "assignment_attempt", "trial": 1}, {"candidates": ["0:static", "1:6"], "event": "priority_feasible", "makespan": 2, "priority_order": ["0", "1"], "total_moves": 2}, {"event": "reservations_created", "horizon": 324, "micro_steps": 2, "reserved_ticks": 325}, {"assignment": {"0": "0:static", "1": "1:6"}, "event": "planning_finished", "priority_order": ["0", "1"], "status": "PLANNED"}, {"event": "visibility_look_attempt", "horizon": 25.0}, {"event": "visibility_look_attempt", "horizon": 15.0}, {"event": "visibility_look_attempt", "horizon": 5.0}, {"event": "visibility_look_attempt", "horizon": 45.0}, {"event": "visibility_look_attempt", "horizon": 55.0}, {"event": "visibility_look_attempt", "horizon": 65.0}, {"candidate": [-5, 7], "event": "candidate_excluded", "reason": "target_not_visible"}, {"event": "reservations_released", "reason": "target not visible from assigned candidate", "release_tick": 0}, {"candidate_cost": 9.0, "candidates": ["0:static", "1:5"], "event": "assignment_attempt", "trial": 1}, {"candidates": ["0:static", "1:5"], "event": "priority_feasible", "makespan": 4, "priority_order": ["0", "1"], "total_moves": 4}, {"event": "reservations_created", "horizon": 324, "micro_steps": 4, "reserved_ticks": 325}, {"assignment": {"0": "0:static", "1": "1:5"}, "event": "planning_finished", "priority_order": ["0", "1"], "status": "PLANNED"}, {"event": "visibility_look_attempt", "horizon": 24.999996185302734}, {"event": "visibility_look_attempt", "horizon": 14.999996185302734}, {"event": "visibility_look_attempt", "horizon": 4.999996185302734}, {"event": "visibility_look_attempt", "horizon": 44.999996185302734}, {"event": "visibility_look_attempt", "horizon": 54.999996185302734}, {"event": "visibility_look_attempt", "horizon": 64.99999618530273}, {"candidate": [-5, 3], "event": "candidate_excluded", "reason": "target_not_visible"}, {"event": "reservations_released", "reason": "target not visible from assigned candidate", "release_tick": 0}, {"candidate_cost": 9.236067977, "candidates": ["0:static", "1:7"], "event": "assignment_attempt", "trial": 1}, {"candidates": ["0:static", "1:7"], "event": "priority_feasible", "makespan": 3, "priority_order": ["0", "1"], "total_moves": 3}, {"event": "reservations_created", "horizon": 324, "micro_steps": 3, "reserved_ticks": 325}, {"assignment": {"0": "0:static", "1": "1:7"}, "event": "planning_finished", "priority_order": ["0", "1"], "status": "PLANNED"}, {"event": "visibility_look_attempt", "horizon": 25.0}, {"event": "visibility_look_attempt", "horizon": 15.0}, {"event": "visibility_look_attempt", "horizon": 5.0}, {"event": "visibility_look_attempt", "horizon": 45.0}, {"event": "visibility_look_attempt", "horizon": 55.0}, {"event": "visibility_look_attempt", "horizon": 65.0}, {"candidate": [-4, 5], "event": "candidate_excluded", "reason": "target_not_visible"}, {"event": "reservations_released", "reason": "target not visible from assigned candidate", "release_tick": 0}, {"candidate_cost": 9.0, "candidates": ["0:static", "1:8"], "event": "assignment_attempt", "trial": 1}, {"candidates": ["0:static", "1:8"], "event": "priority_feasible", "makespan": 1, "priority_order": ["0", "1"], "total_moves": 1}, {"event": "reservations_created", "horizon": 324, "micro_steps": 1, "reserved_ticks": 325}, {"assignment": {"0": "0:static", "1": "1:8"}, "event": "planning_finished", "priority_order": ["0", "1"], "status": "PLANNED"}, {"event": "visibility_look_attempt", "horizon": 24.999996185302734}, {"event": "visibility_look_attempt", "horizon": 14.999996185302734}, {"event": "visibility_look_attempt", "horizon": 4.999996185302734}, {"event": "visibility_look_attempt", "horizon": 44.999996185302734}, {"event": "visibility_look_attempt", "horizon": 54.999996185302734}, {"event": "visibility_look_attempt", "horizon": 64.99999618530273}, {"candidate": [-4, 4], "event": "candidate_excluded", "reason": "target_not_visible"}, {"event": "reservations_released", "reason": "target not visible from assigned candidate", "release_tick": 0}, {"candidate_cost": 11.0, "candidates": ["0:static", "1:9"], "event": "assignment_attempt", "trial": 1}, {"candidates": ["0:static", "1:9"], "event": "priority_feasible", "makespan": 2, "priority_order": ["0", "1"], "total_moves": 2}, {"event": "reservations_created", "horizon": 324, "micro_steps": 2, "reserved_ticks": 325}, {"assignment": {"0": "0:static", "1": "1:9"}, "event": "planning_finished", "priority_order": ["0", "1"], "status": "PLANNED"}, {"event": "visibility_look_attempt", "horizon": 24.999996185302734}, {"event": "visibility_look_attempt", "horizon": 14.999996185302734}, {"event": "visibility_look_attempt", "horizon": 4.999996185302734}, {"event": "visibility_look_attempt", "horizon": 44.999996185302734}, {"event": "visibility_look_attempt", "horizon": 54.999996185302734}, {"event": "visibility_look_attempt", "horizon": 64.99999618530273}, {"candidate": [-4, 6], "event": "candidate_excluded", "reason": "target_not_visible"}, {"added": 0, "event": "candidate_expansion", "limit": 30}, {"agent_id": 1, "event": "navigation_failed", "reason": "NO_INTERACTION_POSE: interaction target is invisible from every candidate for agent 1 target 'Egg'"}], "requested_failure_policy": "FAIL_STAGE", "robot_id": "robot2", "stage_id": "Phase 1"}, {"action_index": 8, "action_type": "PrepareEgg", "error": "BreakObject failed for agent 1 on Egg|-02.04|+00.81|+01.24: NullReferenceException: Target object not found within the specified visibility.. trace:   at UnityStandardAssets.Characters.FirstPerson.BaseFPSAgentController.getInteractableSimObjectFromId (System.String objectId, System.Boolean forceAction) [0x0007a] in <686694aeb00e4f03b2b15637c42c1442>:0 \n  at UnityStandardAssets.Characters.FirstPerson.PhysicsRemoteFPSAgentController.BreakObject (ServerAction action) [0x00034] in <686694aeb00e4f03b2b15637c42c1442>:0 \n  at (wrapper managed-to-native) System.Reflection.MonoMethod.InternalInvoke(System.Reflection.MonoMethod,object,object[],System.Exception&)\n  at System.Reflection.MonoMethod.Invoke (System.Object obj, System.Reflection.BindingFlags invokeAttr, System.Reflection.Binder binder, System.Object[] parameters, System.Globalization.CultureInfo culture) [0x00032] in <695d1cc93cca45069c528c15c9fdd749>:0 ", "failure_decision": "skip", "failure_error_code": "action_failed", "ignored_for_failure_ratio": false, "requested_failure_policy": "FAIL_STAGE", "robot_id": "robot2", "stage_id": "Phase 1"}, {"action_index": 10, "action_type": "CookByStoveBurner", "error": "CookByStoveBurner timed out waiting for Egg|-02.04|+00.81|+01.24 to become Cooked.", "failure_decision": "skip", "failure_error_code": "action_failed", "ignored_for_failure_ratio": false, "requested_failure_policy": "FAIL_STAGE", "robot_id": "robot2", "stage_id": "Phase 1"}, {"action_index": 11, "action_type": "GoToObject", "error": "NO_INTERACTION_POSE: interaction target is invisible from every candidate for agent 1 target 'Knife'", "failure_decision": "skip", "failure_error_code": "action_failed", "ignored_for_failure_ratio": false, "navigation_decision_trace": [{"candidate_cost": 7.071067812, "candidates": ["0:static", "1:0"], "event": "assignment_attempt", "trial": 1}, {"candidates": ["0:static", "1:0"], "event": "priority_feasible", "makespan": 8, "priority_order": ["0", "1"], "total_moves": 8}, {"event": "reservations_created", "horizon": 324, "micro_steps": 8, "reserved_ticks": 325}, {"assignment": {"0": "0:static", "1": "1:0"}, "event": "planning_finished", "priority_order": ["0", "1"], "status": "PLANNED"}, {"event": "visibility_look_attempt", "horizon": 24.999996185302734}, {"event": "visibility_look_attempt", "horizon": 14.999996185302734}, {"event": "visibility_look_attempt", "horizon": 4.999996185302734}, {"event": "visibility_look_attempt", "horizon": 44.999996185302734}, {"event": "visibility_look_attempt", "horizon": 54.999996185302734}, {"event": "visibility_look_attempt", "horizon": 64.99999618530273}, {"candidate": [-5, -1], "event": "candidate_excluded", "reason": "target_not_visible"}, {"event": "reservations_released", "reason": "target not visible from assigned candidate", "release_tick": 0}, {"candidate_cost": 2.0, "candidates": ["0:static", "1:1"], "event": "assignment_attempt", "trial": 1}, {"candidates": ["0:static", "1:1"], "event": "priority_feasible", "makespan": 1, "priority_order": ["0", "1"], "total_moves": 1}, {"event": "reservations_created", "horizon": 324, "micro_steps": 1, "reserved_ticks": 325}, {"assignment": {"0": "0:static", "1": "1:1"}, "event": "planning_finished", "priority_order": ["0", "1"], "status": "PLANNED"}, {"event": "visibility_look_attempt", "horizon": 25.0}, {"event": "visibility_look_attempt", "horizon": 15.0}, {"event": "visibility_look_attempt", "horizon": 5.0}, {"event": "visibility_look_attempt", "horizon": 45.0}, {"event": "visibility_look_attempt", "horizon": 55.0}, {"event": "visibility_look_attempt", "horizon": 65.0}, {"candidate": [-5, -2], "event": "candidate_excluded", "reason": "target_not_visible"}, {"event": "reservations_released", "reason": "target not visible from assigned candidate", "release_tick": 0}, {"candidate_cost": 4.0, "candidates": ["0:static", "1:2"], "event": "assignment_attempt", "trial": 1}, {"candidates": ["0:static", "1:2"], "event": "priority_feasible", "makespan": 2, "priority_order": ["0", "1"], "total_moves": 2}, {"candidate_cost": 4.0, "candidates": ["0:static", "1:3"], "event": "assignment_attempt", "trial": 2}, {"candidates": ["0:static", "1:3"], "event": "priority_feasible", "makespan": 1, "priority_order": ["0", "1"], "total_moves": 1}, {"event": "reservations_created", "horizon": 324, "micro_steps": 1, "reserved_ticks": 325}, {"assignment": {"0": "0:static", "1": "1:3"}, "event": "planning_finished", "priority_order": ["0", "1"], "status": "PLANNED"}, {"event": "visibility_look_attempt", "horizon": 24.999996185302734}, {"event": "visibility_look_attempt", "horizon": 14.999996185302734}, {"event": "visibility_look_attempt", "horizon": 4.999996185302734}, {"event": "visibility_look_attempt", "horizon": 44.999996185302734}, {"event": "visibility_look_attempt", "horizon": 54.999996185302734}, {"event": "visibility_look_attempt", "horizon": 64.99999618530273}, {"candidate": [-5, -3], "event": "candidate_excluded", "reason": "target_not_visible"}, {"event": "reservations_released", "reason": "target not visible from assigned candidate", "release_tick": 0}, {"candidate_cost": 5.0, "candidates": ["0:static", "1:2"], "event": "assignment_attempt", "trial": 1}, {"candidates": ["0:static", "1:2"], "event": "priority_feasible", "makespan": 3, "priority_order": ["0", "1"], "total_moves": 3}, {"event": "reservations_created", "horizon": 324, "micro_steps": 3, "reserved_ticks": 325}, {"assignment": {"0": "0:static", "1": "1:2"}, "event": "planning_finished", "priority_order": ["0", "1"], "status": "PLANNED"}, {"event": "visibility_look_attempt", "horizon": 24.999996185302734}, {"event": "visibility_look_attempt", "horizon": 14.999996185302734}, {"event": "visibility_look_attempt", "horizon": 4.999996185302734}, {"event": "visibility_look_attempt", "horizon": 44.999996185302734}, {"event": "visibility_look_attempt", "horizon": 54.999996185302734}, {"event": "visibility_look_attempt", "horizon": 64.99999618530273}, {"candidate": [-5, 0], "event": "candidate_excluded", "reason": "target_not_visible"}, {"event": "reservations_released", "reason": "target not visible from assigned candidate", "release_tick": 0}, {"candidate_cost": 5.0, "candidates": ["0:static", "1:4"], "event": "assignment_attempt", "trial": 1}, {"candidates": ["0:static", "1:4"], "event": "priority_feasible", "makespan": 1, "priority_order": ["0", "1"], "total_moves": 1}, {"event": "reservations_created", "horizon": 324, "micro_steps": 1, "reserved_ticks": 325}, {"assignment": {"0": "0:static", "1": "1:4"}, "event": "planning_finished", "priority_order": ["0", "1"], "status": "PLANNED"}, {"event": "visibility_look_attempt", "horizon": 24.99999237060547}, {"event": "visibility_look_attempt", "horizon": 14.999992370605469}, {"event": "visibility_look_attempt", "horizon": 4.999992370605469}, {"event": "visibility_look_attempt", "horizon": 44.99999237060547}, {"event": "visibility_look_attempt", "horizon": 54.99999237060547}, {"event": "visibility_look_attempt", "horizon": 64.99999237060547}, {"candidate": [-5, 1], "event": "candidate_excluded", "reason": "target_not_visible"}, {"event": "reservations_released", "reason": "target not visible from assigned candidate", "release_tick": 0}, {"candidate_cost": 7.236067977, "candidates": ["0:static", "1:5"], "event": "assignment_attempt", "trial": 1}, {"candidates": ["0:static", "1:5"], "event": "priority_feasible", "makespan": 3, "priority_order": ["0", "1"], "total_moves": 3}, {"event": "reservations_created", "horizon": 324, "micro_steps": 3, "reserved_ticks": 325}, {"assignment": {"0": "0:static", "1": "1:5"}, "event": "planning_finished", "priority_order": ["0", "1"], "status": "PLANNED"}, {"event": "visibility_look_attempt", "horizon": 25.0}, {"event": "visibility_look_attempt", "horizon": 15.0}, {"event": "visibility_look_attempt", "horizon": 5.0}, {"event": "visibility_look_attempt", "horizon": 45.0}, {"event": "visibility_look_attempt", "horizon": 55.0}, {"event": "visibility_look_attempt", "horizon": 65.0}, {"candidate": [-4, -1], "event": "candidate_excluded", "reason": "target_not_visible"}, {"event": "reservations_released", "reason": "target not visible from assigned candidate", "release_tick": 0}, {"candidate_cost": 7.0, "candidates": ["0:static", "1:6"], "event": "assignment_attempt", "trial": 1}, {"candidates": ["0:static", "1:6"], "event": "priority_feasible", "makespan": 1, "priority_order": ["0", "1"], "total_moves": 1}, {"event": "reservations_created", "horizon": 324, "micro_steps": 1, "reserved_ticks": 325}, {"assignment": {"0": "0:static", "1": "1:6"}, "event": "planning_finished", "priority_order": ["0", "1"], "status": "PLANNED"}, {"event": "visibility_look_attempt", "horizon": 25.0}, {"event": "visibility_look_attempt", "horizon": 15.0}, {"event": "visibility_look_attempt", "horizon": 5.0}, {"event": "visibility_look_attempt", "horizon": 45.0}, {"event": "visibility_look_attempt", "horizon": 55.0}, {"event": "visibility_look_attempt", "horizon": 65.0}, {"candidate": [-4, -2], "event": "candidate_excluded", "reason": "target_not_visible"}, {"event": "reservations_released", "reason": "target not visible from assigned candidate", "release_tick": 0}, {"candidate_cost": 9.0, "candidates": ["0:static", "1:7"], "event": "assignment_attempt", "trial": 1}, {"candidates": ["0:static", "1:7"], "event": "priority_feasible", "makespan": 2, "priority_order": ["0", "1"], "total_moves": 2}, {"candidate_cost": 9.0, "candidates": ["0:static", "1:8"], "event": "assignment_attempt", "trial": 2}, {"candidates": ["0:static", "1:8"], "event": "priority_feasible", "makespan": 1, "priority_order": ["0", "1"], "total_moves": 1}, {"event": "reservations_created", "horizon": 324, "micro_steps": 1, "reserved_ticks": 325}, {"assignment": {"0": "0:static", "1": "1:8"}, "event": "planning_finished", "priority_order": ["0", "1"], "status": "PLANNED"}, {"event": "visibility_look_attempt", "horizon": 24.999996185302734}, {"event": "visibility_look_attempt", "horizon": 14.999996185302734}, {"event": "visibility_look_attempt", "horizon": 4.999996185302734}, {"event": "visibility_look_attempt", "horizon": 44.999996185302734}, {"event": "visibility_look_attempt", "horizon": 54.999996185302734}, {"event": "visibility_look_attempt", "horizon": 64.99999618530273}, {"candidate": [-4, -3], "event": "candidate_excluded", "reason": "target_not_visible"}, {"event": "reservations_released", "reason": "target not visible from assigned candidate", "release_tick": 0}, {"candidate_cost": 10.0, "candidates": ["0:static", "1:7"], "event": "assignment_attempt", "trial": 1}, {"candidates": ["0:static", "1:7"], "event": "priority_feasible", "makespan": 3, "priority_order": ["0", "1"], "total_moves": 3}, {"event": "reservations_created", "horizon": 324, "micro_steps": 3, "reserved_ticks": 325}, {"assignment": {"0": "0:static", "1": "1:7"}, "event": "planning_finished", "priority_order": ["0", "1"], "status": "PLANNED"}, {"event": "visibility_look_attempt", "horizon": 25.0}, {"event": "visibility_look_attempt", "horizon": 15.0}, {"event": "visibility_look_attempt", "horizon": 5.0}, {"event": "visibility_look_attempt", "horizon": 45.0}, {"event": "visibility_look_attempt", "horizon": 55.0}, {"event": "visibility_look_attempt", "horizon": 65.0}, {"candidate": [-4, 0], "event": "candidate_excluded", "reason": "target_not_visible"}, {"event": "reservations_released", "reason": "target not visible from assigned candidate", "release_tick": 0}, {"candidate_cost": 10.0, "candidates": ["0:static", "1:9"], "event": "assignment_attempt", "trial": 1}, {"candidates": ["0:static", "1:9"], "event": "priority_feasible", "makespan": 1, "priority_order": ["0", "1"], "total_moves": 1}, {"event": "reservations_created", "horizon": 324, "micro_steps": 1, "reserved_ticks": 325}, {"assignment": {"0": "0:static", "1": "1:9"}, "event": "planning_finished", "priority_order": ["0", "1"], "status": "PLANNED"}, {"event": "visibility_look_attempt", "horizon": 24.999996185302734}, {"event": "visibility_look_attempt", "horizon": 14.999996185302734}, {"event": "visibility_look_attempt", "horizon": 4.999996185302734}, {"event": "visibility_look_attempt", "horizon": 44.999996185302734}, {"event": "visibility_look_attempt", "horizon": 54.999996185302734}, {"event": "visibility_look_attempt", "horizon": 64.99999618530273}, {"candidate": [-4, 1], "event": "candidate_excluded", "reason": "target_not_visible"}, {"added": 20, "event": "candidate_expansion", "limit": 30}, {"event": "reservations_released", "reason": "target not visible from assigned candidate", "release_tick": 0}, {"candidate_cost": 12.414213562, "candidates": ["0:static", "1:11"], "event": "assignment_attempt", "trial": 1}, {"candidates": ["0:static", "1:11"], "event": "priority_feasible", "makespan": 2, "priority_order": ["0", "1"], "total_moves": 2}, {"event": "reservations_created", "horizon": 324, "micro_steps": 2, "reserved_ticks": 325}, {"assignment": {"0": "0:static", "1": "1:11"}, "event": "planning_finished", "priority_order": ["0", "1"], "status": "PLANNED"}, {"event": "visibility_look_attempt", "horizon": 24.99999237060547}, {"event": "visibility_look_attempt", "horizon": 14.999992370605469}, {"event": "visibility_look_attempt", "horizon": 4.999992370605469}, {"event": "visibility_look_attempt", "horizon": 44.99999237060547}, {"event": "visibility_look_attempt", "horizon": 54.99999237060547}, {"event": "visibility_look_attempt", "horizon": 64.99999237060547}, {"candidate": [-5, 2], "event": "candidate_excluded", "reason": "target_not_visible"}, {"event": "reservations_released", "reason": "target not visible from assigned candidate", "release_tick": 0}, {"candidate_cost": 14.0, "candidates": ["0:static", "1:13"], "event": "assignment_attempt", "trial": 1}, {"candidates": ["0:static", "1:13"], "event": "priority_feasible", "makespan": 1, "priority_order": ["0", "1"], "total_moves": 1}, {"event": "reservations_created", "horizon": 324, "micro_steps": 1, "reserved_ticks": 325}, {"assignment": {"0": "0:static", "1": "1:13"}, "event": "planning_finished", "priority_order": ["0", "1"], "status": "PLANNED"}, {"event": "visibility_look_attempt", "horizon": 25.0}, {"event": "visibility_look_attempt", "horizon": 15.0}, {"event": "visibility_look_attempt", "horizon": 5.0}, {"event": "visibility_look_attempt", "horizon": 45.0}, {"event": "visibility_look_attempt", "horizon": 55.0}, {"event": "visibility_look_attempt", "horizon": 65.0}, {"candidate": [-4, 2], "event": "candidate_excluded", "reason": "target_not_visible"}, {"event": "reservations_released", "reason": "target not visible from assigned candidate", "release_tick": 0}, {"candidate_cost": 16.08276253, "candidates": ["0:static", "1:10"], "event": "assignment_attempt", "trial": 1}, {"candidates": ["0:static", "1:10"], "event": "priority_feasible", "makespan": 7, "priority_order": ["0", "1"], "total_moves": 7}, {"event": "reservations_created", "horizon": 324, "micro_steps": 7, "reserved_ticks": 325}, {"assignment": {"0": "0:static", "1": "1:10"}, "event": "planning_finished", "priority_order": ["0", "1"], "status": "PLANNED"}, {"event": "visibility_look_attempt", "horizon": 24.999996185302734}, {"event": "visibility_look_attempt", "horizon": 14.999996185302734}, {"event": "visibility_look_attempt", "horizon": 4.999996185302734}, {"event": "visibility_look_attempt", "horizon": 44.999996185302734}, {"event": "visibility_look_attempt", "horizon": 54.999996185302734}, {"event": "visibility_look_attempt", "horizon": 64.99999618530273}, {"candidate": [-5, -4], "event": "candidate_excluded", "reason": "target_not_visible"}, {"event": "reservations_released", "reason": "target not visible from assigned candidate", "release_tick": 0}, {"candidate_cost": 13.0, "candidates": ["0:static", "1:12"], "event": "assignment_attempt", "trial": 1}, {"candidates": ["0:static", "1:12"], "event": "priority_feasible", "makespan": 1, "priority_order": ["0", "1"], "total_moves": 1}, {"event": "reservations_created", "horizon": 324, "micro_steps": 1, "reserved_ticks": 325}, {"assignment": {"0": "0:static", "1": "1:12"}, "event": "planning_finished", "priority_order": ["0", "1"], "status": "PLANNED"}, {"event": "visibility_look_attempt", "horizon": 24.999996185302734}, {"event": "visibility_look_attempt", "horizon": 14.999996185302734}, {"event": "visibility_look_attempt", "horizon": 4.999996185302734}, {"event": "visibility_look_attempt", "horizon": 44.999996185302734}, {"event": "visibility_look_attempt", "horizon": 54.999996185302734}, {"event": "visibility_look_attempt", "horizon": 64.99999618530273}, {"candidate": [-4, -4], "event": "candidate_excluded", "reason": "target_not_visible"}, {"event": "reservations_released", "reason": "target not visible from assigned candidate", "release_tick": 0}, {"candidate_cost": 15.414213562, "candidates": ["0:static", "1:14"], "event": "assignment_attempt", "trial": 1}, {"candidates": ["0:static", "1:14"], "event": "priority_feasible", "makespan": 2, "priority_order": ["0", "1"], "total_moves": 2}, {"event": "reservations_created", "horizon": 324, "micro_steps": 2, "reserved_ticks": 325}, {"assignment": {"0": "0:static", "1": "1:14"}, "event": "planning_finished", "priority_order": ["0", "1"], "status": "PLANNED"}, {"event": "visibility_look_attempt", "horizon": 24.999996185302734}, {"event": "visibility_look_attempt", "horizon": 14.999996185302734}, {"event": "visibility_look_attempt", "horizon": 4.999996185302734}, {"event": "visibility_look_attempt", "horizon": 44.999996185302734}, {"event": "visibility_look_attempt", "horizon": 54.999996185302734}, {"event": "visibility_look_attempt", "horizon": 64.99999618530273}, {"candidate": [-5, -5], "event": "candidate_excluded", "reason": "target_not_visible"}, {"event": "reservations_released", "reason": "target not visible from assigned candidate", "release_tick": 0}, {"candidate_cost": 17.0, "candidates": ["0:static", "1:16"], "event": "assignment_attempt", "trial": 1}, {"candidates": ["0:static", "1:16"], "event": "priority_feasible", "makespan": 1, "priority_order": ["0", "1"], "total_moves": 1}, {"event": "reservations_created", "horizon": 324, "micro_steps": 1, "reserved_ticks": 325}, {"assignment": {"0": "0:static", "1": "1:16"}, "event": "planning_finished", "priority_order": ["0", "1"], "status": "PLANNED"}, {"event": "visibility_look_attempt", "horizon": 24.999996185302734}, {"event": "visibility_look_attempt", "horizon": 14.999996185302734}, {"event": "visibility_look_attempt", "horizon": 4.999996185302734}, {"event": "visibility_look_attempt", "horizon": 44.999996185302734}, {"event": "visibility_look_attempt", "horizon": 54.999996185302734}, {"event": "visibility_look_attempt", "horizon": 64.99999618530273}, {"candidate": [-4, -5], "event": "candidate_excluded", "reason": "target_not_visible"}, {"event": "reservations_released", "reason": "target not visible from assigned candidate", "release_tick": 0}, {"candidate_cost": 19.414213562, "candidates": ["0:static", "1:18"], "event": "assignment_attempt", "trial": 1}, {"candidates": ["0:static", "1:18"], "event": "priority_feasible", "makespan": 2, "priority_order": ["0", "1"], "total_moves": 2}, {"event": "reservations_created", "horizon": 324, "micro_steps": 2, "reserved_ticks": 325}, {"assignment": {"0": "0:static", "1": "1:18"}, "event": "planning_finished", "priority_order": ["0", "1"], "status": "PLANNED"}, {"event": "visibility_look_attempt", "horizon": 25.0}, {"event": "visibility_look_attempt", "horizon": 15.0}, {"event": "visibility_look_attempt", "horizon": 5.0}, {"event": "visibility_look_attempt", "horizon": 45.0}, {"event": "visibility_look_attempt", "horizon": 55.0}, {"event": "visibility_look_attempt", "horizon": 65.0}, {"candidate": [-5, -6], "event": "candidate_excluded", "reason": "target_not_visible"}, {"event": "reservations_released", "reason": "target not visible from assigned candidate", "release_tick": 0}, {"candidate_cost": 22.0, "candidates": ["0:static", "1:21"], "event": "assignment_attempt", "trial": 1}, {"candidates": ["0:static", "1:21"], "event": "priority_feasible", "makespan": 1, "priority_order": ["0", "1"], "total_moves": 1}, {"event": "reservations_created", "horizon": 324, "micro_steps": 1, "reserved_ticks": 325}, {"assignment": {"0": "0:static", "1": "1:21"}, "event": "planning_finished", "priority_order": ["0", "1"], "status": "PLANNED"}, {"event": "visibility_look_attempt", "horizon": 24.999996185302734}, {"event": "visibility_look_attempt", "horizon": 14.999996185302734}, {"event": "visibility_look_attempt", "horizon": 4.999996185302734}, {"event": "visibility_look_attempt", "horizon": 44.999996185302734}, {"event": "visibility_look_attempt", "horizon": 54.999996185302734}, {"event": "visibility_look_attempt", "horizon": 64.99999618530273}, {"candidate": [-4, -6], "event": "candidate_excluded", "reason": "target_not_visible"}, {"event": "reservations_released", "reason": "target not visible from assigned candidate", "release_tick": 0}, {"candidate_cost": 21.414213562, "candidates": ["0:static", "1:20"], "event": "assignment_attempt", "trial": 1}, {"candidates": ["0:static", "1:20"], "event": "priority_feasible", "makespan": 2, "priority_order": ["0", "1"], "total_moves": 2}, {"event": "reservations_created", "horizon": 324, "micro_steps": 2, "reserved_ticks": 325}, {"assignment": {"0": "0:static", "1": "1:20"}, "event": "planning_finished", "priority_order": ["0", "1"], "status": "PLANNED"}, {"event": "visibility_look_attempt", "horizon": 25.0}, {"event": "visibility_look_attempt", "horizon": 15.0}, {"event": "visibility_look_attempt", "horizon": 5.0}, {"event": "visibility_look_attempt", "horizon": 45.0}, {"event": "visibility_look_attempt", "horizon": 55.0}, {"event": "visibility_look_attempt", "horizon": 65.0}, {"candidate": [-3, -5], "event": "candidate_excluded", "reason": "target_not_visible"}, {"event": "reservations_released", "reason": "target not visible from assigned candidate", "release_tick": 0}, {"candidate_cost": 23.246211251, "candidates": ["0:static", "1:15"], "event": "assignment_attempt", "trial": 1}, {"candidates": ["0:static", "1:15"], "event": "priority_feasible", "makespan": 10, "priority_order": ["0", "1"], "total_moves": 10}, {"event": "reservations_created", "horizon": 324, "micro_steps": 10, "reserved_ticks": 325}, {"assignment": {"0": "0:static", "1": "1:15"}, "event": "planning_finished", "priority_order": ["0", "1"], "status": "PLANNED"}, {"event": "visibility_look_attempt", "horizon": 25.0}, {"event": "visibility_look_attempt", "horizon": 15.0}, {"event": "visibility_look_attempt", "horizon": 5.0}, {"event": "visibility_look_attempt", "horizon": 45.0}, {"event": "visibility_look_attempt", "horizon": 55.0}, {"event": "visibility_look_attempt", "horizon": 65.0}, {"candidate": [-5, 3], "event": "candidate_excluded", "reason": "target_not_visible"}, {"event": "reservations_released", "reason": "target not visible from assigned candidate", "release_tick": 0}, {"candidate_cost": 18.0, "candidates": ["0:static", "1:17"], "event": "assignment_attempt", "trial": 1}, {"candidates": ["0:static", "1:17"], "event": "priority_feasible", "makespan": 1, "priority_order": ["0", "1"], "total_moves": 1}, {"event": "reservations_created", "horizon": 324, "micro_steps": 1, "reserved_ticks": 325}, {"assignment": {"0": "0:static", "1": "1:17"}, "event": "planning_finished", "priority_order": ["0", "1"], "status": "PLANNED"}, {"event": "visibility_look_attempt", "horizon": 25.0}, {"event": "visibility_look_attempt", "horizon": 15.0}, {"event": "visibility_look_attempt", "horizon": 5.0}, {"event": "visibility_look_attempt", "horizon": 45.0}, {"event": "visibility_look_attempt", "horizon": 55.0}, {"event": "visibility_look_attempt", "horizon": 65.0}, {"candidate": [-4, 3], "event": "candidate_excluded", "reason": "target_not_visible"}, {"event": "reservations_released", "reason": "target not visible from assigned candidate", "release_tick": 0}, {"candidate_cost": 20.414213562, "candidates": ["0:static", "1:19"], "event": "assignment_attempt", "trial": 1}, {"candidates": ["0:static", "1:19"], "event": "priority_feasible", "makespan": 2, "priority_order": ["0", "1"], "total_moves": 2}, {"event": "reservations_created", "horizon": 324, "micro_steps": 2, "reserved_ticks": 325}, {"assignment": {"0": "0:static", "1": "1:19"}, "event": "planning_finished", "priority_order": ["0", "1"], "status": "PLANNED"}, {"event": "visibility_look_attempt", "horizon": 25.0}, {"event": "visibility_look_attempt", "horizon": 15.0}, {"event": "visibility_look_attempt", "horizon": 5.0}, {"event": "visibility_look_attempt", "horizon": 45.0}, {"event": "visibility_look_attempt", "horizon": 55.0}, {"event": "visibility_look_attempt", "horizon": 65.0}, {"candidate": [-5, 4], "event": "candidate_excluded", "reason": "target_not_visible"}, {"event": "reservations_released", "reason": "target not visible from assigned candidate", "release_tick": 0}, {"candidate_cost": 23.0, "candidates": ["0:static", "1:22"], "event": "assignment_attempt", "trial": 1}, {"candidates": ["0:static", "1:22"], "event": "priority_feasible", "makespan": 1, "priority_order": ["0", "1"], "total_moves": 1}, {"event": "reservations_created", "horizon": 324, "micro_steps": 1, "reserved_ticks": 325}, {"assignment": {"0": "0:static", "1": "1:22"}, "event": "planning_finished", "priority_order": ["0", "1"], "status": "PLANNED"}, {"event": "visibility_look_attempt", "horizon": 24.99999237060547}, {"event": "visibility_look_attempt", "horizon": 14.999992370605469}, {"event": "visibility_look_attempt", "horizon": 4.999992370605469}, {"event": "visibility_look_attempt", "horizon": 44.99999237060547}, {"event": "visibility_look_attempt", "horizon": 54.99999237060547}, {"event": "visibility_look_attempt", "horizon": 64.99999237060547}, {"candidate": [-4, 4], "event": "candidate_excluded", "reason": "target_not_visible"}, {"event": "reservations_released", "reason": "target not visible from assigned candidate", "release_tick": 0}, {"candidate_cost": 27.414213562, "candidates": ["0:static", "1:26"], "event": "assignment_attempt", "trial": 1}, {"candidates": ["0:static", "1:26"], "event": "priority_feasible", "makespan": 2, "priority_order": ["0", "1"], "total_moves": 2}, {"event": "reservations_created", "horizon": 324, "micro_steps": 2, "reserved_ticks": 325}, {"assignment": {"0": "0:static", "1": "1:26"}, "event": "planning_finished", "priority_order": ["0", "1"], "status": "PLANNED"}, {"event": "visibility_look_attempt", "horizon": 24.999996185302734}, {"event": "visibility_look_attempt", "horizon": 14.999996185302734}, {"event": "visibility_look_attempt", "horizon": 4.999996185302734}, {"event": "visibility_look_attempt", "horizon": 44.999996185302734}, {"event": "visibility_look_attempt", "horizon": 54.999996185302734}, {"event": "visibility_look_attempt", "horizon": 64.99999618530273}, {"candidate": [-5, 5], "event": "candidate_excluded", "reason": "target_not_visible"}, {"event": "reservations_released", "reason": "target not visible from assigned candidate", "release_tick": 0}, {"candidate_cost": 29.0, "candidates": ["0:static", "1:28"], "event": "assignment_attempt", "trial": 1}, {"candidates": ["0:static", "1:28"], "event": "priority_feasible", "makespan": 1, "priority_order": ["0", "1"], "total_moves": 1}, {"event": "reservations_created", "horizon": 324, "micro_steps": 1, "reserved_ticks": 325}, {"assignment": {"0": "0:static", "1": "1:28"}, "event": "planning_finished", "priority_order": ["0", "1"], "status": "PLANNED"}, {"event": "visibility_look_attempt", "horizon": 24.999996185302734}, {"event": "visibility_look_attempt", "horizon": 14.999996185302734}, {"event": "visibility_look_attempt", "horizon": 4.999996185302734}, {"event": "visibility_look_attempt", "horizon": 44.999996185302734}, {"event": "visibility_look_attempt", "horizon": 54.999996185302734}, {"event": "visibility_look_attempt", "horizon": 64.99999618530273}, {"candidate": [-4, 5], "event": "candidate_excluded", "reason": "target_not_visible"}, {"event": "reservations_released", "reason": "target not visible from assigned candidate", "release_tick": 0}, {"candidate_cost": 33.198039027, "candidates": ["0:static", "1:23"], "event": "assignment_attempt", "trial": 1}, {"candidates": ["0:static", "1:23"], "event": "priority_feasible", "makespan": 12, "priority_order": ["0", "1"], "total_moves": 12}, {"event": "reservations_created", "horizon": 324, "micro_steps": 12, "reserved_ticks": 325}, {"assignment": {"0": "0:static", "1": "1:23"}, "event": "planning_finished", "priority_order": ["0", "1"], "status": "PLANNED"}, {"event": "visibility_look_attempt", "horizon": 24.99999237060547}, {"event": "visibility_look_attempt", "horizon": 14.999992370605469}, {"event": "visibility_look_attempt", "horizon": 4.999992370605469}, {"event": "visibility_look_attempt", "horizon": 44.99999237060547}, {"event": "visibility_look_attempt", "horizon": 54.99999237060547}, {"event": "visibility_look_attempt", "horizon": 64.99999237060547}, {"candidate": [-2, -5], "event": "candidate_excluded", "reason": "target_not_visible"}, {"event": "reservations_released", "reason": "target not visible from assigned candidate", "release_tick": 0}, {"candidate_cost": 25.414213562, "candidates": ["0:static", "1:24"], "event": "assignment_attempt", "trial": 1}, {"candidates": ["0:static", "1:24"], "event": "priority_feasible", "makespan": 2, "priority_order": ["0", "1"], "total_moves": 2}, {"event": "reservations_created", "horizon": 324, "micro_steps": 2, "reserved_ticks": 325}, {"assignment": {"0": "0:static", "1": "1:24"}, "event": "planning_finished", "priority_order": ["0", "1"], "status": "PLANNED"}, {"event": "visibility_look_attempt", "horizon": 24.999996185302734}, {"event": "visibility_look_attempt", "horizon": 14.999996185302734}, {"event": "visibility_look_attempt", "horizon": 4.999996185302734}, {"event": "visibility_look_attempt", "horizon": 44.999996185302734}, {"event": "visibility_look_attempt", "horizon": 54.999996185302734}, {"event": "visibility_look_attempt", "horizon": 64.99999618530273}, {"candidate": [-3, -6], "event": "candidate_excluded", "reason": "target_not_visible"}, {"event": "reservations_released", "reason": "target not visible from assigned candidate", "release_tick": 0}, {"candidate_cost": 27.236067977, "candidates": ["0:static", "1:25"], "event": "assignment_attempt", "trial": 1}, {"candidates": ["0:static", "1:25"], "event": "priority_feasible", "makespan": 3, "priority_order": ["0", "1"], "total_moves": 3}, {"event": "reservations_created", "horizon": 324, "micro_steps": 3, "reserved_ticks": 325}, {"assignment": {"0": "0:static", "1": "1:25"}, "event": "planning_finished", "priority_order": ["0", "1"], "status": "PLANNED"}, {"event": "visibility_look_attempt", "horizon": 25.0}, {"event": "visibility_look_attempt", "horizon": 15.0}, {"event": "visibility_look_attempt", "horizon": 5.0}, {"event": "visibility_look_attempt", "horizon": 45.0}, {"event": "visibility_look_attempt", "horizon": 55.0}, {"event": "visibility_look_attempt", "horizon": 65.0}, {"candidate": [-5, -7], "event": "candidate_excluded", "reason": "target_not_visible"}, {"event": "reservations_released", "reason": "target not visible from assigned candidate", "release_tick": 0}, {"candidate_cost": 28.0, "candidates": ["0:static", "1:27"], "event": "assignment_attempt", "trial": 1}, {"candidates": ["0:static", "1:27"], "event": "priority_feasible", "makespan": 1, "priority_order": ["0", "1"], "total_moves": 1}, {"event": "reservations_created", "horizon": 324, "micro_steps": 1, "reserved_ticks": 325}, {"assignment": {"0": "0:static", "1": "1:27"}, "event": "planning_finished", "priority_order": ["0", "1"], "status": "PLANNED"}, {"event": "visibility_look_attempt", "horizon": 25.0}, {"event": "visibility_look_attempt", "horizon": 15.0}, {"event": "visibility_look_attempt", "horizon": 5.0}, {"event": "visibility_look_attempt", "horizon": 45.0}, {"event": "visibility_look_attempt", "horizon": 55.0}, {"event": "visibility_look_attempt", "horizon": 65.0}, {"candidate": [-4, -7], "event": "candidate_excluded", "reason": "target_not_visible"}, {"event": "reservations_released", "reason": "target not visible from assigned candidate", "release_tick": 0}, {"candidate_cost": 31.236067977, "candidates": ["0:static", "1:29"], "event": "assignment_attempt", "trial": 1}, {"candidates": ["0:static", "1:29"], "event": "priority_feasible", "makespan": 3, "priority_order": ["0", "1"], "total_moves": 3}, {"event": "reservations_created", "horizon": 324, "micro_steps": 3, "reserved_ticks": 325}, {"assignment": {"0": "0:static", "1": "1:29"}, "event": "planning_finished", "priority_order": ["0", "1"], "status": "PLANNED"}, {"event": "visibility_look_attempt", "horizon": 24.999996185302734}, {"event": "visibility_look_attempt", "horizon": 14.999996185302734}, {"event": "visibility_look_attempt", "horizon": 4.999996185302734}, {"event": "visibility_look_attempt", "horizon": 44.999996185302734}, {"event": "visibility_look_attempt", "horizon": 54.999996185302734}, {"event": "visibility_look_attempt", "horizon": 64.99999618530273}, {"candidate": [-2, -6], "event": "candidate_excluded", "reason": "target_not_visible"}, {"agent_id": 1, "event": "navigation_failed", "reason": "NO_INTERACTION_POSE: interaction target is invisible from every candidate for agent 1 target 'Knife'"}], "requested_failure_policy": "FAIL_STAGE", "robot_id": "robot2", "stage_id": "Phase 1"}, {"action_index": 12, "action_type": "PickupObject", "error": "PickupObject failed for agent 1 on Knife|-01.70|+00.79|-00.22: NullReferenceException: Target object not found within the specified visibility.. trace:   at UnityStandardAssets.Characters.FirstPerson.BaseFPSAgentController.getInteractableSimObjectFromId (System.String objectId, System.Boolean forceAction) [0x0007a] in <686694aeb00e4f03b2b15637c42c1442>:0 \n  at UnityStandardAssets.Characters.FirstPerson.PhysicsRemoteFPSAgentController.PickupObject (System.String objectId, System.Boolean forceAction, System.Boolean manualInteract) [0x00000] in <686694aeb00e4f03b2b15637c42c1442>:0 \n  at (wrapper managed-to-native) System.Reflection.MonoMethod.InternalInvoke(System.Reflection.MonoMethod,object,object[],System.Exception&)\n  at System.Reflection.MonoMethod.Invoke (System.Object obj, System.Reflection.BindingFlags invokeAttr, System.Reflection.Binder binder, System.Object[] parameters, System.Globalization.CultureInfo culture) [0x00032] in <695d1cc93cca45069c528c15c9fdd749>:0 ", "failure_decision": "skip", "failure_error_code": "action_failed", "ignored_for_failure_ratio": false, "requested_failure_policy": "FAIL_STAGE", "robot_id": "robot2", "stage_id": "Phase 1"}], "ru": 0.0, "ru_inputs": {"max_trans": 0, "no_trans": 15, "no_trans_gt": 0}, "run_id": "605fe1189e994451ba2812f10fb3809a", "run_time_seconds": 50.70236552506685, "runtime_metrics": {"artifacts": {"count": 1554, "max_seconds": 1.645134761929512e-05, "total_seconds": 0.004435707814991474}, "controller": {"count": 2685, "max_seconds": 0.12646951200440526, "total_seconds": 39.68632870540023}, "counters": {"artifact_calls": 1554, "controller_action_failures": 147, "controller_calls": 2685, "navigation_plans": 109, "reachable_full_refreshes": 559, "reachable_queries": 1130, "recovery_calls": 15}, "lock_wait": {"count": 2685, "max_seconds": 1.5007797628641129e-05, "total_seconds": 0.0018841046839952469}, "navigation_planning": {"count": 109, "max_seconds": 0.031028172932565212, "total_seconds": 0.5267056827433407}, "reachable_query": {"count": 1130, "max_seconds": 0.04251715075224638, "total_seconds": 6.4361201617866755}, "recovery": {"count": 15, "max_seconds": 0.3283339571207762, "total_seconds": 1.1442354582250118}, "timing_semantics": "overlapping; reachable_query is included in controller; do not sum categories"}, "satisfied_goal_count": 2, "scheduler_version": 2, "sr": 0, "stages": [{"actions": [{"action_key": "0:robot2:0", "action_type": "GoToObject", "attempts": 1, "cursor": 0, "effects": [], "error": "NO_INTERACTION_POSE: interaction target is invisible from every candidate for agent 1 target 'Cup'", "failure_decision": "skip", "preconditions": [], "reason": "action_failed", "requested_failure_policy": "FAIL_STAGE", "robot_id": "robot2", "stage_id": "Phase 1", "status": "failed", "world_version": 5}, {"action_key": "0:robot2:1", "action_type": "BreakObject", "attempts": 1, "cursor": 1, "effects": [], "error": "BreakObject failed for agent 1 on Cup|+00.37|+01.64|-02.58: NullReferenceException: Target object not found within the specified visibility.. trace:   at UnityStandardAssets.Characters.FirstPerson.BaseFPSAgentController.getInteractableSimObjectFromId (System.String objectId, System.Boolean forceAction) [0x0007a] in <686694aeb00e4f03b2b15637c42c1442>:0 \n  at UnityStandardAssets.Characters.FirstPerson.PhysicsRemoteFPSAgentController.BreakObject (ServerAction action) [0x00034] in <686694aeb00e4f03b2b15637c42c1442>:0 \n  at (wrapper managed-to-native) System.Reflection.MonoMethod.InternalInvoke(System.Reflection.MonoMethod,object,object[],System.Exception&)\n  at System.Reflection.MonoMethod.Invoke (System.Object obj, System.Reflection.BindingFlags invokeAttr, System.Reflection.Binder binder, System.Object[] parameters, System.Globalization.CultureInfo culture) [0x00032] in <695d1cc93cca45069c528c15c9fdd749>:0 ", "failure_decision": "skip", "preconditions": [], "reason": "action_failed", "requested_failure_policy": "FAIL_STAGE", "robot_id": "robot2", "stage_id": "Phase 1", "status": "failed", "world_version": 705}, {"action_key": "0:robot2:2", "action_type": "GoToObject", "attempts": 1, "cursor": 2, "effects": [], "error": "NO_INTERACTION_POSE: interaction target is invisible from every candidate for agent 1 target 'Egg'", "failure_decision": "skip", "preconditions": [], "reason": "action_failed", "requested_failure_policy": "FAIL_STAGE", "robot_id": "robot2", "stage_id": "Phase 1", "status": "failed", "world_version": 718}, {"action_key": "0:robot2:3", "action_type": "PickupObject", "attempts": 1, "cursor": 3, "effects": [], "error": "PickupObject failed for agent 1 on Egg|-02.04|+00.81|+01.24: NullReferenceException: Target object not found within the specified visibility.. trace:   at UnityStandardAssets.Characters.FirstPerson.BaseFPSAgentController.getInteractableSimObjectFromId (System.String objectId, System.Boolean forceAction) [0x0007a] in <686694aeb00e4f03b2b15637c42c1442>:0 \n  at UnityStandardAssets.Characters.FirstPerson.PhysicsRemoteFPSAgentController.PickupObject (System.String objectId, System.Boolean forceAction, System.Boolean manualInteract) [0x00000] in <686694aeb00e4f03b2b15637c42c1442>:0 \n  at (wrapper managed-to-native) System.Reflection.MonoMethod.InternalInvoke(System.Reflection.MonoMethod,object,object[],System.Exception&)\n  at System.Reflection.MonoMethod.Invoke (System.Object obj, System.Reflection.BindingFlags invokeAttr, System.Reflection.Binder binder, System.Object[] parameters, System.Globalization.CultureInfo culture) [0x00032] in <695d1cc93cca45069c528c15c9fdd749>:0 ", "failure_decision": "skip", "preconditions": [], "reason": "action_failed", "requested_failure_policy": "FAIL_STAGE", "robot_id": "robot2", "stage_id": "Phase 1", "status": "failed", "world_version": 1736}, {"action_key": "0:robot2:4", "action_type": "GoToObject", "attempts": 1, "cursor": 4, "effects": [], "error": "", "failure_decision": "", "preconditions": [], "reason": "action_completed", "requested_failure_policy": "FAIL_STAGE", "robot_id": "robot2", "stage_id": "Phase 1", "status": "succeeded", "world_version": 1803}, {"action_key": "0:robot2:5", "action_type": "PickupObject", "attempts": 1, "cursor": 5, "effects": [], "error": "", "failure_decision": "", "preconditions": [], "reason": "action_completed", "requested_failure_policy": "FAIL_STAGE", "robot_id": "robot2", "stage_id": "Phase 1", "status": "succeeded", "world_version": 1804}, {"action_key": "0:robot2:6", "action_type": "PutObject", "attempts": 1, "cursor": 6, "effects": [], "error": "Cannot PutObject for robot2: robot is not holding the requested object.", "failure_decision": "skip", "preconditions": [], "reason": "action_failed", "requested_failure_policy": "FAIL_STAGE", "robot_id": "robot2", "stage_id": "Phase 1", "status": "failed", "world_version": 1804}, {"action_key": "0:robot2:7", "action_type": "GoToObject", "attempts": 1, "cursor": 7, "effects": [], "error": "NO_INTERACTION_POSE: interaction target is invisible from every candidate for agent 1 target 'Egg'", "failure_decision": "skip", "preconditions": [], "reason": "action_failed", "requested_failure_policy": "FAIL_STAGE", "robot_id": "robot2", "stage_id": "Phase 1", "status": "failed", "world_version": 1805}, {"action_key": "0:robot2:8", "action_type": "PrepareEgg", "attempts": 1, "cursor": 8, "effects": [], "error": "BreakObject failed for agent 1 on Egg|-02.04|+00.81|+01.24: NullReferenceException: Target object not found within the specified visibility.. trace:   at UnityStandardAssets.Characters.FirstPerson.BaseFPSAgentController.getInteractableSimObjectFromId (System.String objectId, System.Boolean forceAction) [0x0007a] in <686694aeb00e4f03b2b15637c42c1442>:0 \n  at UnityStandardAssets.Characters.FirstPerson.PhysicsRemoteFPSAgentController.BreakObject (ServerAction action) [0x00034] in <686694aeb00e4f03b2b15637c42c1442>:0 \n  at (wrapper managed-to-native) System.Reflection.MonoMethod.InternalInvoke(System.Reflection.MonoMethod,object,object[],System.Exception&)\n  at System.Reflection.MonoMethod.Invoke (System.Object obj, System.Reflection.BindingFlags invokeAttr, System.Reflection.Binder binder, System.Object[] parameters, System.Globalization.CultureInfo culture) [0x00032] in <695d1cc93cca45069c528c15c9fdd749>:0 ", "failure_decision": "skip", "preconditions": [], "reason": "action_failed", "requested_failure_policy": "FAIL_STAGE", "robot_id": "robot2", "stage_id": "Phase 1", "status": "failed", "world_version": 2013}, {"action_key": "0:robot2:9", "action_type": "GoToObject", "attempts": 1, "cursor": 9, "effects": [], "error": "", "failure_decision": "", "preconditions": [], "reason": "action_completed", "requested_failure_policy": "FAIL_STAGE", "robot_id": "robot2", "stage_id": "Phase 1", "status": "succeeded", "world_version": 2030}, {"action_key": "0:robot2:10", "action_type": "CookByStoveBurner", "attempts": 1, "cursor": 10, "effects": [], "error": "CookByStoveBurner timed out waiting for Egg|-02.04|+00.81|+01.24 to become Cooked.", "failure_decision": "skip", "preconditions": [], "reason": "action_failed", "requested_failure_policy": "FAIL_STAGE", "robot_id": "robot2", "stage_id": "Phase 1", "status": "failed", "world_version": 2030}, {"action_key": "0:robot2:11", "action_type": "GoToObject", "attempts": 1, "cursor": 11, "effects": [], "error": "NO_INTERACTION_POSE: interaction target is invisible from every candidate for agent 1 target 'Knife'", "failure_decision": "skip", "preconditions": [], "reason": "action_failed", "requested_failure_policy": "FAIL_STAGE", "robot_id": "robot2", "stage_id": "Phase 1", "status": "failed", "world_version": 2063}, {"action_key": "0:robot2:12", "action_type": "PickupObject", "attempts": 1, "cursor": 12, "effects": [], "error": "PickupObject failed for agent 1 on Knife|-01.70|+00.79|-00.22: NullReferenceException: Target object not found within the specified visibility.. trace:   at UnityStandardAssets.Characters.FirstPerson.BaseFPSAgentController.getInteractableSimObjectFromId (System.String objectId, System.Boolean forceAction) [0x0007a] in <686694aeb00e4f03b2b15637c42c1442>:0 \n  at UnityStandardAssets.Characters.FirstPerson.PhysicsRemoteFPSAgentController.PickupObject (System.String objectId, System.Boolean forceAction, System.Boolean manualInteract) [0x00000] in <686694aeb00e4f03b2b15637c42c1442>:0 \n  at (wrapper managed-to-native) System.Reflection.MonoMethod.InternalInvoke(System.Reflection.MonoMethod,object,object[],System.Exception&)\n  at System.Reflection.MonoMethod.Invoke (System.Object obj, System.Reflection.BindingFlags invokeAttr, System.Reflection.Binder binder, System.Object[] parameters, System.Globalization.CultureInfo culture) [0x00032] in <695d1cc93cca45069c528c15c9fdd749>:0 ", "failure_decision": "skip", "preconditions": [], "reason": "action_failed", "requested_failure_policy": "FAIL_STAGE", "robot_id": "robot2", "stage_id": "Phase 1", "status": "failed", "world_version": 2649}, {"action_key": "0:robot2:13", "action_type": "GoToObject", "attempts": 1, "cursor": 13, "effects": [], "error": "", "failure_decision": "", "preconditions": [], "reason": "action_completed", "requested_failure_policy": "FAIL_STAGE", "robot_id": "robot2", "stage_id": "Phase 1", "status": "succeeded", "world_version": 2683}, {"action_key": "0:robot2:14", "action_type": "SliceObject", "attempts": 1, "cursor": 14, "effects": [], "error": "", "failure_decision": "", "preconditions": [], "reason": "action_completed", "requested_failure_policy": "FAIL_STAGE", "robot_id": "robot2", "stage_id": "Phase 1", "status": "succeeded", "world_version": 2684}], "attempts": [{"action_key": "0:robot2:0", "action_type": "GoToObject", "attempts": 1, "cursor": 0, "effects": [], "error": "NO_INTERACTION_POSE: interaction target is invisible from every candidate for agent 1 target 'Cup'", "failure_decision": "skip", "preconditions": [], "reason": "action_failed", "requested_failure_policy": "FAIL_STAGE", "robot_id": "robot2", "stage_id": "Phase 1", "status": "failed", "world_version": 5}, {"action_key": "0:robot2:1", "action_type": "BreakObject", "attempts": 1, "cursor": 1, "effects": [], "error": "BreakObject failed for agent 1 on Cup|+00.37|+01.64|-02.58: NullReferenceException: Target object not found within the specified visibility.. trace:   at UnityStandardAssets.Characters.FirstPerson.BaseFPSAgentController.getInteractableSimObjectFromId (System.String objectId, System.Boolean forceAction) [0x0007a] in <686694aeb00e4f03b2b15637c42c1442>:0 \n  at UnityStandardAssets.Characters.FirstPerson.PhysicsRemoteFPSAgentController.BreakObject (ServerAction action) [0x00034] in <686694aeb00e4f03b2b15637c42c1442>:0 \n  at (wrapper managed-to-native) System.Reflection.MonoMethod.InternalInvoke(System.Reflection.MonoMethod,object,object[],System.Exception&)\n  at System.Reflection.MonoMethod.Invoke (System.Object obj, System.Reflection.BindingFlags invokeAttr, System.Reflection.Binder binder, System.Object[] parameters, System.Globalization.CultureInfo culture) [0x00032] in <695d1cc93cca45069c528c15c9fdd749>:0 ", "failure_decision": "skip", "preconditions": [], "reason": "action_failed", "requested_failure_policy": "FAIL_STAGE", "robot_id": "robot2", "stage_id": "Phase 1", "status": "failed", "world_version": 705}, {"action_key": "0:robot2:2", "action_type": "GoToObject", "attempts": 1, "cursor": 2, "effects": [], "error": "NO_INTERACTION_POSE: interaction target is invisible from every candidate for agent 1 target 'Egg'", "failure_decision": "skip", "preconditions": [], "reason": "action_failed", "requested_failure_policy": "FAIL_STAGE", "robot_id": "robot2", "stage_id": "Phase 1", "status": "failed", "world_version": 718}, {"action_key": "0:robot2:3", "action_type": "PickupObject", "attempts": 1, "cursor": 3, "effects": [], "error": "PickupObject failed for agent 1 on Egg|-02.04|+00.81|+01.24: NullReferenceException: Target object not found within the specified visibility.. trace:   at UnityStandardAssets.Characters.FirstPerson.BaseFPSAgentController.getInteractableSimObjectFromId (System.String objectId, System.Boolean forceAction) [0x0007a] in <686694aeb00e4f03b2b15637c42c1442>:0 \n  at UnityStandardAssets.Characters.FirstPerson.PhysicsRemoteFPSAgentController.PickupObject (System.String objectId, System.Boolean forceAction, System.Boolean manualInteract) [0x00000] in <686694aeb00e4f03b2b15637c42c1442>:0 \n  at (wrapper managed-to-native) System.Reflection.MonoMethod.InternalInvoke(System.Reflection.MonoMethod,object,object[],System.Exception&)\n  at System.Reflection.MonoMethod.Invoke (System.Object obj, System.Reflection.BindingFlags invokeAttr, System.Reflection.Binder binder, System.Object[] parameters, System.Globalization.CultureInfo culture) [0x00032] in <695d1cc93cca45069c528c15c9fdd749>:0 ", "failure_decision": "skip", "preconditions": [], "reason": "action_failed", "requested_failure_policy": "FAIL_STAGE", "robot_id": "robot2", "stage_id": "Phase 1", "status": "failed", "world_version": 1736}, {"action_key": "0:robot2:4", "action_type": "GoToObject", "attempts": 1, "cursor": 4, "effects": [], "error": "", "failure_decision": "", "preconditions": [], "reason": "action_completed", "requested_failure_policy": "FAIL_STAGE", "robot_id": "robot2", "stage_id": "Phase 1", "status": "succeeded", "world_version": 1803}, {"action_key": "0:robot2:5", "action_type": "PickupObject", "attempts": 1, "cursor": 5, "effects": [], "error": "", "failure_decision": "", "preconditions": [], "reason": "action_completed", "requested_failure_policy": "FAIL_STAGE", "robot_id": "robot2", "stage_id": "Phase 1", "status": "succeeded", "world_version": 1804}, {"action_key": "0:robot2:6", "action_type": "PutObject", "attempts": 1, "cursor": 6, "effects": [], "error": "Cannot PutObject for robot2: robot is not holding the requested object.", "failure_decision": "skip", "preconditions": [], "reason": "action_failed", "requested_failure_policy": "FAIL_STAGE", "robot_id": "robot2", "stage_id": "Phase 1", "status": "failed", "world_version": 1804}, {"action_key": "0:robot2:7", "action_type": "GoToObject", "attempts": 1, "cursor": 7, "effects": [], "error": "NO_INTERACTION_POSE: interaction target is invisible from every candidate for agent 1 target 'Egg'", "failure_decision": "skip", "preconditions": [], "reason": "action_failed", "requested_failure_policy": "FAIL_STAGE", "robot_id": "robot2", "stage_id": "Phase 1", "status": "failed", "world_version": 1805}, {"action_key": "0:robot2:8", "action_type": "PrepareEgg", "attempts": 1, "cursor": 8, "effects": [], "error": "BreakObject failed for agent 1 on Egg|-02.04|+00.81|+01.24: NullReferenceException: Target object not found within the specified visibility.. trace:   at UnityStandardAssets.Characters.FirstPerson.BaseFPSAgentController.getInteractableSimObjectFromId (System.String objectId, System.Boolean forceAction) [0x0007a] in <686694aeb00e4f03b2b15637c42c1442>:0 \n  at UnityStandardAssets.Characters.FirstPerson.PhysicsRemoteFPSAgentController.BreakObject (ServerAction action) [0x00034] in <686694aeb00e4f03b2b15637c42c1442>:0 \n  at (wrapper managed-to-native) System.Reflection.MonoMethod.InternalInvoke(System.Reflection.MonoMethod,object,object[],System.Exception&)\n  at System.Reflection.MonoMethod.Invoke (System.Object obj, System.Reflection.BindingFlags invokeAttr, System.Reflection.Binder binder, System.Object[] parameters, System.Globalization.CultureInfo culture) [0x00032] in <695d1cc93cca45069c528c15c9fdd749>:0 ", "failure_decision": "skip", "preconditions": [], "reason": "action_failed", "requested_failure_policy": "FAIL_STAGE", "robot_id": "robot2", "stage_id": "Phase 1", "status": "failed", "world_version": 2013}, {"action_key": "0:robot2:9", "action_type": "GoToObject", "attempts": 1, "cursor": 9, "effects": [], "error": "", "failure_decision": "", "preconditions": [], "reason": "action_completed", "requested_failure_policy": "FAIL_STAGE", "robot_id": "robot2", "stage_id": "Phase 1", "status": "succeeded", "world_version": 2030}, {"action_key": "0:robot2:10", "action_type": "CookByStoveBurner", "attempts": 1, "cursor": 10, "effects": [], "error": "CookByStoveBurner timed out waiting for Egg|-02.04|+00.81|+01.24 to become Cooked.", "failure_decision": "skip", "preconditions": [], "reason": "action_failed", "requested_failure_policy": "FAIL_STAGE", "robot_id": "robot2", "stage_id": "Phase 1", "status": "failed", "world_version": 2030}, {"action_key": "0:robot2:11", "action_type": "GoToObject", "attempts": 1, "cursor": 11, "effects": [], "error": "NO_INTERACTION_POSE: interaction target is invisible from every candidate for agent 1 target 'Knife'", "failure_decision": "skip", "preconditions": [], "reason": "action_failed", "requested_failure_policy": "FAIL_STAGE", "robot_id": "robot2", "stage_id": "Phase 1", "status": "failed", "world_version": 2063}, {"action_key": "0:robot2:12", "action_type": "PickupObject", "attempts": 1, "cursor": 12, "effects": [], "error": "PickupObject failed for agent 1 on Knife|-01.70|+00.79|-00.22: NullReferenceException: Target object not found within the specified visibility.. trace:   at UnityStandardAssets.Characters.FirstPerson.BaseFPSAgentController.getInteractableSimObjectFromId (System.String objectId, System.Boolean forceAction) [0x0007a] in <686694aeb00e4f03b2b15637c42c1442>:0 \n  at UnityStandardAssets.Characters.FirstPerson.PhysicsRemoteFPSAgentController.PickupObject (System.String objectId, System.Boolean forceAction, System.Boolean manualInteract) [0x00000] in <686694aeb00e4f03b2b15637c42c1442>:0 \n  at (wrapper managed-to-native) System.Reflection.MonoMethod.InternalInvoke(System.Reflection.MonoMethod,object,object[],System.Exception&)\n  at System.Reflection.MonoMethod.Invoke (System.Object obj, System.Reflection.BindingFlags invokeAttr, System.Reflection.Binder binder, System.Object[] parameters, System.Globalization.CultureInfo culture) [0x00032] in <695d1cc93cca45069c528c15c9fdd749>:0 ", "failure_decision": "skip", "preconditions": [], "reason": "action_failed", "requested_failure_policy": "FAIL_STAGE", "robot_id": "robot2", "stage_id": "Phase 1", "status": "failed", "world_version": 2649}, {"action_key": "0:robot2:13", "action_type": "GoToObject", "attempts": 1, "cursor": 13, "effects": [], "error": "", "failure_decision": "", "preconditions": [], "reason": "action_completed", "requested_failure_policy": "FAIL_STAGE", "robot_id": "robot2", "stage_id": "Phase 1", "status": "succeeded", "world_version": 2683}, {"action_key": "0:robot2:14", "action_type": "SliceObject", "attempts": 1, "cursor": 14, "effects": [], "error": "", "failure_decision": "", "preconditions": [], "reason": "action_completed", "requested_failure_policy": "FAIL_STAGE", "robot_id": "robot2", "stage_id": "Phase 1", "status": "succeeded", "world_version": 2684}], "condition": {"final": null, "initial": null}, "continue_task": true, "diagnostics": {"resource_holders": {}, "robots": {"robot2": {"action": null, "cursor": null, "reason": null, "status": "FINISHED", "wait_rounds": 0}}, "stage_id": "Phase 1", "world_version": 2684}, "errors": [{"exception_type": "NoInteractionPoseError", "message": "NO_INTERACTION_POSE: interaction target is invisible from every candidate for agent 1 target 'Cup'", "phase": "Phase 1", "robot_id": "robot2", "traceback": "Traceback (most recent call last):\n  File \"/home/dwb/thor/Coder/scripts/executor_system/executor.py\", line 651, in _execute_queue\n    event = executor.execute_action(pending.action, action_wave=action_wave)\n  File \"/home/dwb/thor/Coder/scripts/executor_system/executor.py\", line 702, in execute_action\n    return self.adapter.execute(\n  File \"/home/dwb/thor/Coder/scripts/executor_system/action_plan.py\", line 525, in execute\n    return registry.execute(self.runtime, robot_id, prepared, {\n  File \"/home/dwb/thor/Coder/scripts/executor_system/action_registry.py\", line 278, in execute\n    return ObjectInteractor(runtime).execute(robot_id, prepared, context, registry=self)\n  File \"/home/dwb/thor/Coder/scripts/executor_system/object_interactor.py\", line 43, in execute\n    return executor(self.runtime, robot_id, normalized, action_context)\n  File \"/home/dwb/thor/Coder/scripts/executor_system/action_registry.py\", line 87, in _navigate\n    return runtime.navigate_to_object(robot_id, normalized.parameters['args'][0],\n  File \"/home/dwb/thor/Coder/scripts/executor_system/runtime.py\", line 2418, in navigate_to_object\n    result = self.movement_strategy.navigate(request)\n  File \"/home/dwb/thor/Coder/scripts/executor_system/step_movement.py\", line 31, in navigate\n    return self._navigate(request)\n  File \"/home/dwb/thor/Coder/scripts/executor_system/step_movement.py\", line 35, in _navigate\n    return request.phase_coordinator.submit_step_navigation(\n  File \"/home/dwb/thor/Coder/scripts/executor_system/executor.py\", line 389, in submit_step_navigation\n    raise request_error\nexecutor_system.movement.NoInteractionPoseError: NO_INTERACTION_POSE: interaction target is invisible from every candidate for agent 1 target 'Cup'\n"}, {"exception_type": "RuntimeError", "message": "BreakObject failed for agent 1 on Cup|+00.37|+01.64|-02.58: NullReferenceException: Target object not found within the specified visibility.. trace:   at UnityStandardAssets.Characters.FirstPerson.BaseFPSAgentController.getInteractableSimObjectFromId (System.String objectId, System.Boolean forceAction) [0x0007a] in <686694aeb00e4f03b2b15637c42c1442>:0 \n  at UnityStandardAssets.Characters.FirstPerson.PhysicsRemoteFPSAgentController.BreakObject (ServerAction action) [0x00034] in <686694aeb00e4f03b2b15637c42c1442>:0 \n  at (wrapper managed-to-native) System.Reflection.MonoMethod.InternalInvoke(System.Reflection.MonoMethod,object,object[],System.Exception&)\n  at System.Reflection.MonoMethod.Invoke (System.Object obj, System.Reflection.BindingFlags invokeAttr, System.Reflection.Binder binder, System.Object[] parameters, System.Globalization.CultureInfo culture) [0x00032] in <695d1cc93cca45069c528c15c9fdd749>:0 ", "phase": "Phase 1", "robot_id": "robot2", "traceback": "Traceback (most recent call last):\n  File \"/home/dwb/thor/Coder/scripts/executor_system/executor.py\", line 651, in _execute_queue\n    event = executor.execute_action(pending.action, action_wave=action_wave)\n  File \"/home/dwb/thor/Coder/scripts/executor_system/executor.py\", line 702, in execute_action\n    return self.adapter.execute(\n  File \"/home/dwb/thor/Coder/scripts/executor_system/action_plan.py\", line 525, in execute\n    return registry.execute(self.runtime, robot_id, prepared, {\n  File \"/home/dwb/thor/Coder/scripts/executor_system/action_registry.py\", line 278, in execute\n    return ObjectInteractor(runtime).execute(robot_id, prepared, context, registry=self)\n  File \"/home/dwb/thor/Coder/scripts/executor_system/object_interactor.py\", line 43, in execute\n    return executor(self.runtime, robot_id, normalized, action_context)\n  File \"/home/dwb/thor/Coder/scripts/executor_system/action_registry.py\", line 81, in _object\n    return runtime.object_action(action_type, robot_id, normalized.parameters['args'][0])\n  File \"/home/dwb/thor/Coder/scripts/executor_system/runtime.py\", line 2467, in object_action\n    return self._get_object_interactor().object_action(action, robot, obj_name, force_action=force_action, extra_object_resources=extra_object_resources, action_parameters=action_parameters)\n  File \"/home/dwb/thor/Coder/scripts/executor_system/object_interactor.py\", line 574, in object_action\n    return runtime.object_action_by_object(\n  File \"/home/dwb/thor/Coder/scripts/executor_system/runtime.py\", line 2541, in object_action_by_object\n    return self._get_object_interactor().object_action_by_object(action, agent_id, obj, force_action=force_action, extra_object_resources=extra_object_resources, action_parameters=action_parameters, goal_object_name=goal_object_name)\n  File \"/home/dwb/thor/Coder/scripts/executor_system/object_interactor.py\", line 1095, in object_action_by_object\n    raise RuntimeError(\nRuntimeError: BreakObject failed for agent 1 on Cup|+00.37|+01.64|-02.58: NullReferenceException: Target object not found within the specified visibility.. trace:   at UnityStandardAssets.Characters.FirstPerson.BaseFPSAgentController.getInteractableSimObjectFromId (System.String objectId, System.Boolean forceAction) [0x0007a] in <686694aeb00e4f03b2b15637c42c1442>:0 \n  at UnityStandardAssets.Characters.FirstPerson.PhysicsRemoteFPSAgentController.BreakObject (ServerAction action) [0x00034] in <686694aeb00e4f03b2b15637c42c1442>:0 \n  at (wrapper managed-to-native) System.Reflection.MonoMethod.InternalInvoke(System.Reflection.MonoMethod,object,object[],System.Exception&)\n  at System.Reflection.MonoMethod.Invoke (System.Object obj, System.Reflection.BindingFlags invokeAttr, System.Reflection.Binder binder, System.Object[] parameters, System.Globalization.CultureInfo culture) [0x00032] in <695d1cc93cca45069c528c15c9fdd749>:0 \n"}, {"exception_type": "NoInteractionPoseError", "message": "NO_INTERACTION_POSE: interaction target is invisible from every candidate for agent 1 target 'Egg'", "phase": "Phase 1", "robot_id": "robot2", "traceback": "Traceback (most recent call last):\n  File \"/home/dwb/thor/Coder/scripts/executor_system/executor.py\", line 651, in _execute_queue\n    event = executor.execute_action(pending.action, action_wave=action_wave)\n  File \"/home/dwb/thor/Coder/scripts/executor_system/executor.py\", line 702, in execute_action\n    return self.adapter.execute(\n  File \"/home/dwb/thor/Coder/scripts/executor_system/action_plan.py\", line 525, in execute\n    return registry.execute(self.runtime, robot_id, prepared, {\n  File \"/home/dwb/thor/Coder/scripts/executor_system/action_registry.py\", line 278, in execute\n    return ObjectInteractor(runtime).execute(robot_id, prepared, context, registry=self)\n  File \"/home/dwb/thor/Coder/scripts/executor_system/object_interactor.py\", line 43, in execute\n    return executor(self.runtime, robot_id, normalized, action_context)\n  File \"/home/dwb/thor/Coder/scripts/executor_system/action_registry.py\", line 87, in _navigate\n    return runtime.navigate_to_object(robot_id, normalized.parameters['args'][0],\n  File \"/home/dwb/thor/Coder/scripts/executor_system/runtime.py\", line 2418, in navigate_to_object\n    result = self.movement_strategy.navigate(request)\n  File \"/home/dwb/thor/Coder/scripts/executor_system/step_movement.py\", line 31, in navigate\n    return self._navigate(request)\n  File \"/home/dwb/thor/Coder/scripts/executor_system/step_movement.py\", line 35, in _navigate\n    return request.phase_coordinator.submit_step_navigation(\n  File \"/home/dwb/thor/Coder/scripts/executor_system/executor.py\", line 389, in submit_step_navigation\n    raise request_error\nexecutor_system.movement.NoInteractionPoseError: NO_INTERACTION_POSE: interaction target is invisible from every candidate for agent 1 target 'Egg'\n"}, {"exception_type": "RuntimeError", "message": "PickupObject failed for agent 1 on Egg|-02.04|+00.81|+01.24: NullReferenceException: Target object not found within the specified visibility.. trace:   at UnityStandardAssets.Characters.FirstPerson.BaseFPSAgentController.getInteractableSimObjectFromId (System.String objectId, System.Boolean forceAction) [0x0007a] in <686694aeb00e4f03b2b15637c42c1442>:0 \n  at UnityStandardAssets.Characters.FirstPerson.PhysicsRemoteFPSAgentController.PickupObject (System.String objectId, System.Boolean forceAction, System.Boolean manualInteract) [0x00000] in <686694aeb00e4f03b2b15637c42c1442>:0 \n  at (wrapper managed-to-native) System.Reflection.MonoMethod.InternalInvoke(System.Reflection.MonoMethod,object,object[],System.Exception&)\n  at System.Reflection.MonoMethod.Invoke (System.Object obj, System.Reflection.BindingFlags invokeAttr, System.Reflection.Binder binder, System.Object[] parameters, System.Globalization.CultureInfo culture) [0x00032] in <695d1cc93cca45069c528c15c9fdd749>:0 ", "phase": "Phase 1", "robot_id": "robot2", "traceback": "Traceback (most recent call last):\n  File \"/home/dwb/thor/Coder/scripts/executor_system/executor.py\", line 651, in _execute_queue\n    event = executor.execute_action(pending.action, action_wave=action_wave)\n  File \"/home/dwb/thor/Coder/scripts/executor_system/executor.py\", line 702, in execute_action\n    return self.adapter.execute(\n  File \"/home/dwb/thor/Coder/scripts/executor_system/action_plan.py\", line 525, in execute\n    return registry.execute(self.runtime, robot_id, prepared, {\n  File \"/home/dwb/thor/Coder/scripts/executor_system/action_registry.py\", line 278, in execute\n    return ObjectInteractor(runtime).execute(robot_id, prepared, context, registry=self)\n  File \"/home/dwb/thor/Coder/scripts/executor_system/object_interactor.py\", line 43, in execute\n    return executor(self.runtime, robot_id, normalized, action_context)\n  File \"/home/dwb/thor/Coder/scripts/executor_system/action_registry.py\", line 81, in _object\n    return runtime.object_action(action_type, robot_id, normalized.parameters['args'][0])\n  File \"/home/dwb/thor/Coder/scripts/executor_system/runtime.py\", line 2467, in object_action\n    return self._get_object_interactor().object_action(action, robot, obj_name, force_action=force_action, extra_object_resources=extra_object_resources, action_parameters=action_parameters)\n  File \"/home/dwb/thor/Coder/scripts/executor_system/object_interactor.py\", line 574, in object_action\n    return runtime.object_action_by_object(\n  File \"/home/dwb/thor/Coder/scripts/executor_system/runtime.py\", line 2541, in object_action_by_object\n    return self._get_object_interactor().object_action_by_object(action, agent_id, obj, force_action=force_action, extra_object_resources=extra_object_resources, action_parameters=action_parameters, goal_object_name=goal_object_name)\n  File \"/home/dwb/thor/Coder/scripts/executor_system/object_interactor.py\", line 1095, in object_action_by_object\n    raise RuntimeError(\nRuntimeError: PickupObject failed for agent 1 on Egg|-02.04|+00.81|+01.24: NullReferenceException: Target object not found within the specified visibility.. trace:   at UnityStandardAssets.Characters.FirstPerson.BaseFPSAgentController.getInteractableSimObjectFromId (System.String objectId, System.Boolean forceAction) [0x0007a] in <686694aeb00e4f03b2b15637c42c1442>:0 \n  at UnityStandardAssets.Characters.FirstPerson.PhysicsRemoteFPSAgentController.PickupObject (System.String objectId, System.Boolean forceAction, System.Boolean manualInteract) [0x00000] in <686694aeb00e4f03b2b15637c42c1442>:0 \n  at (wrapper managed-to-native) System.Reflection.MonoMethod.InternalInvoke(System.Reflection.MonoMethod,object,object[],System.Exception&)\n  at System.Reflection.MonoMethod.Invoke (System.Object obj, System.Reflection.BindingFlags invokeAttr, System.Reflection.Binder binder, System.Object[] parameters, System.Globalization.CultureInfo culture) [0x00032] in <695d1cc93cca45069c528c15c9fdd749>:0 \n"}, {"exception_type": "RuntimeError", "message": "Cannot PutObject for robot2: robot is not holding the requested object.", "phase": "Phase 1", "robot_id": "robot2", "traceback": "Traceback (most recent call last):\n  File \"/home/dwb/thor/Coder/scripts/executor_system/stage_scheduler.py\", line 148, in _admit_resources\n    resolved = resolve_action_resources(self.runtime, self.world.snapshot,\n  File \"/home/dwb/thor/Coder/scripts/executor_system/action_resources.py\", line 96, in resolve_action_resources\n    return ActionRegistry().prepare(runtime, snapshot, robot_id, action).resources\n  File \"/home/dwb/thor/Coder/scripts/executor_system/action_registry.py\", line 260, in prepare\n    resources = self.get(action.action_type).resource_resolver(runtime, snapshot, robot_id, action)\n  File \"/home/dwb/thor/Coder/scripts/executor_system/action_resources.py\", line 152, in resolve_declared_resources\n    raise RuntimeError(f'Cannot PutObject for {robot_id}: robot is not holding the requested object.')\nRuntimeError: Cannot PutObject for robot2: robot is not holding the requested object.\n"}, {"exception_type": "NoInteractionPoseError", "message": "NO_INTERACTION_POSE: interaction target is invisible from every candidate for agent 1 target 'Egg'", "phase": "Phase 1", "robot_id": "robot2", "traceback": "Traceback (most recent call last):\n  File \"/home/dwb/thor/Coder/scripts/executor_system/executor.py\", line 651, in _execute_queue\n    event = executor.execute_action(pending.action, action_wave=action_wave)\n  File \"/home/dwb/thor/Coder/scripts/executor_system/executor.py\", line 702, in execute_action\n    return self.adapter.execute(\n  File \"/home/dwb/thor/Coder/scripts/executor_system/action_plan.py\", line 525, in execute\n    return registry.execute(self.runtime, robot_id, prepared, {\n  File \"/home/dwb/thor/Coder/scripts/executor_system/action_registry.py\", line 278, in execute\n    return ObjectInteractor(runtime).execute(robot_id, prepared, context, registry=self)\n  File \"/home/dwb/thor/Coder/scripts/executor_system/object_interactor.py\", line 43, in execute\n    return executor(self.runtime, robot_id, normalized, action_context)\n  File \"/home/dwb/thor/Coder/scripts/executor_system/action_registry.py\", line 87, in _navigate\n    return runtime.navigate_to_object(robot_id, normalized.parameters['args'][0],\n  File \"/home/dwb/thor/Coder/scripts/executor_system/runtime.py\", line 2418, in navigate_to_object\n    result = self.movement_strategy.navigate(request)\n  File \"/home/dwb/thor/Coder/scripts/executor_system/step_movement.py\", line 31, in navigate\n    return self._navigate(request)\n  File \"/home/dwb/thor/Coder/scripts/executor_system/step_movement.py\", line 35, in _navigate\n    return request.phase_coordinator.submit_step_navigation(\n  File \"/home/dwb/thor/Coder/scripts/executor_system/executor.py\", line 389, in submit_step_navigation\n    raise request_error\nexecutor_system.movement.NoInteractionPoseError: NO_INTERACTION_POSE: interaction target is invisible from every candidate for agent 1 target 'Egg'\n"}, {"exception_type": "RuntimeError", "message": "BreakObject failed for agent 1 on Egg|-02.04|+00.81|+01.24: NullReferenceException: Target object not found within the specified visibility.. trace:   at UnityStandardAssets.Characters.FirstPerson.BaseFPSAgentController.getInteractableSimObjectFromId (System.String objectId, System.Boolean forceAction) [0x0007a] in <686694aeb00e4f03b2b15637c42c1442>:0 \n  at UnityStandardAssets.Characters.FirstPerson.PhysicsRemoteFPSAgentController.BreakObject (ServerAction action) [0x00034] in <686694aeb00e4f03b2b15637c42c1442>:0 \n  at (wrapper managed-to-native) System.Reflection.MonoMethod.InternalInvoke(System.Reflection.MonoMethod,object,object[],System.Exception&)\n  at System.Reflection.MonoMethod.Invoke (System.Object obj, System.Reflection.BindingFlags invokeAttr, System.Reflection.Binder binder, System.Object[] parameters, System.Globalization.CultureInfo culture) [0x00032] in <695d1cc93cca45069c528c15c9fdd749>:0 ", "phase": "Phase 1", "robot_id": "robot2", "traceback": "Traceback (most recent call last):\n  File \"/home/dwb/thor/Coder/scripts/executor_system/executor.py\", line 651, in _execute_queue\n    event = executor.execute_action(pending.action, action_wave=action_wave)\n  File \"/home/dwb/thor/Coder/scripts/executor_system/executor.py\", line 702, in execute_action\n    return self.adapter.execute(\n  File \"/home/dwb/thor/Coder/scripts/executor_system/action_plan.py\", line 525, in execute\n    return registry.execute(self.runtime, robot_id, prepared, {\n  File \"/home/dwb/thor/Coder/scripts/executor_system/action_registry.py\", line 278, in execute\n    return ObjectInteractor(runtime).execute(robot_id, prepared, context, registry=self)\n  File \"/home/dwb/thor/Coder/scripts/executor_system/object_interactor.py\", line 43, in execute\n    return executor(self.runtime, robot_id, normalized, action_context)\n  File \"/home/dwb/thor/Coder/scripts/executor_system/action_registry.py\", line 81, in _object\n    return runtime.object_action(action_type, robot_id, normalized.parameters['args'][0])\n  File \"/home/dwb/thor/Coder/scripts/executor_system/runtime.py\", line 2467, in object_action\n    return self._get_object_interactor().object_action(action, robot, obj_name, force_action=force_action, extra_object_resources=extra_object_resources, action_parameters=action_parameters)\n  File \"/home/dwb/thor/Coder/scripts/executor_system/object_interactor.py\", line 574, in object_action\n    return runtime.object_action_by_object(\n  File \"/home/dwb/thor/Coder/scripts/executor_system/runtime.py\", line 2541, in object_action_by_object\n    return self._get_object_interactor().object_action_by_object(action, agent_id, obj, force_action=force_action, extra_object_resources=extra_object_resources, action_parameters=action_parameters, goal_object_name=goal_object_name)\n  File \"/home/dwb/thor/Coder/scripts/executor_system/object_interactor.py\", line 1095, in object_action_by_object\n    raise RuntimeError(\nRuntimeError: BreakObject failed for agent 1 on Egg|-02.04|+00.81|+01.24: NullReferenceException: Target object not found within the specified visibility.. trace:   at UnityStandardAssets.Characters.FirstPerson.BaseFPSAgentController.getInteractableSimObjectFromId (System.String objectId, System.Boolean forceAction) [0x0007a] in <686694aeb00e4f03b2b15637c42c1442>:0 \n  at UnityStandardAssets.Characters.FirstPerson.PhysicsRemoteFPSAgentController.BreakObject (ServerAction action) [0x00034] in <686694aeb00e4f03b2b15637c42c1442>:0 \n  at (wrapper managed-to-native) System.Reflection.MonoMethod.InternalInvoke(System.Reflection.MonoMethod,object,object[],System.Exception&)\n  at System.Reflection.MonoMethod.Invoke (System.Object obj, System.Reflection.BindingFlags invokeAttr, System.Reflection.Binder binder, System.Object[] parameters, System.Globalization.CultureInfo culture) [0x00032] in <695d1cc93cca45069c528c15c9fdd749>:0 \n"}, {"exception_type": "RuntimeError", "message": "CookByStoveBurner timed out waiting for Egg|-02.04|+00.81|+01.24 to become Cooked.", "phase": "Phase 1", "robot_id": "robot2", "traceback": "Traceback (most recent call last):\n  File \"/home/dwb/thor/Coder/scripts/executor_system/executor.py\", line 651, in _execute_queue\n    event = executor.execute_action(pending.action, action_wave=action_wave)\n  File \"/home/dwb/thor/Coder/scripts/executor_system/executor.py\", line 702, in execute_action\n    return self.adapter.execute(\n  File \"/home/dwb/thor/Coder/scripts/executor_system/action_plan.py\", line 525, in execute\n    return registry.execute(self.runtime, robot_id, prepared, {\n  File \"/home/dwb/thor/Coder/scripts/executor_system/action_registry.py\", line 278, in execute\n    return ObjectInteractor(runtime).execute(robot_id, prepared, context, registry=self)\n  File \"/home/dwb/thor/Coder/scripts/executor_system/object_interactor.py\", line 43, in execute\n    return executor(self.runtime, robot_id, normalized, action_context)\n  File \"/home/dwb/thor/Coder/scripts/executor_system/action_registry.py\", line 77, in _helper\n    return function(ObjectInteractor(runtime))(robot_id, *normalized.parameters['args'])\n  File \"/home/dwb/thor/Coder/scripts/executor_system/object_interactor.py\", line 1681, in CookByStoveBurner\n    self._wait_for_object_cooked(robot, food, \"CookByStoveBurner\")\n  File \"/home/dwb/thor/Coder/scripts/executor_system/object_interactor.py\", line 1501, in _wait_for_object_cooked\n    raise RuntimeError(f\"{action_name} timed out waiting for {target_id} to become Cooked.\")\nRuntimeError: CookByStoveBurner timed out waiting for Egg|-02.04|+00.81|+01.24 to become Cooked.\n"}, {"exception_type": "NoInteractionPoseError", "message": "NO_INTERACTION_POSE: interaction target is invisible from every candidate for agent 1 target 'Knife'", "phase": "Phase 1", "robot_id": "robot2", "traceback": "Traceback (most recent call last):\n  File \"/home/dwb/thor/Coder/scripts/executor_system/executor.py\", line 651, in _execute_queue\n    event = executor.execute_action(pending.action, action_wave=action_wave)\n  File \"/home/dwb/thor/Coder/scripts/executor_system/executor.py\", line 702, in execute_action\n    return self.adapter.execute(\n  File \"/home/dwb/thor/Coder/scripts/executor_system/action_plan.py\", line 525, in execute\n    return registry.execute(self.runtime, robot_id, prepared, {\n  File \"/home/dwb/thor/Coder/scripts/executor_system/action_registry.py\", line 278, in execute\n    return ObjectInteractor(runtime).execute(robot_id, prepared, context, registry=self)\n  File \"/home/dwb/thor/Coder/scripts/executor_system/object_interactor.py\", line 43, in execute\n    return executor(self.runtime, robot_id, normalized, action_context)\n  File \"/home/dwb/thor/Coder/scripts/executor_system/action_registry.py\", line 87, in _navigate\n    return runtime.navigate_to_object(robot_id, normalized.parameters['args'][0],\n  File \"/home/dwb/thor/Coder/scripts/executor_system/runtime.py\", line 2418, in navigate_to_object\n    result = self.movement_strategy.navigate(request)\n  File \"/home/dwb/thor/Coder/scripts/executor_system/step_movement.py\", line 31, in navigate\n    return self._navigate(request)\n  File \"/home/dwb/thor/Coder/scripts/executor_system/step_movement.py\", line 35, in _navigate\n    return request.phase_coordinator.submit_step_navigation(\n  File \"/home/dwb/thor/Coder/scripts/executor_system/executor.py\", line 389, in submit_step_navigation\n    raise request_error\nexecutor_system.movement.NoInteractionPoseError: NO_INTERACTION_POSE: interaction target is invisible from every candidate for agent 1 target 'Knife'\n"}, {"exception_type": "RuntimeError", "message": "PickupObject failed for agent 1 on Knife|-01.70|+00.79|-00.22: NullReferenceException: Target object not found within the specified visibility.. trace:   at UnityStandardAssets.Characters.FirstPerson.BaseFPSAgentController.getInteractableSimObjectFromId (System.String objectId, System.Boolean forceAction) [0x0007a] in <686694aeb00e4f03b2b15637c42c1442>:0 \n  at UnityStandardAssets.Characters.FirstPerson.PhysicsRemoteFPSAgentController.PickupObject (System.String objectId, System.Boolean forceAction, System.Boolean manualInteract) [0x00000] in <686694aeb00e4f03b2b15637c42c1442>:0 \n  at (wrapper managed-to-native) System.Reflection.MonoMethod.InternalInvoke(System.Reflection.MonoMethod,object,object[],System.Exception&)\n  at System.Reflection.MonoMethod.Invoke (System.Object obj, System.Reflection.BindingFlags invokeAttr, System.Reflection.Binder binder, System.Object[] parameters, System.Globalization.CultureInfo culture) [0x00032] in <695d1cc93cca45069c528c15c9fdd749>:0 ", "phase": "Phase 1", "robot_id": "robot2", "traceback": "Traceback (most recent call last):\n  File \"/home/dwb/thor/Coder/scripts/executor_system/executor.py\", line 651, in _execute_queue\n    event = executor.execute_action(pending.action, action_wave=action_wave)\n  File \"/home/dwb/thor/Coder/scripts/executor_system/executor.py\", line 702, in execute_action\n    return self.adapter.execute(\n  File \"/home/dwb/thor/Coder/scripts/executor_system/action_plan.py\", line 525, in execute\n    return registry.execute(self.runtime, robot_id, prepared, {\n  File \"/home/dwb/thor/Coder/scripts/executor_system/action_registry.py\", line 278, in execute\n    return ObjectInteractor(runtime).execute(robot_id, prepared, context, registry=self)\n  File \"/home/dwb/thor/Coder/scripts/executor_system/object_interactor.py\", line 43, in execute\n    return executor(self.runtime, robot_id, normalized, action_context)\n  File \"/home/dwb/thor/Coder/scripts/executor_system/action_registry.py\", line 81, in _object\n    return runtime.object_action(action_type, robot_id, normalized.parameters['args'][0])\n  File \"/home/dwb/thor/Coder/scripts/executor_system/runtime.py\", line 2467, in object_action\n    return self._get_object_interactor().object_action(action, robot, obj_name, force_action=force_action, extra_object_resources=extra_object_resources, action_parameters=action_parameters)\n  File \"/home/dwb/thor/Coder/scripts/executor_system/object_interactor.py\", line 574, in object_action\n    return runtime.object_action_by_object(\n  File \"/home/dwb/thor/Coder/scripts/executor_system/runtime.py\", line 2541, in object_action_by_object\n    return self._get_object_interactor().object_action_by_object(action, agent_id, obj, force_action=force_action, extra_object_resources=extra_object_resources, action_parameters=action_parameters, goal_object_name=goal_object_name)\n  File \"/home/dwb/thor/Coder/scripts/executor_system/object_interactor.py\", line 1095, in object_action_by_object\n    raise RuntimeError(\nRuntimeError: PickupObject failed for agent 1 on Knife|-01.70|+00.79|-00.22: NullReferenceException: Target object not found within the specified visibility.. trace:   at UnityStandardAssets.Characters.FirstPerson.BaseFPSAgentController.getInteractableSimObjectFromId (System.String objectId, System.Boolean forceAction) [0x0007a] in <686694aeb00e4f03b2b15637c42c1442>:0 \n  at UnityStandardAssets.Characters.FirstPerson.PhysicsRemoteFPSAgentController.PickupObject (System.String objectId, System.Boolean forceAction, System.Boolean manualInteract) [0x00000] in <686694aeb00e4f03b2b15637c42c1442>:0 \n  at (wrapper managed-to-native) System.Reflection.MonoMethod.InternalInvoke(System.Reflection.MonoMethod,object,object[],System.Exception&)\n  at System.Reflection.MonoMethod.Invoke (System.Object obj, System.Reflection.BindingFlags invokeAttr, System.Reflection.Binder binder, System.Object[] parameters, System.Globalization.CultureInfo culture) [0x00032] in <695d1cc93cca45069c528c15c9fdd749>:0 \n"}], "resources": [{"action_key": "0:robot2:0", "event": "acquired", "keys": [], "world_version": 5}, {"action_key": "0:robot2:0", "event": "released", "world_version": 5}, {"action_key": "0:robot2:1", "event": "acquired", "keys": ["Cup|+00.37|+01.64|-02.58"], "world_version": 705}, {"action_key": "0:robot2:1", "event": "released", "world_version": 705}, {"action_key": "0:robot2:2", "event": "acquired", "keys": [], "world_version": 718}, {"action_key": "0:robot2:2", "event": "released", "world_version": 718}, {"action_key": "0:robot2:3", "event": "acquired", "keys": ["Egg|-02.04|+00.81|+01.24"], "world_version": 1736}, {"action_key": "0:robot2:3", "event": "released", "world_version": 1736}, {"action_key": "0:robot2:4", "event": "acquired", "keys": [], "world_version": 1749}, {"action_key": "0:robot2:4", "event": "released", "world_version": 1803}, {"action_key": "0:robot2:5", "event": "acquired", "keys": ["Pot|-01.22|+00.90|-02.36"], "world_version": 1803}, {"action_key": "0:robot2:5", "event": "released", "world_version": 1804}, {"action_key": "0:robot2:7", "event": "acquired", "keys": [], "world_version": 1805}, {"action_key": "0:robot2:7", "event": "released", "world_version": 1805}, {"action_key": "0:robot2:8", "event": "acquired", "keys": ["Egg|-02.04|+00.81|+01.24", "Pot|-01.22|+00.90|-02.36"], "world_version": 2013}, {"action_key": "0:robot2:8", "event": "released", "world_version": 2013}, {"action_key": "0:robot2:9", "event": "acquired", "keys": [], "world_version": 2026}, {"action_key": "0:robot2:9", "event": "released", "world_version": 2030}, {"action_key": "0:robot2:10", "event": "acquired", "keys": ["Egg|-02.04|+00.81|+01.24", "Pot|-01.22|+00.90|-02.36", "StoveBurner|-00.47|+00.92|-02.37", "StoveKnob|-00.48|+00.88|-02.19"], "world_version": 2030}, {"action_key": "0:robot2:10", "event": "released", "world_version": 2030}, {"action_key": "0:robot2:11", "event": "acquired", "keys": [], "world_version": 2063}, {"action_key": "0:robot2:11", "event": "released", "world_version": 2063}, {"action_key": "0:robot2:12", "event": "acquired", "keys": ["Knife|-01.70|+00.79|-00.22"], "world_version": 2649}, {"action_key": "0:robot2:12", "event": "released", "world_version": 2649}, {"action_key": "0:robot2:13", "event": "acquired", "keys": [], "world_version": 2662}, {"action_key": "0:robot2:13", "event": "released", "world_version": 2683}, {"action_key": "0:robot2:14", "event": "acquired", "keys": ["Lettuce|-01.81|+00.97|-00.94"], "world_version": 2683}, {"action_key": "0:robot2:14", "event": "released", "world_version": 2684}], "snapshot": {"held_object_sources": {"robot1": {}, "robot2": {}}, "held_objects": {"robot1": [], "robot2": []}, "objects_by_id": {"Apple|-00.47|+01.15|+00.48": {"assetId": "Apple_1", "axisAlignedBoundingBox": {"center": {"x": -0.4651550054550171, "y": 1.1567251682281494, "z": 0.47574546933174133}, "cornerPoints": [[-0.4121478199958801, 1.213450312614441, 0.5287579894065857], [-0.4121478199958801, 1.213450312614441, 0.422732949256897], [-0.4121478199958801, 1.100000023841858, 0.5287579894065857], [-0.4121478199958801, 1.100000023841858, 0.422732949256897], [-0.518162190914154, 1.213450312614441, 0.5287579894065857], [-0.518162190914154, 1.213450312614441, 0.422732949256897], [-0.518162190914154, 1.100000023841858, 0.5287579894065857], [-0.518162190914154, 1.100000023841858, 0.422732949256897]], "size": {"x": 0.10601437091827393, "y": 0.11345028877258301, "z": 0.10602504014968872}}, "breakable": false, "canBeUsedUp": false, "canFillWithLiquid": false, "controlledObjects": null, "cookable": false, "dirtyable": false, "distance": 1.6901377439498901, "fillLiquid": null, "isBroken": false, "isColdSource": false, "isCooked": false, "isDirty": false, "isFilledWithLiquid": false, "isHeatSource": false, "isInteractable": false, "isMoving": false, "isOpen": false, "isPickedUp": false, "isSliced": false, "isToggled": false, "isUsedUp": false, "mass": 0.20000000298023224, "moveable": false, "name": "Apple_3fef4551", "objectId": "Apple|-00.47|+01.15|+00.48", "objectOrientedBoundingBox": {"cornerPoints": [[-0.41212940216064453, 1.0999243259429932, 0.5286504626274109], [-0.5181412100791931, 1.099887490272522, 0.5286504626274109], [-0.5181412100791931, 1.1000759601593018, 0.42263880372047424], [-0.4121294319629669, 1.100112795829773, 0.42263883352279663], [-0.41216880083084106, 1.2133744955062866, 0.5288521647453308], [-0.5181806087493896, 1.2133376598358154, 0.528852105140686], [-0.5181806087493896, 1.2135261297225952, 0.4228404760360718], [-0.41216880083084106, 1.2135629653930664, 0.42284050583839417]]}, "objectType": "Apple", "openable": false, "openness": 0.0, "parentReceptacles": ["CounterTop|-00.08|+01.15|00.00"], "pickupable": true, "position": {"x": -0.46516576409339905, "y": 1.151225209236145, "z": 0.47580063343048096}, "receptacle": false, "receptacleObjectIds": null, "rotation": {"x": 0.17450670897960663, "y": 5.203456021263264e-05, "z": 0.03407910093665123}, "salientMaterials": ["Food"], "sliceable": true, "temperature": "RoomTemp", "toggleable": false, "visible": false}, "Book|+00.15|+01.10|+00.62": {"assetId": "Book_1", "axisAlignedBoundingBox": {"center": {"x": 0.15373563766479492, "y": 1.1303372383117676, "z": 0.6158389449119568}, "cornerPoints": [[0.4208664894104004, 1.1613304615020752, 0.8820400238037109], [0.4208664894104004, 1.1613304615020752, 0.34963786602020264], [0.4208664894104004, 1.09934401512146, 0.8820400238037109], [0.4208664894104004, 1.09934401512146, 0.34963786602020264], [-0.11339521408081055, 1.1613304615020752, 0.8820400238037109], [-0.11339521408081055, 1.1613304615020752, 0.34963786602020264], [-0.11339521408081055, 1.09934401512146, 0.8820400238037109], [-0.11339521408081055, 1.09934401512146, 0.34963786602020264]], "size": {"x": 0.5342617034912109, "y": 0.061986446380615234, "z": 0.5324021577835083}}, "breakable": false, "canBeUsedUp": false, "canFillWithLiquid": false, "controlledObjects": null, "cookable": false, "dirtyable": false, "distance": 2.151282787322998, "fillLiquid": null, "isBroken": false, "isColdSource": false, "isCooked": false, "isDirty": false, "isFilledWithLiquid": false, "isHeatSource": false, "isInteractable": false, "isMoving": false, "isOpen": false, "isPickedUp": false, "isSliced": false, "isToggled": false, "isUsedUp": false, "mass": 0.5, "moveable": false, "name": "Book_e5ef3174", "objectId": "Book|+00.15|+01.10|+00.62", "objectOrientedBoundingBox": {"cornerPoints": [[0.11577555537223816, 1.1002905368804932, 0.34963762760162354], [0.4211297631263733, 1.0998495817184448, 0.6463086605072021], [0.19197002053260803, 1.0993398427963257, 0.8821747899055481], [-0.11338414251804352, 1.099780797958374, 0.5855037569999695], [0.11575495451688766, 1.1613341569900513, 0.34974953532218933], [0.421109139919281, 1.1608933210372925, 0.6464205980300903], [0.19194942712783813, 1.1603835821151733, 0.8822867274284363], [-0.1134047657251358, 1.1608244180679321, 0.5856156349182129]]}, "objectType": "Book", "openable": true, "openness": 0.0, "parentReceptacles": ["CounterTop|-00.08|+01.15|00.00"], "pickupable": true, "position": {"x": 0.15499889850616455, "y": 1.0992612838745117, "z": 0.6169993281364441}, "receptacle": false, "receptacleObjectIds": null, "rotation": {"x": 359.9111633300781, "y": 135.82623291015625, "z": 0.059336576610803604}, "salientMaterials": ["Paper"], "sliceable": false, "temperature": "RoomTemp", "toggleable": false, "visible": false}, "Bottle|+01.54|+00.89|-02.54": {"assetId": "Bottle_1", "axisAlignedBoundingBox": {"center": {"x": 1.539992332458496, "y": 1.0129189491271973, "z": -2.539964199066162}, "cornerPoints": [[1.5933752059936523, 1.1396863460540771, -2.4865808486938477], [1.5933752059936523, 1.1396863460540771, -2.5933475494384766], [1.5933752059936523, 0.8861515522003174, -2.4865808486938477], [1.5933752059936523, 0.8861515522003174, -2.5933475494384766], [1.4866094589233398, 1.1396863460540771, -2.4865808486938477], [1.4866094589233398, 1.1396863460540771, -2.5933475494384766], [1.4866094589233398, 0.8861515522003174, -2.4865808486938477], [1.4866094589233398, 0.8861515522003174, -2.5933475494384766]], "size": {"x": 0.1067657470703125, "y": 0.25353479385375977, "z": 0.1067667007446289}}, "breakable": true, "canBeUsedUp": false, "canFillWithLiquid": true, "controlledObjects": null, "cookable": false, "dirtyable": false, "distance": 3.186812400817871, "fillLiquid": null, "isBroken": false, "isColdSource": false, "isCooked": false, "isDirty": false, "isFilledWithLiquid": false, "isHeatSource": false, "isInteractable": false, "isMoving": false, "isOpen": false, "isPickedUp": false, "isSliced": false, "isToggled": false, "isUsedUp": false, "mass": 0.20000000298023224, "moveable": false, "name": "Bottle_4e73f712", "objectId": "Bottle|+01.54|+00.89|-02.54", "objectOrientedBoundingBox": {"cornerPoints": [[1.593356728553772, 0.8861469030380249, -2.4865870475769043], [1.4865907430648804, 0.8861535787582397, -2.4866139888763428], [1.486617922782898, 0.8861792683601379, -2.5933799743652344], [1.5933839082717896, 0.8861725926399231, -2.593353033065796], [1.5933727025985718, 1.1396633386611938, -2.4865260124206543], [1.4866067171096802, 1.1396701335906982, -2.4865529537200928], [1.4866337776184082, 1.1396957635879517, -2.5933189392089844], [1.5933997631072998, 1.1396890878677368, -2.593291997909546]]}, "objectType": "Bottle", "openable": false, "openness": 0.0, "parentReceptacles": ["Shelf|+01.75|+00.88|-02.56"], "pickupable": true, "position": {"x": 1.5399909019470215, "y": 0.8861721158027649, "z": -2.539968967437744}, "receptacle": false, "receptacleObjectIds": null, "rotation": {"x": 359.9647521972656, "y": 359.9922180175781, "z": 0.012980744242668152}, "salientMaterials": ["Glass"], "sliceable": false, "temperature": "RoomTemp", "toggleable": false, "visible": false}, "Bowl|+00.27|+01.10|-00.75": {"assetId": "Bowl_1", "axisAlignedBoundingBox": {"center": {"x": 0.27318695187568665, "y": 1.1440942287445068, "z": -0.7532854676246643}, "cornerPoints": [[0.3664007782936096, 1.1881828308105469, -0.660071611404419], [0.3664007782936096, 1.1881828308105469, -0.8464993238449097], [0.3664007782936096, 1.1000056266784668, -0.660071611404419], [0.3664007782936096, 1.1000056266784668, -0.8464993238449097], [0.17997312545776367, 1.1881828308105469, -0.660071611404419], [0.17997312545776367, 1.1881828308105469, -0.8464993238449097], [0.17997312545776367, 1.1000056266784668, -0.660071611404419], [0.17997312545776367, 1.1000056266784668, -0.8464993238449097]], "size": {"x": 0.18642765283584595, "y": 0.08817720413208008, "z": 0.18642771244049072}}, "breakable": true, "canBeUsedUp": false, "canFillWithLiquid": true, "controlledObjects": null, "cookable": false, "dirtyable": true, "distance": 1.5559520721435547, "fillLiquid": null, "isBroken": false, "isColdSource": false, "isCooked": false, "isDirty": false, "isFilledWithLiquid": false, "isHeatSource": false, "isInteractable": false, "isMoving": false, "isOpen": false, "isPickedUp": false, "isSliced": false, "isToggled": false, "isUsedUp": false, "mass": 0.4699999988079071, "moveable": false, "name": "Bowl_208f368b", "objectId": "Bowl|+00.27|+01.10|-00.75", "objectOrientedBoundingBox": {"cornerPoints": [[0.36640140414237976, 1.1000055074691772, -0.6600737571716309], [0.17997419834136963, 1.100005030632019, -0.6600723266601562], [0.17997276782989502, 1.100007176399231, -0.8464991450309753], [0.36639997363090515, 1.1000076532363892, -0.84650057554245], [0.36640116572380066, 1.1881805658340454, -0.6600726842880249], [0.17997395992279053, 1.1881800889968872, -0.6600712537765503], [0.17997252941131592, 1.1881822347640991, -0.8464981317520142], [0.36639973521232605, 1.1881828308105469, -0.8464995622634888]]}, "objectType": "Bowl", "openable": false, "openness": 0.0, "parentReceptacles": ["CounterTop|-00.08|+01.15|00.00"], "pickupable": true, "position": {"x": 0.2731873095035553, "y": 1.1010472774505615, "z": -0.7532863020896912}, "receptacle": true, "receptacleObjectIds": [], "rotation": {"x": 0.0028516424354165792, "y": 0.0002832398749887943, "z": 0.0016968069830909371}, "salientMaterials": ["Ceramic"], "sliceable": false, "temperature": "RoomTemp", "toggleable": false, "visible": false}, "Bread|-00.52|+01.17|-00.03": {"assetId": "Bread_1", "axisAlignedBoundingBox": {"center": {"x": -0.522383451461792, "y": 1.1738834381103516, "z": -0.02827875316143036}, "cornerPoints": [[-0.46321237087249756, 1.2477669715881348, 0.11511127650737762], [-0.46321237087249756, 1.2477669715881348, -0.17166878283023834], [-0.46321237087249756, 1.0999999046325684, 0.11511127650737762], [-0.46321237087249756, 1.0999999046325684, -0.17166878283023834], [-0.5815545320510864, 1.2477669715881348, 0.11511127650737762], [-0.5815545320510864, 1.2477669715881348, -0.17166878283023834], [-0.5815545320510864, 1.0999999046325684, 0.11511127650737762], [-0.5815545320510864, 1.0999999046325684, -0.17166878283023834]], "size": {"x": 0.11834216117858887, "y": 0.1477670669555664, "z": 0.28678005933761597}}, "breakable": false, "canBeUsedUp": false, "canFillWithLiquid": false, "controlledObjects": null, "cookable": false, "dirtyable": false, "distance": 1.2434906959533691, "fillLiquid": null, "isBroken": false, "isColdSource": false, "isCooked": false, "isDirty": false, "isFilledWithLiquid": false, "isHeatSource": false, "isInteractable": false, "isMoving": false, "isOpen": false, "isPickedUp": false, "isSliced": false, "isToggled": false, "isUsedUp": false, "mass": 0.699999988079071, "moveable": false, "name": "Bread_c6b4566e", "objectId": "Bread|-00.52|+01.17|-00.03", "objectOrientedBoundingBox": {"cornerPoints": [[-0.4632124602794647, 1.0999999046325684, 0.11511130630970001], [-0.581554651260376, 1.100000023841858, 0.11511127650737762], [-0.5815545916557312, 1.100000023841858, -0.17166878283023834], [-0.46321240067481995, 1.0999999046325684, -0.17166875302791595], [-0.4632123112678528, 1.2477668523788452, 0.11511127650737762], [-0.5815544724464417, 1.2477669715881348, 0.11511124670505524], [-0.5815544128417969, 1.2477669715881348, -0.17166881263256073], [-0.4632122814655304, 1.2477668523788452, -0.17166878283023834]]}, "objectType": "Bread", "openable": false, "openness": 0.0, "parentReceptacles": ["CounterTop|-00.08|+01.15|00.00"], "pickupable": true, "position": {"x": -0.5223836302757263, "y": 1.1704490184783936, "z": -0.028279820457100868}, "receptacle": false, "receptacleObjectIds": null, "rotation": {"x": 3.7452718970598653e-06, "y": -9.558698366163298e-06, "z": 8.136953692883253e-05}, "salientMaterials": ["Food"], "sliceable": true, "temperature": "RoomTemp", "toggleable": false, "visible": false}, "ButterKnife|-00.41|+01.11|-00.46": {"assetId": "ButterKnife_1", "axisAlignedBoundingBox": {"center": {"x": -0.41531339287757874, "y": 1.1033320426940918, "z": -0.4595739245414734}, "cornerPoints": [[-0.4047043025493622, 1.1066639423370361, -0.32536059617996216], [-0.4047043025493622, 1.1066639423370361, -0.5937872529029846], [-0.4047043025493622, 1.1000001430511475, -0.32536059617996216], [-0.4047043025493622, 1.1000001430511475, -0.5937872529029846], [-0.4259224832057953, 1.1066639423370361, -0.32536059617996216], [-0.4259224832057953, 1.1066639423370361, -0.5937872529029846], [-0.4259224832057953, 1.1000001430511475, -0.32536059617996216], [-0.4259224832057953, 1.1000001430511475, -0.5937872529029846]], "size": {"x": 0.021218180656433105, "y": 0.006663799285888672, "z": 0.26842665672302246}}, "breakable": false, "canBeUsedUp": false, "canFillWithLiquid": false, "controlledObjects": null, "cookable": false, "dirtyable": false, "distance": 1.0167326927185059, "fillLiquid": null, "isBroken": false, "isColdSource": false, "isCooked": false, "isDirty": false, "isFilledWithLiquid": false, "isHeatSource": false, "isInteractable": false, "isMoving": false, "isOpen": false, "isPickedUp": false, "isSliced": false, "isToggled": false, "isUsedUp": false, "mass": 0.07999999821186066, "moveable": false, "name": "ButterKnife_4ae287b7", "objectId": "ButterKnife|-00.41|+01.11|-00.46", "objectOrientedBoundingBox": {"cornerPoints": [[-0.4259178042411804, 1.1000003814697266, -0.32536059617996216], [-0.42591777443885803, 1.106664776802063, -0.32536059617996216], [-0.4259225130081177, 1.1066639423370361, -0.593786895275116], [-0.42592254281044006, 1.0999995470046997, -0.5937868356704712], [-0.4047043025493622, 1.100000262260437, -0.3253609538078308], [-0.4047042727470398, 1.1066646575927734, -0.3253609836101532], [-0.40470898151397705, 1.106663703918457, -0.5937872529029846], [-0.4047090411186218, 1.0999994277954102, -0.5937872529029846]]}, "objectType": "ButterKnife", "openable": false, "openness": 0.0, "parentReceptacles": ["CounterTop|-00.08|+01.15|00.00"], "pickupable": true, "position": {"x": -0.41180744767189026, "y": 1.1053317785263062, "z": -0.462016224861145}, "receptacle": false, "receptacleObjectIds": null, "rotation": {"x": -0.00016680412227287889, "y": 0.0009630339918658137, "z": 269.9984130859375}, "salientMaterials": ["Metal"], "sliceable": false, "temperature": "RoomTemp", "toggleable": false, "visible": false}, "Cabinet|+00.68|+00.50|-02.20": {"assetId": "", "axisAlignedBoundingBox": {"center": {"x": 0.4500000476837158, "y": 0.4949999749660492, "z": -2.388200283050537}, "cornerPoints": [[0.6850004196166992, 0.8700001835823059, -2.1729001998901367], [0.6850004196166992, 0.8700001835823059, -2.6035003662109375], [0.6850004196166992, 0.11999976634979248, -2.1729001998901367], [0.6850004196166992, 0.11999976634979248, -2.6035003662109375], [0.21499967575073242, 0.8700001835823059, -2.1729001998901367], [0.21499967575073242, 0.8700001835823059, -2.6035003662109375], [0.21499967575073242, 0.11999976634979248, -2.1729001998901367], [0.21499967575073242, 0.11999976634979248, -2.6035003662109375]], "size": {"x": 0.4700007438659668, "y": 0.7500004172325134, "z": 0.4306001663208008}}, "breakable": false, "canBeUsedUp": false, "canFillWithLiquid": false, "controlledObjects": null, "cookable": false, "dirtyable": false, "distance": 2.308622121810913, "fillLiquid": null, "isBroken": false, "isColdSource": false, "isCooked": false, "isDirty": false, "isFilledWithLiquid": false, "isHeatSource": false, "isInteractable": false, "isMoving": false, "isOpen": false, "isPickedUp": false, "isSliced": false, "isToggled": false, "isUsedUp": false, "mass": 0.0, "moveable": false, "name": "Cabinet_07bf9f23", "objectId": "Cabinet|+00.68|+00.50|-02.20", "objectOrientedBoundingBox": null, "objectType": "Cabinet", "openable": true, "openness": 0.0, "parentReceptacles": null, "pickupable": false, "position": {"x": 0.6800000071525574, "y": 0.4949999749660492, "z": -2.200000047683716}, "receptacle": true, "receptacleObjectIds": [], "rotation": {"x": -0.0, "y": 0.0, "z": 0.0}, "salientMaterials": null, "sliceable": false, "temperature": "RoomTemp", "toggleable": false, "visible": false}, "Cabinet|+00.68|+02.02|-02.46": {"assetId": "", "axisAlignedBoundingBox": {"center": {"x": 0.4500000476837158, "y": 2.015000104904175, "z": -2.5909407138824463}, "cornerPoints": [[0.6850004196166992, 2.390000343322754, -2.4328999519348145], [0.6850004196166992, 2.390000343322754, -2.748981475830078], [0.6850004196166992, 1.6399998664855957, -2.4328999519348145], [0.6850004196166992, 1.6399998664855957, -2.748981475830078], [0.21499967575073242, 2.390000343322754, -2.4328999519348145], [0.21499967575073242, 2.390000343322754, -2.748981475830078], [0.21499967575073242, 1.6399998664855957, -2.4328999519348145], [0.21499967575073242, 1.6399998664855957, -2.748981475830078]], "size": {"x": 0.4700007438659668, "y": 0.7500004768371582, "z": 0.31608152389526367}}, "breakable": false, "canBeUsedUp": false, "canFillWithLiquid": false, "controlledObjects": null, "cookable": false, "dirtyable": false, "distance": 2.6641130447387695, "fillLiquid": null, "isBroken": false, "isColdSource": false, "isCooked": false, "isDirty": false, "isFilledWithLiquid": false, "isHeatSource": false, "isInteractable": false, "isMoving": false, "isOpen": false, "isPickedUp": false, "isSliced": false, "isToggled": false, "isUsedUp": false, "mass": 0.0, "moveable": false, "name": "Cabinet_41c7fc3b", "objectId": "Cabinet|+00.68|+02.02|-02.46", "objectOrientedBoundingBox": null, "objectType": "Cabinet", "openable": true, "openness": 0.0, "parentReceptacles": null, "pickupable": false, "position": {"x": 0.6800000071525574, "y": 2.015000104904175, "z": -2.4600000381469727}, "receptacle": true, "receptacleObjectIds": ["Cup|+00.37|+01.64|-02.58"], "rotation": {"x": -0.0, "y": 0.0, "z": 0.0}, "salientMaterials": null, "sliceable": false, "temperature": "RoomTemp", "toggleable": false, "visible": false}, "Cabinet|+00.72|+02.02|-02.46": {"assetId": "", "axisAlignedBoundingBox": {"center": {"x": 0.9490000009536743, "y": 2.0149998664855957, "z": -2.590733528137207}, "cornerPoints": [[1.1860003471374512, 2.390000343322754, -2.4328999519348145], [1.1860003471374512, 2.390000343322754, -2.7485671043395996], [1.1860003471374512, 1.6399993896484375, -2.4328999519348145], [1.1860003471374512, 1.6399993896484375, -2.7485671043395996], [0.7119996547698975, 2.390000343322754, -2.4328999519348145], [0.7119996547698975, 2.390000343322754, -2.7485671043395996], [0.7119996547698975, 1.6399993896484375, -2.4328999519348145], [0.7119996547698975, 1.6399993896484375, -2.7485671043395996]], "size": {"x": 0.4740006923675537, "y": 0.7500009536743164, "z": 0.31566715240478516}}, "breakable": false, "canBeUsedUp": false, "canFillWithLiquid": false, "controlledObjects": null, "cookable": false, "dirtyable": false, "distance": 2.6932320594787598, "fillLiquid": null, "isBroken": false, "isColdSource": false, "isCooked": false, "isDirty": false, "isFilledWithLiquid": false, "isHeatSource": false, "isInteractable": false, "isMoving": false, "isOpen": false, "isPickedUp": false, "isSliced": false, "isToggled": false, "isUsedUp": false, "mass": 0.0, "moveable": false, "name": "Cabinet_b69a8cbf", "objectId": "Cabinet|+00.72|+02.02|-02.46", "objectOrientedBoundingBox": null, "objectType": "Cabinet", "openable": true, "openness": 0.0, "parentReceptacles": null, "pickupable": false, "position": {"x": 0.7199999690055847, "y": 2.015000104904175, "z": -2.4600000381469727}, "receptacle": true, "receptacleObjectIds": ["Plate|+00.96|+01.65|-02.61"], "rotation": {"x": -0.0, "y": 0.0, "z": 0.0}, "salientMaterials": null, "sliceable": false, "temperature": "RoomTemp", "toggleable": false, "visible": false}, "Cabinet|-00.73|+02.02|-02.46": {"assetId": "", "axisAlignedBoundingBox": {"center": {"x": -0.957800030708313, "y": 2.015000104904175, "z": -2.590740203857422}, "cornerPoints": [[-0.7227996587753296, 2.390000343322754, -2.4328999519348145], [-0.7227996587753296, 2.390000343322754, -2.7485804557800293], [-0.7227996587753296, 1.6399998664855957, -2.4328999519348145], [-0.7227996587753296, 1.6399998664855957, -2.7485804557800293], [-1.1928004026412964, 2.390000343322754, -2.4328999519348145], [-1.1928004026412964, 2.390000343322754, -2.7485804557800293], [-1.1928004026412964, 1.6399998664855957, -2.4328999519348145], [-1.1928004026412964, 1.6399998664855957, -2.7485804557800293]], "size": {"x": 0.4700007438659668, "y": 0.7500004768371582, "z": 0.31568050384521484}}, "breakable": false, "canBeUsedUp": false, "canFillWithLiquid": false, "controlledObjects": null, "cookable": false, "dirtyable": false, "distance": 1.9092645645141602, "fillLiquid": null, "isBroken": false, "isColdSource": false, "isCooked": false, "isDirty": false, "isFilledWithLiquid": false, "isHeatSource": false, "isInteractable": false, "isMoving": false, "isOpen": false, "isPickedUp": false, "isSliced": false, "isToggled": false, "isUsedUp": false, "mass": 0.0, "moveable": false, "name": "Cabinet_afbfa706", "objectId": "Cabinet|-00.73|+02.02|-02.46", "objectOrientedBoundingBox": null, "objectType": "Cabinet", "openable": true, "openness": 0.0, "parentReceptacles": null, "pickupable": false, "position": {"x": -0.7278000116348267, "y": 2.015000104904175, "z": -2.4600000381469727}, "receptacle": true, "receptacleObjectIds": ["WineBottle|-01.00|+01.65|-02.58"], "rotation": {"x": -0.0, "y": 0.0, "z": 0.0}, "salientMaterials": null, "sliceable": false, "temperature": "RoomTemp", "toggleable": false, "visible": false}, "Cabinet|-01.18|+00.50|-02.20": {"assetId": "", "axisAlignedBoundingBox": {"center": {"x": -1.1039116382598877, "y": 0.4949999749660492, "z": -2.388200283050537}, "cornerPoints": [[-0.7149995565414429, 0.8700001835823059, -2.1729001998901367], [-0.7149995565414429, 0.8700001835823059, -2.6035003662109375], [-0.7149995565414429, 0.11999976634979248, -2.1729001998901367], [-0.7149995565414429, 0.11999976634979248, -2.6035003662109375], [-1.4928237199783325, 0.8700001835823059, -2.1729001998901367], [-1.4928237199783325, 0.8700001835823059, -2.6035003662109375], [-1.4928237199783325, 0.11999976634979248, -2.1729001998901367], [-1.4928237199783325, 0.11999976634979248, -2.6035003662109375]], "size": {"x": 0.7778241634368896, "y": 0.7500004172325134, "z": 0.4306001663208008}}, "breakable": false, "canBeUsedUp": false, "canFillWithLiquid": false, "controlledObjects": null, "cookable": false, "dirtyable": false, "distance": 1.2687535285949707, "fillLiquid": null, "isBroken": false, "isColdSource": false, "isCooked": false, "isDirty": false, "isFilledWithLiquid": false, "isHeatSource": false, "isInteractable": false, "isMoving": false, "isOpen": false, "isPickedUp": false, "isSliced": false, "isToggled": false, "isUsedUp": false, "mass": 0.0, "moveable": false, "name": "Cabinet_7d7a3425", "objectId": "Cabinet|-01.18|+00.50|-02.20", "objectOrientedBoundingBox": null, "objectType": "Cabinet", "openable": true, "openness": 0.0, "parentReceptacles": null, "pickupable": false, "position": {"x": -1.1799999475479126, "y": 0.4949999749660492, "z": -2.200000047683716}, "receptacle": true, "receptacleObjectIds": [], "rotation": {"x": -0.0, "y": 0.0, "z": 0.0}, "salientMaterials": null, "sliceable": false, "temperature": "RoomTemp", "toggleable": false, "visible": false}, "Cabinet|-01.55|+00.50|+00.38": {"assetId": "", "axisAlignedBoundingBox": {"center": {"x": -1.7429003715515137, "y": 0.440000057220459, "z": 0.20499983429908752}, "cornerPoints": [[-1.5322999954223633, 0.760000467300415, 0.3850003778934479], [-1.5322999954223633, 0.760000467300415, 0.024999290704727173], [-1.5322999954223633, 0.11999964714050293, 0.3850003778934479], [-1.5322999954223633, 0.11999964714050293, 0.024999290704727173], [-1.953500747680664, 0.760000467300415, 0.3850003778934479], [-1.953500747680664, 0.760000467300415, 0.024999290704727173], [-1.953500747680664, 0.11999964714050293, 0.3850003778934479], [-1.953500747680664, 0.11999964714050293, 0.024999290704727173]], "size": {"x": 0.4212007522583008, "y": 0.6400008201599121, "z": 0.3600010871887207}}, "breakable": false, "canBeUsedUp": false, "canFillWithLiquid": false, "controlledObjects": null, "cookable": false, "dirtyable": false, "distance": 1.4694336652755737, "fillLiquid": null, "isBroken": false, "isColdSource": false, "isCooked": false, "isDirty": false, "isFilledWithLiquid": false, "isHeatSource": false, "isInteractable": true, "isMoving": false, "isOpen": false, "isPickedUp": false, "isSliced": false, "isToggled": false, "isUsedUp": false, "mass": 0.0, "moveable": false, "name": "Cabinet_67e9cbea", "objectId": "Cabinet|-01.55|+00.50|+00.38", "objectOrientedBoundingBox": null, "objectType": "Cabinet", "openable": true, "openness": 0.0, "parentReceptacles": null, "pickupable": false, "position": {"x": -1.5499999523162842, "y": 0.4949999749660492, "z": 0.3799999952316284}, "receptacle": true, "receptacleObjectIds": [], "rotation": {"x": -0.0, "y": 90.0, "z": -0.0}, "salientMaterials": null, "sliceable": false, "temperature": "RoomTemp", "toggleable": false, "visible": true}, "Cabinet|-01.55|+00.50|-01.97": {"assetId": "", "axisAlignedBoundingBox": {"center": {"x": -1.7382001876831055, "y": 0.4949999451637268, "z": -1.5044996738433838}, "cornerPoints": [[-1.522899866104126, 0.8700002431869507, -1.033998966217041], [-1.522899866104126, 0.8700002431869507, -1.9750003814697266], [-1.522899866104126, 0.11999964714050293, -1.033998966217041], [-1.522899866104126, 0.11999964714050293, -1.9750003814697266], [-1.953500509262085, 0.8700002431869507, -1.033998966217041], [-1.953500509262085, 0.8700002431869507, -1.9750003814697266], [-1.953500509262085, 0.11999964714050293, -1.033998966217041], [-1.953500509262085, 0.11999964714050293, -1.9750003814697266]], "size": {"x": 0.430600643157959, "y": 0.7500005960464478, "z": 0.9410014152526855}}, "breakable": false, "canBeUsedUp": false, "canFillWithLiquid": false, "controlledObjects": null, "cookable": false, "dirtyable": false, "distance": 1.0890638828277588, "fillLiquid": null, "isBroken": false, "isColdSource": false, "isCooked": false, "isDirty": false, "isFilledWithLiquid": false, "isHeatSource": false, "isInteractable": true, "isMoving": false, "isOpen": false, "isPickedUp": false, "isSliced": false, "isToggled": false, "isUsedUp": false, "mass": 0.0, "moveable": false, "name": "Cabinet_4223545f", "objectId": "Cabinet|-01.55|+00.50|-01.97", "objectOrientedBoundingBox": null, "objectType": "Cabinet", "openable": true, "openness": 0.0, "parentReceptacles": null, "pickupable": false, "position": {"x": -1.5499999523162842, "y": 0.4949999749660492, "z": -1.9649999141693115}, "receptacle": true, "receptacleObjectIds": ["DishSponge|-01.94|+00.75|-01.71"], "rotation": {"x": -0.0, "y": 90.0, "z": -0.0}, "salientMaterials": null, "sliceable": false, "temperature": "RoomTemp", "toggleable": false, "visible": true}, "Cabinet|-01.69|+02.02|-02.46": {"assetId": "", "axisAlignedBoundingBox": {"center": {"x": -1.4542499780654907, "y": 2.0149998664855957, "z": -2.591533660888672}, "cornerPoints": [[-1.218199610710144, 2.390000343322754, -2.434499740600586], [-1.218199610710144, 2.390000343322754, -2.748567581176758], [-1.218199610710144, 1.6399993896484375, -2.434499740600586], [-1.218199610710144, 1.6399993896484375, -2.748567581176758], [-1.6903003454208374, 2.390000343322754, -2.434499740600586], [-1.6903003454208374, 2.390000343322754, -2.748567581176758], [-1.6903003454208374, 1.6399993896484375, -2.434499740600586], [-1.6903003454208374, 1.6399993896484375, -2.748567581176758]], "size": {"x": 0.47210073471069336, "y": 0.7500009536743164, "z": 0.3140678405761719}}, "breakable": false, "canBeUsedUp": false, "canFillWithLiquid": false, "controlledObjects": null, "cookable": false, "dirtyable": false, "distance": 1.8885865211486816, "fillLiquid": null, "isBroken": false, "isColdSource": false, "isCooked": false, "isDirty": false, "isFilledWithLiquid": false, "isHeatSource": false, "isInteractable": false, "isMoving": false, "isOpen": false, "isPickedUp": false, "isSliced": false, "isToggled": false, "isUsedUp": false, "mass": 0.0, "moveable": false, "name": "Cabinet_64c8b7ce", "objectId": "Cabinet|-01.69|+02.02|-02.46", "objectOrientedBoundingBox": null, "objectType": "Cabinet", "openable": true, "openness": 0.0, "parentReceptacles": null, "pickupable": false, "position": {"x": -1.6852999925613403, "y": 2.015000104904175, "z": -2.4616000652313232}, "receptacle": true, "receptacleObjectIds": [], "rotation": {"x": -0.0, "y": 0.0, "z": 0.0}, "salientMaterials": null, "sliceable": false, "temperature": "RoomTemp", "toggleable": false, "visible": false}, "Cabinet|-01.85|+02.02|+00.38": {"assetId": "", "axisAlignedBoundingBox": {"center": {"x": -1.9850268363952637, "y": 2.0153615474700928, "z": 0.09986761212348938}, "cornerPoints": [[-1.8214218616485596, 2.392423152923584, 0.38969266414642334], [-1.8214218616485596, 2.392423152923584, -0.18995743989944458], [-1.8214218616485596, 1.6382999420166016, 0.38969266414642334], [-1.8214218616485596, 1.6382999420166016, -0.18995743989944458], [-2.1486318111419678, 2.392423152923584, 0.38969266414642334], [-2.1486318111419678, 2.392423152923584, -0.18995743989944458], [-2.1486318111419678, 1.6382999420166016, 0.38969266414642334], [-2.1486318111419678, 1.6382999420166016, -0.18995743989944458]], "size": {"x": 0.3272099494934082, "y": 0.7541232109069824, "z": 0.5796501040458679}}, "breakable": false, "canBeUsedUp": false, "canFillWithLiquid": false, "controlledObjects": null, "cookable": false, "dirtyable": false, "distance": 1.8722708225250244, "fillLiquid": null, "isBroken": false, "isColdSource": false, "isCooked": false, "isDirty": false, "isFilledWithLiquid": false, "isHeatSource": false, "isInteractable": false, "isMoving": false, "isOpen": false, "isPickedUp": false, "isSliced": false, "isToggled": false, "isUsedUp": false, "mass": 0.0, "moveable": false, "name": "Cabinet_83d77a74", "objectId": "Cabinet|-01.85|+02.02|+00.38", "objectOrientedBoundingBox": null, "objectType": "Cabinet", "openable": true, "openness": 0.0, "parentReceptacles": null, "pickupable": false, "position": {"x": -1.8499999046325684, "y": 2.015000104904175, "z": 0.3799999952316284}, "receptacle": true, "receptacleObjectIds": [], "rotation": {"x": -0.0, "y": 90.0, "z": -0.0}, "salientMaterials": null, "sliceable": false, "temperature": "RoomTemp", "toggleable": false, "visible": false}, "CoffeeMachine|-01.98|+00.90|-00.19": {"assetId": "coffee_machine_1", "axisAlignedBoundingBox": {"center": {"x": -1.8729240894317627, "y": 1.121159315109253, "z": -0.1903645098209381}, "cornerPoints": [[-1.626600980758667, 1.3422942161560059, -0.043006181716918945], [-1.626600980758667, 1.3422942161560059, -0.3377228379249573], [-1.626600980758667, 0.9000244140625, -0.043006181716918945], [-1.626600980758667, 0.9000244140625, -0.3377228379249573], [-2.1192471981048584, 1.3422942161560059, -0.043006181716918945], [-2.1192471981048584, 1.3422942161560059, -0.3377228379249573], [-2.1192471981048584, 0.9000244140625, -0.043006181716918945], [-2.1192471981048584, 0.9000244140625, -0.3377228379249573]], "size": {"x": 0.4926462173461914, "y": 0.44226980209350586, "z": 0.29471665620803833}}, "breakable": false, "canBeUsedUp": false, "canFillWithLiquid": false, "controlledObjects": [], "cookable": false, "dirtyable": false, "distance": 1.0897854566574097, "fillLiquid": null, "isBroken": false, "isColdSource": false, "isCooked": false, "isDirty": false, "isFilledWithLiquid": false, "isHeatSource": true, "isInteractable": true, "isMoving": false, "isOpen": false, "isPickedUp": false, "isSliced": false, "isToggled": false, "isUsedUp": false, "mass": 5.0, "moveable": true, "name": "CoffeeMachine_19c6af8e", "objectId": "CoffeeMachine|-01.98|+00.90|-00.19", "objectOrientedBoundingBox": {"cornerPoints": [[-1.6266016960144043, 0.9000190496444702, -0.3376868963241577], [-1.6266076564788818, 0.9000366926193237, -0.04300205409526825], [-2.119248390197754, 0.9000493884086609, -0.04301212728023529], [-2.1192421913146973, 0.9000316858291626, -0.33769699931144714], [-1.6265902519226074, 1.3422651290893555, -0.33771342039108276], [-1.6265963315963745, 1.342282772064209, -0.0430285781621933], [-2.119236946105957, 1.3422954082489014, -0.04303865134716034], [-2.1192309856414795, 1.3422777652740479, -0.3377235233783722]]}, "objectType": "CoffeeMachine", "openable": false, "openness": 0.0, "parentReceptacles": ["CounterTop|-01.87|+00.95|-01.21"], "pickupable": false, "position": {"x": -1.9780069589614868, "y": 0.8999992609024048, "z": -0.18905165791511536}, "receptacle": true, "receptacleObjectIds": [], "rotation": {"x": -1.0376458703831304e-05, "y": 89.99881744384766, "z": -2.0035493434988894e-05}, "salientMaterials": ["Plastic"], "sliceable": false, "temperature": "RoomTemp", "toggleable": true, "visible": true}, "CounterTop|+00.69|+00.95|-02.48": {"assetId": "", "axisAlignedBoundingBox": {"center": {"x": 0.7077270746231079, "y": 0.9093500375747681, "z": -2.4922728538513184}, "cornerPoints": [[1.2154541015625, 0.9172000885009766, -2.1845459938049316], [1.2154541015625, 0.9172000885009766, -2.799999713897705], [1.2154541015625, 0.9014999866485596, -2.1845459938049316], [1.2154541015625, 0.9014999866485596, -2.799999713897705], [0.20000004768371582, 0.9172000885009766, -2.1845459938049316], [0.20000004768371582, 0.9172000885009766, -2.799999713897705], [0.20000004768371582, 0.9014999866485596, -2.1845459938049316], [0.20000004768371582, 0.9014999866485596, -2.799999713897705]], "size": {"x": 1.0154540538787842, "y": 0.015700101852416992, "z": 0.6154537200927734}}, "breakable": false, "canBeUsedUp": false, "canFillWithLiquid": false, "controlledObjects": null, "cookable": false, "dirtyable": false, "distance": 2.4453115463256836, "fillLiquid": null, "isBroken": false, "isColdSource": false, "isCooked": false, "isDirty": false, "isFilledWithLiquid": false, "isHeatSource": false, "isInteractable": false, "isMoving": false, "isOpen": false, "isPickedUp": false, "isSliced": false, "isToggled": false, "isUsedUp": false, "mass": 0.0, "moveable": false, "name": "CounterTop_2fe78146", "objectId": "CounterTop|+00.69|+00.95|-02.48", "objectOrientedBoundingBox": null, "objectType": "CounterTop", "openable": false, "openness": 0.0, "parentReceptacles": null, "pickupable": false, "position": {"x": 0.6930000185966492, "y": 0.9462000131607056, "z": -2.4839999675750732}, "receptacle": true, "receptacleObjectIds": ["Pan|+00.72|+00.90|-02.42", "Kettle|+01.04|+00.90|-02.60", "Spatula|+00.38|+00.91|-02.33", "PepperShaker|+00.30|+00.90|-02.47", "SaltShaker|+00.35|+00.90|-02.57"], "rotation": {"x": -0.0, "y": 0.0, "z": 0.0}, "salientMaterials": null, "sliceable": false, "temperature": "RoomTemp", "toggleable": false, "visible": false}, "CounterTop|-00.08|+01.15|00.00": {"assetId": "", "axisAlignedBoundingBox": {"center": {"x": -0.06000000238418579, "y": 1.1097999811172485, "z": -0.004999995231628418}, "cornerPoints": [[0.4999999403953552, 1.1180999279022217, 1.0100001096725464], [0.4999999403953552, 1.1180999279022217, -1.0200001001358032], [0.4999999403953552, 1.1015000343322754, 1.0100001096725464], [0.4999999403953552, 1.1015000343322754, -1.0200001001358032], [-0.6199999451637268, 1.1180999279022217, 1.0100001096725464], [-0.6199999451637268, 1.1180999279022217, -1.0200001001358032], [-0.6199999451637268, 1.1015000343322754, 1.0100001096725464], [-0.6199999451637268, 1.1015000343322754, -1.0200001001358032]], "size": {"x": 1.119999885559082, "y": 0.01659989356994629, "z": 2.0300002098083496}}, "breakable": false, "canBeUsedUp": false, "canFillWithLiquid": false, "controlledObjects": null, "cookable": false, "dirtyable": false, "distance": 1.5587841272354126, "fillLiquid": null, "isBroken": false, "isColdSource": false, "isCooked": false, "isDirty": false, "isFilledWithLiquid": false, "isHeatSource": false, "isInteractable": false, "isMoving": false, "isOpen": false, "isPickedUp": false, "isSliced": false, "isToggled": false, "isUsedUp": false, "mass": 0.0, "moveable": false, "name": "CounterTop_203f0cf4", "objectId": "CounterTop|-00.08|+01.15|00.00", "objectOrientedBoundingBox": null, "objectType": "CounterTop", "openable": false, "openness": 0.0, "parentReceptacles": null, "pickupable": false, "position": {"x": -0.07900000363588333, "y": 1.1470999717712402, "z": -0.0010000000474974513}, "receptacle": true, "receptacleObjectIds": ["Book|+00.15|+01.10|+00.62", "Bowl|+00.27|+01.10|-00.75", "CreditCard|-00.46|+01.10|+00.87", "Apple|-00.47|+01.15|+00.48", "Bread|-00.52|+01.17|-00.03", "ButterKnife|-00.41|+01.11|-00.46", "Tomato|-00.39|+01.14|-00.81"], "rotation": {"x": -0.0, "y": 0.0, "z": 0.0}, "salientMaterials": null, "sliceable": false, "temperature": "RoomTemp", "toggleable": false, "visible": false}, "CounterTop|-01.87|+00.95|-01.21": {"assetId": "", "axisAlignedBoundingBox": {"center": {"x": -1.4500000476837158, "y": 0.9094499349594116, "z": -1.1922730207443237}, "cornerPoints": [[-0.7000000476837158, 0.9178999662399292, 0.4154539108276367], [-0.7000000476837158, 0.9178999662399292, -2.799999952316284], [-0.7000000476837158, 0.900999903678894, 0.4154539108276367], [-0.7000000476837158, 0.900999903678894, -2.799999952316284], [-2.200000047683716, 0.9178999662399292, 0.4154539108276367], [-2.200000047683716, 0.9178999662399292, -2.799999952316284], [-2.200000047683716, 0.900999903678894, 0.4154539108276367], [-2.200000047683716, 0.900999903678894, -2.799999952316284]], "size": {"x": 1.5, "y": 0.01690012216567993, "z": 3.215453863143921}}, "breakable": false, "canBeUsedUp": false, "canFillWithLiquid": false, "controlledObjects": null, "cookable": false, "dirtyable": false, "distance": 0.6530442237854004, "fillLiquid": null, "isBroken": false, "isColdSource": false, "isCooked": false, "isDirty": false, "isFilledWithLiquid": false, "isHeatSource": false, "isInteractable": true, "isMoving": false, "isOpen": false, "isPickedUp": false, "isSliced": false, "isToggled": false, "isUsedUp": false, "mass": 0.0, "moveable": false, "name": "CounterTop_978a4b41", "objectId": "CounterTop|-01.87|+00.95|-01.21", "objectOrientedBoundingBox": null, "objectType": "CounterTop", "openable": false, "openness": 0.0, "parentReceptacles": null, "pickupable": false, "position": {"x": -1.8680000305175781, "y": 0.9469000101089478, "z": -1.2059999704360962}, "receptacle": true, "receptacleObjectIds": ["Toaster|-01.84|+00.90|+00.13", "CoffeeMachine|-01.98|+00.90|-00.19", "Mug|-01.76|+00.90|-00.62", "PaperTowelRoll|-02.06|+01.01|-00.81", "Lettuce|-01.81|+00.97|-00.94|LettuceSliced_7", "Lettuce|-01.81|+00.97|-00.94|LettuceSliced_0", "Lettuce|-01.81|+00.97|-00.94|LettuceSliced_1", "Lettuce|-01.81|+00.97|-00.94|LettuceSliced_2", "Lettuce|-01.81|+00.97|-00.94|LettuceSliced_4", "Lettuce|-01.81|+00.97|-00.94|LettuceSliced_6", "Lettuce|-01.81|+00.97|-00.94|LettuceSliced_3", "Lettuce|-01.81|+00.97|-00.94|LettuceSliced_5", "Potato|-01.66|+00.93|-02.15", "HousePlant|-01.95|+00.89|-02.52", "SoapBottle|-01.99|+00.90|-02.03"], "rotation": {"x": -0.0, "y": 0.0, "z": 0.0}, "salientMaterials": null, "sliceable": false, "temperature": "RoomTemp", "toggleable": false, "visible": true}, "CreditCard|-00.46|+01.10|+00.87": {"assetId": "CreditCard_4", "axisAlignedBoundingBox": {"center": {"x": -0.4636647701263428, "y": 1.1022453308105469, "z": 0.8652697205543518}, "cornerPoints": [[-0.4147329330444336, 1.1044902801513672, 0.9153267741203308], [-0.4147329330444336, 1.1044902801513672, 0.8152126669883728], [-0.4147329330444336, 1.1000003814697266, 0.9153267741203308], [-0.4147329330444336, 1.1000003814697266, 0.8152126669883728], [-0.512596607208252, 1.1044902801513672, 0.9153267741203308], [-0.512596607208252, 1.1044902801513672, 0.8152126669883728], [-0.512596607208252, 1.1000003814697266, 0.9153267741203308], [-0.512596607208252, 1.1000003814697266, 0.8152126669883728]], "size": {"x": 0.09786367416381836, "y": 0.004489898681640625, "z": 0.10011410713195801}}, "breakable": false, "canBeUsedUp": false, "canFillWithLiquid": false, "controlledObjects": null, "cookable": false, "dirtyable": false, "distance": 2.0340335369110107, "fillLiquid": null, "isBroken": false, "isColdSource": false, "isCooked": false, "isDirty": false, "isFilledWithLiquid": false, "isHeatSource": false, "isInteractable": false, "isMoving": false, "isOpen": false, "isPickedUp": false, "isSliced": false, "isToggled": false, "isUsedUp": false, "mass": 0.005999999586492777, "moveable": false, "name": "CreditCard_5e829d70", "objectId": "CreditCard|-00.46|+01.10|+00.87", "objectOrientedBoundingBox": {"cornerPoints": [[-0.4547576904296875, 1.1000006198883057, 0.915326714515686], [-0.5125965476036072, 1.1000005006790161, 0.8514595031738281], [-0.4725717306137085, 1.1000006198883057, 0.815212607383728], [-0.4147328734397888, 1.1000007390975952, 0.8790798187255859], [-0.4547577202320099, 1.1044901609420776, 0.915326714515686], [-0.5125965476036072, 1.104490041732788, 0.8514595031738281], [-0.4725717306137085, 1.1044901609420776, 0.815212607383728], [-0.4147329032421112, 1.1044902801513672, 0.8790798187255859]]}, "objectType": "CreditCard", "openable": false, "openness": 0.0, "parentReceptacles": ["CounterTop|-00.08|+01.15|00.00"], "pickupable": true, "position": {"x": -0.463664710521698, "y": 1.1003444194793701, "z": 0.8652696013450623}, "receptacle": false, "receptacleObjectIds": null, "rotation": {"x": 0.00023811418213881552, "y": 312.1642761230469, "z": 0.00018782161350827664}, "salientMaterials": ["Plastic"], "sliceable": false, "temperature": "RoomTemp", "toggleable": false, "visible": false}, "Cup|+00.37|+01.64|-02.58": {"assetId": "Cup_1", "axisAlignedBoundingBox": {"center": {"x": 0.37137091159820557, "y": 1.7159022092819214, "z": -2.5795485973358154}, "cornerPoints": [[0.41397035121917725, 1.7868034839630127, -2.5371298789978027], [0.41397035121917725, 1.7868034839630127, -2.621967315673828], [0.41397035121917725, 1.64500093460083, -2.5371298789978027], [0.41397035121917725, 1.64500093460083, -2.621967315673828], [0.3287714719772339, 1.7868034839630127, -2.5371298789978027], [0.3287714719772339, 1.7868034839630127, -2.621967315673828], [0.3287714719772339, 1.64500093460083, -2.5371298789978027], [0.3287714719772339, 1.64500093460083, -2.621967315673828]], "size": {"x": 0.08519887924194336, "y": 0.14180254936218262, "z": 0.08483743667602539}}, "breakable": true, "canBeUsedUp": false, "canFillWithLiquid": true, "controlledObjects": null, "cookable": false, "dirtyable": true, "distance": 2.3824024200439453, "fillLiquid": null, "isBroken": false, "isColdSource": false, "isCooked": false, "isDirty": false, "isFilledWithLiquid": false, "isHeatSource": false, "isInteractable": false, "isMoving": false, "isOpen": false, "isPickedUp": false, "isSliced": false, "isToggled": false, "isUsedUp": false, "mass": 0.4000000059604645, "moveable": false, "name": "Cup_4c1ceda2", "objectId": "Cup|+00.37|+01.64|-02.58", "objectOrientedBoundingBox": {"cornerPoints": [[0.41393792629241943, 1.6449925899505615, -2.53719425201416], [0.32877451181411743, 1.6450144052505493, -2.537179708480835], [0.328760027885437, 1.6450464725494385, -2.621960163116455], [0.4139234721660614, 1.6450246572494507, -2.6219747066497803], [0.41397419571876526, 1.786764144897461, -2.5371406078338623], [0.32881075143814087, 1.7867859601974487, -2.537126064300537], [0.32879626750946045, 1.786818027496338, -2.6219065189361572], [0.41395971179008484, 1.78679621219635, -2.6219210624694824]]}, "objectType": "Cup", "openable": false, "openness": 0.0, "parentReceptacles": ["Cabinet|+00.68|+02.02|-02.46"], "pickupable": true, "position": {"x": 0.37134993076324463, "y": 1.6448094844818115, "z": -2.5791807174682617}, "receptacle": true, "receptacleObjectIds": [], "rotation": {"x": 0.009855267591774464, "y": 0.009454729035496712, "z": -0.0006322866538539529}, "salientMaterials": ["Glass"], "sliceable": false, "temperature": "RoomTemp", "toggleable": false, "visible": false}, "DishSponge|-01.94|+00.75|-01.71": {"assetId": "Dish_Sponge_1", "axisAlignedBoundingBox": {"center": {"x": -1.8567782640457153, "y": 0.13397790491580963, "z": -1.6192200183868408}, "cornerPoints": [[-1.7888219356536865, 0.14702336490154266, -1.540802001953125], [-1.7888219356536865, 0.14702336490154266, -1.6976380348205566], [-1.7888219356536865, 0.1209324449300766, -1.540802001953125], [-1.7888219356536865, 0.1209324449300766, -1.6976380348205566], [-1.9247345924377441, 0.14702336490154266, -1.540802001953125], [-1.9247345924377441, 0.14702336490154266, -1.6976380348205566], [-1.9247345924377441, 0.1209324449300766, -1.540802001953125], [-1.9247345924377441, 0.1209324449300766, -1.6976380348205566]], "size": {"x": 0.13591265678405762, "y": 0.026090919971466064, "z": 0.15683603286743164}}, "breakable": false, "canBeUsedUp": false, "canFillWithLiquid": false, "controlledObjects": null, "cookable": false, "dirtyable": false, "distance": 1.1503363847732544, "fillLiquid": null, "isBroken": false, "isColdSource": false, "isCooked": false, "isDirty": false, "isFilledWithLiquid": false, "isHeatSource": false, "isInteractable": false, "isMoving": false, "isOpen": false, "isPickedUp": false, "isSliced": false, "isToggled": false, "isUsedUp": false, "mass": 0.029999997466802597, "moveable": false, "name": "DishSponge_2f93679b", "objectId": "DishSponge|-01.94|+00.75|-01.71", "objectOrientedBoundingBox": {"cornerPoints": [[-1.8512547016143799, 0.14697138965129852, -1.540802001953125], [-1.7888222932815552, 0.14697209000587463, -1.5797001123428345], [-1.8622974157333374, 0.1470233052968979, -1.6976295709609985], [-1.9247299432754517, 0.14702260494232178, -1.658731460571289], [-1.8512595891952515, 0.12093238532543182, -1.540810227394104], [-1.7888270616531372, 0.12093308568000793, -1.5797083377838135], [-1.862302303314209, 0.12098430097103119, -1.697637915611267], [-1.9247348308563232, 0.12098360061645508, -1.6587398052215576]]}, "objectType": "DishSponge", "openable": false, "openness": 0.0, "parentReceptacles": ["Cabinet|-01.55|+00.50|-01.97"], "pickupable": true, "position": {"x": -1.8567615747451782, "y": 0.14490127563476562, "z": -1.6192175149917603}, "receptacle": false, "receptacleObjectIds": null, "rotation": {"x": 0.021411165595054626, "y": 31.920835494995117, "z": 179.98861694335938}, "salientMaterials": ["Sponge"], "sliceable": false, "temperature": "RoomTemp", "toggleable": false, "visible": false}, "Drawer|+00.95|+00.22|-02.20": {"assetId": "", "axisAlignedBoundingBox": {"center": {"x": 0.949999988079071, "y": 0.19667398929595947, "z": -2.3732364177703857}, "cornerPoints": [[1.1897614002227783, 0.2715473175048828, -2.178211212158203], [1.1897614002227783, 0.2715473175048828, -2.5682616233825684], [1.1897614002227783, 0.12180066108703613, -2.178211212158203], [1.1897614002227783, 0.12180066108703613, -2.5682616233825684], [0.7102385759353638, 0.2715473175048828, -2.178211212158203], [0.7102385759353638, 0.2715473175048828, -2.5682616233825684], [0.7102385759353638, 0.12180066108703613, -2.178211212158203], [0.7102385759353638, 0.12180066108703613, -2.5682616233825684]], "size": {"x": 0.47952282428741455, "y": 0.14974665641784668, "z": 0.39005041122436523}}, "breakable": false, "canBeUsedUp": false, "canFillWithLiquid": false, "controlledObjects": null, "cookable": false, "dirtyable": false, "distance": 2.5970752239227295, "fillLiquid": null, "isBroken": false, "isColdSource": false, "isCooked": false, "isDirty": false, "isFilledWithLiquid": false, "isHeatSource": false, "isInteractable": false, "isMoving": false, "isOpen": false, "isPickedUp": false, "isSliced": false, "isToggled": false, "isUsedUp": false, "mass": 0.0, "moveable": false, "name": "Drawer_14af4910", "objectId": "Drawer|+00.95|+00.22|-02.20", "objectOrientedBoundingBox": null, "objectType": "Drawer", "openable": true, "openness": 0.0, "parentReceptacles": null, "pickupable": false, "position": {"x": 0.949999988079071, "y": 0.22100000083446503, "z": -2.2009999752044678}, "receptacle": true, "receptacleObjectIds": [], "rotation": {"x": -0.0, "y": 0.0, "z": 0.0}, "salientMaterials": null, "sliceable": false, "temperature": "RoomTemp", "toggleable": false, "visible": false}, "Drawer|+00.95|+00.39|-02.20": {"assetId": "", "axisAlignedBoundingBox": {"center": {"x": 0.949999988079071, "y": 0.3696739673614502, "z": -2.3732364177703857}, "cornerPoints": [[1.1897614002227783, 0.44454729557037354, -2.178211212158203], [1.1897614002227783, 0.44454729557037354, -2.5682616233825684], [1.1897614002227783, 0.29480063915252686, -2.178211212158203], [1.1897614002227783, 0.29480063915252686, -2.5682616233825684], [0.7102385759353638, 0.44454729557037354, -2.178211212158203], [0.7102385759353638, 0.44454729557037354, -2.5682616233825684], [0.7102385759353638, 0.29480063915252686, -2.178211212158203], [0.7102385759353638, 0.29480063915252686, -2.5682616233825684]], "size": {"x": 0.47952282428741455, "y": 0.14974665641784668, "z": 0.39005041122436523}}, "breakable": false, "canBeUsedUp": false, "canFillWithLiquid": false, "controlledObjects": null, "cookable": false, "dirtyable": false, "distance": 2.557234764099121, "fillLiquid": null, "isBroken": false, "isColdSource": false, "isCooked": false, "isDirty": false, "isFilledWithLiquid": false, "isHeatSource": false, "isInteractable": false, "isMoving": false, "isOpen": false, "isPickedUp": false, "isSliced": false, "isToggled": false, "isUsedUp": false, "mass": 0.0, "moveable": false, "name": "Drawer_feba4efa", "objectId": "Drawer|+00.95|+00.39|-02.20", "objectOrientedBoundingBox": null, "objectType": "Drawer", "openable": true, "openness": 0.0, "parentReceptacles": null, "pickupable": false, "position": {"x": 0.949999988079071, "y": 0.39399999380111694, "z": -2.2009999752044678}, "receptacle": true, "receptacleObjectIds": [], "rotation": {"x": -0.0, "y": 0.0, "z": 0.0}, "salientMaterials": null, "sliceable": false, "temperature": "RoomTemp", "toggleable": false, "visible": false}, "Drawer|+00.95|+00.56|-02.20": {"assetId": "", "axisAlignedBoundingBox": {"center": {"x": 0.949999988079071, "y": 0.535673975944519, "z": -2.3733365535736084}, "cornerPoints": [[1.1897614002227783, 0.6105473041534424, -2.178311347961426], [1.1897614002227783, 0.6105473041534424, -2.568361759185791], [1.1897614002227783, 0.4608006477355957, -2.178311347961426], [1.1897614002227783, 0.4608006477355957, -2.568361759185791], [0.7102385759353638, 0.6105473041534424, -2.178311347961426], [0.7102385759353638, 0.6105473041534424, -2.568361759185791], [0.7102385759353638, 0.4608006477355957, -2.178311347961426], [0.7102385759353638, 0.4608006477355957, -2.568361759185791]], "size": {"x": 0.47952282428741455, "y": 0.14974665641784668, "z": 0.39005041122436523}}, "breakable": false, "canBeUsedUp": false, "canFillWithLiquid": false, "controlledObjects": null, "cookable": false, "dirtyable": false, "distance": 2.529608964920044, "fillLiquid": null, "isBroken": false, "isColdSource": false, "isCooked": false, "isDirty": false, "isFilledWithLiquid": false, "isHeatSource": false, "isInteractable": false, "isMoving": false, "isOpen": false, "isPickedUp": false, "isSliced": false, "isToggled": false, "isUsedUp": false, "mass": 0.0, "moveable": false, "name": "Drawer_b7714dd0", "objectId": "Drawer|+00.95|+00.56|-02.20", "objectOrientedBoundingBox": null, "objectType": "Drawer", "openable": true, "openness": 0.0, "parentReceptacles": null, "pickupable": false, "position": {"x": 0.949999988079071, "y": 0.5600000023841858, "z": -2.2011001110076904}, "receptacle": true, "receptacleObjectIds": [], "rotation": {"x": -0.0, "y": 0.0, "z": 0.0}, "salientMaterials": null, "sliceable": false, "temperature": "RoomTemp", "toggleable": false, "visible": false}, "Drawer|+00.95|+00.71|-02.20": {"assetId": "", "axisAlignedBoundingBox": {"center": {"x": 0.949999988079071, "y": 0.6882746815681458, "z": -2.3724365234375}, "cornerPoints": [[1.1897614002227783, 0.7492952346801758, -2.1774110794067383], [1.1897614002227783, 0.7492952346801758, -2.5674619674682617], [1.1897614002227783, 0.6272541284561157, -2.1774110794067383], [1.1897614002227783, 0.6272541284561157, -2.5674619674682617], [0.7102385759353638, 0.7492952346801758, -2.1774110794067383], [0.7102385759353638, 0.7492952346801758, -2.5674619674682617], [0.7102385759353638, 0.6272541284561157, -2.1774110794067383], [0.7102385759353638, 0.6272541284561157, -2.5674619674682617]], "size": {"x": 0.47952282428741455, "y": 0.12204110622406006, "z": 0.39005088806152344}}, "breakable": false, "canBeUsedUp": false, "canFillWithLiquid": false, "controlledObjects": null, "cookable": false, "dirtyable": false, "distance": 2.5135016441345215, "fillLiquid": null, "isBroken": false, "isColdSource": false, "isCooked": false, "isDirty": false, "isFilledWithLiquid": false, "isHeatSource": false, "isInteractable": false, "isMoving": false, "isOpen": false, "isPickedUp": false, "isSliced": false, "isToggled": false, "isUsedUp": false, "mass": 0.0, "moveable": false, "name": "Drawer_45b02cbc", "objectId": "Drawer|+00.95|+00.71|-02.20", "objectOrientedBoundingBox": null, "objectType": "Drawer", "openable": true, "openness": 0.0, "parentReceptacles": null, "pickupable": false, "position": {"x": 0.949999988079071, "y": 0.7081000208854675, "z": -2.200200080871582}, "receptacle": true, "receptacleObjectIds": [], "rotation": {"x": -0.0, "y": 0.0, "z": 0.0}, "salientMaterials": null, "sliceable": false, "temperature": "RoomTemp", "toggleable": false, "visible": false}, "Drawer|+00.95|+00.83|-02.20": {"assetId": "", "axisAlignedBoundingBox": {"center": {"x": 0.949999988079071, "y": 0.8145545721054077, "z": -2.369236469268799}, "cornerPoints": [[1.1897614002227783, 0.8707123398780823, -2.174211025238037], [1.1897614002227783, 0.8707123398780823, -2.5642619132995605], [1.1897614002227783, 0.7583968043327332, -2.174211025238037], [1.1897614002227783, 0.7583968043327332, -2.5642619132995605], [0.7102385759353638, 0.8707123398780823, -2.174211025238037], [0.7102385759353638, 0.8707123398780823, -2.5642619132995605], [0.7102385759353638, 0.7583968043327332, -2.174211025238037], [0.7102385759353638, 0.7583968043327332, -2.5642619132995605]], "size": {"x": 0.47952282428741455, "y": 0.11231553554534912, "z": 0.39005088806152344}}, "breakable": false, "canBeUsedUp": false, "canFillWithLiquid": false, "controlledObjects": null, "cookable": false, "dirtyable": false, "distance": 2.505486011505127, "fillLiquid": null, "isBroken": false, "isColdSource": false, "isCooked": false, "isDirty": false, "isFilledWithLiquid": false, "isHeatSource": false, "isInteractable": false, "isMoving": false, "isOpen": false, "isPickedUp": false, "isSliced": false, "isToggled": false, "isUsedUp": false, "mass": 0.0, "moveable": false, "name": "Drawer_814ccbab", "objectId": "Drawer|+00.95|+00.83|-02.20", "objectOrientedBoundingBox": null, "objectType": "Drawer", "openable": true, "openness": 0.0, "parentReceptacles": null, "pickupable": false, "position": {"x": 0.949999988079071, "y": 0.8327999711036682, "z": -2.197000026702881}, "receptacle": true, "receptacleObjectIds": ["Spoon|+00.98|+00.77|-02.29", "Fork|+00.95|+00.77|-02.37"], "rotation": {"x": -0.0, "y": 0.0, "z": 0.0}, "salientMaterials": null, "sliceable": false, "temperature": "RoomTemp", "toggleable": false, "visible": false}, "Drawer|-01.56|+00.33|-00.20": {"assetId": "", "axisAlignedBoundingBox": {"center": {"x": -1.732636570930481, "y": 0.2797078490257263, "z": -0.19700002670288086}, "cornerPoints": [[-1.5376112461090088, 0.43758052587509155, 0.00789332389831543], [-1.5376112461090088, 0.43758052587509155, -0.40189337730407715], [-1.5376112461090088, 0.12183517217636108, 0.00789332389831543], [-1.5376112461090088, 0.12183517217636108, -0.40189337730407715], [-1.9276618957519531, 0.43758052587509155, 0.00789332389831543], [-1.9276618957519531, 0.43758052587509155, -0.40189337730407715], [-1.9276618957519531, 0.12183517217636108, 0.00789332389831543], [-1.9276618957519531, 0.12183517217636108, -0.40189337730407715]], "size": {"x": 0.39005064964294434, "y": 0.31574535369873047, "z": 0.4097867012023926}}, "breakable": false, "canBeUsedUp": false, "canFillWithLiquid": false, "controlledObjects": null, "cookable": false, "dirtyable": false, "distance": 1.03249990940094, "fillLiquid": null, "isBroken": false, "isColdSource": false, "isCooked": false, "isDirty": false, "isFilledWithLiquid": false, "isHeatSource": false, "isInteractable": true, "isMoving": false, "isOpen": false, "isPickedUp": false, "isSliced": false, "isToggled": false, "isUsedUp": false, "mass": 0.0, "moveable": false, "name": "Drawer_f0dcbe39", "objectId": "Drawer|-01.56|+00.33|-00.20", "objectOrientedBoundingBox": null, "objectType": "Drawer", "openable": true, "openness": 0.0, "parentReceptacles": null, "pickupable": false, "position": {"x": -1.5604000091552734, "y": 0.3310000002384186, "z": -0.19699999690055847}, "receptacle": true, "receptacleObjectIds": [], "rotation": {"x": -0.0, "y": 90.0, "z": -0.0}, "salientMaterials": null, "sliceable": false, "temperature": "RoomTemp", "toggleable": false, "visible": true}, "Drawer|-01.56|+00.66|-00.20": {"assetId": "", "axisAlignedBoundingBox": {"center": {"x": -1.7326364517211914, "y": 0.6039078831672668, "z": -0.19700002670288086}, "cornerPoints": [[-1.5376110076904297, 0.7617805004119873, 0.00789332389831543], [-1.5376110076904297, 0.7617805004119873, -0.40189337730407715], [-1.5376110076904297, 0.4460352659225464, 0.00789332389831543], [-1.5376110076904297, 0.4460352659225464, -0.40189337730407715], [-1.9276618957519531, 0.7617805004119873, 0.00789332389831543], [-1.9276618957519531, 0.7617805004119873, -0.40189337730407715], [-1.9276618957519531, 0.4460352659225464, 0.00789332389831543], [-1.9276618957519531, 0.4460352659225464, -0.40189337730407715]], "size": {"x": 0.39005088806152344, "y": 0.3157452344894409, "z": 0.4097867012023926}}, "breakable": false, "canBeUsedUp": false, "canFillWithLiquid": false, "controlledObjects": null, "cookable": false, "dirtyable": false, "distance": 0.8953067660331726, "fillLiquid": null, "isBroken": false, "isColdSource": false, "isCooked": false, "isDirty": false, "isFilledWithLiquid": false, "isHeatSource": false, "isInteractable": true, "isMoving": false, "isOpen": false, "isPickedUp": false, "isSliced": false, "isToggled": false, "isUsedUp": false, "mass": 0.0, "moveable": false, "name": "Drawer_454fdaaf", "objectId": "Drawer|-01.56|+00.66|-00.20", "objectOrientedBoundingBox": null, "objectType": "Drawer", "openable": true, "openness": 0.0, "parentReceptacles": null, "pickupable": false, "position": {"x": -1.5604000091552734, "y": 0.6552000045776367, "z": -0.19699999690055847}, "receptacle": true, "receptacleObjectIds": [], "rotation": {"x": -0.0, "y": 90.0, "z": -0.0}, "salientMaterials": null, "sliceable": false, "temperature": "RoomTemp", "toggleable": false, "visible": true}, "Drawer|-01.56|+00.84|+00.20": {"assetId": "", "axisAlignedBoundingBox": {"center": {"x": -1.73323655128479, "y": 0.8243400454521179, "z": 0.2044999897480011}, "cornerPoints": [[-1.5382111072540283, 0.8713088035583496, 0.38355451822280884], [-1.5382111072540283, 0.8713088035583496, 0.02544546127319336], [-1.5382111072540283, 0.7773712873458862, 0.38355451822280884], [-1.5382111072540283, 0.7773712873458862, 0.02544546127319336], [-1.9282619953155518, 0.8713088035583496, 0.38355451822280884], [-1.9282619953155518, 0.8713088035583496, 0.02544546127319336], [-1.9282619953155518, 0.7773712873458862, 0.38355451822280884], [-1.9282619953155518, 0.7773712873458862, 0.02544546127319336]], "size": {"x": 0.39005088806152344, "y": 0.09393751621246338, "z": 0.3581090569496155}}, "breakable": false, "canBeUsedUp": false, "canFillWithLiquid": false, "controlledObjects": null, "cookable": false, "dirtyable": false, "distance": 1.245516300201416, "fillLiquid": null, "isBroken": false, "isColdSource": false, "isCooked": false, "isDirty": false, "isFilledWithLiquid": false, "isHeatSource": false, "isInteractable": false, "isMoving": false, "isOpen": false, "isPickedUp": false, "isSliced": false, "isToggled": false, "isUsedUp": false, "mass": 0.0, "moveable": false, "name": "Drawer_8f754799", "objectId": "Drawer|-01.56|+00.84|+00.20", "objectOrientedBoundingBox": null, "objectType": "Drawer", "openable": true, "openness": 0.0, "parentReceptacles": null, "pickupable": false, "position": {"x": -1.5609999895095825, "y": 0.8396000266075134, "z": 0.2045000046491623}, "receptacle": true, "receptacleObjectIds": [], "rotation": {"x": -0.0, "y": 90.0, "z": -0.0}, "salientMaterials": null, "sliceable": false, "temperature": "RoomTemp", "toggleable": false, "visible": false}, "Drawer|-01.56|+00.84|-00.20": {"assetId": "", "axisAlignedBoundingBox": {"center": {"x": -1.733236312866211, "y": 0.8243401050567627, "z": -0.19710004329681396}, "cornerPoints": [[-1.5382111072540283, 0.8713088035583496, 0.00458139181137085], [-1.5382111072540283, 0.8713088035583496, -0.3987814784049988], [-1.5382111072540283, 0.7773714065551758, 0.00458139181137085], [-1.5382111072540283, 0.7773714065551758, -0.3987814784049988], [-1.9282615184783936, 0.8713088035583496, 0.00458139181137085], [-1.9282615184783936, 0.8713088035583496, -0.3987814784049988], [-1.9282615184783936, 0.7773714065551758, 0.00458139181137085], [-1.9282615184783936, 0.7773714065551758, -0.3987814784049988]], "size": {"x": 0.39005041122436523, "y": 0.09393739700317383, "z": 0.40336287021636963}}, "breakable": false, "canBeUsedUp": false, "canFillWithLiquid": false, "controlledObjects": null, "cookable": false, "dirtyable": false, "distance": 0.8632144331932068, "fillLiquid": null, "isBroken": false, "isColdSource": false, "isCooked": false, "isDirty": false, "isFilledWithLiquid": false, "isHeatSource": false, "isInteractable": false, "isMoving": false, "isOpen": false, "isPickedUp": false, "isSliced": false, "isToggled": false, "isUsedUp": false, "mass": 0.0, "moveable": false, "name": "Drawer_51f98f55", "objectId": "Drawer|-01.56|+00.84|-00.20", "objectOrientedBoundingBox": null, "objectType": "Drawer", "openable": true, "openness": 0.0, "parentReceptacles": null, "pickupable": false, "position": {"x": -1.5609999895095825, "y": 0.8396000266075134, "z": -0.19709999859333038}, "receptacle": true, "receptacleObjectIds": ["Knife|-01.70|+00.79|-00.22"], "rotation": {"x": -0.0, "y": 90.0, "z": -0.0}, "salientMaterials": null, "sliceable": false, "temperature": "RoomTemp", "toggleable": false, "visible": false}, "Egg|-02.04|+00.81|+01.24": {"assetId": "Egg_1", "axisAlignedBoundingBox": {"center": {"x": -2.03973388671875, "y": 0.8123221397399902, "z": 1.2443753480911255}, "cornerPoints": [[-2.010211229324341, 0.8404353260993958, 1.2808873653411865], [-2.010211229324341, 0.8404353260993958, 1.2078633308410645], [-2.010211229324341, 0.7842089533805847, 1.2808873653411865], [-2.010211229324341, 0.7842089533805847, 1.2078633308410645], [-2.069256544113159, 0.8404353260993958, 1.2808873653411865], [-2.069256544113159, 0.8404353260993958, 1.2078633308410645], [-2.069256544113159, 0.7842089533805847, 1.2808873653411865], [-2.069256544113159, 0.7842089533805847, 1.2078633308410645]], "size": {"x": 0.05904531478881836, "y": 0.056226372718811035, "z": 0.07302403450012207}}, "breakable": true, "canBeUsedUp": false, "canFillWithLiquid": false, "controlledObjects": null, "cookable": false, "dirtyable": false, "distance": 2.3809163570404053, "fillLiquid": null, "isBroken": false, "isColdSource": false, "isCooked": false, "isDirty": false, "isFilledWithLiquid": false, "isHeatSource": false, "isInteractable": false, "isMoving": false, "isOpen": false, "isPickedUp": false, "isSliced": false, "isToggled": false, "isUsedUp": false, "mass": 0.054999999701976776, "moveable": false, "name": "Egg_67211636", "objectId": "Egg|-02.04|+00.81|+01.24", "objectOrientedBoundingBox": {"cornerPoints": [[-2.0697004795074463, 0.8484203815460205, 1.2686376571655273], [-2.0809271335601807, 0.7969029545783997, 1.2736175060272217], [-2.031224489212036, 0.7876738905906677, 1.290191888809204], [-2.0199978351593018, 0.8391913771629333, 1.2852119207382202], [-2.0484302043914795, 0.837005078792572, 1.1984965801239014], [-2.059656858444214, 0.7854875922203064, 1.2034764289855957], [-2.0099542140960693, 0.7762585878372192, 1.2200508117675781], [-1.998727560043335, 0.8277760148048401, 1.2150708436965942]]}, "objectType": "Egg", "openable": false, "openness": 0.0, "parentReceptacles": ["Fridge|-02.10|+00.00|+01.07"], "pickupable": true, "position": {"x": -2.03973388671875, "y": 0.8123221397399902, "z": 1.2443753480911255}, "receptacle": false, "receptacleObjectIds": null, "rotation": {"x": 350.0098876953125, "y": 251.55801391601562, "z": 98.98977661132812}, "salientMaterials": ["Food"], "sliceable": true, "temperature": "Cold", "toggleable": false, "visible": false}, "Faucet|-02.15|+00.91|-01.50": {"assetId": "Kitchen_Faucet_1", "axisAlignedBoundingBox": {"center": {"x": -2.069281578063965, "y": 1.0676076412200928, "z": -1.5417519807815552}, "cornerPoints": [[-1.9675073623657227, 1.2363927364349365, -1.4506821632385254], [-1.9675073623657227, 1.2363927364349365, -1.632821798324585], [-1.9675073623657227, 0.898822546005249, -1.4506821632385254], [-1.9675073623657227, 0.898822546005249, -1.632821798324585], [-2.171055793762207, 1.2363927364349365, -1.4506821632385254], [-2.171055793762207, 1.2363927364349365, -1.632821798324585], [-2.171055793762207, 0.898822546005249, -1.4506821632385254], [-2.171055793762207, 0.898822546005249, -1.632821798324585]], "size": {"x": 0.20354843139648438, "y": 0.3375701904296875, "z": 0.18213963508605957}}, "breakable": false, "canBeUsedUp": false, "canFillWithLiquid": false, "controlledObjects": [], "cookable": false, "dirtyable": false, "distance": 1.0299644470214844, "fillLiquid": null, "isBroken": false, "isColdSource": false, "isCooked": false, "isDirty": false, "isFilledWithLiquid": false, "isHeatSource": false, "isInteractable": true, "isMoving": false, "isOpen": false, "isPickedUp": false, "isSliced": false, "isToggled": false, "isUsedUp": false, "mass": 0.0, "moveable": false, "name": "Faucet_1000141d", "objectId": "Faucet|-02.15|+00.91|-01.50", "objectOrientedBoundingBox": null, "objectType": "Faucet", "openable": false, "openness": 0.0, "parentReceptacles": null, "pickupable": false, "position": {"x": -2.1510000228881836, "y": 0.906000018119812, "z": -1.4989999532699585}, "receptacle": false, "receptacleObjectIds": null, "rotation": {"x": -0.0, "y": 89.99993133544922, "z": -0.0}, "salientMaterials": null, "sliceable": false, "temperature": "RoomTemp", "toggleable": true, "visible": true}, "Floor|+00.00|+00.00|+00.00": {"assetId": "", "axisAlignedBoundingBox": {"center": {"x": 0.014999866485595703, "y": -0.04999999701976776, "z": -0.19999980926513672}, "cornerPoints": [[2.429999828338623, 0.0, 2.5], [2.429999828338623, 0.0, -2.8999996185302734], [2.429999828338623, -0.09999999403953552, 2.5], [2.429999828338623, -0.09999999403953552, -2.8999996185302734], [-2.4000000953674316, 0.0, 2.5], [-2.4000000953674316, 0.0, -2.8999996185302734], [-2.4000000953674316, -0.09999999403953552, 2.5], [-2.4000000953674316, -0.09999999403953552, -2.8999996185302734]], "size": {"x": 4.829999923706055, "y": 0.09999999403953552, "z": 5.399999618530273}}, "breakable": false, "canBeUsedUp": false, "canFillWithLiquid": false, "controlledObjects": null, "cookable": false, "dirtyable": false, "distance": 1.8369266986846924, "fillLiquid": null, "isBroken": false, "isColdSource": false, "isCooked": false, "isDirty": false, "isFilledWithLiquid": false, "isHeatSource": false, "isInteractable": false, "isMoving": false, "isOpen": false, "isPickedUp": false, "isSliced": false, "isToggled": false, "isUsedUp": false, "mass": 1.0, "moveable": false, "name": "Floor_86781be7", "objectId": "Floor|+00.00|+00.00|+00.00", "objectOrientedBoundingBox": null, "objectType": "Floor", "openable": false, "openness": 0.0, "parentReceptacles": null, "pickupable": false, "position": {"x": 0.0, "y": 0.0, "z": 0.0}, "receptacle": true, "receptacleObjectIds": ["Stool|+00.74|+00.00|+00.56", "Stool|+00.70|+00.00|-00.51", "ShelvingUnit|+01.75|+00.01|-02.56", "Fridge|-02.10|+00.00|+01.07", "GarbageCan|-01.94|00.00|+02.03"], "rotation": {"x": -0.0, "y": 0.0, "z": 0.0}, "salientMaterials": ["Wood"], "sliceable": false, "temperature": "RoomTemp", "toggleable": false, "visible": false}, "Fork|+00.95|+00.77|-02.37": {"assetId": "Fork_1", "axisAlignedBoundingBox": {"center": {"x": 0.9493651390075684, "y": 0.7764060497283936, "z": -2.387404441833496}, "cornerPoints": [[0.9661399126052856, 0.7865989208221436, -2.263514518737793], [0.9661399126052856, 0.7865989208221436, -2.511294364929199], [0.9661399126052856, 0.7662131786346436, -2.263514518737793], [0.9661399126052856, 0.7662131786346436, -2.511294364929199], [0.9325903654098511, 0.7865989208221436, -2.263514518737793], [0.9325903654098511, 0.7865989208221436, -2.511294364929199], [0.9325903654098511, 0.7662131786346436, -2.263514518737793], [0.9325903654098511, 0.7662131786346436, -2.511294364929199]], "size": {"x": 0.03354954719543457, "y": 0.0203857421875, "z": 0.24777984619140625}}, "breakable": false, "canBeUsedUp": false, "canFillWithLiquid": false, "controlledObjects": null, "cookable": false, "dirtyable": false, "distance": 2.5919501781463623, "fillLiquid": null, "isBroken": false, "isColdSource": false, "isCooked": false, "isDirty": false, "isFilledWithLiquid": false, "isHeatSource": false, "isInteractable": false, "isMoving": false, "isOpen": false, "isPickedUp": false, "isSliced": false, "isToggled": false, "isUsedUp": false, "mass": 0.03999999910593033, "moveable": false, "name": "Fork_c3e63e06", "objectId": "Fork|+00.95|+00.77|-02.37", "objectOrientedBoundingBox": {"cornerPoints": [[0.966073215007782, 0.7649162411689758, -2.263660430908203], [0.9326597452163696, 0.7650223970413208, -2.2636139392852783], [0.932319700717926, 0.7665278315544128, -2.511287212371826], [0.9657331705093384, 0.7664216756820679, -2.511333703994751], [0.966141939163208, 0.7864837050437927, -2.2635295391082764], [0.9327284693717957, 0.7865898609161377, -2.2634830474853516], [0.932388424873352, 0.7880952954292297, -2.5111563205718994], [0.9658018946647644, 0.7879891395568848, -2.511202812194824]]}, "objectType": "Fork", "openable": false, "openness": 0.0, "parentReceptacles": ["Drawer|+00.95|+00.83|-02.20"], "pickupable": true, "position": {"x": 0.9492349624633789, "y": 0.7680964469909668, "z": -2.3652503490448}, "receptacle": false, "receptacleObjectIds": null, "rotation": {"x": 0.34825044870376587, "y": 0.07868495583534241, "z": 359.8178405761719}, "salientMaterials": ["Metal"], "sliceable": false, "temperature": "RoomTemp", "toggleable": false, "visible": false}, "Fridge|-02.10|+00.00|+01.07": {"assetId": "Fridge_1", "axisAlignedBoundingBox": {"center": {"x": -2.014937400817871, "y": 0.9750985503196716, "z": 1.0778288841247559}, "cornerPoints": [[-1.6528332233428955, 1.9585058689117432, 1.5843292474746704], [-1.6528332233428955, 1.9585058689117432, 0.5713285207748413], [-1.6528332233428955, -0.008308768272399902, 1.5843292474746704], [-1.6528332233428955, -0.008308768272399902, 0.5713285207748413], [-2.3770415782928467, 1.9585058689117432, 1.5843292474746704], [-2.3770415782928467, 1.9585058689117432, 0.5713285207748413], [-2.3770415782928467, -0.008308768272399902, 1.5843292474746704], [-2.3770415782928467, -0.008308768272399902, 0.5713285207748413]], "size": {"x": 0.7242083549499512, "y": 1.966814637184143, "z": 1.013000726699829}}, "breakable": false, "canBeUsedUp": false, "canFillWithLiquid": false, "controlledObjects": null, "cookable": false, "dirtyable": false, "distance": 2.412963390350342, "fillLiquid": null, "isBroken": false, "isColdSource": true, "isCooked": false, "isDirty": false, "isFilledWithLiquid": false, "isHeatSource": false, "isInteractable": false, "isMoving": false, "isOpen": false, "isPickedUp": false, "isSliced": false, "isToggled": false, "isUsedUp": false, "mass": 0.0, "moveable": false, "name": "Fridge_e92350c6", "objectId": "Fridge|-02.10|+00.00|+01.07", "objectOrientedBoundingBox": null, "objectType": "Fridge", "openable": true, "openness": 0.0, "parentReceptacles": ["Floor|+00.00|+00.00|+00.00"], "pickupable": false, "position": {"x": -2.0969998836517334, "y": 0.0, "z": 1.0720000267028809}, "receptacle": true, "receptacleObjectIds": ["Egg|-02.04|+00.81|+01.24"], "rotation": {"x": -0.0, "y": 89.9999771118164, "z": -0.0}, "salientMaterials": null, "sliceable": false, "temperature": "RoomTemp", "toggleable": false, "visible": false}, "GarbageCan|-01.94|00.00|+02.03": {"assetId": "bin_1", "axisAlignedBoundingBox": {"center": {"x": -1.9335005283355713, "y": 0.21202027797698975, "z": 2.029001474380493}, "cornerPoints": [[-1.7636137008666992, 0.4240407943725586, 2.280876398086548], [-1.7636137008666992, 0.4240407943725586, 1.7771265506744385], [-1.7636137008666992, -2.384185791015625e-07, 2.280876398086548], [-1.7636137008666992, -2.384185791015625e-07, 1.7771265506744385], [-2.1033873558044434, 0.4240407943725586, 2.280876398086548], [-2.1033873558044434, 0.4240407943725586, 1.7771265506744385], [-2.1033873558044434, -2.384185791015625e-07, 2.280876398086548], [-2.1033873558044434, -2.384185791015625e-07, 1.7771265506744385]], "size": {"x": 0.33977365493774414, "y": 0.4240410327911377, "z": 0.5037498474121094}}, "breakable": false, "canBeUsedUp": false, "canFillWithLiquid": false, "controlledObjects": null, "cookable": false, "dirtyable": false, "distance": 3.234191656112671, "fillLiquid": null, "isBroken": false, "isColdSource": false, "isCooked": false, "isDirty": false, "isFilledWithLiquid": false, "isHeatSource": false, "isInteractable": false, "isMoving": false, "isOpen": false, "isPickedUp": false, "isSliced": false, "isToggled": false, "isUsedUp": false, "mass": 0.699999988079071, "moveable": true, "name": "GarbageCan_a3dd7762", "objectId": "GarbageCan|-01.94|00.00|+02.03", "objectOrientedBoundingBox": {"cornerPoints": [[-2.103386402130127, 1.380685716867447e-07, 2.2808761596679688], [-2.103386878967285, 1.4272518455982208e-07, 1.7771272659301758], [-1.7636146545410156, -5.029141902923584e-08, 1.7771269083023071], [-1.7636141777038574, -5.494803190231323e-08, 2.2808759212493896], [-2.103386163711548, 0.4240407943725586, 2.2808761596679688], [-2.103386640548706, 0.4240407943725586, 1.7771272659301758], [-1.7636144161224365, 0.42404061555862427, 1.7771269083023071], [-1.7636139392852783, 0.42404061555862427, 2.2808759212493896]]}, "objectType": "GarbageCan", "openable": false, "openness": 0.0, "parentReceptacles": ["Floor|+00.00|+00.00|+00.00"], "pickupable": false, "position": {"x": -1.9349995851516724, "y": -0.002286478877067566, "z": 2.029000997543335}, "receptacle": true, "receptacleObjectIds": [], "rotation": {"x": 3.442415618337691e-05, "y": 270.0001220703125, "z": -2.129342101397924e-05}, "salientMaterials": ["Plastic"], "sliceable": false, "temperature": "RoomTemp", "toggleable": false, "visible": false}, "HousePlant|-01.95|+00.89|-02.52": {"assetId": "Houseplant_1", "axisAlignedBoundingBox": {"center": {"x": -1.9805331230163574, "y": 1.1958441734313965, "z": -2.5916647911071777}, "cornerPoints": [[-1.7154550552368164, 1.4916869401931763, -2.3697433471679688], [-1.7154550552368164, 1.4916869401931763, -2.8135862350463867], [-1.7154550552368164, 0.9000014066696167, -2.3697433471679688], [-1.7154550552368164, 0.9000014066696167, -2.8135862350463867], [-2.2456111907958984, 1.4916869401931763, -2.3697433471679688], [-2.2456111907958984, 1.4916869401931763, -2.8135862350463867], [-2.2456111907958984, 0.9000014066696167, -2.3697433471679688], [-2.2456111907958984, 0.9000014066696167, -2.8135862350463867]], "size": {"x": 0.530156135559082, "y": 0.5916855335235596, "z": 0.44384288787841797}}, "breakable": false, "canBeUsedUp": false, "canFillWithLiquid": true, "controlledObjects": null, "cookable": false, "dirtyable": false, "distance": 1.6737436056137085, "fillLiquid": null, "isBroken": false, "isColdSource": false, "isCooked": false, "isDirty": false, "isFilledWithLiquid": false, "isHeatSource": false, "isInteractable": false, "isMoving": false, "isOpen": false, "isPickedUp": false, "isSliced": false, "isToggled": false, "isUsedUp": false, "mass": 3.0, "moveable": true, "name": "HousePlant_cc99edda", "objectId": "HousePlant|-01.95|+00.89|-02.52", "objectOrientedBoundingBox": {"cornerPoints": [[-1.6992696523666382, 0.9000007510185242, -2.3756296634674072], [-2.226377010345459, 0.900000810623169, -2.3264129161834717], [-2.269671678543091, 0.9000032544136047, -2.7900960445404053], [-1.74256432056427, 0.9000031352043152, -2.8393125534057617], [-1.69926917552948, 1.491686224937439, -2.375626564025879], [-2.226376533508301, 1.4916863441467285, -2.3264098167419434], [-2.2696712017059326, 1.4916887283325195, -2.790092945098877], [-1.7425639629364014, 1.4916887283325195, -2.8393096923828125]]}, "objectType": "HousePlant", "openable": false, "openness": 0.0, "parentReceptacles": ["CounterTop|-01.87|+00.95|-01.21"], "pickupable": false, "position": {"x": -1.9487520456314087, "y": 0.8894974589347839, "z": -2.5208652019500732}, "receptacle": false, "receptacleObjectIds": null, "rotation": {"x": -1.6810812667245045e-05, "y": 5.334290504455566, "z": 7.305232429644093e-05}, "salientMaterials": ["Ceramic", "Organic"], "sliceable": false, "temperature": "RoomTemp", "toggleable": false, "visible": false}, "Kettle|+01.04|+00.90|-02.60": {"assetId": "Kettle_1", "axisAlignedBoundingBox": {"center": {"x": 1.0373388528823853, "y": 0.9935687780380249, "z": -2.5933003425598145}, "cornerPoints": [[1.1357378959655762, 1.086937665939331, -2.4888577461242676], [1.1357378959655762, 1.086937665939331, -2.6977429389953613], [1.1357378959655762, 0.9001998901367188, -2.4888577461242676], [1.1357378959655762, 0.9001998901367188, -2.6977429389953613], [0.9389398097991943, 1.086937665939331, -2.4888577461242676], [0.9389398097991943, 1.086937665939331, -2.6977429389953613], [0.9389398097991943, 0.9001998901367188, -2.4888577461242676], [0.9389398097991943, 0.9001998901367188, -2.6977429389953613]], "size": {"x": 0.19679808616638184, "y": 0.1867377758026123, "z": 0.20888519287109375}}, "breakable": false, "canBeUsedUp": false, "canFillWithLiquid": true, "controlledObjects": null, "cookable": false, "dirtyable": false, "distance": 2.789292573928833, "fillLiquid": null, "isBroken": false, "isColdSource": false, "isCooked": false, "isDirty": false, "isFilledWithLiquid": false, "isHeatSource": false, "isInteractable": false, "isMoving": false, "isOpen": false, "isPickedUp": false, "isSliced": false, "isToggled": false, "isUsedUp": false, "mass": 0.800000011920929, "moveable": false, "name": "Kettle_2aef2274", "objectId": "Kettle|+01.04|+00.90|-02.60", "objectOrientedBoundingBox": {"cornerPoints": [[1.1357316970825195, 0.9002001881599426, -2.4888486862182617], [0.9389368891716003, 0.9002000689506531, -2.488856554031372], [0.9389452338218689, 0.9001997709274292, -2.697736978530884], [1.135740041732788, 0.900199830532074, -2.6977291107177734], [1.1357316970825195, 1.0869336128234863, -2.488848924636841], [0.9389368295669556, 1.0869334936141968, -2.488856792449951], [0.9389451742172241, 1.0869331359863281, -2.697737216949463], [1.135740041732788, 1.0869332551956177, -2.6977293491363525]]}, "objectType": "Kettle", "openable": true, "openness": 0.0, "parentReceptacles": ["CounterTop|+00.69|+00.95|-02.48"], "pickupable": true, "position": {"x": 1.0373425483703613, "y": 0.9045257568359375, "z": -2.5963099002838135}, "receptacle": false, "receptacleObjectIds": null, "rotation": {"x": 9.812938515096903e-06, "y": -0.0051492624916136265, "z": -1.5439547496498562e-05}, "salientMaterials": ["Metal", "Plastic"], "sliceable": false, "temperature": "RoomTemp", "toggleable": false, "visible": false}, "Knife|-01.70|+00.79|-00.22": {"assetId": "Knife_1", "axisAlignedBoundingBox": {"center": {"x": -1.681653380393982, "y": 0.790901780128479, "z": -0.25039947032928467}, "cornerPoints": [[-1.5655924081802368, 0.7976953983306885, -0.1162542998790741], [-1.5655924081802368, 0.7976953983306885, -0.38454464077949524], [-1.5655924081802368, 0.7841081619262695, -0.1162542998790741], [-1.5655924081802368, 0.7841081619262695, -0.38454464077949524], [-1.797714352607727, 0.7976953983306885, -0.1162542998790741], [-1.797714352607727, 0.7976953983306885, -0.38454464077949524], [-1.797714352607727, 0.7841081619262695, -0.1162542998790741], [-1.797714352607727, 0.7841081619262695, -0.38454464077949524]], "size": {"x": 0.23212194442749023, "y": 0.013587236404418945, "z": 0.26829034090042114}}, "breakable": false, "canBeUsedUp": false, "canFillWithLiquid": false, "controlledObjects": null, "cookable": false, "dirtyable": false, "distance": 0.905705451965332, "fillLiquid": null, "isBroken": false, "isColdSource": false, "isCooked": false, "isDirty": false, "isFilledWithLiquid": false, "isHeatSource": false, "isInteractable": false, "isMoving": false, "isOpen": false, "isPickedUp": false, "isSliced": false, "isToggled": false, "isUsedUp": false, "mass": 0.18000000715255737, "moveable": false, "name": "Knife_28c8fc57", "objectId": "Knife|-01.70|+00.79|-00.22", "objectOrientedBoundingBox": {"cornerPoints": [[-1.5814255475997925, 0.7976968288421631, -0.39099687337875366], [-1.5814255475997925, 0.7841107249259949, -0.3909969925880432], [-1.8133420944213867, 0.7841088771820068, -0.14884397387504578], [-1.8133420944213867, 0.797694981098175, -0.14884382486343384], [-1.5469927787780762, 0.7976963520050049, -0.35801970958709717], [-1.5469928979873657, 0.7841103076934814, -0.3580198884010315], [-1.77890944480896, 0.7841084003448486, -0.11586685478687286], [-1.77890944480896, 0.7976945042610168, -0.11586670577526093]]}, "objectType": "Knife", "openable": false, "openness": 0.0, "parentReceptacles": ["Drawer|-01.56|+00.84|-00.20"], "pickupable": true, "position": {"x": -1.7018156051635742, "y": 0.7908881306648254, "z": -0.2227994054555893}, "receptacle": false, "receptacleObjectIds": null, "rotation": {"x": 0.00031589626451022923, "y": 136.23709106445312, "z": 89.99638366699219}, "salientMaterials": ["Metal", "Plastic"], "sliceable": false, "temperature": "RoomTemp", "toggleable": false, "visible": false}, "Lettuce|-01.81|+00.97|-00.94": {"assetId": "Lettuce_1", "axisAlignedBoundingBox": {"center": {"x": 0.0, "y": 0.0, "z": 0.0}, "cornerPoints": null, "size": {"x": 0.0, "y": 0.0, "z": 0.0}}, "breakable": false, "canBeUsedUp": false, "canFillWithLiquid": false, "controlledObjects": null, "cookable": false, "dirtyable": false, "distance": 0.5645940899848938, "fillLiquid": null, "isBroken": false, "isColdSource": false, "isCooked": false, "isDirty": false, "isFilledWithLiquid": false, "isHeatSource": false, "isInteractable": false, "isMoving": false, "isOpen": false, "isPickedUp": false, "isSliced": true, "isToggled": false, "isUsedUp": false, "mass": 0.4699999988079071, "moveable": false, "name": "Lettuce_2d8f3ab9", "objectId": "Lettuce|-01.81|+00.97|-00.94", "objectOrientedBoundingBox": {"cornerPoints": [[-1.9333723783493042, 0.9074960947036743, -0.9053176641464233], [-1.903028130531311, 0.9074985384941101, -1.0343990325927734], [-1.677768588066101, 0.9074254035949707, -0.9814453721046448], [-1.7081128358840942, 0.9074230194091797, -0.8523640632629395], [-1.9333322048187256, 1.0400960445404053, -0.9053057432174683], [-1.9029879570007324, 1.0400984287261963, -1.0343871116638184], [-1.6777284145355225, 1.0400253534317017, -0.9814334511756897], [-1.708072543144226, 1.040022850036621, -0.8523520827293396]]}, "objectType": "Lettuce", "openable": false, "openness": 0.0, "parentReceptacles": null, "pickupable": true, "position": {"x": -1.806976079940796, "y": 0.9737611413002014, "z": -0.9429916143417358}, "receptacle": false, "receptacleObjectIds": null, "rotation": {"x": 359.9819030761719, "y": 256.7712097167969, "z": -0.0010507669067010283}, "salientMaterials": ["Food"], "sliceable": true, "temperature": "RoomTemp", "toggleable": false, "visible": false}, "Lettuce|-01.81|+00.97|-00.94|LettuceSliced_0": {"assetId": "", "axisAlignedBoundingBox": {"center": {"x": -1.860425353050232, "y": 0.9637974500656128, "z": -0.9486097097396851}, "cornerPoints": [[-1.7935538291931152, 1.027346134185791, -0.8809324502944946], [-1.7935538291931152, 1.027346134185791, -1.0162869691848755], [-1.7935538291931152, 0.9002487659454346, -0.8809324502944946], [-1.7935538291931152, 0.9002487659454346, -1.0162869691848755], [-1.9272968769073486, 1.027346134185791, -0.8809324502944946], [-1.9272968769073486, 1.027346134185791, -1.0162869691848755], [-1.9272968769073486, 0.9002487659454346, -0.8809324502944946], [-1.9272968769073486, 0.9002487659454346, -1.0162869691848755]], "size": {"x": 0.1337430477142334, "y": 0.12709736824035645, "z": 0.13535451889038086}}, "breakable": false, "canBeUsedUp": false, "canFillWithLiquid": false, "controlledObjects": null, "cookable": false, "dirtyable": false, "distance": 0.6222057342529297, "fillLiquid": null, "isBroken": false, "isColdSource": false, "isCooked": false, "isDirty": false, "isFilledWithLiquid": false, "isHeatSource": false, "isInteractable": true, "isMoving": true, "isOpen": false, "isPickedUp": false, "isSliced": false, "isToggled": false, "isUsedUp": false, "mass": 0.23499999940395355, "moveable": false, "name": "Lettuce_1_Slice_1", "objectId": "Lettuce|-01.81|+00.97|-00.94|LettuceSliced_0", "objectOrientedBoundingBox": {"cornerPoints": [[-1.9408259391784668, 0.9001920819282532, -0.9088112711906433], [-1.9117488861083984, 0.9003200531005859, -1.032470464706421], [-1.7935357093811035, 0.9003524780273438, -1.0046738386154175], [-1.8226128816604614, 0.900224506855011, -0.8810147047042847], [-1.9408882856369019, 1.0272234678268433, -0.9086944460868835], [-1.9118112325668335, 1.0273514986038208, -1.0323536396026611], [-1.7935980558395386, 1.0273839235305786, -1.0045570135116577], [-1.822675108909607, 1.027255892753601, -0.8808978796005249]]}, "objectType": "LettuceSliced", "openable": false, "openness": 0.0, "parentReceptacles": ["CounterTop|-01.87|+00.95|-01.21"], "pickupable": true, "position": {"x": -1.8673392534255981, "y": 0.964363157749176, "z": -0.9550846815109253}, "receptacle": false, "receptacleObjectIds": null, "rotation": {"x": 0.01529298909008503, "y": 256.76788330078125, "z": 359.9422607421875}, "salientMaterials": ["Food"], "sliceable": false, "temperature": "RoomTemp", "toggleable": false, "visible": true}, "Lettuce|-01.81|+00.97|-00.94|LettuceSliced_1": {"assetId": "", "axisAlignedBoundingBox": {"center": {"x": -1.7969940900802612, "y": 0.9686101675033569, "z": -0.9397947788238525}, "cornerPoints": [[-1.7740757465362549, 1.0371975898742676, -0.873031735420227], [-1.7740757465362549, 1.0371975898742676, -1.006557822227478], [-1.7740757465362549, 0.9000227451324463, -0.873031735420227], [-1.7740757465362549, 0.9000227451324463, -1.006557822227478], [-1.8199124336242676, 1.0371975898742676, -0.873031735420227], [-1.8199124336242676, 1.0371975898742676, -1.006557822227478], [-1.8199124336242676, 0.9000227451324463, -0.873031735420227], [-1.8199124336242676, 0.9000227451324463, -1.006557822227478]], "size": {"x": 0.045836687088012695, "y": 0.1371748447418213, "z": 0.13352608680725098}}, "breakable": false, "canBeUsedUp": false, "canFillWithLiquid": false, "controlledObjects": null, "cookable": false, "dirtyable": false, "distance": 0.5543677806854248, "fillLiquid": null, "isBroken": false, "isColdSource": false, "isCooked": false, "isDirty": false, "isFilledWithLiquid": false, "isHeatSource": false, "isInteractable": true, "isMoving": true, "isOpen": false, "isPickedUp": false, "isSliced": false, "isToggled": false, "isUsedUp": false, "mass": 0.03400000184774399, "moveable": false, "name": "Lettuce_1_Slice_2", "objectId": "Lettuce|-01.81|+00.97|-00.94|LettuceSliced_1", "objectOrientedBoundingBox": {"cornerPoints": [[-1.8198331594467163, 0.9000611305236816, -0.8765953183174133], [-1.7893192768096924, 0.9000063538551331, -1.0064985752105713], [-1.7740422487258911, 0.9000210762023926, -1.0029100179672241], [-1.804556131362915, 0.9000759124755859, -0.8730068206787109], [-1.8199456930160522, 1.0371992588043213, -0.8766795992851257], [-1.7894318103790283, 1.037144422531128, -1.0065828561782837], [-1.774154782295227, 1.0371592044830322, -1.0029942989349365], [-1.804668664932251, 1.0372140407562256, -0.8730911016464233]]}, "objectType": "LettuceSliced", "openable": false, "openness": 0.0, "parentReceptacles": ["CounterTop|-01.87|+00.95|-01.21"], "pickupable": true, "position": {"x": -1.7967530488967896, "y": 0.9694547653198242, "z": -0.9391832947731018}, "receptacle": false, "receptacleObjectIds": null, "rotation": {"x": 0.053819894790649414, "y": 256.78106689453125, "z": 0.02352611906826496}, "salientMaterials": ["Food"], "sliceable": false, "temperature": "RoomTemp", "toggleable": false, "visible": true}, "Lettuce|-01.81|+00.97|-00.94|LettuceSliced_2": {"assetId": "", "axisAlignedBoundingBox": {"center": {"x": -1.775418758392334, "y": 0.968921959400177, "z": -0.9349932670593262}, "cornerPoints": [[-1.7505228519439697, 1.0378174781799316, -0.8657996654510498], [-1.7505228519439697, 1.0378174781799316, -1.0041868686676025], [-1.7505228519439697, 0.9000264406204224, -0.8657996654510498], [-1.7505228519439697, 0.9000264406204224, -1.0041868686676025], [-1.8003146648406982, 1.0378174781799316, -0.8657996654510498], [-1.8003146648406982, 1.0378174781799316, -1.0041868686676025], [-1.8003146648406982, 0.9000264406204224, -0.8657996654510498], [-1.8003146648406982, 0.9000264406204224, -1.0041868686676025]], "size": {"x": 0.049791812896728516, "y": 0.13779103755950928, "z": 0.13838720321655273}}, "breakable": false, "canBeUsedUp": false, "canFillWithLiquid": false, "controlledObjects": null, "cookable": false, "dirtyable": false, "distance": 0.5342049598693848, "fillLiquid": null, "isBroken": false, "isColdSource": false, "isCooked": false, "isDirty": false, "isFilledWithLiquid": false, "isHeatSource": false, "isInteractable": false, "isMoving": true, "isOpen": false, "isPickedUp": false, "isSliced": false, "isToggled": false, "isUsedUp": false, "mass": 0.03400000184774399, "moveable": false, "name": "Lettuce_1_Slice_3", "objectId": "Lettuce|-01.81|+00.97|-00.94|LettuceSliced_2", "objectOrientedBoundingBox": {"cornerPoints": [[-1.8003703355789185, 0.8999943733215332, -0.8702664375305176], [-1.7688060998916626, 0.9002153873443604, -1.0042669773101807], [-1.750655174255371, 0.9001821875572205, -0.9999915361404419], [-1.782219409942627, 0.8999611735343933, -0.8659909963607788], [-1.800182580947876, 1.0376617908477783, -0.8699951171875], [-1.7686183452606201, 1.0378828048706055, -1.003995656967163], [-1.750467300415039, 1.0378496646881104, -0.9997202754020691], [-1.7820316553115845, 1.0376286506652832, -0.8657196760177612]]}, "objectType": "LettuceSliced", "openable": false, "openness": 0.0, "parentReceptacles": ["CounterTop|-01.87|+00.95|-01.21"], "pickupable": true, "position": {"x": -1.7757779359817505, "y": 0.9693889617919922, "z": -0.9347661733627319}, "receptacle": false, "receptacleObjectIds": null, "rotation": {"x": 359.8980407714844, "y": 256.7455749511719, "z": 359.90802001953125}, "salientMaterials": ["Food"], "sliceable": false, "temperature": "RoomTemp", "toggleable": false, "visible": false}, "Lettuce|-01.81|+00.97|-00.94|LettuceSliced_3": {"assetId": "", "axisAlignedBoundingBox": {"center": {"x": -1.7538306713104248, "y": 0.9746649265289307, "z": -0.9300480484962463}, "cornerPoints": [[-1.7274272441864014, 1.0493602752685547, -0.8551706075668335], [-1.7274272441864014, 1.0493602752685547, -1.0049254894256592], [-1.7274272441864014, 0.8999695777893066, -0.8551706075668335], [-1.7274272441864014, 0.8999695777893066, -1.0049254894256592], [-1.7802340984344482, 1.0493602752685547, -0.8551706075668335], [-1.7802340984344482, 1.0493602752685547, -1.0049254894256592], [-1.7802340984344482, 0.8999695777893066, -0.8551706075668335], [-1.7802340984344482, 0.8999695777893066, -1.0049254894256592]], "size": {"x": 0.052806854248046875, "y": 0.14939069747924805, "z": 0.14975488185882568}}, "breakable": false, "canBeUsedUp": false, "canFillWithLiquid": false, "controlledObjects": null, "cookable": false, "dirtyable": false, "distance": 0.5140395164489746, "fillLiquid": null, "isBroken": false, "isColdSource": false, "isCooked": false, "isDirty": false, "isFilledWithLiquid": false, "isHeatSource": false, "isInteractable": true, "isMoving": true, "isOpen": false, "isPickedUp": false, "isSliced": false, "isToggled": false, "isUsedUp": false, "mass": 0.03400000184774399, "moveable": false, "name": "Lettuce_1_Slice_4", "objectId": "Lettuce|-01.81|+00.97|-00.94|LettuceSliced_3", "objectOrientedBoundingBox": {"cornerPoints": [[-1.7802761793136597, 0.9000018239021301, -0.8595395684242249], [-1.7460464239120483, 0.8999816179275513, -1.0049293041229248], [-1.7275274991989136, 0.8999636173248291, -1.0005693435668945], [-1.7617573738098145, 0.899983823299408, -0.8551795482635498], [-1.7801339626312256, 1.0493662357330322, -0.8595268726348877], [-1.7459040880203247, 1.0493460893630981, -1.0049165487289429], [-1.7273852825164795, 1.049328088760376, -1.0005565881729126], [-1.7616151571273804, 1.04934823513031, -0.8551668524742126]]}, "objectType": "LettuceSliced", "openable": false, "openness": 0.0, "parentReceptacles": ["CounterTop|-01.87|+00.95|-01.21"], "pickupable": true, "position": {"x": -1.7538764476776123, "y": 0.9751588702201843, "z": -0.9303895235061646}, "receptacle": false, "receptacleObjectIds": null, "rotation": {"x": 359.9457702636719, "y": 256.7518310546875, "z": 0.007761416025459766}, "salientMaterials": ["Food"], "sliceable": false, "temperature": "RoomTemp", "toggleable": false, "visible": true}, "Lettuce|-01.81|+00.97|-00.94|LettuceSliced_4": {"assetId": "", "axisAlignedBoundingBox": {"center": {"x": -1.731461763381958, "y": 0.9709871411323547, "z": -0.9257545471191406}, "cornerPoints": [[-1.7061965465545654, 1.041978120803833, -0.8545315265655518], [-1.7061965465545654, 1.041978120803833, -0.9969775676727295], [-1.7061965465545654, 0.8999961614608765, -0.8545315265655518], [-1.7061965465545654, 0.8999961614608765, -0.9969775676727295], [-1.7567269802093506, 1.041978120803833, -0.8545315265655518], [-1.7567269802093506, 1.041978120803833, -0.9969775676727295], [-1.7567269802093506, 0.8999961614608765, -0.8545315265655518], [-1.7567269802093506, 0.8999961614608765, -0.9969775676727295]], "size": {"x": 0.050530433654785156, "y": 0.14198195934295654, "z": 0.14244604110717773}}, "breakable": false, "canBeUsedUp": false, "canFillWithLiquid": false, "controlledObjects": null, "cookable": false, "dirtyable": false, "distance": 0.4923924207687378, "fillLiquid": null, "isBroken": false, "isColdSource": false, "isCooked": false, "isDirty": false, "isFilledWithLiquid": false, "isHeatSource": false, "isInteractable": true, "isMoving": true, "isOpen": false, "isPickedUp": false, "isSliced": false, "isToggled": false, "isUsedUp": false, "mass": 0.03400000184774399, "moveable": false, "name": "Lettuce_1_Slice_5", "objectId": "Lettuce|-01.81|+00.97|-00.94|LettuceSliced_4", "objectOrientedBoundingBox": {"cornerPoints": [[-1.7566509246826172, 0.9000362157821655, -0.8587400913238525], [-1.7241780757904053, 0.8999793529510498, -0.9969185590744019], [-1.706164836883545, 0.8999955654144287, -0.9926853179931641], [-1.7386378049850464, 0.9000524282455444, -0.8545068502426147], [-1.7567590475082397, 1.0419787168502808, -0.8588238954544067], [-1.7242860794067383, 1.041921854019165, -0.997002363204956], [-1.7062729597091675, 1.041938066482544, -0.9927691221237183], [-1.738745927810669, 1.0419949293136597, -0.854590654373169]]}, "objectType": "LettuceSliced", "openable": false, "openness": 0.0, "parentReceptacles": ["CounterTop|-01.87|+00.95|-01.21"], "pickupable": true, "position": {"x": -1.7316193580627441, "y": 0.9714435338973999, "z": -0.9256308078765869}, "receptacle": false, "receptacleObjectIds": null, "rotation": {"x": 0.050209905952215195, "y": 256.77508544921875, "z": 0.022950991988182068}, "salientMaterials": ["Food"], "sliceable": false, "temperature": "RoomTemp", "toggleable": false, "visible": true}, "Lettuce|-01.81|+00.97|-00.94|LettuceSliced_5": {"assetId": "", "axisAlignedBoundingBox": {"center": {"x": -1.7121620178222656, "y": 0.9689290523529053, "z": -0.9203026294708252}, "cornerPoints": [[-1.6894547939300537, 1.037839651107788, -0.8516157865524292], [-1.6894547939300537, 1.037839651107788, -0.9889894723892212], [-1.6894547939300537, 0.9000184535980225, -0.8516157865524292], [-1.6894547939300537, 0.9000184535980225, -0.9889894723892212], [-1.7348692417144775, 1.037839651107788, -0.8516157865524292], [-1.7348692417144775, 1.037839651107788, -0.9889894723892212], [-1.7348692417144775, 0.9000184535980225, -0.8516157865524292], [-1.7348692417144775, 0.9000184535980225, -0.9889894723892212]], "size": {"x": 0.04541444778442383, "y": 0.13782119750976562, "z": 0.137373685836792}}, "breakable": false, "canBeUsedUp": false, "canFillWithLiquid": false, "controlledObjects": null, "cookable": false, "dirtyable": false, "distance": 0.4735846519470215, "fillLiquid": null, "isBroken": false, "isColdSource": false, "isCooked": false, "isDirty": false, "isFilledWithLiquid": false, "isHeatSource": false, "isInteractable": true, "isMoving": true, "isOpen": false, "isPickedUp": false, "isSliced": false, "isToggled": false, "isUsedUp": false, "mass": 0.03400000184774399, "moveable": false, "name": "Lettuce_1_Slice_6", "objectId": "Lettuce|-01.81|+00.97|-00.94|LettuceSliced_5", "objectOrientedBoundingBox": {"cornerPoints": [[-1.7346134185791016, 0.9000285863876343, -0.854809045791626], [-1.7030341625213623, 0.9000141024589539, -0.9889188408851624], [-1.6893476247787476, 0.900052547454834, -0.985696017742157], [-1.7209268808364868, 0.9000669717788696, -0.8515862226486206], [-1.7349764108657837, 1.0378055572509766, -0.854909360408783], [-1.703397274017334, 1.0377910137176514, -0.9890191555023193], [-1.6897107362747192, 1.0378293991088867, -0.985796332359314], [-1.721289873123169, 1.037843942642212, -0.8516865372657776]]}, "objectType": "LettuceSliced", "openable": false, "openness": 0.0, "parentReceptacles": ["CounterTop|-01.87|+00.95|-01.21"], "pickupable": true, "position": {"x": -1.7119768857955933, "y": 0.96939617395401, "z": -0.9213759899139404}, "receptacle": false, "receptacleObjectIds": null, "rotation": {"x": 0.15651848912239075, "y": 256.74981689453125, "z": 0.006013423204421997}, "salientMaterials": ["Food"], "sliceable": false, "temperature": "RoomTemp", "toggleable": false, "visible": true}, "Lettuce|-01.81|+00.97|-00.94|LettuceSliced_6": {"assetId": "", "axisAlignedBoundingBox": {"center": {"x": -1.6946357488632202, "y": 0.9627818465232849, "z": -0.9161428213119507}, "cornerPoints": [[-1.673513650894165, 1.0252954959869385, -0.8536956310272217], [-1.673513650894165, 1.0252954959869385, -0.9785900115966797], [-1.673513650894165, 0.9002681970596313, -0.8536956310272217], [-1.673513650894165, 0.9002681970596313, -0.9785900115966797], [-1.7157578468322754, 1.0252954959869385, -0.8536956310272217], [-1.7157578468322754, 1.0252954959869385, -0.9785900115966797], [-1.7157578468322754, 0.9002681970596313, -0.8536956310272217], [-1.7157578468322754, 0.9002681970596313, -0.9785900115966797]], "size": {"x": 0.04224419593811035, "y": 0.12502729892730713, "z": 0.12489438056945801}}, "breakable": false, "canBeUsedUp": false, "canFillWithLiquid": false, "controlledObjects": null, "cookable": false, "dirtyable": false, "distance": 0.45677322149276733, "fillLiquid": null, "isBroken": false, "isColdSource": false, "isCooked": false, "isDirty": false, "isFilledWithLiquid": false, "isHeatSource": false, "isInteractable": true, "isMoving": true, "isOpen": false, "isPickedUp": false, "isSliced": false, "isToggled": false, "isUsedUp": false, "mass": 0.03400000184774399, "moveable": false, "name": "Lettuce_1_Slice_7", "objectId": "Lettuce|-01.81|+00.97|-00.94|LettuceSliced_6", "objectOrientedBoundingBox": {"cornerPoints": [[-1.7156682014465332, 0.9002856016159058, -0.8568706512451172], [-1.6870421171188354, 0.9002607464790344, -0.9785510301589966], [-1.6734760999679565, 0.9002759456634521, -0.9753594994544983], [-1.7021021842956543, 0.9003008604049683, -0.8536791801452637], [-1.7157953977584839, 1.0252877473831177, -0.8569262027740479], [-1.6871693134307861, 1.0252628326416016, -0.9786065220832825], [-1.6736032962799072, 1.025278091430664, -0.9754149913787842], [-1.702229380607605, 1.0253030061721802, -0.8537346720695496]]}, "objectType": "LettuceSliced", "openable": false, "openness": 0.0, "parentReceptacles": ["CounterTop|-01.87|+00.95|-01.21"], "pickupable": true, "position": {"x": -1.6947473287582397, "y": 0.9630353450775146, "z": -0.9163746237754822}, "receptacle": false, "receptacleObjectIds": null, "rotation": {"x": 0.06257618963718414, "y": 256.7615051269531, "z": 0.011407729238271713}, "salientMaterials": ["Food"], "sliceable": false, "temperature": "RoomTemp", "toggleable": false, "visible": true}, "Lettuce|-01.81|+00.97|-00.94|LettuceSliced_7": {"assetId": "", "axisAlignedBoundingBox": {"center": {"x": -1.6755034923553467, "y": 0.9555456638336182, "z": -0.9106634855270386}, "cornerPoints": [[-1.6540629863739014, 1.0096007585525513, -0.8559074401855469], [-1.6540629863739014, 1.0096007585525513, -0.9654195308685303], [-1.6540629863739014, 0.9014905691146851, -0.8559074401855469], [-1.6540629863739014, 0.9014905691146851, -0.9654195308685303], [-1.696943998336792, 1.0096007585525513, -0.8559074401855469], [-1.696943998336792, 1.0096007585525513, -0.9654195308685303], [-1.696943998336792, 0.9014905691146851, -0.8559074401855469], [-1.696943998336792, 0.9014905691146851, -0.9654195308685303]], "size": {"x": 0.042881011962890625, "y": 0.10811018943786621, "z": 0.1095120906829834}}, "breakable": false, "canBeUsedUp": false, "canFillWithLiquid": false, "controlledObjects": null, "cookable": false, "dirtyable": false, "distance": 0.4376368224620819, "fillLiquid": null, "isBroken": false, "isColdSource": false, "isCooked": false, "isDirty": false, "isFilledWithLiquid": false, "isHeatSource": false, "isInteractable": true, "isMoving": true, "isOpen": false, "isPickedUp": false, "isSliced": false, "isToggled": false, "isUsedUp": false, "mass": 0.03400000184774399, "moveable": false, "name": "Lettuce_1_Slice_8", "objectId": "Lettuce|-01.81|+00.97|-00.94|LettuceSliced_7", "objectOrientedBoundingBox": {"cornerPoints": [[-1.696946620941162, 0.9015152454376221, -0.8601632118225098], [-1.6722325086593628, 0.9014806747436523, -0.9653959274291992], [-1.6540693044662476, 0.9014805555343628, -0.9611302614212036], [-1.6787834167480469, 0.9015151262283325, -0.8558975458145142], [-1.696937918663025, 1.0096110105514526, -0.8601967096328735], [-1.672223687171936, 1.009576439857483, -0.9654293656349182], [-1.6540604829788208, 1.0095763206481934, -0.9611636996269226], [-1.6787747144699097, 1.009610891342163, -0.8559310436248779]]}, "objectType": "LettuceSliced", "openable": false, "openness": 0.0, "parentReceptacles": ["CounterTop|-01.87|+00.95|-01.21"], "pickupable": true, "position": {"x": -1.6749054193496704, "y": 0.9555457830429077, "z": -0.910522997379303}, "receptacle": false, "receptacleObjectIds": null, "rotation": {"x": -0.0004619615792762488, "y": 256.783447265625, "z": 0.018336083739995956}, "salientMaterials": ["Food"], "sliceable": false, "temperature": "RoomTemp", "toggleable": false, "visible": true}, "LightSwitch|+02.33|+01.31|-00.16": {"assetId": "Light_Switch_1", "axisAlignedBoundingBox": {"center": {"x": 2.310480833053589, "y": 1.309000015258789, "z": -0.15999993681907654}, "cornerPoints": [[2.3305177688598633, 1.3833357095718384, -0.11431656777858734], [2.3305177688598633, 1.3833357095718384, -0.20568330585956573], [2.3305177688598633, 1.2346643209457397, -0.11431656777858734], [2.3305177688598633, 1.2346643209457397, -0.20568330585956573], [2.2904438972473145, 1.3833357095718384, -0.11431656777858734], [2.2904438972473145, 1.3833357095718384, -0.20568330585956573], [2.2904438972473145, 1.2346643209457397, -0.11431656777858734], [2.2904438972473145, 1.2346643209457397, -0.20568330585956573]], "size": {"x": 0.04007387161254883, "y": 0.14867138862609863, "z": 0.0913667380809784}}, "breakable": false, "canBeUsedUp": false, "canFillWithLiquid": false, "controlledObjects": [], "cookable": false, "dirtyable": false, "distance": 3.6997923851013184, "fillLiquid": null, "isBroken": false, "isColdSource": false, "isCooked": false, "isDirty": false, "isFilledWithLiquid": false, "isHeatSource": false, "isInteractable": false, "isMoving": false, "isOpen": false, "isPickedUp": false, "isSliced": false, "isToggled": true, "isUsedUp": false, "mass": 0.0, "moveable": false, "name": "LightSwitch_cfaab6e3", "objectId": "LightSwitch|+02.33|+01.31|-00.16", "objectOrientedBoundingBox": null, "objectType": "LightSwitch", "openable": false, "openness": 0.0, "parentReceptacles": null, "pickupable": false, "position": {"x": 2.3299999237060547, "y": 1.309000015258789, "z": -0.1599999964237213}, "receptacle": false, "receptacleObjectIds": null, "rotation": {"x": -0.0, "y": 270.00018310546875, "z": 0.0}, "salientMaterials": null, "sliceable": false, "temperature": "RoomTemp", "toggleable": true, "visible": false}, "Microwave|-00.24|+01.69|-02.53": {"assetId": "Microwave_1", "axisAlignedBoundingBox": {"center": {"x": -0.23643067479133606, "y": 1.8657841682434082, "z": -2.5105881690979004}, "cornerPoints": [[0.0667533278465271, 2.042545795440674, -2.3161540031433105], [0.0667533278465271, 2.042545795440674, -2.7050223350524902], [0.0667533278465271, 1.6890225410461426, -2.3161540031433105], [0.0667533278465271, 1.6890225410461426, -2.7050223350524902], [-0.5396146774291992, 2.042545795440674, -2.3161540031433105], [-0.5396146774291992, 2.042545795440674, -2.7050223350524902], [-0.5396146774291992, 1.6890225410461426, -2.3161540031433105], [-0.5396146774291992, 1.6890225410461426, -2.7050223350524902]], "size": {"x": 0.6063680052757263, "y": 0.35352325439453125, "z": 0.3888683319091797}}, "breakable": false, "canBeUsedUp": false, "canFillWithLiquid": false, "controlledObjects": [], "cookable": false, "dirtyable": false, "distance": 1.9932619333267212, "fillLiquid": null, "isBroken": false, "isColdSource": false, "isCooked": false, "isDirty": false, "isFilledWithLiquid": false, "isHeatSource": true, "isInteractable": false, "isMoving": false, "isOpen": false, "isPickedUp": false, "isSliced": false, "isToggled": false, "isUsedUp": false, "mass": 6.999999523162842, "moveable": true, "name": "Microwave_cf90fa06", "objectId": "Microwave|-00.24|+01.69|-02.53", "objectOrientedBoundingBox": {"cornerPoints": [[0.066751629114151, 1.6890228986740112, -2.3161537647247314], [-0.5396156311035156, 1.6890228986740112, -2.3161613941192627], [-0.5396106839179993, 1.6890228986740112, -2.705021619796753], [0.06675654649734497, 1.6890228986740112, -2.7050139904022217], [0.066751629114151, 2.0425455570220947, -2.3161537647247314], [-0.5396156311035156, 2.0425455570220947, -2.3161613941192627], [-0.5396106839179993, 2.0425455570220947, -2.705021619796753], [0.06675654649734497, 2.0425455570220947, -2.7050139904022217]]}, "objectType": "Microwave", "openable": true, "openness": 0.0, "parentReceptacles": null, "pickupable": false, "position": {"x": -0.23699793219566345, "y": 1.6890130043029785, "z": -2.5251078605651855}, "receptacle": true, "receptacleObjectIds": [], "rotation": {"x": -4.3889458538615145e-06, "y": -0.0008393662283197045, "z": -2.1344019387470325e-06}, "salientMaterials": ["Metal", "Glass"], "sliceable": false, "temperature": "RoomTemp", "toggleable": true, "visible": false}, "Mug|-01.76|+00.90|-00.62": {"assetId": "Mug_1", "axisAlignedBoundingBox": {"center": {"x": -1.772329568862915, "y": 0.9519070982933044, "z": -0.6207596063613892}, "cornerPoints": [[-1.7095351219177246, 1.003725290298462, -0.5695023536682129], [-1.7095351219177246, 1.003725290298462, -0.6720168590545654], [-1.7095351219177246, 0.900088906288147, -0.5695023536682129], [-1.7095351219177246, 0.900088906288147, -0.6720168590545654], [-1.8351240158081055, 1.003725290298462, -0.5695023536682129], [-1.8351240158081055, 1.003725290298462, -0.6720168590545654], [-1.8351240158081055, 0.900088906288147, -0.5695023536682129], [-1.8351240158081055, 0.900088906288147, -0.6720168590545654]], "size": {"x": 0.12558889389038086, "y": 0.10363638401031494, "z": 0.10251450538635254}}, "breakable": true, "canBeUsedUp": false, "canFillWithLiquid": true, "controlledObjects": null, "cookable": false, "dirtyable": true, "distance": 0.6362757086753845, "fillLiquid": null, "isBroken": false, "isColdSource": false, "isCooked": false, "isDirty": false, "isFilledWithLiquid": false, "isHeatSource": false, "isInteractable": true, "isMoving": false, "isOpen": false, "isPickedUp": false, "isSliced": false, "isToggled": false, "isUsedUp": false, "mass": 1.0, "moveable": false, "name": "Mug_e7fad100", "objectId": "Mug|-01.76|+00.90|-00.62", "objectOrientedBoundingBox": {"cornerPoints": [[-1.709533452987671, 0.9000903964042664, -0.5695035457611084], [-1.835121989250183, 0.9000893235206604, -0.5695019960403442], [-1.8351233005523682, 0.9000888466835022, -0.6720162034034729], [-1.7095346450805664, 0.9000899195671082, -0.6720177531242371], [-1.7095342874526978, 1.0037264823913574, -0.5695040822029114], [-1.83512282371521, 1.0037254095077515, -0.5695025324821472], [-1.835124135017395, 1.0037249326705933, -0.6720167398452759], [-1.7095355987548828, 1.0037260055541992, -0.67201828956604]]}, "objectType": "Mug", "openable": false, "openness": 0.0, "parentReceptacles": ["CounterTop|-01.87|+00.95|-01.21"], "pickupable": true, "position": {"x": -1.7607921361923218, "y": 0.9000071287155151, "z": -0.6206092834472656}, "receptacle": true, "receptacleObjectIds": [], "rotation": {"x": 0.00018643142539076507, "y": 0.000738541129976511, "z": 0.00021205877419561148}, "salientMaterials": ["Ceramic"], "sliceable": false, "temperature": "RoomTemp", "toggleable": false, "visible": true}, "Pan|+00.72|+00.90|-02.42": {"assetId": "Pan_22", "axisAlignedBoundingBox": {"center": {"x": 0.7212103605270386, "y": 0.918190598487854, "z": -2.4909915924072266}, "cornerPoints": [[0.8414828777313232, 0.9366322755813599, -2.2845301628112793], [0.8414828777313232, 0.9366322755813599, -2.697453022003174], [0.8414828777313232, 0.8997489213943481, -2.2845301628112793], [0.8414828777313232, 0.8997489213943481, -2.697453022003174], [0.6009378433227539, 0.9366322755813599, -2.2845301628112793], [0.6009378433227539, 0.9366322755813599, -2.697453022003174], [0.6009378433227539, 0.8997489213943481, -2.2845301628112793], [0.6009378433227539, 0.8997489213943481, -2.697453022003174]], "size": {"x": 0.24054503440856934, "y": 0.03688335418701172, "z": 0.41292285919189453}}, "breakable": false, "canBeUsedUp": false, "canFillWithLiquid": false, "controlledObjects": null, "cookable": false, "dirtyable": true, "distance": 2.4267141819000244, "fillLiquid": null, "isBroken": false, "isColdSource": false, "isCooked": false, "isDirty": false, "isFilledWithLiquid": false, "isHeatSource": false, "isInteractable": false, "isMoving": false, "isOpen": false, "isPickedUp": false, "isSliced": false, "isToggled": false, "isUsedUp": false, "mass": 0.6700000166893005, "moveable": false, "name": "Pan_21173d15", "objectId": "Pan|+00.72|+00.90|-02.42", "objectOrientedBoundingBox": {"cornerPoints": [[0.8414688110351562, 0.9000864624977112, -2.2845091819763184], [0.6009396314620972, 0.9003161787986755, -2.2844650745391846], [0.600863516330719, 0.899616539478302, -2.697380304336548], [0.8413926959037781, 0.8993868827819824, -2.6974241733551025], [0.8415039777755737, 0.9369248747825623, -2.284571409225464], [0.6009747982025146, 0.9371545910835266, -2.284527540206909], [0.6008986830711365, 0.9364550113677979, -2.6974427700042725], [0.8414278626441956, 0.9362252950668335, -2.697486639022827]]}, "objectType": "Pan", "openable": false, "openness": 0.0, "parentReceptacles": ["CounterTop|+00.69|+00.95|-02.48"], "pickupable": true, "position": {"x": 0.7211822271347046, "y": 0.9000632166862488, "z": -2.4154083728790283}, "receptacle": true, "receptacleObjectIds": [], "rotation": {"x": 359.9820556640625, "y": 0.009456933476030827, "z": 359.98236083984375}, "salientMaterials": ["Metal"], "sliceable": false, "temperature": "RoomTemp", "toggleable": false, "visible": false}, "PaperTowelRoll|-02.06|+01.01|-00.81": {"assetId": "Paper_Towel_1", "axisAlignedBoundingBox": {"center": {"x": -2.070744514465332, "y": 1.0074831247329712, "z": -0.8164085149765015}, "cornerPoints": [[-2.031907081604004, 1.1149557828903198, -0.7838881015777588], [-2.031907081604004, 1.1149557828903198, -0.8489289283752441], [-2.031907081604004, 0.9000104665756226, -0.7838881015777588], [-2.031907081604004, 0.9000104665756226, -0.8489289283752441], [-2.10958194732666, 1.1149557828903198, -0.7838881015777588], [-2.10958194732666, 1.1149557828903198, -0.8489289283752441], [-2.10958194732666, 0.9000104665756226, -0.7838881015777588], [-2.10958194732666, 0.9000104665756226, -0.8489289283752441]], "size": {"x": 0.07767486572265625, "y": 0.21494531631469727, "z": 0.06504082679748535}}, "breakable": false, "canBeUsedUp": false, "canFillWithLiquid": false, "controlledObjects": null, "cookable": false, "dirtyable": false, "distance": 0.8403978943824768, "fillLiquid": null, "isBroken": false, "isColdSource": false, "isCooked": false, "isDirty": false, "isFilledWithLiquid": false, "isHeatSource": false, "isInteractable": true, "isMoving": false, "isOpen": false, "isPickedUp": false, "isSliced": false, "isToggled": false, "isUsedUp": false, "mass": 0.2199999988079071, "moveable": false, "name": "PaperTowelRoll_511cdc3f", "objectId": "PaperTowelRoll|-02.06|+01.01|-00.81", "objectOrientedBoundingBox": {"cornerPoints": [[-2.0319104194641113, 0.9000208973884583, -0.7840396165847778], [-2.1095354557037354, 0.900002121925354, -0.7840456366539001], [-2.109530448913574, 0.9000483751296997, -0.8489295244216919], [-2.03190541267395, 0.9000670909881592, -0.8489235043525696], [-2.0319623947143555, 1.114916205406189, -0.7838866114616394], [-2.1095871925354004, 1.1148974895477295, -0.7838926315307617], [-2.1095821857452393, 1.1149437427520752, -0.8487764596939087], [-2.0319573879241943, 1.1149624586105347, -0.8487704396247864]]}, "objectType": "PaperTowelRoll", "openable": false, "openness": 0.0, "parentReceptacles": ["CounterTop|-01.87|+00.95|-01.21"], "pickupable": true, "position": {"x": -2.062819242477417, "y": 1.007476568222046, "z": -0.8149154782295227}, "receptacle": false, "receptacleObjectIds": null, "rotation": {"x": 0.02650296688079834, "y": 359.99383544921875, "z": -0.0035867386031895876}, "salientMaterials": ["Paper"], "sliceable": false, "temperature": "RoomTemp", "toggleable": false, "visible": true}, "PepperShaker|+00.30|+00.90|-02.47": {"assetId": "Pepper_Shaker_1", "axisAlignedBoundingBox": {"center": {"x": 0.30030950903892517, "y": 0.9570863246917725, "z": -2.465498924255371}, "cornerPoints": [[0.33375298976898193, 1.014162302017212, -2.431950807571411], [0.33375298976898193, 1.014162302017212, -2.499047040939331], [0.33375298976898193, 0.900010347366333, -2.431950807571411], [0.33375298976898193, 0.900010347366333, -2.499047040939331], [0.2668660283088684, 1.014162302017212, -2.431950807571411], [0.2668660283088684, 1.014162302017212, -2.499047040939331], [0.2668660283088684, 0.900010347366333, -2.431950807571411], [0.2668660283088684, 0.900010347366333, -2.499047040939331]], "size": {"x": 0.06688696146011353, "y": 0.1141519546508789, "z": 0.06709623336791992}}, "breakable": false, "canBeUsedUp": false, "canFillWithLiquid": false, "controlledObjects": null, "cookable": false, "dirtyable": false, "distance": 2.1330974102020264, "fillLiquid": null, "isBroken": false, "isColdSource": false, "isCooked": false, "isDirty": false, "isFilledWithLiquid": false, "isHeatSource": false, "isInteractable": false, "isMoving": false, "isOpen": false, "isPickedUp": false, "isSliced": false, "isToggled": false, "isUsedUp": false, "mass": 0.14000000059604645, "moveable": false, "name": "PepperShaker_948fdf26", "objectId": "PepperShaker|+00.30|+00.90|-02.47", "objectOrientedBoundingBox": {"cornerPoints": [[0.33375251293182373, 0.9000121355056763, -2.4319512844085693], [0.2668665051460266, 0.9000124335289001, -2.431950807571411], [0.26686596870422363, 0.9000107645988464, -2.4990437030792236], [0.33375197649002075, 0.9000104069709778, -2.499044179916382], [0.3337531089782715, 1.0141619443893433, -2.4319541454315186], [0.26686710119247437, 1.014162302017212, -2.4319536685943604], [0.2668665647506714, 1.0141606330871582, -2.499046564102173], [0.3337525725364685, 1.0141602754592896, -2.499047040939331]]}, "objectType": "PepperShaker", "openable": false, "openness": 0.0, "parentReceptacles": ["CounterTop|+00.69|+00.95|-02.48"], "pickupable": true, "position": {"x": 0.300026535987854, "y": 0.9000789523124695, "z": -2.465442419052124}, "receptacle": false, "receptacleObjectIds": null, "rotation": {"x": 359.99420166015625, "y": 0.0006130648544058204, "z": -0.0010952232405543327}, "salientMaterials": ["Metal", "Glass"], "sliceable": false, "temperature": "RoomTemp", "toggleable": false, "visible": false}, "Plate|+00.96|+01.65|-02.61": {"assetId": "Plate_1", "axisAlignedBoundingBox": {"center": {"x": 0.957922101020813, "y": 1.6572871208190918, "z": -2.6074795722961426}, "cornerPoints": [[1.0613356828689575, 1.6695835590362549, -2.5022168159484863], [1.0613356828689575, 1.6695835590362549, -2.712742328643799], [1.0613356828689575, 1.6449906826019287, -2.5022168159484863], [1.0613356828689575, 1.6449906826019287, -2.712742328643799], [0.8545085191726685, 1.6695835590362549, -2.5022168159484863], [0.8545085191726685, 1.6695835590362549, -2.712742328643799], [0.8545085191726685, 1.6449906826019287, -2.5022168159484863], [0.8545085191726685, 1.6449906826019287, -2.712742328643799]], "size": {"x": 0.20682716369628906, "y": 0.024592876434326172, "z": 0.2105255126953125}}, "breakable": true, "canBeUsedUp": false, "canFillWithLiquid": false, "controlledObjects": null, "cookable": false, "dirtyable": true, "distance": 2.828684091567993, "fillLiquid": null, "isBroken": false, "isColdSource": false, "isCooked": false, "isDirty": false, "isFilledWithLiquid": false, "isHeatSource": false, "isInteractable": false, "isMoving": false, "isOpen": false, "isPickedUp": false, "isSliced": false, "isToggled": false, "isUsedUp": false, "mass": 0.6200000047683716, "moveable": false, "name": "Plate_82b647b0", "objectId": "Plate|+00.96|+01.65|-02.61", "objectOrientedBoundingBox": {"cornerPoints": [[1.0613278150558472, 1.6448746919631958, -2.502225399017334], [0.8544988632202148, 1.6449512243270874, -2.502227783203125], [0.8545013666152954, 1.6450554132461548, -2.7127513885498047], [1.0613303184509277, 1.6449790000915527, -2.7127490043640137], [1.061336874961853, 1.6694374084472656, -2.5022132396698], [0.8545079827308655, 1.6695139408111572, -2.502215623855591], [0.854510486125946, 1.6696182489395142, -2.7127392292022705], [1.0613393783569336, 1.6695417165756226, -2.7127368450164795]]}, "objectType": "Plate", "openable": false, "openness": 0.0, "parentReceptacles": ["Cabinet|+00.72|+02.02|-02.46"], "pickupable": true, "position": {"x": 0.9559999704360962, "y": 1.6460758447647095, "z": -2.6061999797821045}, "receptacle": true, "receptacleObjectIds": [], "rotation": {"x": 0.021892236545681953, "y": -0.000495720247272402, "z": 359.9853515625}, "salientMaterials": ["Ceramic"], "sliceable": false, "temperature": "RoomTemp", "toggleable": false, "visible": false}, "Potato|-01.66|+00.93|-02.15": {"assetId": "Potato_1", "axisAlignedBoundingBox": {"center": {"x": -1.657830834388733, "y": 0.9329441785812378, "z": -2.150615692138672}, "cornerPoints": [[-1.612442970275879, 0.9658886790275574, -2.1052277088165283], [-1.612442970275879, 0.9658886790275574, -2.1960036754608154], [-1.612442970275879, 0.8999996781349182, -2.1052277088165283], [-1.612442970275879, 0.8999996781349182, -2.1960036754608154], [-1.703218698501587, 0.9658886790275574, -2.1052277088165283], [-1.703218698501587, 0.9658886790275574, -2.1960036754608154], [-1.703218698501587, 0.8999996781349182, -2.1052277088165283], [-1.703218698501587, 0.8999996781349182, -2.1960036754608154]], "size": {"x": 0.09077572822570801, "y": 0.06588900089263916, "z": 0.09077596664428711}}, "breakable": false, "canBeUsedUp": false, "canFillWithLiquid": false, "controlledObjects": null, "cookable": true, "dirtyable": false, "distance": 1.2204558849334717, "fillLiquid": null, "isBroken": false, "isColdSource": false, "isCooked": false, "isDirty": false, "isFilledWithLiquid": false, "isHeatSource": false, "isInteractable": false, "isMoving": false, "isOpen": false, "isPickedUp": false, "isSliced": false, "isToggled": false, "isUsedUp": false, "mass": 0.18000000715255737, "moveable": false, "name": "Potato_4dee147d", "objectId": "Potato|-01.66|+00.93|-02.15", "objectOrientedBoundingBox": {"cornerPoints": [[-1.6702741384506226, 0.8999985456466675, -2.0915822982788086], [-1.7168644666671753, 0.8999993205070496, -2.1381723880767822], [-1.645387053489685, 0.9000012278556824, -2.2096500396728516], [-1.5987967252731323, 0.9000004529953003, -2.163059949874878], [-1.6702744960784912, 0.9658870697021484, -2.091580867767334], [-1.7168647050857544, 0.9658879041671753, -2.1381709575653076], [-1.6453874111175537, 0.9658898115158081, -2.209648609161377], [-1.598797082901001, 0.9658889770507812, -2.1630585193634033]]}, "objectType": "Potato", "openable": false, "openness": 0.0, "parentReceptacles": ["CounterTop|-01.87|+00.95|-01.21"], "pickupable": true, "position": {"x": -1.6557016372680664, "y": 0.9333286881446838, "z": -2.150597095489502}, "receptacle": false, "receptacleObjectIds": null, "rotation": {"x": 0.0037954398430883884, "y": 315.0000915527344, "z": -0.000604557862970978}, "salientMaterials": ["Food"], "sliceable": true, "temperature": "RoomTemp", "toggleable": false, "visible": false}, "Pot|-01.22|+00.90|-02.36": {"assetId": "Pot_19", "axisAlignedBoundingBox": {"center": {"x": -0.4652000069618225, "y": 1.0079153776168823, "z": -2.372300624847412}, "cornerPoints": [[-0.354145884513855, 1.0662109851837158, -2.2352404594421387], [-0.354145884513855, 1.0662109851837158, -2.5093607902526855], [-0.354145884513855, 0.9496197700500488, -2.2352404594421387], [-0.354145884513855, 0.9496197700500488, -2.5093607902526855], [-0.57625412940979, 1.0662109851837158, -2.2352404594421387], [-0.57625412940979, 1.0662109851837158, -2.5093607902526855], [-0.57625412940979, 0.9496197700500488, -2.2352404594421387], [-0.57625412940979, 0.9496197700500488, -2.5093607902526855]], "size": {"x": 0.22210824489593506, "y": 0.11659121513366699, "z": 0.2741203308105469}}, "breakable": false, "canBeUsedUp": false, "canFillWithLiquid": true, "controlledObjects": null, "cookable": false, "dirtyable": true, "distance": 1.581375241279602, "fillLiquid": null, "isBroken": false, "isColdSource": false, "isCooked": false, "isDirty": false, "isFilledWithLiquid": false, "isHeatSource": false, "isInteractable": false, "isMoving": false, "isOpen": false, "isPickedUp": false, "isSliced": false, "isToggled": false, "isUsedUp": false, "mass": 0.5699999928474426, "moveable": false, "name": "Pot_5c47f775", "objectId": "Pot|-01.22|+00.90|-02.36", "objectOrientedBoundingBox": {"cornerPoints": [[-0.35414591431617737, 0.9496198296546936, -2.5093607902526855], [-0.354145884513855, 0.9496198296546936, -2.2352406978607178], [-0.57625412940979, 0.9496198296546936, -2.2352406978607178], [-0.57625412940979, 0.9496198296546936, -2.5093607902526855], [-0.35414591431617737, 1.0662109851837158, -2.5093607902526855], [-0.354145884513855, 1.0662109851837158, -2.2352406978607178], [-0.57625412940979, 1.0662109851837158, -2.2352406978607178], [-0.57625412940979, 1.0662109851837158, -2.5093607902526855]]}, "objectType": "Pot", "openable": false, "openness": 0.0, "parentReceptacles": ["StoveBurner|-00.47|+00.92|-02.37"], "pickupable": true, "position": {"x": -0.46519988775253296, "y": 0.9504998922348022, "z": -2.3720006942749023}, "receptacle": true, "receptacleObjectIds": [], "rotation": {"x": -0.0, "y": 90.00000762939453, "z": 0.0}, "salientMaterials": ["Metal"], "sliceable": false, "temperature": "RoomTemp", "toggleable": false, "visible": false}, "SaltShaker|+00.35|+00.90|-02.57": {"assetId": "Salt_Shaker_1", "axisAlignedBoundingBox": {"center": {"x": 0.3467768132686615, "y": 0.9554057121276855, "z": -2.5668764114379883}, "cornerPoints": [[0.3808000087738037, 1.0108057260513306, -2.5328211784362793], [0.3808000087738037, 1.0108057260513306, -2.6009316444396973], [0.3808000087738037, 0.9000056982040405, -2.5328211784362793], [0.3808000087738037, 0.9000056982040405, -2.6009316444396973], [0.3127536177635193, 1.0108057260513306, -2.5328211784362793], [0.3127536177635193, 1.0108057260513306, -2.6009316444396973], [0.3127536177635193, 0.9000056982040405, -2.5328211784362793], [0.3127536177635193, 0.9000056982040405, -2.6009316444396973]], "size": {"x": 0.06804639101028442, "y": 0.11080002784729004, "z": 0.06811046600341797}}, "breakable": false, "canBeUsedUp": false, "canFillWithLiquid": false, "controlledObjects": null, "cookable": false, "dirtyable": false, "distance": 2.237139940261841, "fillLiquid": null, "isBroken": false, "isColdSource": false, "isCooked": false, "isDirty": false, "isFilledWithLiquid": false, "isHeatSource": false, "isInteractable": false, "isMoving": false, "isOpen": false, "isPickedUp": false, "isSliced": false, "isToggled": false, "isUsedUp": false, "mass": 0.4000000059604645, "moveable": false, "name": "SaltShaker_ccf73c67", "objectId": "SaltShaker|+00.35|+00.90|-02.57", "objectOrientedBoundingBox": {"cornerPoints": [[0.3807990849018097, 0.900006890296936, -2.5328214168548584], [0.3127537667751312, 0.9000075459480286, -2.5328211784362793], [0.3127535283565521, 0.9000060558319092, -2.600929021835327], [0.3807988464832306, 0.9000054597854614, -2.6009292602539062], [0.3808000981807709, 1.0108052492141724, -2.5328238010406494], [0.31275475025177, 1.0108058452606201, -2.5328235626220703], [0.3127545118331909, 1.0108044147491455, -2.600931406021118], [0.3807998597621918, 1.0108038187026978, -2.6009316444396973]]}, "objectType": "SaltShaker", "openable": false, "openness": 0.0, "parentReceptacles": ["CounterTop|+00.69|+00.95|-02.48"], "pickupable": true, "position": {"x": 0.34677639603614807, "y": 0.9000768661499023, "z": -2.566875696182251}, "receptacle": false, "receptacleObjectIds": null, "rotation": {"x": -0.004529383033514023, "y": 0.00022376811830326915, "z": -0.0020091396290808916}, "salientMaterials": ["Metal", "Glass"], "sliceable": false, "temperature": "RoomTemp", "toggleable": false, "visible": false}, "Shelf|+01.75|+00.17|-02.56": {"assetId": "", "axisAlignedBoundingBox": {"center": {"x": 1.758482575416565, "y": 0.31511515378952026, "z": -2.484377145767212}, "cornerPoints": [[2.156690835952759, 0.4626169204711914, -2.406658172607422], [2.156690835952759, 0.4626169204711914, -2.562096118927002], [2.156690835952759, 0.16761337220668793, -2.406658172607422], [2.156690835952759, 0.16761337220668793, -2.562096118927002], [1.360274314880371, 0.4626169204711914, -2.406658172607422], [1.360274314880371, 0.4626169204711914, -2.562096118927002], [1.360274314880371, 0.16761337220668793, -2.406658172607422], [1.360274314880371, 0.16761337220668793, -2.562096118927002]], "size": {"x": 0.7964165210723877, "y": 0.2950035631656647, "z": 0.15543794631958008}}, "breakable": false, "canBeUsedUp": false, "canFillWithLiquid": false, "controlledObjects": null, "cookable": false, "dirtyable": false, "distance": 3.459566831588745, "fillLiquid": null, "isBroken": false, "isColdSource": false, "isCooked": false, "isDirty": false, "isFilledWithLiquid": false, "isHeatSource": false, "isInteractable": false, "isMoving": false, "isOpen": false, "isPickedUp": false, "isSliced": false, "isToggled": false, "isUsedUp": false, "mass": 0.0, "moveable": false, "name": "Shelf_bf36c881", "objectId": "Shelf|+01.75|+00.17|-02.56", "objectOrientedBoundingBox": null, "objectType": "Shelf", "openable": false, "openness": 0.0, "parentReceptacles": null, "pickupable": false, "position": {"x": 1.7510098218917847, "y": 0.17264634370803833, "z": -2.5595011711120605}, "receptacle": true, "receptacleObjectIds": ["Statue|+01.96|+00.18|-02.54"], "rotation": {"x": 0.0006628266419284046, "y": 0.002188031328842044, "z": -8.217914728447795e-05}, "salientMaterials": null, "sliceable": false, "temperature": "RoomTemp", "toggleable": false, "visible": false}, "Shelf|+01.75|+00.55|-02.56": {"assetId": "", "axisAlignedBoundingBox": {"center": {"x": 1.7584829330444336, "y": 0.6718966364860535, "z": -2.4879279136657715}, "cornerPoints": [[2.156691074371338, 0.7958433628082275, -2.4066576957702637], [2.156691074371338, 0.7958433628082275, -2.5691981315612793], [2.156691074371338, 0.5479499101638794, -2.4066576957702637], [2.156691074371338, 0.5479499101638794, -2.5691981315612793], [1.3602747917175293, 0.7958433628082275, -2.4066576957702637], [1.3602747917175293, 0.7958433628082275, -2.5691981315612793], [1.3602747917175293, 0.5479499101638794, -2.4066576957702637], [1.3602747917175293, 0.5479499101638794, -2.5691981315612793]], "size": {"x": 0.7964162826538086, "y": 0.24789345264434814, "z": 0.16254043579101562}}, "breakable": false, "canBeUsedUp": false, "canFillWithLiquid": false, "controlledObjects": null, "cookable": false, "dirtyable": false, "distance": 3.399883508682251, "fillLiquid": null, "isBroken": false, "isColdSource": false, "isCooked": false, "isDirty": false, "isFilledWithLiquid": false, "isHeatSource": false, "isInteractable": false, "isMoving": false, "isOpen": false, "isPickedUp": false, "isSliced": false, "isToggled": false, "isUsedUp": false, "mass": 0.0, "moveable": false, "name": "Shelf_9d7816a7", "objectId": "Shelf|+01.75|+00.55|-02.56", "objectOrientedBoundingBox": null, "objectType": "Shelf", "openable": false, "openness": 0.0, "parentReceptacles": null, "pickupable": false, "position": {"x": 1.7510104179382324, "y": 0.5529828667640686, "z": -2.5594966411590576}, "receptacle": true, "receptacleObjectIds": ["Vase|+01.99|+00.56|-02.49", "Vase|+01.56|+00.56|-02.50"], "rotation": {"x": 0.0006628266419284046, "y": 0.002188031328842044, "z": -8.217914728447795e-05}, "salientMaterials": null, "sliceable": false, "temperature": "RoomTemp", "toggleable": false, "visible": false}, "Shelf|+01.75|+00.88|-02.56": {"assetId": "", "axisAlignedBoundingBox": {"center": {"x": 1.7583833932876587, "y": 0.9771543145179749, "z": -2.5270605087280273}, "cornerPoints": [[2.1514201164245605, 1.078394889831543, -2.4880359172821045], [2.1514201164245605, 1.078394889831543, -2.56608510017395], [2.1514201164245605, 0.8759137392044067, -2.4880359172821045], [2.1514201164245605, 0.8759137392044067, -2.56608510017395], [1.3653466701507568, 1.078394889831543, -2.4880359172821045], [1.3653466701507568, 1.078394889831543, -2.56608510017395], [1.3653466701507568, 0.8759137392044067, -2.4880359172821045], [1.3653466701507568, 0.8759137392044067, -2.56608510017395]], "size": {"x": 0.7860734462738037, "y": 0.20248115062713623, "z": 0.0780491828918457}}, "breakable": false, "canBeUsedUp": false, "canFillWithLiquid": false, "controlledObjects": null, "cookable": false, "dirtyable": false, "distance": 3.382405996322632, "fillLiquid": null, "isBroken": false, "isColdSource": false, "isCooked": false, "isDirty": false, "isFilledWithLiquid": false, "isHeatSource": false, "isInteractable": false, "isMoving": false, "isOpen": false, "isPickedUp": false, "isSliced": false, "isToggled": false, "isUsedUp": false, "mass": 0.0, "moveable": false, "name": "Shelf_957b2e88", "objectId": "Shelf|+01.75|+00.88|-02.56", "objectOrientedBoundingBox": null, "objectType": "Shelf", "openable": false, "openness": 0.0, "parentReceptacles": null, "pickupable": false, "position": {"x": 1.751010775566101, "y": 0.8809468150138855, "z": -2.560192823410034}, "receptacle": true, "receptacleObjectIds": ["Bottle|+01.54|+00.89|-02.54"], "rotation": {"x": 0.0006628266419284046, "y": 0.002188031328842044, "z": -8.217914728447795e-05}, "salientMaterials": null, "sliceable": false, "temperature": "RoomTemp", "toggleable": false, "visible": false}, "ShelvingUnit|+01.75|+00.01|-02.56": {"assetId": "Shelving_Unit_001_1", "axisAlignedBoundingBox": {"center": {"x": 1.7510122060775757, "y": 0.7423198819160461, "z": -2.5600056648254395}, "cornerPoints": [[2.220712661743164, 1.4845664501190186, -2.3269386291503906], [2.220712661743164, 1.4845664501190186, -2.7930727005004883], [2.220712661743164, 7.331371307373047e-05, -2.3269386291503906], [2.220712661743164, 7.331371307373047e-05, -2.7930727005004883], [1.2813117504119873, 1.4845664501190186, -2.3269386291503906], [1.2813117504119873, 1.4845664501190186, -2.7930727005004883], [1.2813117504119873, 7.331371307373047e-05, -2.3269386291503906], [1.2813117504119873, 7.331371307373047e-05, -2.7930727005004883]], "size": {"x": 0.9394009113311768, "y": 1.4844931364059448, "z": 0.46613407135009766}}, "breakable": false, "canBeUsedUp": false, "canFillWithLiquid": false, "controlledObjects": null, "cookable": false, "dirtyable": false, "distance": 3.4984700679779053, "fillLiquid": null, "isBroken": false, "isColdSource": false, "isCooked": false, "isDirty": false, "isFilledWithLiquid": false, "isHeatSource": false, "isInteractable": false, "isMoving": false, "isOpen": false, "isPickedUp": false, "isSliced": false, "isToggled": false, "isUsedUp": false, "mass": 22.0, "moveable": true, "name": "ShelvingUnit_11057823", "objectId": "ShelvingUnit|+01.75|+00.01|-02.56", "objectOrientedBoundingBox": {"cornerPoints": [[2.2207183837890625, 7.463665679097176e-05, -2.3269689083099365], [1.2813185453414917, 7.516099140048027e-05, -2.3269383907318115], [1.2813035249710083, 7.425574585795403e-05, -2.7930428981781006], [2.220703363418579, 7.373141124844551e-05, -2.7930731773376465], [2.2207190990448, 1.4845643043518066, -2.3269717693328857], [1.2813193798065186, 1.4845647811889648, -2.3269412517547607], [1.2813043594360352, 1.4845638275146484, -2.79304575920105], [2.2207040786743164, 1.4845633506774902, -2.7930760383605957]]}, "objectType": "ShelvingUnit", "openable": false, "openness": 0.0, "parentReceptacles": ["Floor|+00.00|+00.00|+00.00"], "pickupable": false, "position": {"x": 1.7510095834732056, "y": 0.006782948970794678, "z": -2.5600032806396484}, "receptacle": false, "receptacleObjectIds": null, "rotation": {"x": 0.0006628266419284046, "y": 0.002188031328842044, "z": -8.217914728447795e-05}, "salientMaterials": ["Wood"], "sliceable": false, "temperature": "RoomTemp", "toggleable": false, "visible": false}, "Sink|-01.90|+00.97|-01.50": {"assetId": "", "axisAlignedBoundingBox": {"center": {"x": -1.9061001539230347, "y": 0.44700002670288086, "z": -1.4870002269744873}, "cornerPoints": [[-1.6509997844696045, 0.8940000534057617, -1.0839998722076416], [-1.6509997844696045, 0.8940000534057617, -1.890000581741333], [-1.6509997844696045, 0.0, -1.0839998722076416], [-1.6509997844696045, 0.0, -1.890000581741333], [-2.161200523376465, 0.8940000534057617, -1.0839998722076416], [-2.161200523376465, 0.8940000534057617, -1.890000581741333], [-2.161200523376465, 0.0, -1.0839998722076416], [-2.161200523376465, 0.0, -1.890000581741333]], "size": {"x": 0.5102007389068604, "y": 0.8940000534057617, "z": 0.806000828742981}}, "breakable": false, "canBeUsedUp": false, "canFillWithLiquid": false, "controlledObjects": null, "cookable": false, "dirtyable": false, "distance": 0.8225545287132263, "fillLiquid": null, "isBroken": false, "isColdSource": false, "isCooked": false, "isDirty": false, "isFilledWithLiquid": false, "isHeatSource": false, "isInteractable": false, "isMoving": false, "isOpen": false, "isPickedUp": false, "isSliced": false, "isToggled": false, "isUsedUp": false, "mass": 0.0, "moveable": false, "name": "Sink_41af8f72", "objectId": "Sink|-01.90|+00.97|-01.50", "objectOrientedBoundingBox": null, "objectType": "Sink", "openable": false, "openness": 0.0, "parentReceptacles": null, "pickupable": false, "position": {"x": -1.899999976158142, "y": 0.9649999737739563, "z": -1.5}, "receptacle": false, "receptacleObjectIds": null, "rotation": {"x": -1.4033420794510015e-14, "y": 90.0, "z": 0.0}, "salientMaterials": null, "sliceable": false, "temperature": "RoomTemp", "toggleable": false, "visible": false}, "Sink|-01.90|+00.97|-01.50|SinkBasin": {"assetId": "", "axisAlignedBoundingBox": {"center": {"x": -1.9000004529953003, "y": 0.8193707466125488, "z": -1.5000005960464478}, "cornerPoints": [[-1.7013895511627197, 0.8876692056655884, -1.152754545211792], [-1.7013895511627197, 0.8876692056655884, -1.8472466468811035], [-1.7013895511627197, 0.7510722875595093, -1.152754545211792], [-1.7013895511627197, 0.7510722875595093, -1.8472466468811035], [-2.098611354827881, 0.8876692056655884, -1.152754545211792], [-2.098611354827881, 0.8876692056655884, -1.8472466468811035], [-2.098611354827881, 0.7510722875595093, -1.152754545211792], [-2.098611354827881, 0.7510722875595093, -1.8472466468811035]], "size": {"x": 0.39722180366516113, "y": 0.1365969181060791, "z": 0.6944921016693115}}, "breakable": false, "canBeUsedUp": false, "canFillWithLiquid": false, "controlledObjects": null, "cookable": false, "dirtyable": false, "distance": 0.8319422602653503, "fillLiquid": null, "isBroken": false, "isColdSource": false, "isCooked": false, "isDirty": false, "isFilledWithLiquid": false, "isHeatSource": false, "isInteractable": true, "isMoving": false, "isOpen": false, "isPickedUp": false, "isSliced": false, "isToggled": false, "isUsedUp": false, "mass": 0.0, "moveable": false, "name": "SinkBasin_3138b92f", "objectId": "Sink|-01.90|+00.97|-01.50|SinkBasin", "objectOrientedBoundingBox": null, "objectType": "SinkBasin", "openable": false, "openness": 0.0, "parentReceptacles": null, "pickupable": false, "position": {"x": -1.9081000089645386, "y": 0.7591999769210815, "z": -1.488800048828125}, "receptacle": true, "receptacleObjectIds": [], "rotation": {"x": -0.0, "y": 90.0, "z": -0.0}, "salientMaterials": null, "sliceable": false, "temperature": "RoomTemp", "toggleable": false, "visible": true}, "SoapBottle|-01.99|+00.90|-02.03": {"assetId": "Soap_Bottle_1", "axisAlignedBoundingBox": {"center": {"x": -1.991492748260498, "y": 0.9900491237640381, "z": -2.031006336212158}, "cornerPoints": [[-1.9587483406066895, 1.0801540613174438, -1.9969592094421387], [-1.9587483406066895, 1.0801540613174438, -2.0650534629821777], [-1.9587483406066895, 0.8999441862106323, -1.9969592094421387], [-1.9587483406066895, 0.8999441862106323, -2.0650534629821777], [-2.0242371559143066, 1.0801540613174438, -1.9969592094421387], [-2.0242371559143066, 1.0801540613174438, -2.0650534629821777], [-2.0242371559143066, 0.8999441862106323, -1.9969592094421387], [-2.0242371559143066, 0.8999441862106323, -2.0650534629821777]], "size": {"x": 0.06548881530761719, "y": 0.18020987510681152, "z": 0.06809425354003906}}, "breakable": false, "canBeUsedUp": false, "canFillWithLiquid": false, "controlledObjects": null, "cookable": false, "dirtyable": false, "distance": 1.2710133790969849, "fillLiquid": null, "isBroken": false, "isColdSource": false, "isCooked": false, "isDirty": false, "isFilledWithLiquid": false, "isHeatSource": false, "isInteractable": false, "isMoving": false, "isOpen": false, "isPickedUp": false, "isSliced": false, "isToggled": false, "isUsedUp": false, "mass": 0.4000000059604645, "moveable": false, "name": "SoapBottle_4540124e", "objectId": "SoapBottle|-01.99|+00.90|-02.03", "objectOrientedBoundingBox": {"cornerPoints": [[-1.9587481021881104, 0.8999435901641846, -1.9969661235809326], [-2.0242364406585693, 0.8999433517456055, -1.996966004371643], [-2.0242366790771484, 0.899945855140686, -2.065053701400757], [-1.9587482213974, 0.8999460935592651, -2.065053939819336], [-1.9587488174438477, 1.0801523923873901, -1.9969594478607178], [-2.0242371559143066, 1.080152153968811, -1.9969594478607178], [-2.0242373943328857, 1.0801546573638916, -2.065047264099121], [-1.9587489366531372, 1.0801548957824707, -2.065047264099121]]}, "objectType": "SoapBottle", "openable": false, "openness": 0.0, "parentReceptacles": ["CounterTop|-01.87|+00.95|-01.21"], "pickupable": true, "position": {"x": -1.9914913177490234, "y": 0.899879515171051, "z": -2.0323102474212646}, "receptacle": false, "receptacleObjectIds": null, "rotation": {"x": 0.00041732299723662436, "y": -0.00027312382007949054, "z": 359.9910888671875}, "salientMaterials": ["Glass", "Metal"], "sliceable": false, "temperature": "RoomTemp", "toggleable": false, "visible": false}, "Spatula|+00.38|+00.91|-02.33": {"assetId": "Spatula_1", "axisAlignedBoundingBox": {"center": {"x": 0.4115983843803406, "y": 0.9078870415687561, "z": -2.405639171600342}, "cornerPoints": [[0.4693402647972107, 0.9170340895652771, -2.256824016571045], [0.4693402647972107, 0.9170340895652771, -2.5544543266296387], [0.4693402647972107, 0.8987399935722351, -2.256824016571045], [0.4693402647972107, 0.8987399935722351, -2.5544543266296387], [0.35385650396347046, 0.9170340895652771, -2.256824016571045], [0.35385650396347046, 0.9170340895652771, -2.5544543266296387], [0.35385650396347046, 0.8987399935722351, -2.256824016571045], [0.35385650396347046, 0.8987399935722351, -2.5544543266296387]], "size": {"x": 0.11548376083374023, "y": 0.018294095993041992, "z": 0.29763031005859375}}, "breakable": false, "canBeUsedUp": false, "canFillWithLiquid": false, "controlledObjects": null, "cookable": false, "dirtyable": false, "distance": 2.1065497398376465, "fillLiquid": null, "isBroken": false, "isColdSource": false, "isCooked": false, "isDirty": false, "isFilledWithLiquid": false, "isHeatSource": false, "isInteractable": false, "isMoving": false, "isOpen": false, "isPickedUp": false, "isSliced": false, "isToggled": false, "isUsedUp": false, "mass": 0.06499999761581421, "moveable": false, "name": "Spatula_6667745e", "objectId": "Spatula|+00.38|+00.91|-02.33", "objectOrientedBoundingBox": {"cornerPoints": [[0.4071924090385437, 0.8996942639350891, -2.55448055267334], [0.4690590798854828, 0.8984293937683105, -2.5378987789154053], [0.392056941986084, 0.8994265198707581, -2.250526189804077], [0.3301902711391449, 0.9006913900375366, -2.2671079635620117], [0.40753817558288574, 0.9170321822166443, -2.554448127746582], [0.46940484642982483, 0.9157673120498657, -2.5378663539886475], [0.392402708530426, 0.9167644381523132, -2.2504937648773193], [0.33053603768348694, 0.9180293083190918, -2.267075538635254]]}, "objectType": "Spatula", "openable": false, "openness": 0.0, "parentReceptacles": ["CounterTop|+00.69|+00.95|-02.48"], "pickupable": true, "position": {"x": 0.38115280866622925, "y": 0.9074085354804993, "z": -2.3329858779907227}, "receptacle": false, "receptacleObjectIds": null, "rotation": {"x": 0.19202445447444916, "y": 164.9998321533203, "z": 1.1313464641571045}, "salientMaterials": ["Metal", "Plastic"], "sliceable": false, "temperature": "RoomTemp", "toggleable": false, "visible": false}, "Spoon|+00.98|+00.77|-02.29": {"assetId": "Spoon_1", "axisAlignedBoundingBox": {"center": {"x": 0.9832035899162292, "y": 0.7758529186248779, "z": -2.3005175590515137}, "cornerPoints": [[1.0036957263946533, 0.7853425741195679, -2.1969799995422363], [1.0036957263946533, 0.7853425741195679, -2.404055118560791], [1.0036957263946533, 0.766363263130188, -2.1969799995422363], [1.0036957263946533, 0.766363263130188, -2.404055118560791], [0.9627114534378052, 0.7853425741195679, -2.1969799995422363], [0.9627114534378052, 0.7853425741195679, -2.404055118560791], [0.9627114534378052, 0.766363263130188, -2.1969799995422363], [0.9627114534378052, 0.766363263130188, -2.404055118560791]], "size": {"x": 0.040984272956848145, "y": 0.018979310989379883, "z": 0.2070751190185547}}, "breakable": false, "canBeUsedUp": false, "canFillWithLiquid": false, "controlledObjects": null, "cookable": false, "dirtyable": false, "distance": 2.580812931060791, "fillLiquid": null, "isBroken": false, "isColdSource": false, "isCooked": false, "isDirty": false, "isFilledWithLiquid": false, "isHeatSource": false, "isInteractable": false, "isMoving": false, "isOpen": false, "isPickedUp": false, "isSliced": false, "isToggled": false, "isUsedUp": false, "mass": 0.03999999910593033, "moveable": false, "name": "Spoon_ea8b29ee", "objectId": "Spoon|+00.98|+00.77|-02.29", "objectOrientedBoundingBox": {"cornerPoints": [[1.0045937299728394, 0.7661756873130798, -2.1972336769104004], [0.9632123708724976, 0.7662705779075623, -2.196326494216919], [0.9586660265922546, 0.76644366979599, -2.4037017822265625], [1.0000474452972412, 0.7663487792015076, -2.404608964920044], [1.0046377182006836, 0.7852319478988647, -2.197218656539917], [0.9632564187049866, 0.7853268384933472, -2.1963114738464355], [0.9587100148200989, 0.7854999899864197, -2.403686761856079], [1.0000914335250854, 0.7854050993919373, -2.4045941829681396]]}, "objectType": "Spoon", "openable": false, "openness": 0.0, "parentReceptacles": ["Drawer|+00.95|+00.83|-02.20"], "pickupable": true, "position": {"x": 0.9829990863800049, "y": 0.7667461037635803, "z": -2.2869675159454346}, "receptacle": false, "receptacleObjectIds": null, "rotation": {"x": 0.047820523381233215, "y": 1.2559016942977905, "z": 359.86865234375}, "salientMaterials": ["Metal"], "sliceable": false, "temperature": "RoomTemp", "toggleable": false, "visible": false}, "Statue|+01.96|+00.18|-02.54": {"assetId": "Hand_Statue_1", "axisAlignedBoundingBox": {"center": {"x": 1.9611445665359497, "y": 0.25686290860176086, "z": -2.5162408351898193}, "cornerPoints": [[2.148871421813965, 0.32956546545028687, -2.4088315963745117], [2.148871421813965, 0.32956546545028687, -2.623650074005127], [2.148871421813965, 0.18416035175323486, -2.4088315963745117], [2.148871421813965, 0.18416035175323486, -2.623650074005127], [1.7734177112579346, 0.32956546545028687, -2.4088315963745117], [1.7734177112579346, 0.32956546545028687, -2.623650074005127], [1.7734177112579346, 0.18416035175323486, -2.4088315963745117], [1.7734177112579346, 0.18416035175323486, -2.623650074005127]], "size": {"x": 0.3754537105560303, "y": 0.145405113697052, "z": 0.21481847763061523}}, "breakable": true, "canBeUsedUp": false, "canFillWithLiquid": false, "controlledObjects": null, "cookable": false, "dirtyable": false, "distance": 3.6292877197265625, "fillLiquid": null, "isBroken": false, "isColdSource": false, "isCooked": false, "isDirty": false, "isFilledWithLiquid": false, "isHeatSource": false, "isInteractable": false, "isMoving": false, "isOpen": false, "isPickedUp": false, "isSliced": false, "isToggled": false, "isUsedUp": false, "mass": 1.0, "moveable": false, "name": "Statue_32e151a8", "objectId": "Statue|+01.96|+00.18|-02.54", "objectOrientedBoundingBox": {"cornerPoints": [[2.1488308906555176, 0.18409520387649536, -2.4088332653045654], [1.773362398147583, 0.18427443504333496, -2.408830404281616], [1.7733607292175293, 0.18427450954914093, -2.6236486434936523], [2.148829221725464, 0.18409527838230133, -2.6236515045166016], [2.148900270462036, 0.3294181823730469, -2.4088330268859863], [1.7734317779541016, 0.3295974135398865, -2.408830404281616], [1.7734301090240479, 0.32959747314453125, -2.6236486434936523], [2.1488986015319824, 0.32941824197769165, -2.6236515045166016]]}, "objectType": "Statue", "openable": false, "openness": 0.0, "parentReceptacles": ["Shelf|+01.75|+00.17|-02.56"], "pickupable": true, "position": {"x": 1.9550410509109497, "y": 0.18092235922813416, "z": -2.5430264472961426}, "receptacle": false, "receptacleObjectIds": null, "rotation": {"x": 0.012726412154734135, "y": 0.0005701313493773341, "z": 359.88153076171875}, "salientMaterials": ["Stone"], "sliceable": false, "temperature": "RoomTemp", "toggleable": false, "visible": false}, "Stool|+00.70|+00.00|-00.51": {"assetId": "Stool_2_1", "axisAlignedBoundingBox": {"center": {"x": 0.6986541748046875, "y": 0.37828725576400757, "z": -0.5119257569313049}, "cornerPoints": [[0.991841197013855, 0.7565656900405884, -0.1701667308807373], [0.991841197013855, 0.7565656900405884, -0.8536847829818726], [0.991841197013855, 8.821487426757812e-06, -0.1701667308807373], [0.991841197013855, 8.821487426757812e-06, -0.8536847829818726], [0.40546715259552, 0.7565656900405884, -0.1701667308807373], [0.40546715259552, 0.7565656900405884, -0.8536847829818726], [0.40546715259552, 8.821487426757812e-06, -0.1701667308807373], [0.40546715259552, 8.821487426757812e-06, -0.8536847829818726]], "size": {"x": 0.586374044418335, "y": 0.7565568685531616, "z": 0.6835180521011353}}, "breakable": false, "canBeUsedUp": false, "canFillWithLiquid": false, "controlledObjects": null, "cookable": false, "dirtyable": false, "distance": 2.2044882774353027, "fillLiquid": null, "isBroken": false, "isColdSource": false, "isCooked": false, "isDirty": false, "isFilledWithLiquid": false, "isHeatSource": false, "isInteractable": false, "isMoving": false, "isOpen": false, "isPickedUp": false, "isSliced": false, "isToggled": false, "isUsedUp": false, "mass": 3.180000066757202, "moveable": true, "name": "Stool_b084fe8e", "objectId": "Stool|+00.70|+00.00|-00.51", "objectOrientedBoundingBox": {"cornerPoints": [[0.9946890473365784, -0.007260770536959171, -0.7026716470718384], [0.7466113567352295, -0.005880771204829216, -0.1678769886493683], [0.4029808044433594, 0.0023227990604937077, -0.32729971408843994], [0.6510584950447083, 0.0009427997283637524, -0.8620943427085876], [1.0102672576904297, 0.7478434443473816, -0.6973937749862671], [0.7621895670890808, 0.7492234706878662, -0.16259914636611938], [0.4185590147972107, 0.7574270367622375, -0.32202184200286865], [0.6666367053985596, 0.7560470104217529, -0.8568164706230164]]}, "objectType": "Stool", "openable": false, "openness": 0.0, "parentReceptacles": ["Floor|+00.00|+00.00|+00.00"], "pickupable": false, "position": {"x": 0.702736496925354, "y": 0.0005796551704406738, "z": -0.5143738389015198}, "receptacle": true, "receptacleObjectIds": [], "rotation": {"x": 1.2273499965667725, "y": 65.1142578125, "z": 359.87860107421875}, "salientMaterials": ["Wood"], "sliceable": false, "temperature": "RoomTemp", "toggleable": false, "visible": false}, "Stool|+00.74|+00.00|+00.56": {"assetId": "Stool_2_1", "axisAlignedBoundingBox": {"center": {"x": 0.7395825386047363, "y": 0.378284215927124, "z": 0.5649327635765076}, "cornerPoints": [[1.0007349252700806, 0.7565606832504272, 0.8975504636764526], [1.0007349252700806, 0.7565606832504272, 0.2323150634765625], [1.0007349252700806, 7.748603820800781e-06, 0.8975504636764526], [1.0007349252700806, 7.748603820800781e-06, 0.2323150634765625], [0.4784301519393921, 0.7565606832504272, 0.8975504636764526], [0.4784301519393921, 0.7565606832504272, 0.2323150634765625], [0.4784301519393921, 7.748603820800781e-06, 0.8975504636764526], [0.4784301519393921, 7.748603820800781e-06, 0.2323150634765625]], "size": {"x": 0.5223047733306885, "y": 0.7565529346466064, "z": 0.6652354001998901}}, "breakable": false, "canBeUsedUp": false, "canFillWithLiquid": false, "controlledObjects": null, "cookable": false, "dirtyable": false, "distance": 2.688500165939331, "fillLiquid": null, "isBroken": false, "isColdSource": false, "isCooked": false, "isDirty": false, "isFilledWithLiquid": false, "isHeatSource": false, "isInteractable": false, "isMoving": false, "isOpen": false, "isPickedUp": false, "isSliced": false, "isToggled": false, "isUsedUp": false, "mass": 3.180000066757202, "moveable": true, "name": "Stool_6ad82f78", "objectId": "Stool|+00.74|+00.00|+00.56", "objectOrientedBoundingBox": {"cornerPoints": [[0.8363900184631348, -0.007261260412633419, 0.2291020154953003], [1.0058979988098145, -0.005882252473384142, 0.7937389016151428], [0.6430783271789551, 0.0023208921775221825, 0.9026399254798889], [0.473570317029953, 0.000941884471103549, 0.3380030393600464], [0.8515434861183167, 0.7478430271148682, 0.22270864248275757], [1.0210514068603516, 0.7492220401763916, 0.7873455286026001], [0.658231794834137, 0.7574251890182495, 0.8962465524673462], [0.4887238144874573, 0.7560461759567261, 0.33160966634750366]]}, "objectType": "Stool", "openable": false, "openness": 0.0, "parentReceptacles": ["Floor|+00.00|+00.00|+00.00"], "pickupable": false, "position": {"x": 0.7430257797241211, "y": 0.0005869865417480469, "z": 0.5636938810348511}, "receptacle": true, "receptacleObjectIds": [], "rotation": {"x": 1.2275639772415161, "y": 106.70697784423828, "z": 359.8799133300781}, "salientMaterials": ["Wood"], "sliceable": false, "temperature": "RoomTemp", "toggleable": false, "visible": false}, "StoveBurner|-00.04|+00.92|-02.37": {"assetId": "", "axisAlignedBoundingBox": {"center": {"x": -0.03610000014305115, "y": 0.9354671239852905, "z": -2.3722000122070312}, "cornerPoints": [[0.06519922614097595, 0.951509416103363, -2.2709009647369385], [0.06519922614097595, 0.951509416103363, -2.473499059677124], [0.06519922614097595, 0.919424831867218, -2.2709009647369385], [0.06519922614097595, 0.919424831867218, -2.473499059677124], [-0.13739922642707825, 0.951509416103363, -2.2709009647369385], [-0.13739922642707825, 0.951509416103363, -2.473499059677124], [-0.13739922642707825, 0.919424831867218, -2.2709009647369385], [-0.13739922642707825, 0.919424831867218, -2.473499059677124]], "size": {"x": 0.2025984525680542, "y": 0.03208458423614502, "z": 0.20259809494018555}}, "breakable": false, "canBeUsedUp": false, "canFillWithLiquid": false, "controlledObjects": null, "cookable": false, "dirtyable": false, "distance": 1.8321259021759033, "fillLiquid": null, "isBroken": false, "isColdSource": false, "isCooked": false, "isDirty": false, "isFilledWithLiquid": false, "isHeatSource": true, "isInteractable": false, "isMoving": false, "isOpen": false, "isPickedUp": false, "isSliced": false, "isToggled": false, "isUsedUp": false, "mass": 0.0, "moveable": false, "name": "StoveBurner_d506dac6", "objectId": "StoveBurner|-00.04|+00.92|-02.37", "objectOrientedBoundingBox": null, "objectType": "StoveBurner", "openable": false, "openness": 0.0, "parentReceptacles": null, "pickupable": false, "position": {"x": -0.03610000014305115, "y": 0.9150999784469604, "z": -2.3722000122070312}, "receptacle": true, "receptacleObjectIds": [], "rotation": {"x": -0.0, "y": 0.0, "z": 0.0}, "salientMaterials": null, "sliceable": false, "temperature": "RoomTemp", "toggleable": false, "visible": false}, "StoveBurner|-00.04|+00.92|-02.58": {"assetId": "", "axisAlignedBoundingBox": {"center": {"x": -0.03610000014305115, "y": 0.9354671239852905, "z": -2.576200008392334}, "cornerPoints": [[0.06519922614097595, 0.951509416103363, -2.474900960922241], [0.06519922614097595, 0.951509416103363, -2.6774990558624268], [0.06519922614097595, 0.919424831867218, -2.474900960922241], [0.06519922614097595, 0.919424831867218, -2.6774990558624268], [-0.13739922642707825, 0.951509416103363, -2.474900960922241], [-0.13739922642707825, 0.951509416103363, -2.6774990558624268], [-0.13739922642707825, 0.919424831867218, -2.474900960922241], [-0.13739922642707825, 0.919424831867218, -2.6774990558624268]], "size": {"x": 0.2025984525680542, "y": 0.03208458423614502, "z": 0.20259809494018555}}, "breakable": false, "canBeUsedUp": false, "canFillWithLiquid": false, "controlledObjects": null, "cookable": false, "dirtyable": false, "distance": 1.9895122051239014, "fillLiquid": null, "isBroken": false, "isColdSource": false, "isCooked": false, "isDirty": false, "isFilledWithLiquid": false, "isHeatSource": true, "isInteractable": false, "isMoving": false, "isOpen": false, "isPickedUp": false, "isSliced": false, "isToggled": false, "isUsedUp": false, "mass": 0.0, "moveable": false, "name": "StoveBurner_3397cbe3", "objectId": "StoveBurner|-00.04|+00.92|-02.58", "objectOrientedBoundingBox": null, "objectType": "StoveBurner", "openable": false, "openness": 0.0, "parentReceptacles": null, "pickupable": false, "position": {"x": -0.03610000014305115, "y": 0.9150999784469604, "z": -2.576200008392334}, "receptacle": true, "receptacleObjectIds": [], "rotation": {"x": -0.0, "y": 0.0, "z": 0.0}, "salientMaterials": null, "sliceable": false, "temperature": "RoomTemp", "toggleable": false, "visible": false}, "StoveBurner|-00.47|+00.92|-02.37": {"assetId": "", "axisAlignedBoundingBox": {"center": {"x": -0.4652000069618225, "y": 0.9354671239852905, "z": -2.371999979019165}, "cornerPoints": [[-0.36390072107315063, 0.951509416103363, -2.2707009315490723], [-0.36390072107315063, 0.951509416103363, -2.473299026489258], [-0.36390072107315063, 0.919424831867218, -2.2707009315490723], [-0.36390072107315063, 0.919424831867218, -2.473299026489258], [-0.5664992928504944, 0.951509416103363, -2.2707009315490723], [-0.5664992928504944, 0.951509416103363, -2.473299026489258], [-0.5664992928504944, 0.919424831867218, -2.2707009315490723], [-0.5664992928504944, 0.919424831867218, -2.473299026489258]], "size": {"x": 0.20259857177734375, "y": 0.03208458423614502, "z": 0.20259809494018555}}, "breakable": false, "canBeUsedUp": false, "canFillWithLiquid": false, "controlledObjects": null, "cookable": false, "dirtyable": false, "distance": 1.580662488937378, "fillLiquid": null, "isBroken": false, "isColdSource": false, "isCooked": false, "isDirty": false, "isFilledWithLiquid": false, "isHeatSource": true, "isInteractable": false, "isMoving": false, "isOpen": false, "isPickedUp": false, "isSliced": false, "isToggled": false, "isUsedUp": false, "mass": 0.0, "moveable": false, "name": "StoveBurner_08a5798f", "objectId": "StoveBurner|-00.47|+00.92|-02.37", "objectOrientedBoundingBox": null, "objectType": "StoveBurner", "openable": false, "openness": 0.0, "parentReceptacles": null, "pickupable": false, "position": {"x": -0.4652000069618225, "y": 0.9150999784469604, "z": -2.371999979019165}, "receptacle": true, "receptacleObjectIds": ["Pot|-01.22|+00.90|-02.36"], "rotation": {"x": -0.0, "y": 179.99996948242188, "z": 0.0}, "salientMaterials": null, "sliceable": false, "temperature": "RoomTemp", "toggleable": false, "visible": false}, "StoveBurner|-00.47|+00.92|-02.58": {"assetId": "", "axisAlignedBoundingBox": {"center": {"x": -0.4652000069618225, "y": 0.9354671239852905, "z": -2.5759999752044678}, "cornerPoints": [[-0.36390072107315063, 0.951509416103363, -2.474700927734375], [-0.36390072107315063, 0.951509416103363, -2.6772990226745605], [-0.36390072107315063, 0.919424831867218, -2.474700927734375], [-0.36390072107315063, 0.919424831867218, -2.6772990226745605], [-0.5664992928504944, 0.951509416103363, -2.474700927734375], [-0.5664992928504944, 0.951509416103363, -2.6772990226745605], [-0.5664992928504944, 0.919424831867218, -2.474700927734375], [-0.5664992928504944, 0.919424831867218, -2.6772990226745605]], "size": {"x": 0.20259857177734375, "y": 0.03208458423614502, "z": 0.20259809494018555}}, "breakable": false, "canBeUsedUp": false, "canFillWithLiquid": false, "controlledObjects": null, "cookable": false, "dirtyable": false, "distance": 1.76064932346344, "fillLiquid": null, "isBroken": false, "isColdSource": false, "isCooked": false, "isDirty": false, "isFilledWithLiquid": false, "isHeatSource": true, "isInteractable": false, "isMoving": false, "isOpen": false, "isPickedUp": false, "isSliced": false, "isToggled": false, "isUsedUp": false, "mass": 0.0, "moveable": false, "name": "StoveBurner_a0b460e5", "objectId": "StoveBurner|-00.47|+00.92|-02.58", "objectOrientedBoundingBox": null, "objectType": "StoveBurner", "openable": false, "openness": 0.0, "parentReceptacles": null, "pickupable": false, "position": {"x": -0.4652000069618225, "y": 0.9150999784469604, "z": -2.5759999752044678}, "receptacle": true, "receptacleObjectIds": [], "rotation": {"x": -0.0, "y": 179.99996948242188, "z": 0.0}, "salientMaterials": null, "sliceable": false, "temperature": "RoomTemp", "toggleable": false, "visible": false}, "StoveKnob|-00.02|+00.88|-02.19": {"assetId": "", "axisAlignedBoundingBox": {"center": {"x": -0.022000014781951904, "y": 0.8893190622329712, "z": -2.179680824279785}, "cornerPoints": [[0.01555832102894783, 0.9303877353668213, -2.1386122703552246], [0.01555832102894783, 0.9303877353668213, -2.2207493782043457], [0.01555832102894783, 0.8482503890991211, -2.1386122703552246], [0.01555832102894783, 0.8482503890991211, -2.2207493782043457], [-0.05955835059285164, 0.9303877353668213, -2.1386122703552246], [-0.05955835059285164, 0.9303877353668213, -2.2207493782043457], [-0.05955835059285164, 0.8482503890991211, -2.1386122703552246], [-0.05955835059285164, 0.8482503890991211, -2.2207493782043457]], "size": {"x": 0.07511667162179947, "y": 0.0821373462677002, "z": 0.0821371078491211}}, "breakable": false, "canBeUsedUp": false, "canFillWithLiquid": false, "controlledObjects": ["StoveBurner|-00.04|+00.92|-02.37"], "cookable": false, "dirtyable": false, "distance": 1.708438515663147, "fillLiquid": null, "isBroken": false, "isColdSource": false, "isCooked": false, "isDirty": false, "isFilledWithLiquid": false, "isHeatSource": false, "isInteractable": false, "isMoving": false, "isOpen": false, "isPickedUp": false, "isSliced": false, "isToggled": false, "isUsedUp": false, "mass": 0.0, "moveable": false, "name": "StoveKnob_39559252", "objectId": "StoveKnob|-00.02|+00.88|-02.19", "objectOrientedBoundingBox": null, "objectType": "StoveKnob", "openable": false, "openness": 0.0, "parentReceptacles": null, "pickupable": false, "position": {"x": -0.022000014781951904, "y": 0.8813999891281128, "z": -2.1875998973846436}, "receptacle": false, "receptacleObjectIds": null, "rotation": {"x": 45.000003814697266, "y": -0.0, "z": -0.0}, "salientMaterials": null, "sliceable": false, "temperature": "RoomTemp", "toggleable": true, "visible": false}, "StoveKnob|-00.18|+00.88|-02.19": {"assetId": "", "axisAlignedBoundingBox": {"center": {"x": -0.18310000002384186, "y": 0.8893190622329712, "z": -2.179680824279785}, "cornerPoints": [[-0.14554166793823242, 0.9303877353668213, -2.1386122703552246], [-0.14554166793823242, 0.9303877353668213, -2.2207493782043457], [-0.14554166793823242, 0.8482503890991211, -2.1386122703552246], [-0.14554166793823242, 0.8482503890991211, -2.2207493782043457], [-0.2206583321094513, 0.9303877353668213, -2.1386122703552246], [-0.2206583321094513, 0.9303877353668213, -2.2207493782043457], [-0.2206583321094513, 0.8482503890991211, -2.1386122703552246], [-0.2206583321094513, 0.8482503890991211, -2.2207493782043457]], "size": {"x": 0.07511666417121887, "y": 0.0821373462677002, "z": 0.0821371078491211}}, "breakable": false, "canBeUsedUp": false, "canFillWithLiquid": false, "controlledObjects": ["StoveBurner|-00.04|+00.92|-02.58"], "cookable": false, "dirtyable": false, "distance": 1.5965756177902222, "fillLiquid": null, "isBroken": false, "isColdSource": false, "isCooked": false, "isDirty": false, "isFilledWithLiquid": false, "isHeatSource": false, "isInteractable": false, "isMoving": false, "isOpen": false, "isPickedUp": false, "isSliced": false, "isToggled": false, "isUsedUp": false, "mass": 0.0, "moveable": false, "name": "StoveKnob_b57953af", "objectId": "StoveKnob|-00.18|+00.88|-02.19", "objectOrientedBoundingBox": null, "objectType": "StoveKnob", "openable": false, "openness": 0.0, "parentReceptacles": null, "pickupable": false, "position": {"x": -0.18310000002384186, "y": 0.8813999891281128, "z": -2.1875998973846436}, "receptacle": false, "receptacleObjectIds": null, "rotation": {"x": 45.000003814697266, "y": -0.0, "z": -0.0}, "salientMaterials": null, "sliceable": false, "temperature": "RoomTemp", "toggleable": true, "visible": false}, "StoveKnob|-00.33|+00.88|-02.19": {"assetId": "", "axisAlignedBoundingBox": {"center": {"x": -0.32899999618530273, "y": 0.8893190622329712, "z": -2.179680824279785}, "cornerPoints": [[-0.2914416491985321, 0.9303877353668213, -2.1386122703552246], [-0.2914416491985321, 0.9303877353668213, -2.2207493782043457], [-0.2914416491985321, 0.8482503890991211, -2.1386122703552246], [-0.2914416491985321, 0.8482503890991211, -2.2207493782043457], [-0.36655834317207336, 0.9303877353668213, -2.1386122703552246], [-0.36655834317207336, 0.9303877353668213, -2.2207493782043457], [-0.36655834317207336, 0.8482503890991211, -2.1386122703552246], [-0.36655834317207336, 0.8482503890991211, -2.2207493782043457]], "size": {"x": 0.07511669397354126, "y": 0.0821373462677002, "z": 0.0821371078491211}}, "breakable": false, "canBeUsedUp": false, "canFillWithLiquid": false, "controlledObjects": ["StoveBurner|-00.47|+00.92|-02.58"], "cookable": false, "dirtyable": false, "distance": 1.5030032396316528, "fillLiquid": null, "isBroken": false, "isColdSource": false, "isCooked": false, "isDirty": false, "isFilledWithLiquid": false, "isHeatSource": false, "isInteractable": false, "isMoving": false, "isOpen": false, "isPickedUp": false, "isSliced": false, "isToggled": false, "isUsedUp": false, "mass": 0.0, "moveable": false, "name": "StoveKnob_61f5d5b9", "objectId": "StoveKnob|-00.33|+00.88|-02.19", "objectOrientedBoundingBox": null, "objectType": "StoveKnob", "openable": false, "openness": 0.0, "parentReceptacles": null, "pickupable": false, "position": {"x": -0.32899999618530273, "y": 0.8813999891281128, "z": -2.1875998973846436}, "receptacle": false, "receptacleObjectIds": null, "rotation": {"x": 45.000003814697266, "y": -0.0, "z": -0.0}, "salientMaterials": null, "sliceable": false, "temperature": "RoomTemp", "toggleable": true, "visible": false}, "StoveKnob|-00.48|+00.88|-02.19": {"assetId": "", "axisAlignedBoundingBox": {"center": {"x": -0.48350000381469727, "y": 0.8893190622329712, "z": -2.179680824279785}, "cornerPoints": [[-0.445941686630249, 0.9303877353668213, -2.1386122703552246], [-0.445941686630249, 0.9303877353668213, -2.2207493782043457], [-0.445941686630249, 0.8482503890991211, -2.1386122703552246], [-0.445941686630249, 0.8482503890991211, -2.2207493782043457], [-0.5210583209991455, 0.9303877353668213, -2.1386122703552246], [-0.5210583209991455, 0.9303877353668213, -2.2207493782043457], [-0.5210583209991455, 0.8482503890991211, -2.1386122703552246], [-0.5210583209991455, 0.8482503890991211, -2.2207493782043457]], "size": {"x": 0.07511663436889648, "y": 0.0821373462677002, "z": 0.0821371078491211}}, "breakable": false, "canBeUsedUp": false, "canFillWithLiquid": false, "controlledObjects": ["StoveBurner|-00.47|+00.92|-02.37"], "cookable": false, "dirtyable": false, "distance": 1.4136123657226562, "fillLiquid": null, "isBroken": false, "isColdSource": false, "isCooked": false, "isDirty": false, "isFilledWithLiquid": false, "isHeatSource": false, "isInteractable": false, "isMoving": false, "isOpen": false, "isPickedUp": false, "isSliced": false, "isToggled": false, "isUsedUp": false, "mass": 0.0, "moveable": false, "name": "StoveKnob_e0c0e452", "objectId": "StoveKnob|-00.48|+00.88|-02.19", "objectOrientedBoundingBox": null, "objectType": "StoveKnob", "openable": false, "openness": 0.0, "parentReceptacles": null, "pickupable": false, "position": {"x": -0.48350000381469727, "y": 0.8813999891281128, "z": -2.1875998973846436}, "receptacle": false, "receptacleObjectIds": null, "rotation": {"x": 45.000003814697266, "y": -0.0, "z": -0.0}, "salientMaterials": null, "sliceable": false, "temperature": "RoomTemp", "toggleable": true, "visible": false}, "Toaster|-01.84|+00.90|+00.13": {"assetId": "Toaster_1", "axisAlignedBoundingBox": {"center": {"x": -1.8267384767532349, "y": 1.002171516418457, "z": 0.13400045037269592}, "cornerPoints": [[-1.6564297676086426, 1.1043145656585693, 0.23041966557502747], [-1.6564297676086426, 1.1043145656585693, 0.03758123517036438], [-1.6564297676086426, 0.9000284671783447, 0.23041966557502747], [-1.6564297676086426, 0.9000284671783447, 0.03758123517036438], [-1.9970471858978271, 1.1043145656585693, 0.23041966557502747], [-1.9970471858978271, 1.1043145656585693, 0.03758123517036438], [-1.9970471858978271, 0.9000284671783447, 0.23041966557502747], [-1.9970471858978271, 0.9000284671783447, 0.03758123517036438]], "size": {"x": 0.34061741828918457, "y": 0.2042860984802246, "z": 0.19283843040466309}}, "breakable": false, "canBeUsedUp": false, "canFillWithLiquid": false, "controlledObjects": [], "cookable": false, "dirtyable": false, "distance": 1.2760039567947388, "fillLiquid": null, "isBroken": false, "isColdSource": false, "isCooked": false, "isDirty": false, "isFilledWithLiquid": false, "isHeatSource": true, "isInteractable": false, "isMoving": false, "isOpen": false, "isPickedUp": false, "isSliced": false, "isToggled": false, "isUsedUp": false, "mass": 5.0, "moveable": true, "name": "Toaster_f30a9b32", "objectId": "Toaster|-01.84|+00.90|+00.13", "objectOrientedBoundingBox": {"cornerPoints": [[-1.6564300060272217, 0.9000284671783447, 0.037586361169815063], [-1.656432867050171, 0.9000284671783447, 0.2304193675518036], [-1.997046947479248, 0.9000285267829895, 0.2304142713546753], [-1.9970440864562988, 0.9000285267829895, 0.037581250071525574], [-1.6564300060272217, 1.1043143272399902, 0.03758634626865387], [-1.656432867050171, 1.1043143272399902, 0.2304193526506424], [-1.997046947479248, 1.1043143272399902, 0.2304142564535141], [-1.9970440864562988, 1.1043143272399902, 0.03758123517036438]]}, "objectType": "Toaster", "openable": false, "openness": 0.0, "parentReceptacles": ["CounterTop|-01.87|+00.95|-01.21"], "pickupable": false, "position": {"x": -1.8350030183792114, "y": 0.9000004529953003, "z": 0.1340002566576004}, "receptacle": true, "receptacleObjectIds": [], "rotation": {"x": 3.025152545887977e-05, "y": 89.99909210205078, "z": 5.046393198426813e-06}, "salientMaterials": ["Metal"], "sliceable": false, "temperature": "RoomTemp", "toggleable": true, "visible": false}, "Tomato|-00.39|+01.14|-00.81": {"assetId": "Tomato_1", "axisAlignedBoundingBox": {"center": {"x": -0.38419845700263977, "y": 1.1370134353637695, "z": -0.812004804611206}, "cornerPoints": [[-0.33017048239707947, 1.174027681350708, -0.7564703822135925], [-0.33017048239707947, 1.174027681350708, -0.8675392270088196], [-0.33017048239707947, 1.099999189376831, -0.7564703822135925], [-0.33017048239707947, 1.099999189376831, -0.8675392270088196], [-0.4382264316082001, 1.174027681350708, -0.7564703822135925], [-0.4382264316082001, 1.174027681350708, -0.8675392270088196], [-0.4382264316082001, 1.099999189376831, -0.7564703822135925], [-0.4382264316082001, 1.099999189376831, -0.8675392270088196]], "size": {"x": 0.1080559492111206, "y": 0.07402849197387695, "z": 0.11106884479522705}}, "breakable": false, "canBeUsedUp": false, "canFillWithLiquid": false, "controlledObjects": null, "cookable": false, "dirtyable": false, "distance": 0.9160850644111633, "fillLiquid": null, "isBroken": false, "isColdSource": false, "isCooked": false, "isDirty": false, "isFilledWithLiquid": false, "isHeatSource": false, "isInteractable": false, "isMoving": false, "isOpen": false, "isPickedUp": false, "isSliced": false, "isToggled": false, "isUsedUp": false, "mass": 0.11999998986721039, "moveable": false, "name": "Tomato_caaae6b0", "objectId": "Tomato|-00.39|+01.14|-00.81", "objectOrientedBoundingBox": {"cornerPoints": [[-0.33016860485076904, 1.1000090837478638, -0.7564669251441956], [-0.43822455406188965, 1.1000059843063354, -0.7564653158187866], [-0.4382261633872986, 1.0999932289123535, -0.8675340414047241], [-0.33017024397850037, 1.0999963283538818, -0.8675356507301331], [-0.33017072081565857, 1.1740334033966064, -0.7564753890037537], [-0.4382266700267792, 1.1740303039550781, -0.7564738392829895], [-0.4382283091545105, 1.1740176677703857, -0.867542564868927], [-0.3301723599433899, 1.174020767211914, -0.8675441741943359]]}, "objectType": "Tomato", "openable": false, "openness": 0.0, "parentReceptacles": ["CounterTop|-00.08|+01.15|00.00"], "pickupable": true, "position": {"x": -0.38504892587661743, "y": 1.137034296989441, "z": -0.8119610548019409}, "receptacle": false, "receptacleObjectIds": null, "rotation": {"x": 0.06124817952513695, "y": 0.003531279508024454, "z": 0.07695799320936203}, "salientMaterials": ["Food"], "sliceable": true, "temperature": "RoomTemp", "toggleable": false, "visible": false}, "Vase|+01.56|+00.56|-02.50": {"assetId": "Vase_Flat_2", "axisAlignedBoundingBox": {"center": {"x": 1.5619933605194092, "y": 0.5914455652236938, "z": -2.499748706817627}, "cornerPoints": [[1.6374897956848145, 0.6265314817428589, -2.42425274848938], [1.6374897956848145, 0.6265314817428589, -2.575244665145874], [1.6374897956848145, 0.5563596487045288, -2.42425274848938], [1.6374897956848145, 0.5563596487045288, -2.575244665145874], [1.486496925354004, 0.6265314817428589, -2.42425274848938], [1.486496925354004, 0.6265314817428589, -2.575244665145874], [1.486496925354004, 0.5563596487045288, -2.42425274848938], [1.486496925354004, 0.5563596487045288, -2.575244665145874]], "size": {"x": 0.15099287033081055, "y": 0.07017183303833008, "z": 0.15099191665649414}}, "breakable": true, "canBeUsedUp": false, "canFillWithLiquid": false, "controlledObjects": null, "cookable": false, "dirtyable": false, "distance": 3.205627918243408, "fillLiquid": null, "isBroken": false, "isColdSource": false, "isCooked": false, "isDirty": false, "isFilledWithLiquid": false, "isHeatSource": false, "isInteractable": false, "isMoving": false, "isOpen": false, "isPickedUp": false, "isSliced": false, "isToggled": false, "isUsedUp": false, "mass": 1.0, "moveable": false, "name": "Vase_b2bf6b9c", "objectId": "Vase|+01.56|+00.56|-02.50", "objectOrientedBoundingBox": {"cornerPoints": [[1.6374765634536743, 0.5563684701919556, -2.42423677444458], [1.4864835739135742, 0.5563626289367676, -2.4242658615112305], [1.486512541770935, 0.556355357170105, -2.5752577781677246], [1.6375055313110352, 0.556361198425293, -2.5752289295196533], [1.6374738216400146, 0.6265367269515991, -2.4242403507232666], [1.4864808320999146, 0.6265308856964111, -2.424269199371338], [1.4865097999572754, 0.6265236139297485, -2.575261116027832], [1.6375027894973755, 0.6265294551849365, -2.5752322673797607]]}, "objectType": "Vase", "openable": false, "openness": 0.0, "parentReceptacles": ["Shelf|+01.75|+00.55|-02.56"], "pickupable": true, "position": {"x": 1.5619909763336182, "y": 0.5563272833824158, "z": -2.499985456466675}, "receptacle": false, "receptacleObjectIds": null, "rotation": {"x": -0.0002859258675016463, "y": 359.9891662597656, "z": 0.0016559881623834372}, "salientMaterials": ["Ceramic"], "sliceable": false, "temperature": "RoomTemp", "toggleable": false, "visible": false}, "Vase|+01.99|+00.56|-02.49": {"assetId": "Vase_Open_3", "axisAlignedBoundingBox": {"center": {"x": 1.9880293607711792, "y": 0.678383469581604, "z": -2.4870145320892334}, "cornerPoints": [[2.082641363143921, 0.8004100322723389, -2.3924002647399902], [2.082641363143921, 0.8004100322723389, -2.5816287994384766], [2.082641363143921, 0.5563569068908691, -2.3924002647399902], [2.082641363143921, 0.5563569068908691, -2.5816287994384766], [1.8934173583984375, 0.8004100322723389, -2.3924002647399902], [1.8934173583984375, 0.8004100322723389, -2.5816287994384766], [1.8934173583984375, 0.5563569068908691, -2.3924002647399902], [1.8934173583984375, 0.5563569068908691, -2.5816287994384766]], "size": {"x": 0.1892240047454834, "y": 0.24405312538146973, "z": 0.18922853469848633}}, "breakable": true, "canBeUsedUp": false, "canFillWithLiquid": false, "controlledObjects": null, "cookable": false, "dirtyable": false, "distance": 3.5798659324645996, "fillLiquid": null, "isBroken": false, "isColdSource": false, "isCooked": false, "isDirty": false, "isFilledWithLiquid": false, "isHeatSource": false, "isInteractable": false, "isMoving": false, "isOpen": false, "isPickedUp": false, "isSliced": false, "isToggled": false, "isUsedUp": false, "mass": 1.0, "moveable": false, "name": "Vase_a3ef2efe", "objectId": "Vase|+01.99|+00.56|-02.49", "objectOrientedBoundingBox": {"cornerPoints": [[2.0826492309570312, 0.556363046169281, -2.3924169540405273], [1.893436074256897, 0.5563638210296631, -2.3923897743225098], [1.8934087753295898, 0.5563568472862244, -2.5816030502319336], [2.0826220512390137, 0.5563560724258423, -2.581630229949951], [2.0826501846313477, 0.8004096746444702, -2.392426013946533], [1.8934370279312134, 0.8004104495048523, -2.3923988342285156], [1.8934098482131958, 0.8004034757614136, -2.5816121101379395], [2.08262300491333, 0.8004026412963867, -2.581639289855957]]}, "objectType": "Vase", "openable": false, "openness": 0.0, "parentReceptacles": ["Shelf|+01.75|+00.55|-02.56"], "pickupable": true, "position": {"x": 1.9880305528640747, "y": 0.5554115772247314, "z": -2.486999273300171}, "receptacle": false, "receptacleObjectIds": null, "rotation": {"x": 0.02352231740951538, "y": 0.013845170848071575, "z": 0.010175887495279312}, "salientMaterials": ["Glass"], "sliceable": false, "temperature": "RoomTemp", "toggleable": false, "visible": false}, "Window|-02.23|+01.43|-01.20": {"assetId": "", "axisAlignedBoundingBox": {"center": {"x": -2.2960829734802246, "y": 1.5200703144073486, "z": -1.2015669345855713}, "cornerPoints": [[-2.190800189971924, 2.138195514678955, -0.30237460136413574], [-2.190800189971924, 2.138195514678955, -2.100759267807007], [-2.190800189971924, 0.9019451141357422, -0.30237460136413574], [-2.190800189971924, 0.9019451141357422, -2.100759267807007], [-2.4013657569885254, 2.138195514678955, -0.30237460136413574], [-2.4013657569885254, 2.138195514678955, -2.100759267807007], [-2.4013657569885254, 0.9019451141357422, -0.30237460136413574], [-2.4013657569885254, 0.9019451141357422, -2.100759267807007]], "size": {"x": 0.21056556701660156, "y": 1.236250400543213, "z": 1.798384666442871}}, "breakable": true, "canBeUsedUp": false, "canFillWithLiquid": false, "controlledObjects": null, "cookable": false, "dirtyable": false, "distance": 1.13219153881073, "fillLiquid": null, "isBroken": false, "isColdSource": false, "isCooked": false, "isDirty": false, "isFilledWithLiquid": false, "isHeatSource": false, "isInteractable": true, "isMoving": false, "isOpen": false, "isPickedUp": false, "isSliced": false, "isToggled": false, "isUsedUp": false, "mass": 0.0, "moveable": false, "name": "Window_98e9c41a", "objectId": "Window|-02.23|+01.43|-01.20", "objectOrientedBoundingBox": null, "objectType": "Window", "openable": false, "openness": 0.0, "parentReceptacles": null, "pickupable": false, "position": {"x": -2.2300000190734863, "y": 1.4299999475479126, "z": -1.2039999961853027}, "receptacle": false, "receptacleObjectIds": null, "rotation": {"x": -0.0, "y": 0.0, "z": 0.0}, "salientMaterials": null, "sliceable": false, "temperature": "RoomTemp", "toggleable": false, "visible": true}, "WineBottle|-01.00|+01.65|-02.58": {"assetId": "Wine_Bottle_1", "axisAlignedBoundingBox": {"center": {"x": -1.0010087490081787, "y": 1.8079055547714233, "z": -2.583836078643799}, "cornerPoints": [[-0.9569147825241089, 1.9708046913146973, -2.5397419929504395], [-0.9569147825241089, 1.9708046913146973, -2.627930164337158], [-0.9569147825241089, 1.6450064182281494, -2.5397419929504395], [-0.9569147825241089, 1.6450064182281494, -2.627930164337158], [-1.0451027154922485, 1.9708046913146973, -2.5397419929504395], [-1.0451027154922485, 1.9708046913146973, -2.627930164337158], [-1.0451027154922485, 1.6450064182281494, -2.5397419929504395], [-1.0451027154922485, 1.6450064182281494, -2.627930164337158]], "size": {"x": 0.08818793296813965, "y": 0.32579827308654785, "z": 0.08818817138671875}}, "breakable": true, "canBeUsedUp": false, "canFillWithLiquid": true, "controlledObjects": null, "cookable": false, "dirtyable": false, "distance": 1.7675089836120605, "fillLiquid": null, "isBroken": false, "isColdSource": false, "isCooked": false, "isDirty": false, "isFilledWithLiquid": true, "isHeatSource": false, "isInteractable": false, "isMoving": false, "isOpen": false, "isPickedUp": false, "isSliced": false, "isToggled": false, "isUsedUp": false, "mass": 1.2000000476837158, "moveable": false, "name": "WineBottle_39d61bf0", "objectId": "WineBottle|-01.00|+01.65|-02.58", "objectOrientedBoundingBox": {"cornerPoints": [[-0.9569137692451477, 1.645005702972412, -2.539743661880493], [-1.045101284980774, 1.645005702972412, -2.5397415161132812], [-1.0451034307479858, 1.6450059413909912, -2.6279289722442627], [-0.9569159746170044, 1.6450059413909912, -2.6279311180114746], [-0.9569135904312134, 1.9708054065704346, -2.539742946624756], [-1.0451010465621948, 1.9708054065704346, -2.539740562438965], [-1.0451033115386963, 1.9708056449890137, -2.6279280185699463], [-0.9569157958030701, 1.9708056449890137, -2.627930164337158]]}, "objectType": "WineBottle", "openable": false, "openness": 0.0, "parentReceptacles": ["Cabinet|-00.73|+02.02|-02.46"], "pickupable": true, "position": {"x": -1.001008152961731, "y": 1.645018458366394, "z": -2.5838327407836914}, "receptacle": false, "receptacleObjectIds": null, "rotation": {"x": 0.012173563241958618, "y": -0.0004944466054439545, "z": 359.9856262207031}, "salientMaterials": ["Glass"], "sliceable": false, "temperature": "RoomTemp", "toggleable": false, "visible": false}}, "robot_positions": {"robot1": {"x": 2.0, "y": 0.900999128818512, "z": -2.0}, "robot2": {"x": -1.2500001192092896, "y": 0.900999128818512, "z": -1.0}}, "robot_rotations": {"robot1": 90.00000762939453, "robot2": 276.5669860839844}, "version": 2684}, "snapshot_is_current": true, "stage_id": "Phase 1", "stage_index": 0, "status": "partial", "waits": [], "waves": [{"action_keys": ["0:robot2:0"], "navigation_agent_ids": [1], "robots": ["robot2"], "wave_id": 1}, {"action_keys": ["0:robot2:1"], "navigation_agent_ids": [], "robots": ["robot2"], "wave_id": 2}, {"action_keys": ["0:robot2:2"], "navigation_agent_ids": [1], "robots": ["robot2"], "wave_id": 3}, {"action_keys": ["0:robot2:3"], "navigation_agent_ids": [], "robots": ["robot2"], "wave_id": 4}, {"action_keys": ["0:robot2:4"], "navigation_agent_ids": [1], "robots": ["robot2"], "wave_id": 5}, {"action_keys": ["0:robot2:5"], "navigation_agent_ids": [], "robots": ["robot2"], "wave_id": 6}, {"action_keys": ["0:robot2:7"], "navigation_agent_ids": [1], "robots": ["robot2"], "wave_id": 7}, {"action_keys": ["0:robot2:8"], "navigation_agent_ids": [], "robots": ["robot2"], "wave_id": 8}, {"action_keys": ["0:robot2:9"], "navigation_agent_ids": [1], "robots": ["robot2"], "wave_id": 9}, {"action_keys": ["0:robot2:10"], "navigation_agent_ids": [], "robots": ["robot2"], "wave_id": 10}, {"action_keys": ["0:robot2:11"], "navigation_agent_ids": [1], "robots": ["robot2"], "wave_id": 11}, {"action_keys": ["0:robot2:12"], "navigation_agent_ids": [], "robots": ["robot2"], "wave_id": 12}, {"action_keys": ["0:robot2:13"], "navigation_agent_ids": [1], "robots": ["robot2"], "wave_id": 13}, {"action_keys": ["0:robot2:14"], "navigation_agent_ids": [], "robots": ["robot2"], "wave_id": 14}], "world_version": 2684}], "status": "success", "subgoal_results": [{"candidates": [{"object_id": "Cup|+00.37|+01.64|-02.58", "source": "metadata", "status": "unsatisfied"}], "contains": [], "matched_object_ids": [], "name": "Cup", "original_goal_index": 0, "reason": "no matching instance satisfies the condition", "states": ["BROKEN"], "status": "unsatisfied", "subgoal_index": 0}, {"candidates": [{"object_id": "Cabinet|+00.68|+00.50|-02.20", "source": "metadata", "status": "unsatisfied"}, {"object_id": "Cabinet|-01.18|+00.50|-02.20", "source": "metadata", "status": "unsatisfied"}, {"object_id": "Cabinet|-01.55|+00.50|+00.38", "source": "metadata", "status": "unsatisfied"}, {"object_id": "Cabinet|+00.72|+02.02|-02.46", "source": "metadata", "status": "unsatisfied"}, {"object_id": "Cabinet|-01.85|+02.02|+00.38", "source": "metadata", "status": "unsatisfied"}, {"object_id": "Cabinet|+00.68|+02.02|-02.46", "source": "metadata", "status": "satisfied"}, {"object_id": "Cabinet|-01.55|+00.50|-01.97", "source": "metadata", "status": "unsatisfied"}, {"object_id": "Cabinet|-01.69|+02.02|-02.46", "source": "metadata", "status": "unsatisfied"}, {"object_id": "Cabinet|-00.73|+02.02|-02.46", "source": "metadata", "status": "unsatisfied"}], "contains": ["Cup"], "matched_object_ids": ["Cabinet|+00.68|+02.02|-02.46"], "name": "Cabinet", "original_goal_index": 1, "reason": null, "states": [], "status": "satisfied", "subgoal_index": 1}, {"candidates": [{"object_id": "Egg|-02.04|+00.81|+01.24", "source": "metadata", "status": "unsatisfied"}], "contains": [], "matched_object_ids": [], "name": "Egg", "original_goal_index": 2, "reason": "no matching instance satisfies the condition", "states": ["BROKEN"], "status": "unsatisfied", "subgoal_index": 2}, {"candidates": [{"object_id": "Lettuce|-01.81|+00.97|-00.94", "source": "history", "status": "satisfied"}, {"object_id": "Lettuce|-01.81|+00.97|-00.94|LettuceSliced_0", "source": "metadata", "status": "satisfied"}, {"object_id": "Lettuce|-01.81|+00.97|-00.94|LettuceSliced_1", "source": "metadata", "status": "satisfied"}, {"object_id": "Lettuce|-01.81|+00.97|-00.94|LettuceSliced_2", "source": "metadata", "status": "satisfied"}, {"object_id": "Lettuce|-01.81|+00.97|-00.94|LettuceSliced_3", "source": "metadata", "status": "satisfied"}, {"object_id": "Lettuce|-01.81|+00.97|-00.94|LettuceSliced_4", "source": "metadata", "status": "satisfied"}, {"object_id": "Lettuce|-01.81|+00.97|-00.94|LettuceSliced_5", "source": "metadata", "status": "satisfied"}, {"object_id": "Lettuce|-01.81|+00.97|-00.94|LettuceSliced_6", "source": "metadata", "status": "satisfied"}, {"object_id": "Lettuce|-01.81|+00.97|-00.94|LettuceSliced_7", "source": "metadata", "status": "satisfied"}], "contains": [], "matched_object_ids": ["Lettuce|-01.81|+00.97|-00.94", "Lettuce|-01.81|+00.97|-00.94|LettuceSliced_0", "Lettuce|-01.81|+00.97|-00.94|LettuceSliced_1", "Lettuce|-01.81|+00.97|-00.94|LettuceSliced_2", "Lettuce|-01.81|+00.97|-00.94|LettuceSliced_3", "Lettuce|-01.81|+00.97|-00.94|LettuceSliced_4", "Lettuce|-01.81|+00.97|-00.94|LettuceSliced_5", "Lettuce|-01.81|+00.97|-00.94|LettuceSliced_6", "Lettuce|-01.81|+00.97|-00.94|LettuceSliced_7"], "name": "Lettuce", "original_goal_index": 3, "reason": null, "states": ["SLICED"], "status": "satisfied", "subgoal_index": 3}], "task_id": "FloorPlan1_task_0", "task_key": "3d9ce6d62c88221c1247db48aa150d6f841e647761f3e301b19635c2cccc5b97", "task_success": false, "tc": 0.0, "timed_out": false, "timeout_message": "", "worker_errors": []}
