Preparing output directories.
Creating AI2-THOR controller.
agent index: 0
agentId: 0
position: {'x': -1.0, 'y': 0.9009992480278015, 'z': 2.0}
agent index: 1
agentId: 1
position: {'x': 0.0, 'y': 0.9009992480278015, 'z': 2.0}
agent index: 2
agentId: 2
position: {'x': -0.5, 'y': 0.9009992480278015, 'z': 2.5}
agent index: 3
agentId: 3
position: {'x': -1.0, 'y': 0.9009992480278015, 'z': 3.0}
Initializing AI2-THOR scene.
FloorPlan2 initialized with 4 physical agent(s) for 4 logical robot(s).
Skipping top-view camera because renderImage=0.
Loading reachable positions.
Placing agent 0.
Placing agent 1.
Placing agent 2.
Placing agent 3.
Setting initial look angle for agent 0.
Setting initial look angle for agent 1.
Setting initial look angle for agent 2.
Setting initial look angle for agent 3.
Phase 1 started with 3 robot queue(s).
Reached: CounterTop_1
Reached: StoveKnob_1
Operated object name: CounterTop_87ea3962
Operated object name: StoveKnob_9b4908fb
Reached: CounterTop_1
Tick 0: robot1 completed GoToObject.
Operated object name: CounterTop_87ea3962
Tick 1: robot3 completed GoToObject.
Tick 2: robot2 completed GoToObject.
PickupObject name: Knife_32559729
PickupObject Knife -> Knife_32559729 Knife|+00.60|+00.91|-01.44
Operated object name: StoveKnob_9b4908fb
Tick 3: robot3 completed SwitchOn.
PickupObject name: Kettle_fbe2db4a
PickupObject Kettle -> Kettle_fbe2db4a Kettle|+01.68|+00.90|+00.09
Operated object name: Knife_32559729
Operated object name: Kettle_fbe2db4a
Tick 4: robot1 completed PickupObject.
Tick 5: robot2 completed PickupObject.
Reached: CounterTop_2
Operated object name: CounterTop_8c9efcb4
Tick 6: robot1 completed GoToObject.
SliceObject Bread -> Bread_d5a1c3f9 Bread|+00.26|+00.99|-00.08
Operated object name: BreadSliced_d5a1c3f9
Operated object name: BreadSliced_2_Slice_2
Operated object name: BreadSliced_2_Slice_3
Operated object name: BreadSliced_2_Slice_4
Operated object name: BreadSliced_2_Slice_5
Operated object name: BreadSliced_2_Slice_6
Operated object name: BreadSliced_2_Slice_7
Operated object name: BreadSliced_2_Slice_8
Operated object name: BreadSliced_2_Slice_9
Operated object name: Bread_d5a1c3f9
Tick 7: robot1 completed SliceObject.
Reached: StoveBurner_1
Operated object name: StoveBurner_ab166a5a
Tick 8: robot2 completed GoToObject.
PutObject names: Kettle_fbe2db4a, StoveBurner_ab166a5a
PutObject StoveBurner|+01.77|+00.90|+00.60 -> StoveBurner_ab166a5a StoveBurner|+01.77|+00.90|+00.60
Operated object name: StoveBurner_ab166a5a
Reached: CounterTop|-00.02|+00.96|+00.51
Operated object name: CounterTop_8c9efcb4
PutObject names: Knife_32559729, CounterTop_8c9efcb4
Operated object name: CounterTop_8c9efcb4
Placed held object Knife|+00.60|+00.91|-01.44 into CounterTop|-00.02|+00.96|+00.51.
GoToObject visibility look adjustment failed for agent 0: can't look down beyond 60 degrees below the forward horizon
Tick 9: robot2 failed HeatByStoveBurner: HeatByStoveBurner timed out waiting for Kettle|+01.68|+00.90|+00.09 to become Hot.
GoToObject visibility look adjustment failed for agent 0: can't look down beyond 60 degrees below the forward horizon
GoToObject visibility look adjustment failed for agent 0: can't look down beyond 60 degrees below the forward horizon
GoToObject visibility look adjustment failed for agent 0: can't look down beyond 60 degrees below the forward horizon
GoToObject visibility look adjustment failed for agent 0: can't look down beyond 60 degrees below the forward horizon
GoToObject visibility look adjustment failed for agent 0: can't look down beyond 60 degrees below the forward horizon
GoToObject visibility look adjustment failed for agent 0: can't look down beyond 60 degrees below the forward horizon
GoToObject visibility look adjustment failed for agent 0: can't look down beyond 60 degrees below the forward horizon
GoToObject visibility look adjustment failed for agent 0: can't look down beyond 60 degrees below the forward horizon
GoToObject visibility look adjustment failed for agent 0: can't look down beyond 60 degrees below the forward horizon
GoToObject visibility look adjustment failed for agent 0: can't look down beyond 60 degrees below the forward horizon
GoToObject visibility look adjustment failed for agent 0: can't look down beyond 60 degrees below the forward horizon
GoToObject visibility look adjustment failed for agent 0: can't look down beyond 60 degrees below the forward horizon
GoToObject visibility look adjustment failed for agent 0: can't look down beyond 60 degrees below the forward horizon
GoToObject visibility look adjustment failed for agent 0: can't look down beyond 60 degrees below the forward horizon
GoToObject visibility look adjustment failed for agent 0: can't look down beyond 60 degrees below the forward horizon
GoToObject visibility look adjustment failed for agent 0: can't look down beyond 60 degrees below the forward horizon
GoToObject visibility look adjustment failed for agent 0: can't look down beyond 60 degrees below the forward horizon
Could not return directly to pickup target Bread|+00.26|+00.99|-00.08: step navigation planning failed after full refresh with status NO_PLAN_FOUND; parking recovery found no safe joint plan; returning to prior position.
PickupObject name: Bread_d5a1c3f9
PickupObject Bread -> BreadSliced_d5a1c3f9 Bread|+00.26|+00.99|-00.08
Tick 10: robot2 failed GoToObject: step navigation planning failed after full refresh with status NO_PLAN_FOUND; parking recovery found no safe joint plan
PickupObject target still outside visibility for agent 0 after camera offset -10; trying another angle.
PickupObject name: Pan_72f9bafb
PickupObject Pan -> Pan_72f9bafb Pan|-01.29|+00.90|-01.35
PickupObject target still outside visibility for agent 0 after camera offset -20; trying another angle.
PickupObject target still outside visibility for agent 0 after camera offset -30; trying another angle.
PickupObject target still outside visibility for agent 0 after camera offset 10; trying another angle.
PickupObject target still outside visibility for agent 0 after camera offset 20; trying another angle.
PickupObject visibility look adjustment failed for agent 0: can't look down beyond 60 degrees below the forward horizon
PickupObject interaction reposition starting for agent 0 on Bread|+00.26|+00.99|-00.08 from {'x': 0.7499988079071045, 'y': 0.9009992480278015, 'z': 0.0}
GoToObject visibility look adjustment failed for agent 0: can't look down beyond 60 degrees below the forward horizon
GoToObject visibility look adjustment failed for agent 0: can't look down beyond 60 degrees below the forward horizon
GoToObject visibility look adjustment failed for agent 0: can't look down beyond 60 degrees below the forward horizon
GoToObject visibility look adjustment failed for agent 0: can't look down beyond 60 degrees below the forward horizon
GoToObject visibility look adjustment failed for agent 0: can't look down beyond 60 degrees below the forward horizon
GoToObject visibility look adjustment failed for agent 0: can't look down beyond 60 degrees below the forward horizon
GoToObject visibility look adjustment failed for agent 0: can't look down beyond 60 degrees below the forward horizon
GoToObject visibility look adjustment failed for agent 0: can't look down beyond 60 degrees below the forward horizon
GoToObject visibility look adjustment failed for agent 0: can't look down beyond 60 degrees below the forward horizon
GoToObject visibility look adjustment failed for agent 0: can't look down beyond 60 degrees below the forward horizon
GoToObject visibility look adjustment failed for agent 0: can't look down beyond 60 degrees below the forward horizon
GoToObject visibility look adjustment failed for agent 0: can't look down beyond 60 degrees below the forward horizon
GoToObject visibility look adjustment failed for agent 0: can't look down beyond 60 degrees below the forward horizon
GoToObject visibility look adjustment failed for agent 0: can't look down beyond 60 degrees below the forward horizon
GoToObject visibility look adjustment failed for agent 0: can't look down beyond 60 degrees below the forward horizon
GoToObject visibility look adjustment failed for agent 0: can't look down beyond 60 degrees below the forward horizon
GoToObject visibility look adjustment failed for agent 0: can't look down beyond 60 degrees below the forward horizon
PickupObject interaction reposition failed for agent 0 on Bread|+00.26|+00.99|-00.08: step navigation planning failed after full refresh with status NO_PLAN_FOUND; parking recovery found no safe joint plan
Tick 11: robot1 failed PickupObject: PickupObject failed for agent 0 on Bread|+00.26|+00.99|-00.08: NullReferenceException: Target object not found within the specified visibility.. trace:   at UnityStandardAssets.Characters.FirstPerson.BaseFPSAgentController.getInteractableSimObjectFromId (System.String objectId, System.Boolean forceAction) [0x0007a] in <686694aeb00e4f03b2b15637c42c1442>:0 
  at UnityStandardAssets.Characters.FirstPerson.PhysicsRemoteFPSAgentController.PickupObject (System.String objectId, System.Boolean forceAction, System.Boolean manualInteract) [0x00000] in <686694aeb00e4f03b2b15637c42c1442>:0 
  at (wrapper managed-to-native) System.Reflection.MonoMethod.InternalInvoke(System.Reflection.MonoMethod,object,object[],System.Exception&)
  at System.Reflection.MonoMethod.Invoke (System.Object obj, System.Reflection.BindingFlags invokeAttr, System.Reflection.Binder binder, System.Object[] parameters, System.Globalization.CultureInfo culture) [0x00032] in <695d1cc93cca45069c528c15c9fdd749>:0 ; PickupObject interaction reposition failed for agent 0 on Bread|+00.26|+00.99|-00.08: step navigation planning failed after full refresh with status NO_PLAN_FOUND; parking recovery found no safe joint plan
PickupObject target still outside visibility for agent 1 after camera offset -10; trying another angle.
PickupObject target still outside visibility for agent 1 after camera offset -20; trying another angle.
PickupObject target still outside visibility for agent 1 after camera offset -30; trying another angle.
PickupObject target still outside visibility for agent 1 after camera offset 10; trying another angle.
PickupObject target still outside visibility for agent 1 after camera offset 20; trying another angle.
PickupObject visibility look adjustment failed for agent 1: can't look down beyond 60 degrees below the forward horizon
PickupObject interaction reposition starting for agent 1 on Pan|-01.29|+00.90|-01.35 from {'x': 1.2500003576278687, 'y': 0.9009992480278015, 'z': 8.940696716308594e-08}
Reached: Pan|-01.29|+00.90|-01.35
Operated object name: Pan_72f9bafb
PickupObject interaction reposition reached for agent 1 on Pan|-01.29|+00.90|-01.35 at {'x': -0.25000065565109253, 'y': 0.9009992480278015, 'z': -0.7499996423721313}
PickupObject interaction reposition final action for agent 1 on Pan|-01.29|+00.90|-01.35: succeeded
Operated object name: Pan_72f9bafb
Tick 12: robot2 completed PickupObject.
Tick 13: robot1 failed GoToObject: step navigation planning failed after full refresh with status NO_PLAN_FOUND; parking recovery found no safe joint plan
Tick 14: robot1 failed RunToaster: Cannot PutObject 'Bread' for agent 0: robot is not holding it. Currently holding: nothing.
Reached: StoveBurner_1
Operated object name: StoveBurner_ab166a5a
Tick 15: robot2 completed GoToObject.
PutObject names: Pan_72f9bafb, StoveBurner_ab166a5a
PutObject StoveBurner|+01.77|+00.90|+00.60 -> StoveBurner_ab166a5a StoveBurner|+01.77|+00.90|+00.60
PutObject failed for agent 1; currently holding: Pan|-01.29|+00.90|-01.35.
Tick 16: robot2 failed HeatByStoveBurner: PutObject failed for agent 1 on StoveBurner|+01.77|+00.90|+00.60: StoveBurner_ab166a5a is full right now
{"action_counts": {"attempts": 17, "cancelled": 0, "failed": 6, "planned": 17, "skipped": 0, "started": 17, "succeeded": 11, "unexecuted": 0}, "action_sr": 0.6470588235294118, "actions": [{"action_key": "0:robot1:0", "action_type": "GoToObject", "attempts": 1, "cursor": 0, "effects": [], "error": "", "failure_decision": "", "preconditions": [], "reason": "action_completed", "requested_failure_policy": "FAIL_STAGE", "robot_id": "robot1", "stage_id": "Phase 1", "status": "succeeded", "world_version": 280}, {"action_key": "0:robot1:1", "action_type": "PickupObject", "attempts": 1, "cursor": 1, "effects": [], "error": "", "failure_decision": "", "preconditions": [], "reason": "action_completed", "requested_failure_policy": "FAIL_STAGE", "robot_id": "robot1", "stage_id": "Phase 1", "status": "succeeded", "world_version": 283}, {"action_key": "0:robot1:2", "action_type": "GoToObject", "attempts": 1, "cursor": 2, "effects": [], "error": "", "failure_decision": "", "preconditions": [], "reason": "action_completed", "requested_failure_policy": "FAIL_STAGE", "robot_id": "robot1", "stage_id": "Phase 1", "status": "succeeded", "world_version": 313}, {"action_key": "0:robot1:3", "action_type": "SliceObject", "attempts": 1, "cursor": 3, "effects": [], "error": "", "failure_decision": "", "preconditions": [], "reason": "action_completed", "requested_failure_policy": "FAIL_STAGE", "robot_id": "robot1", "stage_id": "Phase 1", "status": "succeeded", "world_version": 318}, {"action_key": "0:robot1:4", "action_type": "PickupObject", "attempts": 1, "cursor": 4, "effects": [], "error": "PickupObject failed for agent 0 on Bread|+00.26|+00.99|-00.08: NullReferenceException: Target object not found within the specified visibility.. trace:   at UnityStandardAssets.Characters.FirstPerson.BaseFPSAgentController.getInteractableSimObjectFromId (System.String objectId, System.Boolean forceAction) [0x0007a] in <686694aeb00e4f03b2b15637c42c1442>:0 \n  at UnityStandardAssets.Characters.FirstPerson.PhysicsRemoteFPSAgentController.PickupObject (System.String objectId, System.Boolean forceAction, System.Boolean manualInteract) [0x00000] in <686694aeb00e4f03b2b15637c42c1442>:0 \n  at (wrapper managed-to-native) System.Reflection.MonoMethod.InternalInvoke(System.Reflection.MonoMethod,object,object[],System.Exception&)\n  at System.Reflection.MonoMethod.Invoke (System.Object obj, System.Reflection.BindingFlags invokeAttr, System.Reflection.Binder binder, System.Object[] parameters, System.Globalization.CultureInfo culture) [0x00032] in <695d1cc93cca45069c528c15c9fdd749>:0 ; PickupObject interaction reposition failed for agent 0 on Bread|+00.26|+00.99|-00.08: step navigation planning failed after full refresh with status NO_PLAN_FOUND; parking recovery found no safe joint plan", "failure_decision": "skip", "preconditions": [], "reason": "action_failed", "requested_failure_policy": "FAIL_STAGE", "robot_id": "robot1", "stage_id": "Phase 1", "status": "failed", "world_version": 1017}, {"action_key": "0:robot1:5", "action_type": "GoToObject", "attempts": 1, "cursor": 5, "effects": [], "error": "step navigation planning failed after full refresh with status NO_PLAN_FOUND; parking recovery found no safe joint plan", "failure_decision": "skip", "preconditions": [], "reason": "action_failed", "requested_failure_policy": "FAIL_STAGE", "robot_id": "robot1", "stage_id": "Phase 1", "status": "failed", "world_version": 1686}, {"action_key": "0:robot1:6", "action_type": "RunToaster", "attempts": 1, "cursor": 6, "effects": [], "error": "Cannot PutObject 'Bread' for agent 0: robot is not holding it. Currently holding: nothing.", "failure_decision": "skip", "preconditions": [], "reason": "action_failed", "requested_failure_policy": "FAIL_STAGE", "robot_id": "robot1", "stage_id": "Phase 1", "status": "failed", "world_version": 1702}, {"action_key": "0:robot2:0", "action_type": "GoToObject", "attempts": 1, "cursor": 0, "effects": [], "error": "", "failure_decision": "", "preconditions": [], "reason": "action_completed", "requested_failure_policy": "FAIL_STAGE", "robot_id": "robot2", "stage_id": "Phase 1", "status": "succeeded", "world_version": 280}, {"action_key": "0:robot2:1", "action_type": "PickupObject", "attempts": 1, "cursor": 1, "effects": [], "error": "", "failure_decision": "", "preconditions": [], "reason": "action_completed", "requested_failure_policy": "FAIL_STAGE", "robot_id": "robot2", "stage_id": "Phase 1", "status": "succeeded", "world_version": 283}, {"action_key": "0:robot2:2", "action_type": "GoToObject", "attempts": 1, "cursor": 2, "effects": [], "error": "", "failure_decision": "", "preconditions": [], "reason": "action_completed", "requested_failure_policy": "FAIL_STAGE", "robot_id": "robot2", "stage_id": "Phase 1", "status": "succeeded", "world_version": 343}, {"action_key": "0:robot2:3", "action_type": "HeatByStoveBurner", "attempts": 1, "cursor": 3, "effects": [], "error": "HeatByStoveBurner timed out waiting for Kettle|+01.68|+00.90|+00.09 to become Hot.", "failure_decision": "skip", "preconditions": [], "reason": "action_failed", "requested_failure_policy": "FAIL_STAGE", "robot_id": "robot2", "stage_id": "Phase 1", "status": "failed", "world_version": 344}, {"action_key": "0:robot2:4", "action_type": "GoToObject", "attempts": 1, "cursor": 4, "effects": [], "error": "step navigation planning failed after full refresh with status NO_PLAN_FOUND; parking recovery found no safe joint plan", "failure_decision": "skip", "preconditions": [], "reason": "action_failed", "requested_failure_policy": "FAIL_STAGE", "robot_id": "robot2", "stage_id": "Phase 1", "status": "failed", "world_version": 417}, {"action_key": "0:robot2:5", "action_type": "PickupObject", "attempts": 1, "cursor": 5, "effects": [], "error": "", "failure_decision": "", "preconditions": [], "reason": "action_completed", "requested_failure_policy": "FAIL_STAGE", "robot_id": "robot2", "stage_id": "Phase 1", "status": "succeeded", "world_version": 1684}, {"action_key": "0:robot2:6", "action_type": "GoToObject", "attempts": 1, "cursor": 6, "effects": [], "error": "", "failure_decision": "", "preconditions": [], "reason": "action_completed", "requested_failure_policy": "FAIL_STAGE", "robot_id": "robot2", "stage_id": "Phase 1", "status": "succeeded", "world_version": 1760}, {"action_key": "0:robot2:7", "action_type": "HeatByStoveBurner", "attempts": 1, "cursor": 7, "effects": [], "error": "PutObject failed for agent 1 on StoveBurner|+01.77|+00.90|+00.60: StoveBurner_ab166a5a is full right now", "failure_decision": "skip", "preconditions": [], "reason": "action_failed", "requested_failure_policy": "FAIL_STAGE", "robot_id": "robot2", "stage_id": "Phase 1", "status": "failed", "world_version": 1760}, {"action_key": "0:robot3:0", "action_type": "GoToObject", "attempts": 1, "cursor": 0, "effects": [], "error": "", "failure_decision": "", "preconditions": [], "reason": "action_completed", "requested_failure_policy": "FAIL_STAGE", "robot_id": "robot3", "stage_id": "Phase 1", "status": "succeeded", "world_version": 280}, {"action_key": "0:robot3:1", "action_type": "SwitchOn", "attempts": 1, "cursor": 1, "effects": [], "error": "", "failure_decision": "", "preconditions": [], "reason": "action_completed", "requested_failure_policy": "FAIL_STAGE", "robot_id": "robot3", "stage_id": "Phase 1", "status": "succeeded", "world_version": 281}], "atomic_goal_count": 7, "attempt": 1, "cleanup_errors": [], "errors": [{"exception_type": "RuntimeError", "message": "HeatByStoveBurner timed out waiting for Kettle|+01.68|+00.90|+00.09 to become Hot.", "phase": "Phase 1", "robot_id": "robot2", "traceback": "Traceback (most recent call last):\n  File \"/home/dwb/thor/Coder/reports/pickup_recovery_20260908/updated_code/executor_system/executor.py\", line 651, in _execute_queue\n    event = executor.execute_action(pending.action, action_wave=action_wave)\n  File \"/home/dwb/thor/Coder/reports/pickup_recovery_20260908/updated_code/executor_system/executor.py\", line 702, in execute_action\n    return self.adapter.execute(\n  File \"/home/dwb/thor/Coder/reports/pickup_recovery_20260908/updated_code/executor_system/action_plan.py\", line 525, in execute\n    return registry.execute(self.runtime, robot_id, prepared, {\n  File \"/home/dwb/thor/Coder/reports/pickup_recovery_20260908/updated_code/executor_system/action_registry.py\", line 278, in execute\n    return ObjectInteractor(runtime).execute(robot_id, prepared, context, registry=self)\n  File \"/home/dwb/thor/Coder/reports/pickup_recovery_20260908/updated_code/executor_system/object_interactor.py\", line 48, in execute\n    return executor(self.runtime, robot_id, normalized, action_context)\n  File \"/home/dwb/thor/Coder/reports/pickup_recovery_20260908/updated_code/executor_system/action_registry.py\", line 77, in _helper\n    return function(ObjectInteractor(runtime))(robot_id, *normalized.parameters['args'])\n  File \"/home/dwb/thor/Coder/reports/pickup_recovery_20260908/updated_code/executor_system/object_interactor.py\", line 1782, in HeatByStoveBurner\n    self._wait_for_object_hot(robot, obj, \"HeatByStoveBurner\")\n  File \"/home/dwb/thor/Coder/reports/pickup_recovery_20260908/updated_code/executor_system/object_interactor.py\", line 1609, in _wait_for_object_hot\n    raise RuntimeError(f\"{action_name} timed out waiting for {target_id} to become Hot.\")\nRuntimeError: HeatByStoveBurner timed out waiting for Kettle|+01.68|+00.90|+00.09 to become Hot.\n"}, {"exception_type": "StepNavigationError", "message": "step navigation planning failed after full refresh with status NO_PLAN_FOUND; parking recovery found no safe joint plan", "phase": "Phase 1", "robot_id": "robot2", "traceback": "Traceback (most recent call last):\n  File \"/home/dwb/thor/Coder/reports/pickup_recovery_20260908/updated_code/executor_system/executor.py\", line 651, in _execute_queue\n    event = executor.execute_action(pending.action, action_wave=action_wave)\n  File \"/home/dwb/thor/Coder/reports/pickup_recovery_20260908/updated_code/executor_system/executor.py\", line 702, in execute_action\n    return self.adapter.execute(\n  File \"/home/dwb/thor/Coder/reports/pickup_recovery_20260908/updated_code/executor_system/action_plan.py\", line 525, in execute\n    return registry.execute(self.runtime, robot_id, prepared, {\n  File \"/home/dwb/thor/Coder/reports/pickup_recovery_20260908/updated_code/executor_system/action_registry.py\", line 278, in execute\n    return ObjectInteractor(runtime).execute(robot_id, prepared, context, registry=self)\n  File \"/home/dwb/thor/Coder/reports/pickup_recovery_20260908/updated_code/executor_system/object_interactor.py\", line 48, in execute\n    return executor(self.runtime, robot_id, normalized, action_context)\n  File \"/home/dwb/thor/Coder/reports/pickup_recovery_20260908/updated_code/executor_system/action_registry.py\", line 87, in _navigate\n    return runtime.navigate_to_object(robot_id, normalized.parameters['args'][0],\n  File \"/home/dwb/thor/Coder/reports/pickup_recovery_20260908/updated_code/executor_system/runtime.py\", line 2419, in navigate_to_object\n    result = self.movement_strategy.navigate(request)\n  File \"/home/dwb/thor/Coder/reports/pickup_recovery_20260908/updated_code/executor_system/step_movement.py\", line 31, in navigate\n    return self._navigate(request)\n  File \"/home/dwb/thor/Coder/reports/pickup_recovery_20260908/updated_code/executor_system/step_movement.py\", line 35, in _navigate\n    return request.phase_coordinator.submit_step_navigation(\n  File \"/home/dwb/thor/Coder/reports/pickup_recovery_20260908/updated_code/executor_system/executor.py\", line 389, in submit_step_navigation\n    raise request_error\nexecutor_system.movement.StepNavigationError: step navigation planning failed after full refresh with status NO_PLAN_FOUND; parking recovery found no safe joint plan\n"}, {"exception_type": "_InteractionRepositionError", "message": "PickupObject failed for agent 0 on Bread|+00.26|+00.99|-00.08: NullReferenceException: Target object not found within the specified visibility.. trace:   at UnityStandardAssets.Characters.FirstPerson.BaseFPSAgentController.getInteractableSimObjectFromId (System.String objectId, System.Boolean forceAction) [0x0007a] in <686694aeb00e4f03b2b15637c42c1442>:0 \n  at UnityStandardAssets.Characters.FirstPerson.PhysicsRemoteFPSAgentController.PickupObject (System.String objectId, System.Boolean forceAction, System.Boolean manualInteract) [0x00000] in <686694aeb00e4f03b2b15637c42c1442>:0 \n  at (wrapper managed-to-native) System.Reflection.MonoMethod.InternalInvoke(System.Reflection.MonoMethod,object,object[],System.Exception&)\n  at System.Reflection.MonoMethod.Invoke (System.Object obj, System.Reflection.BindingFlags invokeAttr, System.Reflection.Binder binder, System.Object[] parameters, System.Globalization.CultureInfo culture) [0x00032] in <695d1cc93cca45069c528c15c9fdd749>:0 ; PickupObject interaction reposition failed for agent 0 on Bread|+00.26|+00.99|-00.08: step navigation planning failed after full refresh with status NO_PLAN_FOUND; parking recovery found no safe joint plan", "phase": "Phase 1", "robot_id": "robot1", "traceback": "Traceback (most recent call last):\n  File \"/home/dwb/thor/Coder/reports/pickup_recovery_20260908/updated_code/executor_system/object_interactor.py\", line 956, in retry_object_action_after_interaction_reposition\n    runtime.navigate_to_object(\n  File \"/home/dwb/thor/Coder/reports/pickup_recovery_20260908/updated_code/executor_system/runtime.py\", line 2419, in navigate_to_object\n    result = self.movement_strategy.navigate(request)\n  File \"/home/dwb/thor/Coder/reports/pickup_recovery_20260908/updated_code/executor_system/step_movement.py\", line 31, in navigate\n    return self._navigate(request)\n  File \"/home/dwb/thor/Coder/reports/pickup_recovery_20260908/updated_code/executor_system/step_movement.py\", line 45, in _navigate\n    raise outcome.failed_agent_errors[request.agent_id]\nexecutor_system.movement.StepNavigationError: step navigation planning failed after full refresh with status NO_PLAN_FOUND; parking recovery found no safe joint plan\n\nDuring handling of the above exception, another exception occurred:\n\nTraceback (most recent call last):\n  File \"/home/dwb/thor/Coder/reports/pickup_recovery_20260908/updated_code/executor_system/executor.py\", line 651, in _execute_queue\n    event = executor.execute_action(pending.action, action_wave=action_wave)\n  File \"/home/dwb/thor/Coder/reports/pickup_recovery_20260908/updated_code/executor_system/executor.py\", line 702, in execute_action\n    return self.adapter.execute(\n  File \"/home/dwb/thor/Coder/reports/pickup_recovery_20260908/updated_code/executor_system/action_plan.py\", line 525, in execute\n    return registry.execute(self.runtime, robot_id, prepared, {\n  File \"/home/dwb/thor/Coder/reports/pickup_recovery_20260908/updated_code/executor_system/action_registry.py\", line 278, in execute\n    return ObjectInteractor(runtime).execute(robot_id, prepared, context, registry=self)\n  File \"/home/dwb/thor/Coder/reports/pickup_recovery_20260908/updated_code/executor_system/object_interactor.py\", line 48, in execute\n    return executor(self.runtime, robot_id, normalized, action_context)\n  File \"/home/dwb/thor/Coder/reports/pickup_recovery_20260908/updated_code/executor_system/action_registry.py\", line 81, in _object\n    return runtime.object_action(action_type, robot_id, normalized.parameters['args'][0])\n  File \"/home/dwb/thor/Coder/reports/pickup_recovery_20260908/updated_code/executor_system/runtime.py\", line 2468, in object_action\n    return self._get_object_interactor().object_action(action, robot, obj_name, force_action=force_action, extra_object_resources=extra_object_resources, action_parameters=action_parameters)\n  File \"/home/dwb/thor/Coder/reports/pickup_recovery_20260908/updated_code/executor_system/object_interactor.py\", line 579, in object_action\n    return runtime.object_action_by_object(\n  File \"/home/dwb/thor/Coder/reports/pickup_recovery_20260908/updated_code/executor_system/runtime.py\", line 2542, in object_action_by_object\n    return self._get_object_interactor().object_action_by_object(action, agent_id, obj, force_action=force_action, extra_object_resources=extra_object_resources, action_parameters=action_parameters, goal_object_name=goal_object_name)\n  File \"/home/dwb/thor/Coder/reports/pickup_recovery_20260908/updated_code/executor_system/object_interactor.py\", line 1150, in object_action_by_object\n    event = runtime.retry_object_action_after_target_visibility_error(\n  File \"/home/dwb/thor/Coder/reports/pickup_recovery_20260908/updated_code/executor_system/runtime.py\", line 171, in guarded\n    return method(self, *args, **kwargs)\n  File \"/home/dwb/thor/Coder/reports/pickup_recovery_20260908/updated_code/executor_system/runtime.py\", line 2513, in retry_object_action_after_target_visibility_error\n    return self._get_object_interactor().retry_object_action_after_target_visibility_error(action, agent_id, payload, initial_event)\n  File \"/home/dwb/thor/Coder/reports/pickup_recovery_20260908/updated_code/executor_system/runtime_metrics.py\", line 94, in wrapped\n    return function(self, *args, **kwargs)\n  File \"/home/dwb/thor/Coder/reports/pickup_recovery_20260908/updated_code/executor_system/object_interactor.py\", line 874, in retry_object_action_after_target_visibility_error\n    return self.retry_object_action_after_interaction_reposition(\n  File \"/home/dwb/thor/Coder/reports/pickup_recovery_20260908/updated_code/executor_system/runtime_metrics.py\", line 94, in wrapped\n    return function(self, *args, **kwargs)\n  File \"/home/dwb/thor/Coder/reports/pickup_recovery_20260908/updated_code/executor_system/object_interactor.py\", line 967, in retry_object_action_after_interaction_reposition\n    return failed(exc)\n  File \"/home/dwb/thor/Coder/reports/pickup_recovery_20260908/updated_code/executor_system/object_interactor.py\", line 940, in failed\n    raise _InteractionRepositionError(\nexecutor_system.object_interactor._InteractionRepositionError: PickupObject failed for agent 0 on Bread|+00.26|+00.99|-00.08: NullReferenceException: Target object not found within the specified visibility.. trace:   at UnityStandardAssets.Characters.FirstPerson.BaseFPSAgentController.getInteractableSimObjectFromId (System.String objectId, System.Boolean forceAction) [0x0007a] in <686694aeb00e4f03b2b15637c42c1442>:0 \n  at UnityStandardAssets.Characters.FirstPerson.PhysicsRemoteFPSAgentController.PickupObject (System.String objectId, System.Boolean forceAction, System.Boolean manualInteract) [0x00000] in <686694aeb00e4f03b2b15637c42c1442>:0 \n  at (wrapper managed-to-native) System.Reflection.MonoMethod.InternalInvoke(System.Reflection.MonoMethod,object,object[],System.Exception&)\n  at System.Reflection.MonoMethod.Invoke (System.Object obj, System.Reflection.BindingFlags invokeAttr, System.Reflection.Binder binder, System.Object[] parameters, System.Globalization.CultureInfo culture) [0x00032] in <695d1cc93cca45069c528c15c9fdd749>:0 ; PickupObject interaction reposition failed for agent 0 on Bread|+00.26|+00.99|-00.08: step navigation planning failed after full refresh with status NO_PLAN_FOUND; parking recovery found no safe joint plan\n"}, {"exception_type": "StepNavigationError", "message": "step navigation planning failed after full refresh with status NO_PLAN_FOUND; parking recovery found no safe joint plan", "phase": "Phase 1", "robot_id": "robot1", "traceback": "Traceback (most recent call last):\n  File \"/home/dwb/thor/Coder/reports/pickup_recovery_20260908/updated_code/executor_system/executor.py\", line 651, in _execute_queue\n    event = executor.execute_action(pending.action, action_wave=action_wave)\n  File \"/home/dwb/thor/Coder/reports/pickup_recovery_20260908/updated_code/executor_system/executor.py\", line 702, in execute_action\n    return self.adapter.execute(\n  File \"/home/dwb/thor/Coder/reports/pickup_recovery_20260908/updated_code/executor_system/action_plan.py\", line 525, in execute\n    return registry.execute(self.runtime, robot_id, prepared, {\n  File \"/home/dwb/thor/Coder/reports/pickup_recovery_20260908/updated_code/executor_system/action_registry.py\", line 278, in execute\n    return ObjectInteractor(runtime).execute(robot_id, prepared, context, registry=self)\n  File \"/home/dwb/thor/Coder/reports/pickup_recovery_20260908/updated_code/executor_system/object_interactor.py\", line 48, in execute\n    return executor(self.runtime, robot_id, normalized, action_context)\n  File \"/home/dwb/thor/Coder/reports/pickup_recovery_20260908/updated_code/executor_system/action_registry.py\", line 87, in _navigate\n    return runtime.navigate_to_object(robot_id, normalized.parameters['args'][0],\n  File \"/home/dwb/thor/Coder/reports/pickup_recovery_20260908/updated_code/executor_system/runtime.py\", line 2419, in navigate_to_object\n    result = self.movement_strategy.navigate(request)\n  File \"/home/dwb/thor/Coder/reports/pickup_recovery_20260908/updated_code/executor_system/step_movement.py\", line 31, in navigate\n    return self._navigate(request)\n  File \"/home/dwb/thor/Coder/reports/pickup_recovery_20260908/updated_code/executor_system/step_movement.py\", line 35, in _navigate\n    return request.phase_coordinator.submit_step_navigation(\n  File \"/home/dwb/thor/Coder/reports/pickup_recovery_20260908/updated_code/executor_system/executor.py\", line 389, in submit_step_navigation\n    raise request_error\nexecutor_system.movement.StepNavigationError: step navigation planning failed after full refresh with status NO_PLAN_FOUND; parking recovery found no safe joint plan\n"}, {"exception_type": "RuntimeError", "message": "Cannot PutObject 'Bread' for agent 0: robot is not holding it. Currently holding: nothing.", "phase": "Phase 1", "robot_id": "robot1", "traceback": "Traceback (most recent call last):\n  File \"/home/dwb/thor/Coder/reports/pickup_recovery_20260908/updated_code/executor_system/executor.py\", line 651, in _execute_queue\n    event = executor.execute_action(pending.action, action_wave=action_wave)\n  File \"/home/dwb/thor/Coder/reports/pickup_recovery_20260908/updated_code/executor_system/executor.py\", line 702, in execute_action\n    return self.adapter.execute(\n  File \"/home/dwb/thor/Coder/reports/pickup_recovery_20260908/updated_code/executor_system/action_plan.py\", line 525, in execute\n    return registry.execute(self.runtime, robot_id, prepared, {\n  File \"/home/dwb/thor/Coder/reports/pickup_recovery_20260908/updated_code/executor_system/action_registry.py\", line 278, in execute\n    return ObjectInteractor(runtime).execute(robot_id, prepared, context, registry=self)\n  File \"/home/dwb/thor/Coder/reports/pickup_recovery_20260908/updated_code/executor_system/object_interactor.py\", line 48, in execute\n    return executor(self.runtime, robot_id, normalized, action_context)\n  File \"/home/dwb/thor/Coder/reports/pickup_recovery_20260908/updated_code/executor_system/action_registry.py\", line 77, in _helper\n    return function(ObjectInteractor(runtime))(robot_id, *normalized.parameters['args'])\n  File \"/home/dwb/thor/Coder/reports/pickup_recovery_20260908/updated_code/executor_system/object_interactor.py\", line 1744, in RunToaster\n    self.PutObject(robot, bread, toaster)\n  File \"/home/dwb/thor/Coder/reports/pickup_recovery_20260908/updated_code/executor_system/object_interactor.py\", line 1322, in PutObject\n    raise RuntimeError(\nRuntimeError: Cannot PutObject 'Bread' for agent 0: robot is not holding it. Currently holding: nothing.\n"}, {"exception_type": "RuntimeError", "message": "PutObject failed for agent 1 on StoveBurner|+01.77|+00.90|+00.60: StoveBurner_ab166a5a is full right now", "phase": "Phase 1", "robot_id": "robot2", "traceback": "Traceback (most recent call last):\n  File \"/home/dwb/thor/Coder/reports/pickup_recovery_20260908/updated_code/executor_system/executor.py\", line 651, in _execute_queue\n    event = executor.execute_action(pending.action, action_wave=action_wave)\n  File \"/home/dwb/thor/Coder/reports/pickup_recovery_20260908/updated_code/executor_system/executor.py\", line 702, in execute_action\n    return self.adapter.execute(\n  File \"/home/dwb/thor/Coder/reports/pickup_recovery_20260908/updated_code/executor_system/action_plan.py\", line 525, in execute\n    return registry.execute(self.runtime, robot_id, prepared, {\n  File \"/home/dwb/thor/Coder/reports/pickup_recovery_20260908/updated_code/executor_system/action_registry.py\", line 278, in execute\n    return ObjectInteractor(runtime).execute(robot_id, prepared, context, registry=self)\n  File \"/home/dwb/thor/Coder/reports/pickup_recovery_20260908/updated_code/executor_system/object_interactor.py\", line 48, in execute\n    return executor(self.runtime, robot_id, normalized, action_context)\n  File \"/home/dwb/thor/Coder/reports/pickup_recovery_20260908/updated_code/executor_system/action_registry.py\", line 77, in _helper\n    return function(ObjectInteractor(runtime))(robot_id, *normalized.parameters['args'])\n  File \"/home/dwb/thor/Coder/reports/pickup_recovery_20260908/updated_code/executor_system/object_interactor.py\", line 1781, in HeatByStoveBurner\n    self._ensure_object_on_receptacle(robot, obj, str(burner[\"objectId\"]))\n  File \"/home/dwb/thor/Coder/reports/pickup_recovery_20260908/updated_code/executor_system/object_interactor.py\", line 1569, in _ensure_object_on_receptacle\n    self.PutObject(robot, obj_name, receptacle_id)\n  File \"/home/dwb/thor/Coder/reports/pickup_recovery_20260908/updated_code/executor_system/object_interactor.py\", line 1327, in PutObject\n    runtime.object_action(\n  File \"/home/dwb/thor/Coder/reports/pickup_recovery_20260908/updated_code/executor_system/runtime.py\", line 2468, in object_action\n    return self._get_object_interactor().object_action(action, robot, obj_name, force_action=force_action, extra_object_resources=extra_object_resources, action_parameters=action_parameters)\n  File \"/home/dwb/thor/Coder/reports/pickup_recovery_20260908/updated_code/executor_system/object_interactor.py\", line 579, in object_action\n    return runtime.object_action_by_object(\n  File \"/home/dwb/thor/Coder/reports/pickup_recovery_20260908/updated_code/executor_system/runtime.py\", line 2542, in object_action_by_object\n    return self._get_object_interactor().object_action_by_object(action, agent_id, obj, force_action=force_action, extra_object_resources=extra_object_resources, action_parameters=action_parameters, goal_object_name=goal_object_name)\n  File \"/home/dwb/thor/Coder/reports/pickup_recovery_20260908/updated_code/executor_system/object_interactor.py\", line 1180, in object_action_by_object\n    raise RuntimeError(\nRuntimeError: PutObject failed for agent 1 on StoveBurner|+01.77|+00.90|+00.60: StoveBurner_ab166a5a is full right now\n"}], "evaluation_status": "valid", "evaluation_version": "atomic_goals_v3", "exec_rate": 0.7777777777777778, "executed_actions": 17, "execution_policy": "legacy", "execution_quiescent": true, "execution_status": "partial", "failed_actions": 6, "failure_action_ratio": 0.35294117647058826, "final_snapshot": {"held_object_sources": {"robot1": {}, "robot2": {"Pan|-01.29|+00.90|-01.35": {"source": "inventory", "version": 1761}}, "robot3": {}, "robot4": {}}, "held_objects": {"robot1": [], "robot2": ["Pan|-01.29|+00.90|-01.35"], "robot3": [], "robot4": []}, "objects_by_id": {"Apple|-01.65|+00.81|+00.07": {"assetId": "Apple_2", "axisAlignedBoundingBox": {"center": {"x": -1.6514379978179932, "y": 0.8086351752281189, "z": 0.0725005567073822}, "cornerPoints": [[-1.5979623794555664, 0.8644901514053345, 0.1259745955467224], [-1.5979623794555664, 0.8644901514053345, 0.019026517868041992], [-1.5979623794555664, 0.7527801990509033, 0.1259745955467224], [-1.5979623794555664, 0.7527801990509033, 0.019026517868041992], [-1.70491361618042, 0.8644901514053345, 0.1259745955467224], [-1.70491361618042, 0.8644901514053345, 0.019026517868041992], [-1.70491361618042, 0.7527801990509033, 0.1259745955467224], [-1.70491361618042, 0.7527801990509033, 0.019026517868041992]], "size": {"x": 0.10695123672485352, "y": 0.11170995235443115, "z": 0.10694807767868042}}, "breakable": false, "canBeUsedUp": false, "canFillWithLiquid": false, "controlledObjects": null, "cookable": false, "dirtyable": false, "distance": 2.903132915496826, "fillLiquid": null, "isBroken": false, "isColdSource": false, "isCooked": false, "isDirty": false, "isFilledWithLiquid": false, "isHeatSource": false, "isInteractable": false, "isMoving": false, "isOpen": false, "isPickedUp": false, "isSliced": false, "isToggled": false, "isUsedUp": false, "mass": 0.20000000298023224, "moveable": false, "name": "Apple_2d23335f", "objectId": "Apple|-01.65|+00.81|+00.07", "objectOrientedBoundingBox": {"cornerPoints": [[-1.5979260206222534, 0.7528161406517029, 0.12597419321537018], [-1.704874038696289, 0.7527434825897217, 0.12597419321537018], [-1.704874038696289, 0.752744197845459, 0.019026152789592743], [-1.5979260206222534, 0.7528168559074402, 0.019026152789592743], [-1.5980019569396973, 0.8645261526107788, 0.12597495317459106], [-1.704949975013733, 0.8644534349441528, 0.12597495317459106], [-1.704949975013733, 0.8644542098045349, 0.019026920199394226], [-1.5980019569396973, 0.8645268678665161, 0.019026920199394226]]}, "objectType": "Apple", "openable": false, "openness": 0.0, "parentReceptacles": ["Fridge|-01.76|+00.00|00.00"], "pickupable": true, "position": {"x": -1.650652527809143, "y": 0.805435836315155, "z": 0.07250083982944489}, "receptacle": false, "receptacleObjectIds": null, "rotation": {"x": 0.0007107572164386511, "y": 3.006524309512315e-07, "z": 0.05708881467580795}, "salientMaterials": ["Food"], "sliceable": true, "temperature": "Cold", "toggleable": false, "visible": false}, "Bowl|+00.28|+00.92|+01.09": {"assetId": "Bowl_2", "axisAlignedBoundingBox": {"center": {"x": 0.27544617652893066, "y": 0.9866768717765808, "z": 1.091047763824463}, "cornerPoints": [[0.3696317672729492, 1.0583457946777344, 1.1860325336456299], [0.3696317672729492, 1.0583457946777344, 0.9960629940032959], [0.3696317672729492, 0.9150079488754272, 1.1860325336456299], [0.3696317672729492, 0.9150079488754272, 0.9960629940032959], [0.1812605857849121, 1.0583457946777344, 1.1860325336456299], [0.1812605857849121, 1.0583457946777344, 0.9960629940032959], [0.1812605857849121, 0.9150079488754272, 1.1860325336456299], [0.1812605857849121, 0.9150079488754272, 0.9960629940032959]], "size": {"x": 0.1883711814880371, "y": 0.14333784580230713, "z": 0.18996953964233398}}, "breakable": true, "canBeUsedUp": false, "canFillWithLiquid": true, "controlledObjects": null, "cookable": false, "dirtyable": true, "distance": 1.4623881578445435, "fillLiquid": null, "isBroken": false, "isColdSource": false, "isCooked": false, "isDirty": false, "isFilledWithLiquid": false, "isHeatSource": false, "isInteractable": false, "isMoving": false, "isOpen": false, "isPickedUp": false, "isSliced": false, "isToggled": false, "isUsedUp": false, "mass": 0.4699999988079071, "moveable": false, "name": "Bowl_7d4ccff3", "objectId": "Bowl|+00.28|+00.92|+01.09", "objectOrientedBoundingBox": {"cornerPoints": [[0.3696296513080597, 0.9150081872940063, 1.1860328912734985], [0.18126001954078674, 0.9150094389915466, 1.1860320568084717], [0.1812608242034912, 0.9150090217590332, 0.9960636496543884], [0.36963045597076416, 0.9150078296661377, 0.9960644841194153], [0.3696305751800537, 1.0583443641662598, 1.1860326528549194], [0.18126095831394196, 1.0583455562591553, 1.1860318183898926], [0.18126177787780762, 1.058345079421997, 0.9960633516311646], [0.36963140964508057, 1.0583438873291016, 0.9960641860961914]]}, "objectType": "Bowl", "openable": false, "openness": 0.0, "parentReceptacles": ["CounterTop|-00.02|+00.96|+00.51"], "pickupable": true, "position": {"x": 0.2765314280986786, "y": 0.9161399602890015, "z": 1.091195821762085}, "receptacle": true, "receptacleObjectIds": [], "rotation": {"x": -0.0004651841300074011, "y": -0.0002986430190503597, "z": -0.0005186839844100177}, "salientMaterials": ["Glass"], "sliceable": false, "temperature": "RoomTemp", "toggleable": false, "visible": false}, "Bread|+00.26|+00.99|-00.08": {"assetId": "Bread_2", "axisAlignedBoundingBox": {"center": {"x": 0.0, "y": 0.0, "z": 0.0}, "cornerPoints": null, "size": {"x": 0.0, "y": 0.0, "z": 0.0}}, "breakable": false, "canBeUsedUp": false, "canFillWithLiquid": false, "controlledObjects": null, "cookable": false, "dirtyable": false, "distance": 1.0005099773406982, "fillLiquid": null, "isBroken": false, "isColdSource": false, "isCooked": false, "isDirty": false, "isFilledWithLiquid": false, "isHeatSource": false, "isInteractable": false, "isMoving": false, "isOpen": false, "isPickedUp": false, "isSliced": true, "isToggled": false, "isUsedUp": false, "mass": 0.699999988079071, "moveable": false, "name": "Bread_d5a1c3f9", "objectId": "Bread|+00.26|+00.99|-00.08", "objectOrientedBoundingBox": {"cornerPoints": [[0.2505062222480774, 0.9277744293212891, 0.05329267680644989], [0.1508455127477646, 0.9277744293212891, -0.002206578850746155], [0.2660558521747589, 0.9277744293212891, -0.2090912014245987], [0.3657165467739105, 0.9277744293212891, -0.15359194576740265], [0.250506192445755, 1.0185744762420654, 0.05329267680644989], [0.1508454978466034, 1.0185744762420654, -0.0022065863013267517], [0.2660558223724365, 1.0185744762420654, -0.2090912014245987], [0.36571651697158813, 1.0185744762420654, -0.15359196066856384]]}, "objectType": "Bread", "openable": false, "openness": 0.0, "parentReceptacles": null, "pickupable": true, "position": {"x": 0.25613731145858765, "y": 0.9874744415283203, "z": -0.07600238919258118}, "receptacle": false, "receptacleObjectIds": null, "rotation": {"x": 1.628937866371416e-06, "y": 330.8873596191406, "z": 1.3500380191544537e-05}, "salientMaterials": ["Food"], "sliceable": true, "temperature": "RoomTemp", "toggleable": false, "visible": false}, "Bread|+00.26|+00.99|-00.08|BreadSliced_1": {"assetId": "", "axisAlignedBoundingBox": {"center": {"x": 0.26295551657676697, "y": 0.9748872518539429, "z": -0.08900782465934753}, "cornerPoints": [[0.3276708424091339, 1.0347893238067627, -0.047156453132629395], [0.3276708424091339, 1.0347893238067627, -0.13085919618606567], [0.3276708424091339, 0.914985179901123, -0.047156453132629395], [0.3276708424091339, 0.914985179901123, -0.13085919618606567], [0.19824019074440002, 1.0347893238067627, -0.047156453132629395], [0.19824019074440002, 1.0347893238067627, -0.13085919618606567], [0.19824019074440002, 0.914985179901123, -0.047156453132629395], [0.19824019074440002, 0.914985179901123, -0.13085919618606567]], "size": {"x": 0.1294306516647339, "y": 0.11980414390563965, "z": 0.08370274305343628}}, "breakable": false, "canBeUsedUp": false, "canFillWithLiquid": false, "controlledObjects": null, "cookable": true, "dirtyable": false, "distance": 0.9937933683395386, "fillLiquid": null, "isBroken": false, "isColdSource": false, "isCooked": false, "isDirty": false, "isFilledWithLiquid": false, "isHeatSource": false, "isInteractable": false, "isMoving": false, "isOpen": false, "isPickedUp": false, "isSliced": false, "isToggled": false, "isUsedUp": false, "mass": 0.043800000101327896, "moveable": false, "name": "Bread_2_Slice_2", "objectId": "Bread|+00.26|+00.99|-00.08|BreadSliced_1", "objectOrientedBoundingBox": {"cornerPoints": [[0.3183177411556244, 0.9149996042251587, -0.04723309725522995], [0.19829726219177246, 0.914985179901123, -0.11406151950359344], [0.2076503336429596, 0.9150003790855408, -0.13085918128490448], [0.3276708126068115, 0.9150147438049316, -0.06403075158596039], [0.31826069951057434, 1.0347740650177002, -0.04715647175908089], [0.1982402205467224, 1.034759759902954, -0.11398489773273468], [0.20759329199790955, 1.034774899482727, -0.13078255951404572], [0.3276137709617615, 1.0347893238067627, -0.06395412981510162]]}, "objectType": "BreadSliced", "openable": false, "openness": 0.0, "parentReceptacles": ["CounterTop|-00.02|+00.96|+00.51"], "pickupable": true, "position": {"x": 0.26296481490135193, "y": 0.9748873710632324, "z": -0.08902058005332947}, "receptacle": false, "receptacleObjectIds": null, "rotation": {"x": 0.03210809454321861, "y": 330.8896484375, "z": 0.004311234690248966}, "salientMaterials": ["Food"], "sliceable": false, "temperature": "RoomTemp", "toggleable": false, "visible": false}, "Bread|+00.26|+00.99|-00.08|BreadSliced_2": {"assetId": "", "axisAlignedBoundingBox": {"center": {"x": 0.2735420763492584, "y": 0.9743704795837402, "z": -0.10736870765686035}, "cornerPoints": [[0.3381134867668152, 1.033756136894226, -0.06577607989311218], [0.3381134867668152, 1.033756136894226, -0.14896133542060852], [0.3381134867668152, 0.9149848222732544, -0.06577607989311218], [0.3381134867668152, 0.9149848222732544, -0.14896133542060852], [0.20897066593170166, 1.033756136894226, -0.06577607989311218], [0.20897066593170166, 1.033756136894226, -0.14896133542060852], [0.20897066593170166, 0.9149848222732544, -0.06577607989311218], [0.20897066593170166, 0.9149848222732544, -0.14896133542060852]], "size": {"x": 0.12914282083511353, "y": 0.11877131462097168, "z": 0.08318525552749634}}, "breakable": false, "canBeUsedUp": false, "canFillWithLiquid": false, "controlledObjects": null, "cookable": true, "dirtyable": false, "distance": 0.9850720167160034, "fillLiquid": null, "isBroken": false, "isColdSource": false, "isCooked": false, "isDirty": false, "isFilledWithLiquid": false, "isHeatSource": false, "isInteractable": false, "isMoving": false, "isOpen": false, "isPickedUp": false, "isSliced": false, "isToggled": false, "isUsedUp": false, "mass": 0.043800000101327896, "moveable": false, "name": "Bread_2_Slice_3", "objectId": "Bread|+00.26|+00.99|-00.08|BreadSliced_2", "objectOrientedBoundingBox": {"cornerPoints": [[0.32904955744743347, 0.9149991869926453, -0.06585486233234406], [0.20902882516384125, 0.9149847626686096, -0.13268283009529114], [0.21809273958206177, 0.9149999618530273, -0.14896133542060852], [0.3381134867668152, 0.9150144457817078, -0.08213336765766144], [0.3289914131164551, 1.0337408781051636, -0.06577608734369278], [0.20897066593170166, 1.033726453781128, -0.13260404765605927], [0.21803459525108337, 1.0337415933609009, -0.14888255298137665], [0.3380553126335144, 1.0337560176849365, -0.08205459266901016]]}, "objectType": "BreadSliced", "openable": false, "openness": 0.0, "parentReceptacles": ["CounterTop|-00.02|+00.96|+00.51"], "pickupable": true, "position": {"x": 0.2735525667667389, "y": 0.974370539188385, "z": -0.10738320648670197}, "receptacle": false, "receptacleObjectIds": null, "rotation": {"x": 0.031907424330711365, "y": 330.88970947265625, "z": 0.004155282862484455}, "salientMaterials": ["Food"], "sliceable": false, "temperature": "RoomTemp", "toggleable": false, "visible": false}, "Bread|+00.26|+00.99|-00.08|BreadSliced_3": {"assetId": "", "axisAlignedBoundingBox": {"center": {"x": 0.28388676047325134, "y": 0.9744709730148315, "z": -0.12584643065929413}, "cornerPoints": [[0.34860193729400635, 1.0339570045471191, -0.08399544656276703], [0.34860193729400635, 1.0339570045471191, -0.16769741475582123], [0.34860193729400635, 0.914984941482544, -0.08399544656276703], [0.34860193729400635, 0.914984941482544, -0.16769741475582123], [0.21917158365249634, 1.0339570045471191, -0.08399544656276703], [0.21917158365249634, 1.0339570045471191, -0.16769741475582123], [0.21917158365249634, 0.914984941482544, -0.08399544656276703], [0.21917158365249634, 0.914984941482544, -0.16769741475582123]], "size": {"x": 0.12943035364151, "y": 0.1189720630645752, "z": 0.0837019681930542}}, "breakable": false, "canBeUsedUp": false, "canFillWithLiquid": false, "controlledObjects": null, "cookable": true, "dirtyable": false, "distance": 0.9770355224609375, "fillLiquid": null, "isBroken": false, "isColdSource": false, "isCooked": false, "isDirty": false, "isFilledWithLiquid": false, "isHeatSource": false, "isInteractable": false, "isMoving": false, "isOpen": false, "isPickedUp": false, "isSliced": false, "isToggled": false, "isUsedUp": false, "mass": 0.043800000101327896, "moveable": false, "name": "Bread_2_Slice_4", "objectId": "Bread|+00.26|+00.99|-00.08|BreadSliced_3", "objectOrientedBoundingBox": {"cornerPoints": [[0.3392488956451416, 0.91499924659729, -0.08407159149646759], [0.21922825276851654, 0.9149848818778992, -0.150899738073349], [0.2285812795162201, 0.9150000810623169, -0.16769739985466003], [0.34860193729400635, 0.9150144457817078, -0.10086928308010101], [0.3391922414302826, 1.0339417457580566, -0.08399545401334763], [0.21917159855365753, 1.033927321434021, -0.15082359313964844], [0.22852462530136108, 1.0339425802230835, -0.16762126982212067], [0.34854525327682495, 1.0339568853378296, -0.10079313814640045]]}, "objectType": "BreadSliced", "openable": false, "openness": 0.0, "parentReceptacles": ["CounterTop|-00.02|+00.96|+00.51"], "pickupable": true, "position": {"x": 0.28389599919319153, "y": 0.9744710922241211, "z": -0.1258590966463089}, "receptacle": false, "receptacleObjectIds": null, "rotation": {"x": 0.032179951667785645, "y": 330.8897399902344, "z": 0.004297800827771425}, "salientMaterials": ["Food"], "sliceable": false, "temperature": "RoomTemp", "toggleable": false, "visible": false}, "Bread|+00.26|+00.99|-00.08|BreadSliced_4": {"assetId": "", "axisAlignedBoundingBox": {"center": {"x": 0.2943052053451538, "y": 0.9746626019477844, "z": -0.14428167045116425}, "cornerPoints": [[0.3590202331542969, 1.0343396663665771, -0.10243105888366699], [0.3590202331542969, 1.0343396663665771, -0.1861322820186615], [0.3590202331542969, 0.9149855375289917, -0.10243105888366699], [0.3590202331542969, 0.9149855375289917, -0.1861322820186615], [0.22959017753601074, 1.0343396663665771, -0.10243105888366699], [0.22959017753601074, 1.0343396663665771, -0.1861322820186615], [0.22959017753601074, 0.9149855375289917, -0.10243105888366699], [0.22959017753601074, 0.9149855375289917, -0.1861322820186615]], "size": {"x": 0.12943005561828613, "y": 0.11935412883758545, "z": 0.0837012231349945}}, "breakable": false, "canBeUsedUp": false, "canFillWithLiquid": false, "controlledObjects": null, "cookable": true, "dirtyable": false, "distance": 0.9693222641944885, "fillLiquid": null, "isBroken": false, "isColdSource": false, "isCooked": false, "isDirty": false, "isFilledWithLiquid": false, "isHeatSource": false, "isInteractable": false, "isMoving": false, "isOpen": false, "isPickedUp": false, "isSliced": false, "isToggled": false, "isUsedUp": false, "mass": 0.043800000101327896, "moveable": false, "name": "Bread_2_Slice_5", "objectId": "Bread|+00.26|+00.99|-00.08|BreadSliced_4", "objectOrientedBoundingBox": {"cornerPoints": [[0.34966719150543213, 0.9149998426437378, -0.102506622672081], [0.2296464443206787, 0.9149855375289917, -0.16933459043502808], [0.23899947106838226, 0.9150006175041199, -0.1861322820186615], [0.3590202033519745, 0.9150148630142212, -0.11930430680513382], [0.34961092472076416, 1.0343246459960938, -0.10243107378482819], [0.22959020733833313, 1.0343103408813477, -0.16925904154777527], [0.23894323408603668, 1.034325361251831, -0.1860567331314087], [0.3589639663696289, 1.0343396663665771, -0.11922876536846161]]}, "objectType": "BreadSliced", "openable": false, "openness": 0.0, "parentReceptacles": ["CounterTop|-00.02|+00.96|+00.51"], "pickupable": true, "position": {"x": 0.294313907623291, "y": 0.9746626615524292, "z": -0.14429360628128052}, "receptacle": false, "receptacleObjectIds": null, "rotation": {"x": 0.032367777079343796, "y": 330.88983154296875, "z": 0.00432888139039278}, "salientMaterials": ["Food"], "sliceable": false, "temperature": "RoomTemp", "toggleable": false, "visible": false}, "Bread|+00.26|+00.99|-00.08|BreadSliced_5": {"assetId": "", "axisAlignedBoundingBox": {"center": {"x": 0.30440831184387207, "y": 0.9739105701446533, "z": -0.16293366253376007}, "cornerPoints": [[0.3686169385910034, 1.0328353643417358, -0.12136590480804443], [0.3686169385910034, 1.0328353643417358, -0.2045014202594757], [0.3686169385910034, 0.9149857759475708, -0.12136590480804443], [0.3686169385910034, 0.9149857759475708, -0.2045014202594757], [0.24019968509674072, 1.0328353643417358, -0.12136590480804443], [0.24019968509674072, 1.0328353643417358, -0.2045014202594757], [0.24019968509674072, 0.9149857759475708, -0.12136590480804443], [0.24019968509674072, 0.9149857759475708, -0.2045014202594757]], "size": {"x": 0.1284172534942627, "y": 0.11784958839416504, "z": 0.08313551545143127}}, "breakable": false, "canBeUsedUp": false, "canFillWithLiquid": false, "controlledObjects": null, "cookable": true, "dirtyable": false, "distance": 0.9622883796691895, "fillLiquid": null, "isBroken": false, "isColdSource": false, "isCooked": false, "isDirty": false, "isFilledWithLiquid": false, "isHeatSource": false, "isInteractable": false, "isMoving": false, "isOpen": false, "isPickedUp": false, "isSliced": false, "isToggled": false, "isUsedUp": false, "mass": 0.043800000101327896, "moveable": false, "name": "Bread_2_Slice_6", "objectId": "Bread|+00.26|+00.99|-00.08|BreadSliced_5", "objectOrientedBoundingBox": {"cornerPoints": [[0.35926395654678345, 0.9149996638298035, -0.12143856287002563], [0.24025386571884155, 0.9149857759475708, -0.1877037137746811], [0.2496068775653839, 0.9150004386901855, -0.2045014202594757], [0.3686169385910034, 0.9150143265724182, -0.13823626935482025], [0.35920974612236023, 1.032820701599121, -0.12136590480804443], [0.24019967019557953, 1.0328067541122437, -0.1876310557126999], [0.2495526820421219, 1.0328214168548584, -0.2044287621974945], [0.3685627579689026, 1.0328353643417358, -0.13816362619400024]]}, "objectType": "BreadSliced", "openable": false, "openness": 0.0, "parentReceptacles": ["CounterTop|-00.02|+00.96|+00.51"], "pickupable": true, "position": {"x": 0.3044159412384033, "y": 0.9739106893539429, "z": -0.16294419765472412}, "receptacle": false, "receptacleObjectIds": null, "rotation": {"x": 0.03244447708129883, "y": 330.8899230957031, "z": 0.004395075608044863}, "salientMaterials": ["Food"], "sliceable": false, "temperature": "RoomTemp", "toggleable": false, "visible": false}, "Bread|+00.26|+00.99|-00.08|BreadSliced_6": {"assetId": "", "axisAlignedBoundingBox": {"center": {"x": 0.3148731589317322, "y": 0.9739863872528076, "z": -0.18144679069519043}, "cornerPoints": [[0.37890636920928955, 1.032987356185913, -0.1399768739938736], [0.37890636920928955, 1.032987356185913, -0.22291670739650726], [0.37890636920928955, 0.9149854183197021, -0.1399768739938736], [0.37890636920928955, 0.9149854183197021, -0.22291670739650726], [0.2508399486541748, 1.032987356185913, -0.1399768739938736], [0.2508399486541748, 1.032987356185913, -0.22291670739650726], [0.2508399486541748, 0.9149854183197021, -0.1399768739938736], [0.2508399486541748, 0.9149854183197021, -0.22291670739650726]], "size": {"x": 0.12806642055511475, "y": 0.11800193786621094, "z": 0.08293983340263367}}, "breakable": false, "canBeUsedUp": false, "canFillWithLiquid": false, "controlledObjects": null, "cookable": true, "dirtyable": false, "distance": 0.9553560614585876, "fillLiquid": null, "isBroken": false, "isColdSource": false, "isCooked": false, "isDirty": false, "isFilledWithLiquid": false, "isHeatSource": false, "isInteractable": false, "isMoving": false, "isOpen": false, "isPickedUp": false, "isSliced": false, "isToggled": false, "isUsedUp": false, "mass": 0.043800000101327896, "moveable": false, "name": "Bread_2_Slice_7", "objectId": "Bread|+00.26|+00.99|-00.08|BreadSliced_6", "objectOrientedBoundingBox": {"cornerPoints": [[0.3695533871650696, 0.9149991869926453, -0.14004933834075928], [0.25089403986930847, 0.9149853587150574, -0.20611898601055145], [0.26024702191352844, 0.9149999618530273, -0.22291670739650726], [0.37890636920928955, 0.9150137901306152, -0.1568470597267151], [0.3694993257522583, 1.032972812652588, -0.1399768888950348], [0.2508399486541748, 1.032958984375, -0.20604653656482697], [0.2601929306983948, 1.0329735279083252, -0.22284424304962158], [0.37885230779647827, 1.032987356185913, -0.1567746102809906]]}, "objectType": "BreadSliced", "openable": false, "openness": 0.0, "parentReceptacles": ["CounterTop|-00.02|+00.96|+00.51"], "pickupable": true, "position": {"x": 0.31488037109375, "y": 0.9739865064620972, "z": -0.18145669996738434}, "receptacle": false, "receptacleObjectIds": null, "rotation": {"x": 0.03283658251166344, "y": 330.8900451660156, "z": 0.004413721151649952}, "salientMaterials": ["Food"], "sliceable": false, "temperature": "RoomTemp", "toggleable": false, "visible": false}, "Bread|+00.26|+00.99|-00.08|BreadSliced_7": {"assetId": "", "axisAlignedBoundingBox": {"center": {"x": 0.32593783736228943, "y": 0.9711220264434814, "z": -0.1995069533586502}, "cornerPoints": [[0.38810640573501587, 1.0272586345672607, -0.15907613933086395], [0.38810640573501587, 1.0272586345672607, -0.23993776738643646], [0.38810640573501587, 0.9149854183197021, -0.15907613933086395], [0.38810640573501587, 0.9149854183197021, -0.23993776738643646], [0.263769268989563, 1.0272586345672607, -0.15907613933086395], [0.263769268989563, 1.0272586345672607, -0.23993776738643646], [0.263769268989563, 0.9149854183197021, -0.15907613933086395], [0.263769268989563, 0.9149854183197021, -0.23993776738643646]], "size": {"x": 0.12433713674545288, "y": 0.1122732162475586, "z": 0.08086162805557251}}, "breakable": false, "canBeUsedUp": false, "canFillWithLiquid": false, "controlledObjects": null, "cookable": true, "dirtyable": false, "distance": 0.9479474425315857, "fillLiquid": null, "isBroken": false, "isColdSource": false, "isCooked": false, "isDirty": false, "isFilledWithLiquid": false, "isHeatSource": false, "isInteractable": false, "isMoving": false, "isOpen": false, "isPickedUp": false, "isSliced": false, "isToggled": false, "isUsedUp": false, "mass": 0.043800000101327896, "moveable": false, "name": "Bread_2_Slice_8", "objectId": "Bread|+00.26|+00.99|-00.08|BreadSliced_7", "objectOrientedBoundingBox": {"cornerPoints": [[0.3787534832954407, 0.9149994850158691, -0.15914693474769592], [0.263822466135025, 0.9149853587150574, -0.22314001619815826], [0.27317535877227783, 0.9150003790855408, -0.23993778228759766], [0.38810640573501587, 0.9150145053863525, -0.17594468593597412], [0.378700315952301, 1.0272436141967773, -0.15907615423202515], [0.263769268989563, 1.0272295475006104, -0.2230692356824875], [0.2731221914291382, 1.0272445678710938, -0.23986700177192688], [0.3880532383918762, 1.0272586345672607, -0.17587390542030334]]}, "objectType": "BreadSliced", "openable": false, "openness": 0.0, "parentReceptacles": ["CounterTop|-00.02|+00.96|+00.51"], "pickupable": true, "position": {"x": 0.3259451985359192, "y": 0.971122145652771, "z": -0.19951702654361725}, "receptacle": false, "receptacleObjectIds": null, "rotation": {"x": 0.03371007367968559, "y": 330.89019775390625, "z": 0.00466371001675725}, "salientMaterials": ["Food"], "sliceable": false, "temperature": "RoomTemp", "toggleable": false, "visible": false}, "Bread|+00.26|+00.99|-00.08|BreadSliced_8": {"assetId": "", "axisAlignedBoundingBox": {"center": {"x": 0.33543410897254944, "y": 0.9664930105209351, "z": -0.218319371342659}, "cornerPoints": [[0.38781094551086426, 1.0180014371871948, -0.18348652124404907], [0.38781094551086426, 1.0180014371871948, -0.2531522214412689], [0.38781094551086426, 0.9149845838546753, -0.18348652124404907], [0.38781094551086426, 0.9149845838546753, -0.2531522214412689], [0.2830572724342346, 1.0180014371871948, -0.18348652124404907], [0.2830572724342346, 1.0180014371871948, -0.2531522214412689], [0.2830572724342346, 0.9149845838546753, -0.18348652124404907], [0.2830572724342346, 0.9149845838546753, -0.2531522214412689]], "size": {"x": 0.10475367307662964, "y": 0.10301685333251953, "z": 0.06966570019721985}}, "breakable": false, "canBeUsedUp": false, "canFillWithLiquid": false, "controlledObjects": null, "cookable": true, "dirtyable": false, "distance": 0.9424742460250854, "fillLiquid": null, "isBroken": false, "isColdSource": false, "isCooked": false, "isDirty": false, "isFilledWithLiquid": false, "isHeatSource": false, "isInteractable": false, "isMoving": false, "isOpen": false, "isPickedUp": false, "isSliced": false, "isToggled": false, "isUsedUp": false, "mass": 0.043800000101327896, "moveable": false, "name": "Bread_2_Slice_9", "objectId": "Bread|+00.26|+00.99|-00.08|BreadSliced_8", "objectOrientedBoundingBox": {"cornerPoints": [[0.3786896765232086, 0.9149991869926453, -0.18355445563793182], [0.28311076760292053, 0.9149846434593201, -0.2367698699235916], [0.2922319769859314, 0.9150001406669617, -0.2531522512435913], [0.3878108859062195, 0.9150147438049316, -0.19993680715560913], [0.3786362111568451, 1.0179858207702637, -0.18348655104637146], [0.2830572724342346, 1.0179712772369385, -0.23670196533203125], [0.2921784818172455, 1.01798677444458, -0.25308430194854736], [0.38775742053985596, 1.0180013179779053, -0.19986891746520996]]}, "objectType": "BreadSliced", "openable": false, "openness": 0.0, "parentReceptacles": ["CounterTop|-00.02|+00.96|+00.51"], "pickupable": true, "position": {"x": 0.3355560600757599, "y": 0.9664932489395142, "z": -0.21853533387184143}, "receptacle": false, "receptacleObjectIds": null, "rotation": {"x": 0.03754439949989319, "y": 330.8912658691406, "z": 0.006058126222342253}, "salientMaterials": ["Food"], "sliceable": false, "temperature": "RoomTemp", "toggleable": false, "visible": false}, "Bread|+00.26|+00.99|-00.08|Bread_0": {"assetId": "", "axisAlignedBoundingBox": {"center": {"x": 0.22266018390655518, "y": 0.9759953618049622, "z": -0.015845902264118195}, "cornerPoints": [[0.3190038204193115, 1.036990761756897, 0.08146049827337265], [0.3190038204193115, 1.036990761756897, -0.11315230280160904], [0.3190038204193115, 0.9149999618530273, 0.08146049827337265], [0.3190038204193115, 0.9149999618530273, -0.11315230280160904], [0.12631654739379883, 1.036990761756897, 0.08146049827337265], [0.12631654739379883, 1.036990761756897, -0.11315230280160904], [0.12631654739379883, 0.9149999618530273, 0.08146049827337265], [0.12631654739379883, 0.9149999618530273, -0.11315230280160904]], "size": {"x": 0.1926872730255127, "y": 0.12199079990386963, "z": 0.1946128010749817}}, "breakable": false, "canBeUsedUp": false, "canFillWithLiquid": false, "controlledObjects": null, "cookable": false, "dirtyable": false, "distance": 1.0303118228912354, "fillLiquid": null, "isBroken": false, "isColdSource": false, "isCooked": false, "isDirty": false, "isFilledWithLiquid": false, "isHeatSource": false, "isInteractable": false, "isMoving": false, "isOpen": false, "isPickedUp": false, "isSliced": false, "isToggled": false, "isUsedUp": false, "mass": 0.3499999940395355, "moveable": false, "name": "Bread_2_Slice_1", "objectId": "Bread|+00.26|+00.99|-00.08|Bread_0", "objectOrientedBoundingBox": {"cornerPoints": [[0.24852710962295532, 0.9149999022483826, 0.08146043121814728], [0.12631656229496002, 0.9149999022483826, 0.01340360939502716], [0.19679327309131622, 0.9149999618530273, -0.11315229535102844], [0.3190038204193115, 0.9149999618530273, -0.045095451176166534], [0.24852707982063293, 1.036990761756897, 0.08146049082279205], [0.12631654739379883, 1.036990761756897, 0.013403639197349548], [0.19679324328899384, 1.036990761756897, -0.11315225064754486], [0.31900379061698914, 1.036990761756897, -0.04509540647268295]]}, "objectType": "Bread", "openable": false, "openness": 0.0, "parentReceptacles": ["CounterTop|-00.02|+00.96|+00.51"], "pickupable": true, "position": {"x": 0.22250071167945862, "y": 0.9754488468170166, "z": -0.015559550374746323}, "receptacle": false, "receptacleObjectIds": null, "rotation": {"x": 3.0477931431960315e-05, "y": 330.8873596191406, "z": 1.2677782251557801e-05}, "salientMaterials": ["Food"], "sliceable": false, "temperature": "RoomTemp", "toggleable": false, "visible": false}, "ButterKnife|+01.67|+00.69|-00.11": {"assetId": "ButterKnife_1", "axisAlignedBoundingBox": {"center": {"x": 1.667279601097107, "y": 0.6887325048446655, "z": -0.10977670550346375}, "cornerPoints": [[1.7699227333068848, 0.6920644044876099, -0.007614880800247192], [1.7699227333068848, 0.6920644044876099, -0.2119385302066803], [1.7699227333068848, 0.6854006052017212, -0.007614880800247192], [1.7699227333068848, 0.6854006052017212, -0.2119385302066803], [1.564636468887329, 0.6920644044876099, -0.007614880800247192], [1.564636468887329, 0.6920644044876099, -0.2119385302066803], [1.564636468887329, 0.6854006052017212, -0.007614880800247192], [1.564636468887329, 0.6854006052017212, -0.2119385302066803]], "size": {"x": 0.20528626441955566, "y": 0.006663799285888672, "z": 0.2043236494064331}}, "breakable": false, "canBeUsedUp": false, "canFillWithLiquid": false, "controlledObjects": null, "cookable": false, "dirtyable": false, "distance": 0.4816056489944458, "fillLiquid": null, "isBroken": false, "isColdSource": false, "isCooked": false, "isDirty": false, "isFilledWithLiquid": false, "isHeatSource": false, "isInteractable": false, "isMoving": false, "isOpen": false, "isPickedUp": false, "isSliced": false, "isToggled": false, "isUsedUp": false, "mass": 0.07999999821186066, "moveable": false, "name": "ButterKnife_b89ea1af", "objectId": "ButterKnife|+01.67|+00.69|-00.11", "objectOrientedBoundingBox": {"cornerPoints": [[1.754963755607605, 0.685400664806366, -0.007614364847540855], [1.7549636363983154, 0.6920650005340576, -0.007614335045218468], [1.5646363496780396, 0.6920642256736755, -0.19689756631851196], [1.5646363496780396, 0.6853998899459839, -0.19689759612083435], [1.7699226140975952, 0.6854008436203003, -0.022655783221125603], [1.7699226140975952, 0.6920651793479919, -0.022655753418803215], [1.5795952081680298, 0.6920644044876099, -0.2119389772415161], [1.5795952081680298, 0.6854000687599182, -0.2119390070438385]]}, "objectType": "ButterKnife", "openable": false, "openness": 0.0, "parentReceptacles": ["Drawer|+01.50|+00.63|-00.02"], "pickupable": true, "position": {"x": 1.6680196523666382, "y": 0.6907327175140381, "z": -0.1139843687415123}, "receptacle": false, "receptacleObjectIds": null, "rotation": {"x": -0.0001161132167908363, "y": 45.157535552978516, "z": 270.00201416015625}, "salientMaterials": ["Metal"], "sliceable": false, "temperature": "RoomTemp", "toggleable": false, "visible": false}, "Cabinet|+00.41|+00.48|+00.45": {"assetId": "", "axisAlignedBoundingBox": {"center": {"x": 0.24943450093269348, "y": 0.47525501251220703, "z": 0.6085473299026489}, "cornerPoints": [[0.42072024941444397, 0.8502446413040161, 0.7711665630340576], [0.42072024941444397, 0.8502446413040161, 0.44592809677124023], [0.42072024941444397, 0.10026538372039795, 0.7711665630340576], [0.42072024941444397, 0.10026538372039795, 0.44592809677124023], [0.078148752450943, 0.8502446413040161, 0.7711665630340576], [0.078148752450943, 0.8502446413040161, 0.44592809677124023], [0.078148752450943, 0.10026538372039795, 0.7711665630340576], [0.078148752450943, 0.10026538372039795, 0.44592809677124023]], "size": {"x": 0.342571496963501, "y": 0.7499792575836182, "z": 0.3252384662628174}}, "breakable": false, "canBeUsedUp": false, "canFillWithLiquid": false, "controlledObjects": null, "cookable": false, "dirtyable": false, "distance": 1.0416821241378784, "fillLiquid": null, "isBroken": false, "isColdSource": false, "isCooked": false, "isDirty": false, "isFilledWithLiquid": false, "isHeatSource": false, "isInteractable": false, "isMoving": false, "isOpen": false, "isPickedUp": false, "isSliced": false, "isToggled": false, "isUsedUp": false, "mass": 0.0, "moveable": false, "name": "Cabinet_ef4f82b2", "objectId": "Cabinet|+00.41|+00.48|+00.45", "objectOrientedBoundingBox": null, "objectType": "Cabinet", "openable": true, "openness": 0.0, "parentReceptacles": ["Floor|+00.00|+00.00|+00.00"], "pickupable": false, "position": {"x": 0.4099999964237213, "y": 0.4750000238418579, "z": 0.4449999928474426}, "receptacle": true, "receptacleObjectIds": [], "rotation": {"x": -0.0, "y": 0.0, "z": 0.0}, "salientMaterials": null, "sliceable": false, "temperature": "RoomTemp", "toggleable": false, "visible": false}, "Cabinet|+00.50|+00.48|-01.15": {"assetId": "", "axisAlignedBoundingBox": {"center": {"x": 0.2489364594221115, "y": 0.37186378240585327, "z": -1.3984484672546387}, "cornerPoints": [[0.4949999153614044, 0.6427942514419556, -1.1378967761993408], [0.4949999153614044, 0.6427942514419556, -1.6590001583099365], [0.4949999153614044, 0.10093331336975098, -1.1378967761993408], [0.4949999153614044, 0.10093331336975098, -1.6590001583099365], [0.0028730034828186035, 0.6427942514419556, -1.1378967761993408], [0.0028730034828186035, 0.6427942514419556, -1.6590001583099365], [0.0028730034828186035, 0.10093331336975098, -1.1378967761993408], [0.0028730034828186035, 0.10093331336975098, -1.6590001583099365]], "size": {"x": 0.4921269118785858, "y": 0.5418609380722046, "z": 0.5211033821105957}}, "breakable": false, "canBeUsedUp": false, "canFillWithLiquid": false, "controlledObjects": null, "cookable": false, "dirtyable": false, "distance": 1.4401404857635498, "fillLiquid": null, "isBroken": false, "isColdSource": false, "isCooked": false, "isDirty": false, "isFilledWithLiquid": false, "isHeatSource": false, "isInteractable": false, "isMoving": false, "isOpen": false, "isPickedUp": false, "isSliced": false, "isToggled": false, "isUsedUp": false, "mass": 0.0, "moveable": false, "name": "Cabinet_e7eb8d10", "objectId": "Cabinet|+00.50|+00.48|-01.15", "objectOrientedBoundingBox": null, "objectType": "Cabinet", "openable": true, "openness": 0.0, "parentReceptacles": null, "pickupable": false, "position": {"x": 0.4949999749660492, "y": 0.4749999940395355, "z": -1.149999976158142}, "receptacle": true, "receptacleObjectIds": [], "rotation": {"x": -0.0, "y": 0.0, "z": 0.0}, "salientMaterials": null, "sliceable": false, "temperature": "RoomTemp", "toggleable": false, "visible": false}, "Cabinet|+01.39|+00.48|-01.15": {"assetId": "", "axisAlignedBoundingBox": {"center": {"x": 1.1979999542236328, "y": 0.4750000238418579, "z": -1.3989958763122559}, "cornerPoints": [[1.3915481567382812, 0.8495086431503296, -1.1389917135238647], [1.3915481567382812, 0.8495086431503296, -1.659000039100647], [1.3915481567382812, 0.10049140453338623, -1.1389917135238647], [1.3915481567382812, 0.10049140453338623, -1.659000039100647], [1.0044517517089844, 0.8495086431503296, -1.1389917135238647], [1.0044517517089844, 0.8495086431503296, -1.659000039100647], [1.0044517517089844, 0.10049140453338623, -1.1389917135238647], [1.0044517517089844, 0.10049140453338623, -1.659000039100647]], "size": {"x": 0.3870964050292969, "y": 0.7490172386169434, "z": 0.5200083255767822}}, "breakable": false, "canBeUsedUp": false, "canFillWithLiquid": false, "controlledObjects": null, "cookable": false, "dirtyable": false, "distance": 1.23433256149292, "fillLiquid": null, "isBroken": false, "isColdSource": false, "isCooked": false, "isDirty": false, "isFilledWithLiquid": false, "isHeatSource": false, "isInteractable": false, "isMoving": false, "isOpen": false, "isPickedUp": false, "isSliced": false, "isToggled": false, "isUsedUp": false, "mass": 0.0, "moveable": false, "name": "Cabinet_1749e892", "objectId": "Cabinet|+01.39|+00.48|-01.15", "objectOrientedBoundingBox": null, "objectType": "Cabinet", "openable": true, "openness": 0.0, "parentReceptacles": null, "pickupable": false, "position": {"x": 1.3899999856948853, "y": 0.4749999940395355, "z": -1.1499998569488525}, "receptacle": true, "receptacleObjectIds": [], "rotation": {"x": -0.0, "y": 0.0, "z": 0.0}, "salientMaterials": null, "sliceable": false, "temperature": "RoomTemp", "toggleable": false, "visible": false}, "Cabinet|+01.71|+02.02|-01.45": {"assetId": "", "axisAlignedBoundingBox": {"center": {"x": 1.215000033378601, "y": 2.0199999809265137, "z": -1.5999999046325684}, "cornerPoints": [[1.7055001258850098, 2.3949999809265137, -1.438499927520752], [1.7055001258850098, 2.3949999809265137, -1.7614998817443848], [1.7055001258850098, 1.6449999809265137, -1.438499927520752], [1.7055001258850098, 1.6449999809265137, -1.7614998817443848], [0.7244999408721924, 2.3949999809265137, -1.438499927520752], [0.7244999408721924, 2.3949999809265137, -1.7614998817443848], [0.7244999408721924, 1.6449999809265137, -1.438499927520752], [0.7244999408721924, 1.6449999809265137, -1.7614998817443848]], "size": {"x": 0.9810001850128174, "y": 0.75, "z": 0.3229999542236328}}, "breakable": false, "canBeUsedUp": false, "canFillWithLiquid": false, "controlledObjects": null, "cookable": false, "dirtyable": false, "distance": 1.886788249015808, "fillLiquid": null, "isBroken": false, "isColdSource": false, "isCooked": false, "isDirty": false, "isFilledWithLiquid": false, "isHeatSource": false, "isInteractable": false, "isMoving": false, "isOpen": false, "isPickedUp": false, "isSliced": false, "isToggled": false, "isUsedUp": false, "mass": 0.0, "moveable": false, "name": "Cabinet_a98fbc09", "objectId": "Cabinet|+01.71|+02.02|-01.45", "objectOrientedBoundingBox": null, "objectType": "Cabinet", "openable": true, "openness": 0.0, "parentReceptacles": null, "pickupable": false, "position": {"x": 1.7055000066757202, "y": 2.0199999809265137, "z": -1.4492499828338623}, "receptacle": true, "receptacleObjectIds": ["Plate|+01.32|+01.67|-01.60", "Cup|+00.90|+01.67|-01.61"], "rotation": {"x": -0.0, "y": 0.0, "z": 0.0}, "salientMaterials": null, "sliceable": false, "temperature": "RoomTemp", "toggleable": false, "visible": false}, "Cabinet|+01.79|+02.02|-00.82": {"assetId": "", "axisAlignedBoundingBox": {"center": {"x": 1.9453502893447876, "y": 2.0199999809265137, "z": -1.135000467300415}, "cornerPoints": [[2.110700845718384, 2.3949999809265137, -0.8199999332427979], [2.110700845718384, 2.3949999809265137, -1.4500010013580322], [2.110700845718384, 1.6449999809265137, -0.8199999332427979], [2.110700845718384, 1.6449999809265137, -1.4500010013580322], [1.7799997329711914, 2.3949999809265137, -0.8199999332427979], [1.7799997329711914, 2.3949999809265137, -1.4500010013580322], [1.7799997329711914, 1.6449999809265137, -0.8199999332427979], [1.7799997329711914, 1.6449999809265137, -1.4500010013580322]], "size": {"x": 0.3307011127471924, "y": 0.75, "z": 0.6300010681152344}}, "breakable": false, "canBeUsedUp": false, "canFillWithLiquid": false, "controlledObjects": null, "cookable": false, "dirtyable": false, "distance": 1.4886780977249146, "fillLiquid": null, "isBroken": false, "isColdSource": false, "isCooked": false, "isDirty": false, "isFilledWithLiquid": false, "isHeatSource": false, "isInteractable": false, "isMoving": false, "isOpen": false, "isPickedUp": false, "isSliced": false, "isToggled": false, "isUsedUp": false, "mass": 0.0, "moveable": false, "name": "Cabinet_172b840e", "objectId": "Cabinet|+01.79|+02.02|-00.82", "objectOrientedBoundingBox": null, "objectType": "Cabinet", "openable": true, "openness": 0.0, "parentReceptacles": null, "pickupable": false, "position": {"x": 1.7899998426437378, "y": 2.0199999809265137, "z": -0.8199999928474426}, "receptacle": true, "receptacleObjectIds": [], "rotation": {"x": -7.062251193751548e-30, "y": 270.0, "z": 0.0}, "salientMaterials": null, "sliceable": false, "temperature": "RoomTemp", "toggleable": false, "visible": false}, "Cabinet|-00.50|+00.48|-01.15": {"assetId": "", "axisAlignedBoundingBox": {"center": {"x": -0.24849240481853485, "y": 0.3732048273086548, "z": -1.3988168239593506}, "cornerPoints": [[-0.0019847750663757324, 0.648857831954956, -1.1386334896087646], [-0.0019847750663757324, 0.648857831954956, -1.6590001583099365], [-0.0019847750663757324, 0.09755182266235352, -1.1386334896087646], [-0.0019847750663757324, 0.09755182266235352, -1.6590001583099365], [-0.49500003457069397, 0.648857831954956, -1.1386334896087646], [-0.49500003457069397, 0.648857831954956, -1.6590001583099365], [-0.49500003457069397, 0.09755182266235352, -1.1386334896087646], [-0.49500003457069397, 0.09755182266235352, -1.6590001583099365]], "size": {"x": 0.49301525950431824, "y": 0.5513060092926025, "z": 0.5203666687011719}}, "breakable": false, "canBeUsedUp": false, "canFillWithLiquid": false, "controlledObjects": null, "cookable": false, "dirtyable": false, "distance": 2.132840156555176, "fillLiquid": null, "isBroken": false, "isColdSource": false, "isCooked": false, "isDirty": false, "isFilledWithLiquid": false, "isHeatSource": false, "isInteractable": false, "isMoving": false, "isOpen": false, "isPickedUp": false, "isSliced": false, "isToggled": false, "isUsedUp": false, "mass": 0.0, "moveable": false, "name": "Cabinet_9aec3b1d", "objectId": "Cabinet|-00.50|+00.48|-01.15", "objectOrientedBoundingBox": null, "objectType": "Cabinet", "openable": true, "openness": 0.0, "parentReceptacles": null, "pickupable": false, "position": {"x": -0.49500009417533875, "y": 0.4749999940395355, "z": -1.149999976158142}, "receptacle": true, "receptacleObjectIds": [], "rotation": {"x": -0.0, "y": 0.0, "z": 0.0}, "salientMaterials": null, "sliceable": false, "temperature": "RoomTemp", "toggleable": false, "visible": false}, "Cabinet|-00.63|+02.02|-01.45": {"assetId": "", "axisAlignedBoundingBox": {"center": {"x": -1.1176000833511353, "y": 2.0199999809265137, "z": -1.6017498970031738}, "cornerPoints": [[-0.6270999908447266, 2.3949999809265137, -1.438499927520752], [-0.6270999908447266, 2.3949999809265137, -1.7649998664855957], [-0.6270999908447266, 1.6449999809265137, -1.438499927520752], [-0.6270999908447266, 1.6449999809265137, -1.7649998664855957], [-1.608100175857544, 2.3949999809265137, -1.438499927520752], [-1.608100175857544, 2.3949999809265137, -1.7649998664855957], [-1.608100175857544, 1.6449999809265137, -1.438499927520752], [-1.608100175857544, 1.6449999809265137, -1.7649998664855957]], "size": {"x": 0.9810001850128174, "y": 0.75, "z": 0.32649993896484375}}, "breakable": false, "canBeUsedUp": false, "canFillWithLiquid": false, "controlledObjects": null, "cookable": false, "dirtyable": false, "distance": 2.6222128868103027, "fillLiquid": null, "isBroken": false, "isColdSource": false, "isCooked": false, "isDirty": false, "isFilledWithLiquid": false, "isHeatSource": false, "isInteractable": false, "isMoving": false, "isOpen": false, "isPickedUp": false, "isSliced": false, "isToggled": false, "isUsedUp": false, "mass": 0.0, "moveable": false, "name": "Cabinet_ddb3e0e0", "objectId": "Cabinet|-00.63|+02.02|-01.45", "objectOrientedBoundingBox": null, "objectType": "Cabinet", "openable": true, "openness": 0.0, "parentReceptacles": null, "pickupable": false, "position": {"x": -0.6270999908447266, "y": 2.0199999809265137, "z": -1.4492499828338623}, "receptacle": true, "receptacleObjectIds": [], "rotation": {"x": -0.0, "y": 0.0, "z": 0.0}, "salientMaterials": null, "sliceable": false, "temperature": "RoomTemp", "toggleable": false, "visible": false}, "Cabinet|-01.39|+00.48|-01.15": {"assetId": "", "axisAlignedBoundingBox": {"center": {"x": -1.1974999904632568, "y": 0.4750000238418579, "z": -1.3994998931884766}, "cornerPoints": [[-1.0049999952316284, 0.8500000238418579, -1.1399998664855957], [-1.0049999952316284, 0.8500000238418579, -1.6589999198913574], [-1.0049999952316284, 0.10000002384185791, -1.1399998664855957], [-1.0049999952316284, 0.10000002384185791, -1.6589999198913574], [-1.3899999856948853, 0.8500000238418579, -1.1399998664855957], [-1.3899999856948853, 0.8500000238418579, -1.6589999198913574], [-1.3899999856948853, 0.10000002384185791, -1.1399998664855957], [-1.3899999856948853, 0.10000002384185791, -1.6589999198913574]], "size": {"x": 0.38499999046325684, "y": 0.75, "z": 0.5190000534057617}}, "breakable": false, "canBeUsedUp": false, "canFillWithLiquid": false, "controlledObjects": null, "cookable": false, "dirtyable": false, "distance": 2.9109420776367188, "fillLiquid": null, "isBroken": false, "isColdSource": false, "isCooked": false, "isDirty": false, "isFilledWithLiquid": false, "isHeatSource": false, "isInteractable": false, "isMoving": false, "isOpen": false, "isPickedUp": false, "isSliced": false, "isToggled": false, "isUsedUp": false, "mass": 0.0, "moveable": false, "name": "Cabinet_eaf65aa0", "objectId": "Cabinet|-01.39|+00.48|-01.15", "objectOrientedBoundingBox": null, "objectType": "Cabinet", "openable": true, "openness": 0.0, "parentReceptacles": null, "pickupable": false, "position": {"x": -1.3899999856948853, "y": 0.4749999940395355, "z": -1.1499998569488525}, "receptacle": true, "receptacleObjectIds": [], "rotation": {"x": -0.0, "y": 0.0, "z": 0.0}, "salientMaterials": null, "sliceable": false, "temperature": "RoomTemp", "toggleable": false, "visible": false}, "Cabinet|-01.70|+02.02|-01.45": {"assetId": "", "axisAlignedBoundingBox": {"center": {"x": -1.8475005626678467, "y": 2.0225000381469727, "z": -1.1386995315551758}, "cornerPoints": [[-1.6939997673034668, 2.397599697113037, -0.8236989974975586], [-1.6939997673034668, 2.397599697113037, -1.453700065612793], [-1.6939997673034668, 1.6474003791809082, -0.8236989974975586], [-1.6939997673034668, 1.6474003791809082, -1.453700065612793], [-2.0010013580322266, 2.397599697113037, -0.8236989974975586], [-2.0010013580322266, 2.397599697113037, -1.453700065612793], [-2.0010013580322266, 1.6474003791809082, -0.8236989974975586], [-2.0010013580322266, 1.6474003791809082, -1.453700065612793]], "size": {"x": 0.30700159072875977, "y": 0.7501993179321289, "z": 0.6300010681152344}}, "breakable": false, "canBeUsedUp": false, "canFillWithLiquid": false, "controlledObjects": null, "cookable": false, "dirtyable": false, "distance": 3.478125810623169, "fillLiquid": null, "isBroken": false, "isColdSource": false, "isCooked": false, "isDirty": false, "isFilledWithLiquid": false, "isHeatSource": false, "isInteractable": false, "isMoving": false, "isOpen": false, "isPickedUp": false, "isSliced": false, "isToggled": false, "isUsedUp": false, "mass": 0.0, "moveable": false, "name": "Cabinet_3f7c894c", "objectId": "Cabinet|-01.70|+02.02|-01.45", "objectOrientedBoundingBox": null, "objectType": "Cabinet", "openable": true, "openness": 0.0, "parentReceptacles": null, "pickupable": false, "position": {"x": -1.7039999961853027, "y": 2.022599935531616, "z": -1.4536999464035034}, "receptacle": true, "receptacleObjectIds": [], "rotation": {"x": -0.0, "y": 90.0, "z": -0.0}, "salientMaterials": null, "sliceable": false, "temperature": "RoomTemp", "toggleable": false, "visible": false}, "CellPhone|-00.31|+00.92|+01.29": {"assetId": "Cellphone_4", "axisAlignedBoundingBox": {"center": {"x": -0.30842316150665283, "y": 0.9201101660728455, "z": 1.2885699272155762}, "cornerPoints": [[-0.2452554702758789, 0.9252197742462158, 1.386207938194275], [-0.2452554702758789, 0.9252197742462158, 1.1909319162368774], [-0.2452554702758789, 0.9150005578994751, 1.386207938194275], [-0.2452554702758789, 0.9150005578994751, 1.1909319162368774], [-0.37159085273742676, 0.9252197742462158, 1.386207938194275], [-0.37159085273742676, 0.9252197742462158, 1.1909319162368774], [-0.37159085273742676, 0.9150005578994751, 1.386207938194275], [-0.37159085273742676, 0.9150005578994751, 1.1909319162368774]], "size": {"x": 0.12633538246154785, "y": 0.010219216346740723, "z": 0.19527602195739746}}, "breakable": true, "canBeUsedUp": false, "canFillWithLiquid": false, "controlledObjects": [], "cookable": false, "dirtyable": false, "distance": 2.021855115890503, "fillLiquid": null, "isBroken": false, "isColdSource": false, "isCooked": false, "isDirty": false, "isFilledWithLiquid": false, "isHeatSource": false, "isInteractable": false, "isMoving": false, "isOpen": false, "isPickedUp": false, "isSliced": false, "isToggled": false, "isUsedUp": false, "mass": 0.1599999964237213, "moveable": false, "name": "CellPhone_aedef2ad", "objectId": "CellPhone|-00.31|+00.92|+01.29", "objectOrientedBoundingBox": {"cornerPoints": [[-0.2452555000782013, 0.9150006771087646, 1.3664727210998535], [-0.33135420083999634, 0.9150005578994751, 1.3862078189849854], [-0.37159082293510437, 0.9150004982948303, 1.2106670141220093], [-0.2854921221733093, 0.9150005578994751, 1.1909319162368774], [-0.2452555000782013, 0.9252198338508606, 1.3664727210998535], [-0.33135420083999634, 0.9252197742462158, 1.3862078189849854], [-0.37159082293510437, 0.925219714641571, 1.2106670141220093], [-0.2854921221733093, 0.9252197742462158, 1.1909319162368774]]}, "objectType": "CellPhone", "openable": false, "openness": 0.0, "parentReceptacles": ["CounterTop|-00.02|+00.96|+00.51"], "pickupable": true, "position": {"x": -0.3085974454879761, "y": 0.9157510995864868, "z": 1.2878094911575317}, "receptacle": false, "receptacleObjectIds": null, "rotation": {"x": -2.4122575268847868e-05, "y": 12.910051345825195, "z": -2.6756166334962472e-05}, "salientMaterials": ["Metal", "Glass"], "sliceable": false, "temperature": "RoomTemp", "toggleable": true, "visible": false}, "Chair|00.00|+00.00|+01.24": {"assetId": "Chair_205_1", "axisAlignedBoundingBox": {"center": {"x": -0.00621439516544342, "y": 0.4374757707118988, "z": 1.2685775756835938}, "cornerPoints": [[0.20226125419139862, 0.8749510049819946, 1.5025649070739746], [0.20226125419139862, 0.8749510049819946, 1.034590244293213], [0.20226125419139862, 5.364418029785156e-07, 1.5025649070739746], [0.20226125419139862, 5.364418029785156e-07, 1.034590244293213], [-0.21469004452228546, 0.8749510049819946, 1.5025649070739746], [-0.21469004452228546, 0.8749510049819946, 1.034590244293213], [-0.21469004452228546, 5.364418029785156e-07, 1.5025649070739746], [-0.21469004452228546, 5.364418029785156e-07, 1.034590244293213]], "size": {"x": 0.4169512987136841, "y": 0.8749504685401917, "z": 0.4679746627807617}}, "breakable": false, "canBeUsedUp": false, "canFillWithLiquid": false, "controlledObjects": null, "cookable": false, "dirtyable": false, "distance": 1.9793657064437866, "fillLiquid": null, "isBroken": false, "isColdSource": false, "isCooked": false, "isDirty": false, "isFilledWithLiquid": false, "isHeatSource": false, "isInteractable": false, "isMoving": false, "isOpen": false, "isPickedUp": false, "isSliced": false, "isToggled": false, "isUsedUp": false, "mass": 10.0, "moveable": true, "name": "Chair_1090c2d5", "objectId": "Chair|00.00|+00.00|+01.24", "objectOrientedBoundingBox": {"cornerPoints": [[-0.2146904021501541, 4.172150511294603e-06, 1.0347111225128174], [0.20226596295833588, 4.105328116565943e-06, 1.0347102880477905], [0.2022669017314911, 4.71901148557663e-06, 1.5026910305023193], [-0.2146894633769989, 4.78583388030529e-06, 1.5026918649673462], [-0.21469026803970337, 0.8749546408653259, 1.0347100496292114], [0.20226609706878662, 0.8749545216560364, 1.0347092151641846], [0.20226703584194183, 0.8749551773071289, 1.5026898384094238], [-0.21468932926654816, 0.8749552965164185, 1.5026907920837402]]}, "objectType": "Chair", "openable": false, "openness": 0.0, "parentReceptacles": ["Floor|+00.00|+00.00|+00.00"], "pickupable": false, "position": {"x": -1.5680212527513504e-05, "y": 0.000587165355682373, "z": 1.2428220510482788}, "receptacle": true, "receptacleObjectIds": [], "rotation": {"x": 6.8301392275316175e-06, "y": 180.00015258789062, "z": 3.741930777323432e-05}, "salientMaterials": ["Metal", "Plastic"], "sliceable": false, "temperature": "RoomTemp", "toggleable": false, "visible": false}, "CoffeeMachine|+01.36|+00.90|-01.60": {"assetId": "coffee_machine_2", "axisAlignedBoundingBox": {"center": {"x": 1.3554856777191162, "y": 1.1211247444152832, "z": -1.4892492294311523}, "cornerPoints": [[1.502827525138855, 1.3422470092773438, -1.2438628673553467], [1.502827525138855, 1.3422470092773438, -1.734635591506958], [1.502827525138855, 0.9000024795532227, -1.2438628673553467], [1.502827525138855, 0.9000024795532227, -1.734635591506958], [1.2081438302993774, 1.3422470092773438, -1.2438628673553467], [1.2081438302993774, 1.3422470092773438, -1.734635591506958], [1.2081438302993774, 0.9000024795532227, -1.2438628673553467], [1.2081438302993774, 0.9000024795532227, -1.734635591506958]], "size": {"x": 0.29468369483947754, "y": 0.4422445297241211, "z": 0.49077272415161133}}, "breakable": false, "canBeUsedUp": false, "canFillWithLiquid": false, "controlledObjects": [], "cookable": false, "dirtyable": false, "distance": 1.5995815992355347, "fillLiquid": null, "isBroken": false, "isColdSource": false, "isCooked": false, "isDirty": false, "isFilledWithLiquid": false, "isHeatSource": true, "isInteractable": false, "isMoving": false, "isOpen": false, "isPickedUp": false, "isSliced": false, "isToggled": false, "isUsedUp": false, "mass": 5.0, "moveable": true, "name": "CoffeeMachine_8626f75d", "objectId": "CoffeeMachine|+01.36|+00.90|-01.60", "objectOrientedBoundingBox": {"cornerPoints": [[1.502827525138855, 0.9000025987625122, -1.2438628673553467], [1.2081438302993774, 0.900002658367157, -1.2438628673553467], [1.2081438302993774, 0.9000025391578674, -1.7346354722976685], [1.502827525138855, 0.9000024795532227, -1.7346354722976685], [1.502827525138855, 1.3422470092773438, -1.2438629865646362], [1.2081438302993774, 1.3422470092773438, -1.2438629865646362], [1.208143949508667, 1.3422470092773438, -1.734635591506958], [1.502827525138855, 1.3422468900680542, -1.734635591506958]]}, "objectType": "CoffeeMachine", "openable": false, "openness": 0.0, "parentReceptacles": ["CounterTop|+00.00|+00.95|-01.51"], "pickupable": false, "position": {"x": 1.3554856777191162, "y": 0.8999999761581421, "z": -1.5960984230041504}, "receptacle": true, "receptacleObjectIds": [], "rotation": {"x": -6.830189249740215e-06, "y": -7.5335933615860995e-06, "z": -1.0761667681435938e-06}, "salientMaterials": ["Plastic"], "sliceable": false, "temperature": "RoomTemp", "toggleable": true, "visible": false}, "CounterTop|+00.00|+00.95|-01.51": {"assetId": "", "axisAlignedBoundingBox": {"center": {"x": 0.05000019073486328, "y": 0.9097498655319214, "z": -0.12499988079071045}, "cornerPoints": [[2.1500000953674316, 0.9180001020431519, 1.5500000715255737], [2.1500000953674316, 0.9180001020431519, -1.7999998331069946], [2.1500000953674316, 0.9014996290206909, 1.5500000715255737], [2.1500000953674316, 0.9014996290206909, -1.7999998331069946], [-2.049999713897705, 0.9180001020431519, 1.5500000715255737], [-2.049999713897705, 0.9180001020431519, -1.7999998331069946], [-2.049999713897705, 0.9014996290206909, 1.5500000715255737], [-2.049999713897705, 0.9014996290206909, -1.7999998331069946]], "size": {"x": 4.199999809265137, "y": 0.016500473022460938, "z": 3.3499999046325684}}, "breakable": false, "canBeUsedUp": false, "canFillWithLiquid": false, "controlledObjects": null, "cookable": false, "dirtyable": false, "distance": 1.9618346691131592, "fillLiquid": null, "isBroken": false, "isColdSource": false, "isCooked": false, "isDirty": false, "isFilledWithLiquid": false, "isHeatSource": false, "isInteractable": true, "isMoving": false, "isOpen": false, "isPickedUp": false, "isSliced": false, "isToggled": false, "isUsedUp": false, "mass": 0.0, "moveable": false, "name": "CounterTop_87ea3962", "objectId": "CounterTop|+00.00|+00.95|-01.51", "objectOrientedBoundingBox": null, "objectType": "CounterTop", "openable": false, "openness": 0.0, "parentReceptacles": null, "pickupable": false, "position": {"x": 0.0020000000949949026, "y": 0.9470000267028809, "z": -1.5130000114440918}, "receptacle": true, "receptacleObjectIds": ["CoffeeMachine|+01.36|+00.90|-01.60", "Pot|+00.89|+00.90|-01.41", "Window|-00.01|+01.58|-01.82", "SoapBottle|-00.56|+00.90|-01.57", "DishSponge|-00.55|+00.92|-01.39", "SaltShaker|+02.01|+00.90|+00.03", "Spatula|+01.78|+00.91|-00.13", "PepperShaker|+01.89|+00.90|+00.03", "Window|+02.22|+01.57|-00.39", "Toaster|+01.98|+00.90|-00.34", "Microwave|+01.93|+00.90|-00.77", "Fork|+01.69|+00.90|+01.45", "Spoon|+01.62|+00.90|+01.40", "Ladle|+01.79|+00.93|+01.13"], "rotation": {"x": -0.0, "y": 0.0, "z": 0.0}, "salientMaterials": null, "sliceable": false, "temperature": "RoomTemp", "toggleable": false, "visible": true}, "CounterTop|-00.02|+00.96|+00.51": {"assetId": "", "axisAlignedBoundingBox": {"center": {"x": 0.0, "y": 0.924299955368042, "z": 0.4999999403953552}, "cornerPoints": [[0.42500004172325134, 0.9321000576019287, 1.4249998331069946], [0.42500004172325134, 0.9321000576019287, -0.4249999523162842], [0.42500004172325134, 0.9164998531341553, 1.4249998331069946], [0.42500004172325134, 0.9164998531341553, -0.4249999523162842], [-0.42500004172325134, 0.9321000576019287, 1.4249998331069946], [-0.42500004172325134, 0.9321000576019287, -0.4249999523162842], [-0.42500004172325134, 0.9164998531341553, 1.4249998331069946], [-0.42500004172325134, 0.9164998531341553, -0.4249999523162842]], "size": {"x": 0.8500000834465027, "y": 0.015600204467773438, "z": 1.8499997854232788}}, "breakable": false, "canBeUsedUp": false, "canFillWithLiquid": false, "controlledObjects": null, "cookable": false, "dirtyable": false, "distance": 1.3637725114822388, "fillLiquid": null, "isBroken": false, "isColdSource": false, "isCooked": false, "isDirty": false, "isFilledWithLiquid": false, "isHeatSource": false, "isInteractable": false, "isMoving": false, "isOpen": false, "isPickedUp": false, "isSliced": false, "isToggled": false, "isUsedUp": false, "mass": 0.0, "moveable": false, "name": "CounterTop_8c9efcb4", "objectId": "CounterTop|-00.02|+00.96|+00.51", "objectOrientedBoundingBox": null, "objectType": "CounterTop", "openable": false, "openness": 0.0, "parentReceptacles": null, "pickupable": false, "position": {"x": -0.014999999664723873, "y": 0.9610999822616577, "z": 0.5059999823570251}, "receptacle": true, "receptacleObjectIds": ["Potato|+00.33|+00.94|+01.31", "Bowl|+00.28|+00.92|+01.09", "Knife|+00.60|+00.91|-01.44", "CellPhone|-00.31|+00.92|+01.29", "Bread|+00.26|+00.99|-00.08|BreadSliced_1", "Bread|+00.26|+00.99|-00.08|Bread_0", "Bread|+00.26|+00.99|-00.08|BreadSliced_2", "Bread|+00.26|+00.99|-00.08|BreadSliced_4", "Bread|+00.26|+00.99|-00.08|BreadSliced_3", "Bread|+00.26|+00.99|-00.08|BreadSliced_6", "Bread|+00.26|+00.99|-00.08|BreadSliced_5", "Bread|+00.26|+00.99|-00.08|BreadSliced_8", "Bread|+00.26|+00.99|-00.08|BreadSliced_7", "Egg|+00.13|+00.95|-00.17", "Tomato|+00.17|+00.97|-00.28", "Mug|-00.24|+00.92|-00.26"], "rotation": {"x": -0.0, "y": 0.0, "z": 0.0}, "salientMaterials": null, "sliceable": false, "temperature": "RoomTemp", "toggleable": false, "visible": false}, "Cup|+00.90|+01.67|-01.61": {"assetId": "Cup_2", "axisAlignedBoundingBox": {"center": {"x": 0.8976294994354248, "y": 1.7322063446044922, "z": -1.6073511838912964}, "cornerPoints": [[0.948166012763977, 1.7963860034942627, -1.5568153858184814], [0.948166012763977, 1.7963860034942627, -1.6578869819641113], [0.948166012763977, 1.6680266857147217, -1.5568153858184814], [0.948166012763977, 1.6680266857147217, -1.6578869819641113], [0.8470929861068726, 1.7963860034942627, -1.5568153858184814], [0.8470929861068726, 1.7963860034942627, -1.6578869819641113], [0.8470929861068726, 1.6680266857147217, -1.5568153858184814], [0.8470929861068726, 1.6680266857147217, -1.6578869819641113]], "size": {"x": 0.10107302665710449, "y": 0.12835931777954102, "z": 0.10107159614562988}}, "breakable": false, "canBeUsedUp": false, "canFillWithLiquid": true, "controlledObjects": null, "cookable": false, "dirtyable": true, "distance": 1.8151615858078003, "fillLiquid": null, "isBroken": false, "isColdSource": false, "isCooked": false, "isDirty": false, "isFilledWithLiquid": false, "isHeatSource": false, "isInteractable": false, "isMoving": false, "isOpen": false, "isPickedUp": false, "isSliced": false, "isToggled": false, "isUsedUp": false, "mass": 0.4000000059604645, "moveable": false, "name": "Cup_bb2cfefd", "objectId": "Cup|+00.90|+01.67|-01.61", "objectOrientedBoundingBox": {"cornerPoints": [[0.9481683373451233, 1.668027639389038, -1.5568263530731201], [0.8470956683158875, 1.668025016784668, -1.5568277835845947], [0.8470971584320068, 1.6680339574813843, -1.657900094985962], [0.9481698274612427, 1.6680365800857544, -1.6578985452651978], [0.9481649994850159, 1.7963836193084717, -1.5568149089813232], [0.84709233045578, 1.7963809967041016, -1.5568164587020874], [0.8470938205718994, 1.7963899374008179, -1.657888650894165], [0.9481664896011353, 1.796392560005188, -1.6578872203826904]]}, "objectType": "Cup", "openable": false, "openness": 0.0, "parentReceptacles": ["Cabinet|+01.71|+02.02|-01.45"], "pickupable": true, "position": {"x": 0.8968402743339539, "y": 1.6681205034255981, "z": -1.6067391633987427}, "receptacle": true, "receptacleObjectIds": [], "rotation": {"x": 0.005217745900154114, "y": 0.00011497743253130466, "z": 359.9851379394531}, "salientMaterials": ["Plastic"], "sliceable": false, "temperature": "RoomTemp", "toggleable": false, "visible": false}, "DishSponge|-00.55|+00.92|-01.39": {"assetId": "Dish_Sponge_1", "axisAlignedBoundingBox": {"center": {"x": -0.5490002632141113, "y": 0.9130194187164307, "z": -1.3869999647140503}, "cornerPoints": [[-0.4824119806289673, 0.9260389804840088, -1.308444857597351], [-0.4824119806289673, 0.9260389804840088, -1.4655550718307495], [-0.4824119806289673, 0.8999998569488525, -1.308444857597351], [-0.4824119806289673, 0.8999998569488525, -1.4655550718307495], [-0.6155885457992554, 0.9260389804840088, -1.308444857597351], [-0.6155885457992554, 0.9260389804840088, -1.4655550718307495], [-0.6155885457992554, 0.8999998569488525, -1.308444857597351], [-0.6155885457992554, 0.8999998569488525, -1.4655550718307495]], "size": {"x": 0.13317656517028809, "y": 0.02603912353515625, "z": 0.15711021423339844}}, "breakable": false, "canBeUsedUp": false, "canFillWithLiquid": false, "controlledObjects": null, "cookable": false, "dirtyable": false, "distance": 2.2717185020446777, "fillLiquid": null, "isBroken": false, "isColdSource": false, "isCooked": false, "isDirty": false, "isFilledWithLiquid": false, "isHeatSource": false, "isInteractable": false, "isMoving": false, "isOpen": false, "isPickedUp": false, "isSliced": false, "isToggled": false, "isUsedUp": false, "mass": 0.029999997466802597, "moveable": false, "name": "DishSponge_846279b8", "objectId": "DishSponge|-00.55|+00.92|-01.39", "objectOrientedBoundingBox": {"cornerPoints": [[-0.6155885457992554, 0.9260388612747192, -1.345224142074585], [-0.5518848299980164, 0.9260388612747192, -1.3084449768066406], [-0.4824119806289673, 0.9260389804840088, -1.4287757873535156], [-0.5461156964302063, 0.9260389804840088, -1.46555495262146], [-0.6155885457992554, 0.8999998569488525, -1.345224142074585], [-0.5518848299980164, 0.8999998569488525, -1.3084449768066406], [-0.4824119806289673, 0.8999999761581421, -1.4287757873535156], [-0.5461156964302063, 0.8999999761581421, -1.4655550718307495]]}, "objectType": "DishSponge", "openable": false, "openness": 0.0, "parentReceptacles": ["CounterTop|+00.00|+00.95|-01.51"], "pickupable": true, "position": {"x": -0.5490002632141113, "y": 0.923947811126709, "z": -1.3869999647140503}, "receptacle": false, "receptacleObjectIds": null, "rotation": {"x": 8.394417250201514e-07, "y": 330.0000915527344, "z": 180.0000457763672}, "salientMaterials": ["Sponge"], "sliceable": false, "temperature": "RoomTemp", "toggleable": false, "visible": false}, "Drawer|+00.81|+00.48|-01.16": {"assetId": "", "axisAlignedBoundingBox": {"center": {"x": 0.7499853372573853, "y": 0.47489655017852783, "z": -1.2921459674835205}, "cornerPoints": [[0.9944148063659668, 0.8487579226493835, -1.1396784782409668], [0.9944148063659668, 0.8487579226493835, -1.4446134567260742], [0.9944148063659668, 0.10103517770767212, -1.1396784782409668], [0.9944148063659668, 0.10103517770767212, -1.4446134567260742], [0.5055558681488037, 0.8487579226493835, -1.1396784782409668], [0.5055558681488037, 0.8487579226493835, -1.4446134567260742], [0.5055558681488037, 0.10103517770767212, -1.1396784782409668], [0.5055558681488037, 0.10103517770767212, -1.4446134567260742]], "size": {"x": 0.4888589382171631, "y": 0.7477227449417114, "z": 0.3049349784851074}}, "breakable": false, "canBeUsedUp": false, "canFillWithLiquid": false, "controlledObjects": null, "cookable": false, "dirtyable": false, "distance": 1.313431978225708, "fillLiquid": null, "isBroken": false, "isColdSource": false, "isCooked": false, "isDirty": false, "isFilledWithLiquid": false, "isHeatSource": false, "isInteractable": false, "isMoving": false, "isOpen": false, "isPickedUp": false, "isSliced": false, "isToggled": false, "isUsedUp": false, "mass": 0.0, "moveable": false, "name": "Drawer_ada4d0ff", "objectId": "Drawer|+00.81|+00.48|-01.16", "objectOrientedBoundingBox": null, "objectType": "Drawer", "openable": true, "openness": 0.0, "parentReceptacles": null, "pickupable": false, "position": {"x": 0.8050000071525574, "y": 0.4750000238418579, "z": -1.159999966621399}, "receptacle": true, "receptacleObjectIds": [], "rotation": {"x": -0.0, "y": 0.0, "z": 0.0}, "salientMaterials": null, "sliceable": false, "temperature": "RoomTemp", "toggleable": false, "visible": false}, "Drawer|+01.50|+00.14|+00.60": {"assetId": "", "axisAlignedBoundingBox": {"center": {"x": 1.7092394828796387, "y": 0.14782315492630005, "z": 0.6003106832504272}, "cornerPoints": [[1.9387094974517822, 0.19406506419181824, 0.8976768851280212], [1.9387094974517822, 0.19406506419181824, 0.30294448137283325], [1.9387094974517822, 0.10158124566078186, 0.8976768851280212], [1.9387094974517822, 0.10158124566078186, 0.30294448137283325], [1.4797694683074951, 0.19406506419181824, 0.8976768851280212], [1.4797694683074951, 0.19406506419181824, 0.30294448137283325], [1.4797694683074951, 0.10158124566078186, 0.8976768851280212], [1.4797694683074951, 0.10158124566078186, 0.30294448137283325]], "size": {"x": 0.4589400291442871, "y": 0.09248381853103638, "z": 0.594732403755188}}, "breakable": false, "canBeUsedUp": false, "canFillWithLiquid": false, "controlledObjects": null, "cookable": false, "dirtyable": false, "distance": 1.0001405477523804, "fillLiquid": null, "isBroken": false, "isColdSource": false, "isCooked": false, "isDirty": false, "isFilledWithLiquid": false, "isHeatSource": false, "isInteractable": false, "isMoving": false, "isOpen": false, "isPickedUp": false, "isSliced": false, "isToggled": false, "isUsedUp": false, "mass": 0.0, "moveable": false, "name": "Drawer_ae5c1e11", "objectId": "Drawer|+01.50|+00.14|+00.60", "objectOrientedBoundingBox": null, "objectType": "Drawer", "openable": true, "openness": 0.0, "parentReceptacles": null, "pickupable": false, "position": {"x": 1.5, "y": 0.14079999923706055, "z": 0.5999000072479248}, "receptacle": true, "receptacleObjectIds": [], "rotation": {"x": -7.062251193751548e-30, "y": 270.0, "z": 0.0}, "salientMaterials": null, "sliceable": false, "temperature": "RoomTemp", "toggleable": false, "visible": false}, "Drawer|+01.50|+00.20|+01.22": {"assetId": "", "axisAlignedBoundingBox": {"center": {"x": 1.7104183435440063, "y": 0.2559528946876526, "z": 1.221160650253296}, "cornerPoints": [[1.9394199848175049, 0.4015847146511078, 1.520269751548767], [1.9394199848175049, 0.4015847146511078, 0.9220515489578247], [1.9394199848175049, 0.11032107472419739, 1.520269751548767], [1.9394199848175049, 0.11032107472419739, 0.9220515489578247], [1.4814167022705078, 0.4015847146511078, 1.520269751548767], [1.4814167022705078, 0.4015847146511078, 0.9220515489578247], [1.4814167022705078, 0.11032107472419739, 1.520269751548767], [1.4814167022705078, 0.11032107472419739, 0.9220515489578247]], "size": {"x": 0.45800328254699707, "y": 0.2912636399269104, "z": 0.5982182025909424}}, "breakable": false, "canBeUsedUp": false, "canFillWithLiquid": false, "controlledObjects": null, "cookable": false, "dirtyable": false, "distance": 1.4290895462036133, "fillLiquid": null, "isBroken": false, "isColdSource": false, "isCooked": false, "isDirty": false, "isFilledWithLiquid": false, "isHeatSource": false, "isInteractable": true, "isMoving": false, "isOpen": false, "isPickedUp": false, "isSliced": false, "isToggled": false, "isUsedUp": false, "mass": 0.0, "moveable": false, "name": "Drawer_c0f04d10", "objectId": "Drawer|+01.50|+00.20|+01.22", "objectOrientedBoundingBox": null, "objectType": "Drawer", "openable": true, "openness": 0.0, "parentReceptacles": null, "pickupable": false, "position": {"x": 1.5, "y": 0.20000000298023224, "z": 1.2200000286102295}, "receptacle": true, "receptacleObjectIds": [], "rotation": {"x": -0.0, "y": 0.0, "z": 0.0}, "salientMaterials": null, "sliceable": false, "temperature": "RoomTemp", "toggleable": false, "visible": true}, "Drawer|+01.50|+00.20|-00.02": {"assetId": "", "axisAlignedBoundingBox": {"center": {"x": 1.708338737487793, "y": 0.207323357462883, "z": -0.018300026655197144}, "cornerPoints": [[1.9376516342163086, 0.31769487261772156, 0.27199995517730713], [1.9376516342163086, 0.31769487261772156, -0.3086000084877014], [1.9376516342163086, 0.09695184230804443, 0.27199995517730713], [1.9376516342163086, 0.09695184230804443, -0.3086000084877014], [1.4790258407592773, 0.31769487261772156, 0.27199995517730713], [1.4790258407592773, 0.31769487261772156, -0.3086000084877014], [1.4790258407592773, 0.09695184230804443, 0.27199995517730713], [1.4790258407592773, 0.09695184230804443, -0.3086000084877014]], "size": {"x": 0.45862579345703125, "y": 0.22074303030967712, "z": 0.5805999636650085}}, "breakable": false, "canBeUsedUp": false, "canFillWithLiquid": false, "controlledObjects": null, "cookable": false, "dirtyable": false, "distance": 0.7478091716766357, "fillLiquid": null, "isBroken": false, "isColdSource": false, "isCooked": false, "isDirty": false, "isFilledWithLiquid": false, "isHeatSource": false, "isInteractable": false, "isMoving": false, "isOpen": false, "isPickedUp": false, "isSliced": false, "isToggled": false, "isUsedUp": false, "mass": 0.0, "moveable": false, "name": "Drawer_3973fc5f", "objectId": "Drawer|+01.50|+00.20|-00.02", "objectOrientedBoundingBox": null, "objectType": "Drawer", "openable": true, "openness": 0.0, "parentReceptacles": null, "pickupable": false, "position": {"x": 1.5, "y": 0.1965000033378601, "z": -0.019999999552965164}, "receptacle": true, "receptacleObjectIds": [], "rotation": {"x": -0.0, "y": 0.0, "z": 0.0}, "salientMaterials": null, "sliceable": false, "temperature": "RoomTemp", "toggleable": false, "visible": false}, "Drawer|+01.50|+00.31|+00.60": {"assetId": "", "axisAlignedBoundingBox": {"center": {"x": 1.708338737487793, "y": 0.3168233633041382, "z": 0.6017000675201416}, "cornerPoints": [[1.9376516342163086, 0.42719489336013794, 0.8920000791549683], [1.9376516342163086, 0.42719489336013794, 0.31140005588531494], [1.9376516342163086, 0.20645183324813843, 0.8920000791549683], [1.9376516342163086, 0.20645183324813843, 0.31140005588531494], [1.4790258407592773, 0.42719489336013794, 0.8920000791549683], [1.4790258407592773, 0.42719489336013794, 0.31140005588531494], [1.4790258407592773, 0.20645183324813843, 0.8920000791549683], [1.4790258407592773, 0.20645183324813843, 0.31140005588531494]], "size": {"x": 0.45862579345703125, "y": 0.2207430601119995, "z": 0.5806000232696533}}, "breakable": false, "canBeUsedUp": false, "canFillWithLiquid": false, "controlledObjects": null, "cookable": false, "dirtyable": false, "distance": 0.8812050223350525, "fillLiquid": null, "isBroken": false, "isColdSource": false, "isCooked": false, "isDirty": false, "isFilledWithLiquid": false, "isHeatSource": false, "isInteractable": false, "isMoving": false, "isOpen": false, "isPickedUp": false, "isSliced": false, "isToggled": false, "isUsedUp": false, "mass": 0.0, "moveable": false, "name": "Drawer_ee643389", "objectId": "Drawer|+01.50|+00.31|+00.60", "objectOrientedBoundingBox": null, "objectType": "Drawer", "openable": true, "openness": 0.0, "parentReceptacles": null, "pickupable": false, "position": {"x": 1.5, "y": 0.3059999942779541, "z": 0.6000000238418579}, "receptacle": true, "receptacleObjectIds": [], "rotation": {"x": -0.0, "y": 0.0, "z": 0.0}, "salientMaterials": null, "sliceable": false, "temperature": "RoomTemp", "toggleable": false, "visible": false}, "Drawer|+01.50|+00.43|-00.02": {"assetId": "", "axisAlignedBoundingBox": {"center": {"x": 1.708338737487793, "y": 0.44002336263656616, "z": -0.018300026655197144}, "cornerPoints": [[1.9376516342163086, 0.5503948926925659, 0.27199995517730713], [1.9376516342163086, 0.5503948926925659, -0.3086000084877014], [1.9376516342163086, 0.3296518325805664, 0.27199995517730713], [1.9376516342163086, 0.3296518325805664, -0.3086000084877014], [1.4790258407592773, 0.5503948926925659, 0.27199995517730713], [1.4790258407592773, 0.5503948926925659, -0.3086000084877014], [1.4790258407592773, 0.3296518325805664, 0.27199995517730713], [1.4790258407592773, 0.3296518325805664, -0.3086000084877014]], "size": {"x": 0.45862579345703125, "y": 0.2207430601119995, "z": 0.5805999636650085}}, "breakable": false, "canBeUsedUp": false, "canFillWithLiquid": false, "controlledObjects": null, "cookable": false, "dirtyable": false, "distance": 0.5343163013458252, "fillLiquid": null, "isBroken": false, "isColdSource": false, "isCooked": false, "isDirty": false, "isFilledWithLiquid": false, "isHeatSource": false, "isInteractable": false, "isMoving": false, "isOpen": false, "isPickedUp": false, "isSliced": false, "isToggled": false, "isUsedUp": false, "mass": 0.0, "moveable": false, "name": "Drawer_d7beddd4", "objectId": "Drawer|+01.50|+00.43|-00.02", "objectOrientedBoundingBox": null, "objectType": "Drawer", "openable": true, "openness": 0.0, "parentReceptacles": null, "pickupable": false, "position": {"x": 1.5, "y": 0.4291999936103821, "z": -0.019999999552965164}, "receptacle": true, "receptacleObjectIds": [], "rotation": {"x": -0.0, "y": 0.0, "z": 0.0}, "salientMaterials": null, "sliceable": false, "temperature": "RoomTemp", "toggleable": false, "visible": false}, "Drawer|+01.50|+00.52|+01.22": {"assetId": "", "axisAlignedBoundingBox": {"center": {"x": 1.7104183435440063, "y": 0.5759528875350952, "z": 1.221160650253296}, "cornerPoints": [[1.9394199848175049, 0.721584677696228, 1.520269751548767], [1.9394199848175049, 0.721584677696228, 0.9220515489578247], [1.9394199848175049, 0.4303210973739624, 1.520269751548767], [1.9394199848175049, 0.4303210973739624, 0.9220515489578247], [1.4814167022705078, 0.721584677696228, 1.520269751548767], [1.4814167022705078, 0.721584677696228, 0.9220515489578247], [1.4814167022705078, 0.4303210973739624, 1.520269751548767], [1.4814167022705078, 0.4303210973739624, 0.9220515489578247]], "size": {"x": 0.45800328254699707, "y": 0.2912635803222656, "z": 0.5982182025909424}}, "breakable": false, "canBeUsedUp": false, "canFillWithLiquid": false, "controlledObjects": null, "cookable": false, "dirtyable": false, "distance": 1.3023277521133423, "fillLiquid": null, "isBroken": false, "isColdSource": false, "isCooked": false, "isDirty": false, "isFilledWithLiquid": false, "isHeatSource": false, "isInteractable": true, "isMoving": false, "isOpen": false, "isPickedUp": false, "isSliced": false, "isToggled": false, "isUsedUp": false, "mass": 0.0, "moveable": false, "name": "Drawer_44d719df", "objectId": "Drawer|+01.50|+00.52|+01.22", "objectOrientedBoundingBox": null, "objectType": "Drawer", "openable": true, "openness": 0.0, "parentReceptacles": null, "pickupable": false, "position": {"x": 1.5, "y": 0.5199999809265137, "z": 1.2200000286102295}, "receptacle": true, "receptacleObjectIds": [], "rotation": {"x": -0.0, "y": 0.0, "z": 0.0}, "salientMaterials": null, "sliceable": false, "temperature": "RoomTemp", "toggleable": false, "visible": true}, "Drawer|+01.50|+00.54|+00.60": {"assetId": "", "axisAlignedBoundingBox": {"center": {"x": 1.708338737487793, "y": 0.5498233437538147, "z": 0.6017000675201416}, "cornerPoints": [[1.9376516342163086, 0.6601948738098145, 0.8920000791549683], [1.9376516342163086, 0.6601948738098145, 0.31140005588531494], [1.9376516342163086, 0.43945181369781494, 0.8920000791549683], [1.9376516342163086, 0.43945181369781494, 0.31140005588531494], [1.4790258407592773, 0.6601948738098145, 0.8920000791549683], [1.4790258407592773, 0.6601948738098145, 0.31140005588531494], [1.4790258407592773, 0.43945181369781494, 0.8920000791549683], [1.4790258407592773, 0.43945181369781494, 0.31140005588531494]], "size": {"x": 0.45862579345703125, "y": 0.2207430601119995, "z": 0.5806000232696533}}, "breakable": false, "canBeUsedUp": false, "canFillWithLiquid": false, "controlledObjects": null, "cookable": false, "dirtyable": false, "distance": 0.7440038323402405, "fillLiquid": null, "isBroken": false, "isColdSource": false, "isCooked": false, "isDirty": false, "isFilledWithLiquid": false, "isHeatSource": false, "isInteractable": false, "isMoving": false, "isOpen": false, "isPickedUp": false, "isSliced": false, "isToggled": false, "isUsedUp": false, "mass": 0.0, "moveable": false, "name": "Drawer_424043cf", "objectId": "Drawer|+01.50|+00.54|+00.60", "objectOrientedBoundingBox": null, "objectType": "Drawer", "openable": true, "openness": 0.0, "parentReceptacles": null, "pickupable": false, "position": {"x": 1.5, "y": 0.5389999747276306, "z": 0.6000000238418579}, "receptacle": true, "receptacleObjectIds": [], "rotation": {"x": -0.0, "y": 0.0, "z": 0.0}, "salientMaterials": null, "sliceable": false, "temperature": "RoomTemp", "toggleable": false, "visible": false}, "Drawer|+01.50|+00.60|-00.02": {"assetId": "", "axisAlignedBoundingBox": {"center": {"x": 1.7092394828796387, "y": 0.6100231409072876, "z": -0.01958930492401123}, "cornerPoints": [[1.9387094974517822, 0.6562650203704834, 0.2777767479419708], [1.9387094974517822, 0.6562650203704834, -0.3169553577899933], [1.9387094974517822, 0.5637812614440918, 0.2777767479419708], [1.9387094974517822, 0.5637812614440918, -0.3169553577899933], [1.4797694683074951, 0.6562650203704834, 0.2777767479419708], [1.4797694683074951, 0.6562650203704834, -0.3169553577899933], [1.4797694683074951, 0.5637812614440918, 0.2777767479419708], [1.4797694683074951, 0.5637812614440918, -0.3169553577899933]], "size": {"x": 0.4589400291442871, "y": 0.0924837589263916, "z": 0.5947321057319641}}, "breakable": false, "canBeUsedUp": false, "canFillWithLiquid": false, "controlledObjects": null, "cookable": false, "dirtyable": false, "distance": 0.38949063420295715, "fillLiquid": null, "isBroken": false, "isColdSource": false, "isCooked": false, "isDirty": false, "isFilledWithLiquid": false, "isHeatSource": false, "isInteractable": false, "isMoving": false, "isOpen": false, "isPickedUp": false, "isSliced": false, "isToggled": false, "isUsedUp": false, "mass": 0.0, "moveable": false, "name": "Drawer_1e9a9b91", "objectId": "Drawer|+01.50|+00.60|-00.02", "objectOrientedBoundingBox": null, "objectType": "Drawer", "openable": true, "openness": 0.0, "parentReceptacles": null, "pickupable": false, "position": {"x": 1.5, "y": 0.6029999852180481, "z": -0.019999999552965164}, "receptacle": true, "receptacleObjectIds": [], "rotation": {"x": -7.062251193751548e-30, "y": 270.0, "z": 0.0}, "salientMaterials": null, "sliceable": false, "temperature": "RoomTemp", "toggleable": false, "visible": false}, "Drawer|+01.50|+00.63|+00.61": {"assetId": "", "axisAlignedBoundingBox": {"center": {"x": 1.713001012802124, "y": 0.7551000118255615, "z": 0.6036773920059204}, "cornerPoints": [[1.940471887588501, 0.8377782106399536, 0.9014052748680115], [1.940471887588501, 0.8377782106399536, 0.30594950914382935], [1.940471887588501, 0.6724218130111694, 0.9014052748680115], [1.940471887588501, 0.6724218130111694, 0.30594950914382935], [1.485530138015747, 0.8377782106399536, 0.9014052748680115], [1.485530138015747, 0.8377782106399536, 0.30594950914382935], [1.485530138015747, 0.6724218130111694, 0.9014052748680115], [1.485530138015747, 0.6724218130111694, 0.30594950914382935]], "size": {"x": 0.4549417495727539, "y": 0.16535639762878418, "z": 0.5954557657241821}}, "breakable": false, "canBeUsedUp": false, "canFillWithLiquid": false, "controlledObjects": null, "cookable": false, "dirtyable": false, "distance": 0.708579421043396, "fillLiquid": null, "isBroken": false, "isColdSource": false, "isCooked": false, "isDirty": false, "isFilledWithLiquid": false, "isHeatSource": false, "isInteractable": true, "isMoving": false, "isOpen": false, "isPickedUp": false, "isSliced": false, "isToggled": false, "isUsedUp": false, "mass": 0.0, "moveable": false, "name": "Drawer_0f0979ed", "objectId": "Drawer|+01.50|+00.63|+00.61", "objectOrientedBoundingBox": null, "objectType": "Drawer", "openable": true, "openness": 0.0, "parentReceptacles": null, "pickupable": false, "position": {"x": 1.5, "y": 0.6299999952316284, "z": 0.6050999760627747}, "receptacle": true, "receptacleObjectIds": [], "rotation": {"x": -0.0, "y": 0.0, "z": 0.0}, "salientMaterials": null, "sliceable": false, "temperature": "RoomTemp", "toggleable": false, "visible": true}, "Drawer|+01.50|+00.63|-00.02": {"assetId": "", "axisAlignedBoundingBox": {"center": {"x": 1.713001012802124, "y": 0.7551000118255615, "z": -0.02042260766029358}, "cornerPoints": [[1.940471887588501, 0.8377782106399536, 0.2773052752017975], [1.940471887588501, 0.8377782106399536, -0.31815049052238464], [1.940471887588501, 0.6724218130111694, 0.2773052752017975], [1.940471887588501, 0.6724218130111694, -0.31815049052238464], [1.485530138015747, 0.8377782106399536, 0.2773052752017975], [1.485530138015747, 0.8377782106399536, -0.31815049052238464], [1.485530138015747, 0.6724218130111694, 0.2773052752017975], [1.485530138015747, 0.6724218130111694, -0.31815049052238464]], "size": {"x": 0.4549417495727539, "y": 0.16535639762878418, "z": 0.5954557657241821}}, "breakable": false, "canBeUsedUp": false, "canFillWithLiquid": false, "controlledObjects": null, "cookable": false, "dirtyable": false, "distance": 0.36918962001800537, "fillLiquid": null, "isBroken": false, "isColdSource": false, "isCooked": false, "isDirty": false, "isFilledWithLiquid": false, "isHeatSource": false, "isInteractable": false, "isMoving": false, "isOpen": false, "isPickedUp": false, "isSliced": false, "isToggled": false, "isUsedUp": false, "mass": 0.0, "moveable": false, "name": "Drawer_e9f533ba", "objectId": "Drawer|+01.50|+00.63|-00.02", "objectOrientedBoundingBox": null, "objectType": "Drawer", "openable": true, "openness": 0.0, "parentReceptacles": null, "pickupable": false, "position": {"x": 1.5, "y": 0.6299999952316284, "z": -0.01899999938905239}, "receptacle": true, "receptacleObjectIds": ["ButterKnife|+01.67|+00.69|-00.11"], "rotation": {"x": -0.0, "y": 0.0, "z": 0.0}, "salientMaterials": null, "sliceable": false, "temperature": "RoomTemp", "toggleable": false, "visible": false}, "Drawer|+01.50|+00.78|+01.22": {"assetId": "", "axisAlignedBoundingBox": {"center": {"x": 1.7092394828796387, "y": 0.7896231412887573, "z": 1.220410704612732}, "cornerPoints": [[1.9387094974517822, 0.8358650207519531, 1.5177769660949707], [1.9387094974517822, 0.8358650207519531, 0.9230444431304932], [1.9387094974517822, 0.7433812618255615, 1.5177769660949707], [1.9387094974517822, 0.7433812618255615, 0.9230444431304932], [1.4797694683074951, 0.8358650207519531, 1.5177769660949707], [1.4797694683074951, 0.8358650207519531, 0.9230444431304932], [1.4797694683074951, 0.7433812618255615, 1.5177769660949707], [1.4797694683074951, 0.7433812618255615, 0.9230444431304932]], "size": {"x": 0.4589400291442871, "y": 0.0924837589263916, "z": 0.5947325229644775}}, "breakable": false, "canBeUsedUp": false, "canFillWithLiquid": false, "controlledObjects": null, "cookable": false, "dirtyable": false, "distance": 1.2509658336639404, "fillLiquid": null, "isBroken": false, "isColdSource": false, "isCooked": false, "isDirty": false, "isFilledWithLiquid": false, "isHeatSource": false, "isInteractable": false, "isMoving": false, "isOpen": false, "isPickedUp": false, "isSliced": false, "isToggled": false, "isUsedUp": false, "mass": 0.0, "moveable": false, "name": "Drawer_2b94e84f", "objectId": "Drawer|+01.50|+00.78|+01.22", "objectOrientedBoundingBox": null, "objectType": "Drawer", "openable": true, "openness": 0.0, "parentReceptacles": null, "pickupable": false, "position": {"x": 1.5, "y": 0.7825999855995178, "z": 1.2200000286102295}, "receptacle": true, "receptacleObjectIds": [], "rotation": {"x": -7.062251193751548e-30, "y": 270.0, "z": 0.0}, "salientMaterials": null, "sliceable": false, "temperature": "RoomTemp", "toggleable": false, "visible": false}, "Drawer|-00.70|+00.48|-01.16": {"assetId": "", "axisAlignedBoundingBox": {"center": {"x": -0.7515146732330322, "y": 0.47489655017852783, "z": -1.2921459674835205}, "cornerPoints": [[-0.5070852041244507, 0.8487579226493835, -1.1396784782409668], [-0.5070852041244507, 0.8487579226493835, -1.4446134567260742], [-0.5070852041244507, 0.10103517770767212, -1.1396784782409668], [-0.5070852041244507, 0.10103517770767212, -1.4446134567260742], [-0.9959441423416138, 0.8487579226493835, -1.1396784782409668], [-0.9959441423416138, 0.8487579226493835, -1.4446134567260742], [-0.9959441423416138, 0.10103517770767212, -1.1396784782409668], [-0.9959441423416138, 0.10103517770767212, -1.4446134567260742]], "size": {"x": 0.4888589382171631, "y": 0.7477227449417114, "z": 0.3049349784851074}}, "breakable": false, "canBeUsedUp": false, "canFillWithLiquid": false, "controlledObjects": null, "cookable": false, "dirtyable": false, "distance": 2.305633306503296, "fillLiquid": null, "isBroken": false, "isColdSource": false, "isCooked": false, "isDirty": false, "isFilledWithLiquid": false, "isHeatSource": false, "isInteractable": false, "isMoving": false, "isOpen": false, "isPickedUp": false, "isSliced": false, "isToggled": false, "isUsedUp": false, "mass": 0.0, "moveable": false, "name": "Drawer_49dc10c8", "objectId": "Drawer|-00.70|+00.48|-01.16", "objectOrientedBoundingBox": null, "objectType": "Drawer", "openable": true, "openness": 0.0, "parentReceptacles": null, "pickupable": false, "position": {"x": -0.6965000033378601, "y": 0.4750000238418579, "z": -1.159999966621399}, "receptacle": true, "receptacleObjectIds": [], "rotation": {"x": -0.0, "y": 0.0, "z": 0.0}, "salientMaterials": null, "sliceable": false, "temperature": "RoomTemp", "toggleable": false, "visible": false}, "Egg|+00.13|+00.95|-00.17": {"assetId": "Egg_2", "axisAlignedBoundingBox": {"center": {"x": 0.13451409339904785, "y": 0.954972505569458, "z": -0.16905932128429413}, "cornerPoints": [[0.1904989331960678, 0.9949460029602051, -0.12899769842624664], [0.1904989331960678, 0.9949460029602051, -0.2091209441423416], [0.1904989331960678, 0.9149990081787109, -0.12899769842624664], [0.1904989331960678, 0.9149990081787109, -0.2091209441423416], [0.0785292536020279, 0.9949460029602051, -0.12899769842624664], [0.0785292536020279, 0.9949460029602051, -0.2091209441423416], [0.0785292536020279, 0.9149990081787109, -0.12899769842624664], [0.0785292536020279, 0.9149990081787109, -0.2091209441423416]], "size": {"x": 0.11196967959403992, "y": 0.07994699478149414, "z": 0.08012324571609497}}, "breakable": true, "canBeUsedUp": false, "canFillWithLiquid": false, "controlledObjects": null, "cookable": false, "dirtyable": false, "distance": 1.1295052766799927, "fillLiquid": null, "isBroken": false, "isColdSource": false, "isCooked": false, "isDirty": false, "isFilledWithLiquid": false, "isHeatSource": false, "isInteractable": false, "isMoving": false, "isOpen": false, "isPickedUp": false, "isSliced": false, "isToggled": false, "isUsedUp": false, "mass": 0.054999999701976776, "moveable": false, "name": "Egg_3f59b271", "objectId": "Egg|+00.13|+00.95|-00.17", "objectOrientedBoundingBox": {"cornerPoints": [[0.07865041494369507, 0.9111834764480591, -0.1327880173921585], [0.07868917286396027, 0.9907264113426208, -0.12480401992797852], [0.07840964943170547, 0.9987465143203735, -0.2047051638364792], [0.07837089151144028, 0.919203519821167, -0.21268916130065918], [0.1906195878982544, 0.9111683964729309, -0.13318124413490295], [0.1906583458185196, 0.9907113313674927, -0.12519723176956177], [0.1903788149356842, 0.9987314343452454, -0.20509837567806244], [0.1903400719165802, 0.9191884398460388, -0.21308238804340363]]}, "objectType": "Egg", "openable": false, "openness": 0.0, "parentReceptacles": ["CounterTop|-00.02|+00.96|+00.51"], "pickupable": true, "position": {"x": 0.13453029096126556, "y": 0.954975962638855, "z": -0.16909387707710266}, "receptacle": false, "receptacleObjectIds": null, "rotation": {"x": 5.731236457824707, "y": 0.19819983839988708, "z": 269.96966552734375}, "salientMaterials": ["Food"], "sliceable": true, "temperature": "RoomTemp", "toggleable": false, "visible": false}, "Faucet|+00.00|+00.91|-01.68": {"assetId": "Kitchen_Faucet_1", "axisAlignedBoundingBox": {"center": {"x": 0.04275196045637131, "y": 1.0680077075958252, "z": -1.5997813940048218}, "cornerPoints": [[0.13382172584533691, 1.236792802810669, -1.49800705909729], [0.13382172584533691, 1.236792802810669, -1.7015557289123535], [0.13382172584533691, 0.8992226123809814, -1.49800705909729], [0.13382172584533691, 0.8992226123809814, -1.7015557289123535], [-0.048317812383174896, 1.236792802810669, -1.49800705909729], [-0.048317812383174896, 1.236792802810669, -1.7015557289123535], [-0.048317812383174896, 0.8992226123809814, -1.49800705909729], [-0.048317812383174896, 0.8992226123809814, -1.7015557289123535]], "size": {"x": 0.1821395456790924, "y": 0.3375701904296875, "z": 0.20354866981506348}}, "breakable": false, "canBeUsedUp": false, "canFillWithLiquid": false, "controlledObjects": [], "cookable": false, "dirtyable": false, "distance": 2.0952274799346924, "fillLiquid": null, "isBroken": false, "isColdSource": false, "isCooked": false, "isDirty": false, "isFilledWithLiquid": false, "isHeatSource": false, "isInteractable": false, "isMoving": false, "isOpen": false, "isPickedUp": false, "isSliced": false, "isToggled": false, "isUsedUp": false, "mass": 0.0, "moveable": false, "name": "Faucet_ab2bbf59", "objectId": "Faucet|+00.00|+00.91|-01.68", "objectOrientedBoundingBox": null, "objectType": "Faucet", "openable": false, "openness": 0.0, "parentReceptacles": null, "pickupable": false, "position": {"x": 0.0, "y": 0.9064000248908997, "z": -1.68149995803833}, "receptacle": false, "receptacleObjectIds": null, "rotation": {"x": -0.0, "y": -5.4641506721964106e-05, "z": 0.0}, "salientMaterials": null, "sliceable": false, "temperature": "RoomTemp", "toggleable": true, "visible": false}, "Floor|+00.00|+00.00|+00.00": {"assetId": "", "axisAlignedBoundingBox": {"center": {"x": -0.40000009536743164, "y": -0.04999999701976776, "z": 1.0}, "cornerPoints": [[2.5, 0.0, 4.0], [2.5, 0.0, -2.0], [2.5, -0.09999999403953552, 4.0], [2.5, -0.09999999403953552, -2.0], [-3.3000001907348633, 0.0, 4.0], [-3.3000001907348633, 0.0, -2.0], [-3.3000001907348633, -0.09999999403953552, 4.0], [-3.3000001907348633, -0.09999999403953552, -2.0]], "size": {"x": 5.800000190734863, "y": 0.09999999403953552, "z": 6.0}}, "breakable": false, "canBeUsedUp": false, "canFillWithLiquid": false, "controlledObjects": null, "cookable": false, "dirtyable": false, "distance": 1.540877342224121, "fillLiquid": null, "isBroken": false, "isColdSource": false, "isCooked": false, "isDirty": false, "isFilledWithLiquid": false, "isHeatSource": false, "isInteractable": true, "isMoving": false, "isOpen": false, "isPickedUp": false, "isSliced": false, "isToggled": false, "isUsedUp": false, "mass": 1.0, "moveable": false, "name": "Floor_bbd4574e", "objectId": "Floor|+00.00|+00.00|+00.00", "objectOrientedBoundingBox": null, "objectType": "Floor", "openable": false, "openness": 0.0, "parentReceptacles": null, "pickupable": false, "position": {"x": 0.0, "y": 0.0, "z": 0.0}, "receptacle": true, "receptacleObjectIds": ["Chair|00.00|+00.00|+01.24", "GarbageCan|-01.80|+00.01|+01.33", "Fridge|-01.76|+00.00|00.00", "Cabinet|+00.41|+00.48|+00.45"], "rotation": {"x": -0.0, "y": 0.0, "z": 0.0}, "salientMaterials": ["Ceramic"], "sliceable": false, "temperature": "Cold", "toggleable": false, "visible": true}, "Fork|+01.69|+00.90|+01.45": {"assetId": "Fork_1", "axisAlignedBoundingBox": {"center": {"x": 1.6928476095199585, "y": 0.910115659236908, "z": 1.4259589910507202}, "cornerPoints": [[1.7100523710250854, 0.9202913641929626, 1.5500013828277588], [1.7100523710250854, 0.9202913641929626, 1.3019165992736816], [1.7100523710250854, 0.8999399542808533, 1.5500013828277588], [1.7100523710250854, 0.8999399542808533, 1.3019165992736816], [1.6756428480148315, 0.9202913641929626, 1.5500013828277588], [1.6756428480148315, 0.9202913641929626, 1.3019165992736816], [1.6756428480148315, 0.8999399542808533, 1.5500013828277588], [1.6756428480148315, 0.8999399542808533, 1.3019165992736816]], "size": {"x": 0.034409523010253906, "y": 0.020351409912109375, "z": 0.24808478355407715}}, "breakable": false, "canBeUsedUp": false, "canFillWithLiquid": false, "controlledObjects": null, "cookable": false, "dirtyable": false, "distance": 1.5145388841629028, "fillLiquid": null, "isBroken": false, "isColdSource": false, "isCooked": false, "isDirty": false, "isFilledWithLiquid": false, "isHeatSource": false, "isInteractable": true, "isMoving": false, "isOpen": false, "isPickedUp": false, "isSliced": false, "isToggled": false, "isUsedUp": false, "mass": 0.03999999910593033, "moveable": false, "name": "Fork_40ceb846", "objectId": "Fork|+01.69|+00.90|+01.45", "objectOrientedBoundingBox": {"cornerPoints": [[1.7090684175491333, 0.8987158536911011, 1.5499153137207031], [1.675657868385315, 0.8986878991127014, 1.5494664907455444], [1.678983449935913, 0.8999828696250916, 1.301814079284668], [1.7123939990997314, 0.9000108242034912, 1.3022629022598267], [1.709048867225647, 0.9202834963798523, 1.550027847290039], [1.675638198852539, 0.9202555418014526, 1.5495790243148804], [1.6789637804031372, 0.9215505123138428, 1.301926612854004], [1.7123744487762451, 0.9215784668922424, 1.3023754358291626]]}, "objectType": "Fork", "openable": false, "openness": 0.0, "parentReceptacles": ["CounterTop|+00.00|+00.95|-01.51"], "pickupable": true, "position": {"x": 1.6937183141708374, "y": 0.9017397165298462, "z": 1.4480834007263184}, "receptacle": false, "receptacleObjectIds": null, "rotation": {"x": 0.3015574514865875, "y": 359.2322692871094, "z": 0.16502028703689575}, "salientMaterials": ["Metal"], "sliceable": false, "temperature": "RoomTemp", "toggleable": false, "visible": true}, "Fridge|-01.76|+00.00|00.00": {"assetId": "Fridge_2", "axisAlignedBoundingBox": {"center": {"x": -1.7403756380081177, "y": 0.9017434120178223, "z": -0.0006968677043914795}, "cornerPoints": [[-1.381410837173462, 1.810964822769165, 0.43430620431900024], [-1.381410837173462, 1.810964822769165, -0.4356999397277832], [-1.381410837173462, -0.007477998733520508, 0.43430620431900024], [-1.381410837173462, -0.007477998733520508, -0.4356999397277832], [-2.0993404388427734, 1.810964822769165, 0.43430620431900024], [-2.0993404388427734, 1.810964822769165, -0.4356999397277832], [-2.0993404388427734, -0.007477998733520508, 0.43430620431900024], [-2.0993404388427734, -0.007477998733520508, -0.4356999397277832]], "size": {"x": 0.7179296016693115, "y": 1.8184428215026855, "z": 0.8700061440467834}}, "breakable": false, "canBeUsedUp": false, "canFillWithLiquid": false, "controlledObjects": null, "cookable": false, "dirtyable": false, "distance": 3.145791530609131, "fillLiquid": null, "isBroken": false, "isColdSource": true, "isCooked": false, "isDirty": false, "isFilledWithLiquid": false, "isHeatSource": false, "isInteractable": false, "isMoving": false, "isOpen": false, "isPickedUp": false, "isSliced": false, "isToggled": false, "isUsedUp": false, "mass": 0.0, "moveable": false, "name": "Fridge_0c8b2aac", "objectId": "Fridge|-01.76|+00.00|00.00", "objectOrientedBoundingBox": null, "objectType": "Fridge", "openable": true, "openness": 0.0, "parentReceptacles": ["Floor|+00.00|+00.00|+00.00"], "pickupable": false, "position": {"x": -1.7640000581741333, "y": 0.0, "z": -0.0010000000474974513}, "receptacle": true, "receptacleObjectIds": ["Lettuce|-01.71|+00.82|-00.14", "Apple|-01.65|+00.81|+00.07"], "rotation": {"x": -0.0, "y": 90.0, "z": -0.0}, "salientMaterials": null, "sliceable": false, "temperature": "RoomTemp", "toggleable": false, "visible": false}, "GarbageCan|-01.80|+00.01|+01.33": {"assetId": "bin_2", "axisAlignedBoundingBox": {"center": {"x": -1.8106837272644043, "y": 0.26133713126182556, "z": 1.3391823768615723}, "cornerPoints": [[-1.574711799621582, 0.5227003693580627, 1.6783759593963623], [-1.574711799621582, 0.5227003693580627, 0.9999887943267822], [-1.574711799621582, -2.6106834411621094e-05, 1.6783759593963623], [-1.574711799621582, -2.6106834411621094e-05, 0.9999887943267822], [-2.0466556549072266, 0.5227003693580627, 1.6783759593963623], [-2.0466556549072266, 0.5227003693580627, 0.9999887943267822], [-2.0466556549072266, -2.6106834411621094e-05, 1.6783759593963623], [-2.0466556549072266, -2.6106834411621094e-05, 0.9999887943267822]], "size": {"x": 0.47194385528564453, "y": 0.5227264761924744, "z": 0.6783871650695801}}, "breakable": false, "canBeUsedUp": false, "canFillWithLiquid": false, "controlledObjects": null, "cookable": false, "dirtyable": false, "distance": 3.441422462463379, "fillLiquid": null, "isBroken": false, "isColdSource": false, "isCooked": false, "isDirty": false, "isFilledWithLiquid": false, "isHeatSource": false, "isInteractable": false, "isMoving": false, "isOpen": false, "isPickedUp": false, "isSliced": false, "isToggled": false, "isUsedUp": false, "mass": 0.699999988079071, "moveable": true, "name": "GarbageCan_6027cab7", "objectId": "GarbageCan|-01.80|+00.01|+01.33", "objectOrientedBoundingBox": {"cornerPoints": [[-2.0401089191436768, -0.009131316095590591, 1.6636887788772583], [-2.040191888809204, 0.010987586341798306, 0.9854239225387573], [-1.568276286125183, 0.017223414033651352, 0.985551118850708], [-1.5681933164596558, -0.002895488403737545, 1.663815975189209], [-2.04683780670166, 0.49979740381240845, 1.6787855625152588], [-2.0469207763671875, 0.519916296005249, 1.0005207061767578], [-1.575005292892456, 0.5261521339416504, 1.000648021697998], [-1.5749223232269287, 0.5060332417488098, 1.678912878036499]]}, "objectType": "GarbageCan", "openable": false, "openness": 0.0, "parentReceptacles": ["Floor|+00.00|+00.00|+00.00"], "pickupable": false, "position": {"x": -1.7960394620895386, "y": 0.009188339114189148, "z": 1.3303005695343018}, "receptacle": true, "receptacleObjectIds": [], "rotation": {"x": 0.7537040114402771, "y": 269.9890441894531, "z": 358.2998352050781}, "salientMaterials": ["Plastic"], "sliceable": false, "temperature": "RoomTemp", "toggleable": false, "visible": false}, "Kettle|+01.68|+00.90|+00.09": {"assetId": "Kettle_1", "axisAlignedBoundingBox": {"center": {"x": 1.7649999856948853, "y": 1.0272819995880127, "z": 0.598488450050354}, "cornerPoints": [[1.8633975982666016, 1.120643138885498, 0.7029229402542114], [1.8633975982666016, 1.120643138885498, 0.4940539598464966], [1.8633975982666016, 0.9339208602905273, 0.7029229402542114], [1.8633975982666016, 0.9339208602905273, 0.4940539598464966], [1.666602373123169, 1.120643138885498, 0.7029229402542114], [1.666602373123169, 1.120643138885498, 0.4940539598464966], [1.666602373123169, 0.9339208602905273, 0.7029229402542114], [1.666602373123169, 0.9339208602905273, 0.4940539598464966]], "size": {"x": 0.19679522514343262, "y": 0.1867222785949707, "z": 0.20886898040771484}}, "breakable": false, "canBeUsedUp": false, "canFillWithLiquid": true, "controlledObjects": null, "cookable": false, "dirtyable": false, "distance": 0.792726993560791, "fillLiquid": null, "isBroken": false, "isColdSource": false, "isCooked": false, "isDirty": false, "isFilledWithLiquid": false, "isHeatSource": false, "isInteractable": true, "isMoving": false, "isOpen": false, "isPickedUp": false, "isSliced": false, "isToggled": false, "isUsedUp": false, "mass": 0.800000011920929, "moveable": false, "name": "Kettle_fbe2db4a", "objectId": "Kettle|+01.68|+00.90|+00.09", "objectOrientedBoundingBox": {"cornerPoints": [[1.6666022539138794, 0.9339209198951721, 0.49405452609062195], [1.8633970022201538, 0.9339209198951721, 0.49405384063720703], [1.8633977174758911, 0.9339209198951721, 0.7029224038124084], [1.6666029691696167, 0.9339209198951721, 0.7029231190681458], [1.6666022539138794, 1.1206430196762085, 0.49405452609062195], [1.8633970022201538, 1.1206430196762085, 0.49405384063720703], [1.8633977174758911, 1.1206430196762085, 0.7029224038124084], [1.6666029691696167, 1.1206430196762085, 0.7029231190681458]]}, "objectType": "Kettle", "openable": true, "openness": 0.0, "parentReceptacles": ["StoveBurner|+01.77|+00.90|+00.60"], "pickupable": true, "position": {"x": 1.7649999856948853, "y": 0.9383000135421753, "z": 0.6015000343322754}, "receptacle": false, "receptacleObjectIds": null, "rotation": {"x": -0.0, "y": 180.00021362304688, "z": 0.0}, "salientMaterials": ["Metal", "Plastic"], "sliceable": false, "temperature": "RoomTemp", "toggleable": false, "visible": true}, "Knife|+00.60|+00.91|-01.44": {"assetId": "Knife_2", "axisAlignedBoundingBox": {"center": {"x": 0.3214951455593109, "y": 0.9450656175613403, "z": 0.7815365791320801}, "cornerPoints": [[0.3284228444099426, 0.969531238079071, 0.9495006799697876], [0.3284228444099426, 0.969531238079071, 0.6135724782943726], [0.3284228444099426, 0.9205999970436096, 0.9495006799697876], [0.3284228444099426, 0.9205999970436096, 0.6135724782943726], [0.3145674467086792, 0.969531238079071, 0.9495006799697876], [0.3145674467086792, 0.969531238079071, 0.6135724782943726], [0.3145674467086792, 0.9205999970436096, 0.9495006799697876], [0.3145674467086792, 0.9205999970436096, 0.6135724782943726]], "size": {"x": 0.013855397701263428, "y": 0.048931241035461426, "z": 0.33592814207077026}}, "breakable": false, "canBeUsedUp": false, "canFillWithLiquid": false, "controlledObjects": null, "cookable": false, "dirtyable": false, "distance": 1.186987042427063, "fillLiquid": null, "isBroken": false, "isColdSource": false, "isCooked": false, "isDirty": false, "isFilledWithLiquid": false, "isHeatSource": false, "isInteractable": false, "isMoving": false, "isOpen": false, "isPickedUp": false, "isSliced": false, "isToggled": false, "isUsedUp": false, "mass": 0.18000000715255737, "moveable": false, "name": "Knife_32559729", "objectId": "Knife|+00.60|+00.91|-01.44", "objectOrientedBoundingBox": {"cornerPoints": [[0.32842278480529785, 0.9205999970436096, 0.949500560760498], [0.3145674169063568, 0.9205999970436096, 0.949500560760498], [0.314567506313324, 0.9205999970436096, 0.6135724782943726], [0.328422874212265, 0.9205999970436096, 0.6135724782943726], [0.32842278480529785, 0.969531238079071, 0.949500560760498], [0.3145674169063568, 0.969531238079071, 0.949500560760498], [0.314567506313324, 0.969531238079071, 0.6135724782943726], [0.328422874212265, 0.969531238079071, 0.6135724782943726]]}, "objectType": "Knife", "openable": false, "openness": 0.0, "parentReceptacles": ["CounterTop|-00.02|+00.96|+00.51"], "pickupable": true, "position": {"x": 0.32148152589797974, "y": 0.9456998109817505, "z": 0.738100528717041}, "receptacle": false, "receptacleObjectIds": null, "rotation": {"x": -0.0, "y": -1.366037849948043e-05, "z": 0.0}, "salientMaterials": ["Metal", "Plastic"], "sliceable": false, "temperature": "RoomTemp", "toggleable": false, "visible": false}, "Ladle|+01.79|+00.93|+01.13": {"assetId": "Ladle_3", "axisAlignedBoundingBox": {"center": {"x": 1.7952176332473755, "y": 0.9277766942977905, "z": 1.1368460655212402}, "cornerPoints": [[1.883819341659546, 0.9559330940246582, 1.253312110900879], [1.883819341659546, 0.9559330940246582, 1.0203800201416016], [1.883819341659546, 0.8996202945709229, 1.253312110900879], [1.883819341659546, 0.8996202945709229, 1.0203800201416016], [1.706615924835205, 0.9559330940246582, 1.253312110900879], [1.706615924835205, 0.9559330940246582, 1.0203800201416016], [1.706615924835205, 0.8996202945709229, 1.253312110900879], [1.706615924835205, 0.8996202945709229, 1.0203800201416016]], "size": {"x": 0.17720341682434082, "y": 0.05631279945373535, "z": 0.23293209075927734}}, "breakable": false, "canBeUsedUp": false, "canFillWithLiquid": false, "controlledObjects": null, "cookable": false, "dirtyable": false, "distance": 1.2504589557647705, "fillLiquid": null, "isBroken": false, "isColdSource": false, "isCooked": false, "isDirty": false, "isFilledWithLiquid": false, "isHeatSource": false, "isInteractable": true, "isMoving": false, "isOpen": false, "isPickedUp": false, "isSliced": false, "isToggled": false, "isUsedUp": false, "mass": 0.07999999821186066, "moveable": false, "name": "Ladle_24291006", "objectId": "Ladle|+01.79|+00.93|+01.13", "objectOrientedBoundingBox": {"cornerPoints": [[1.9034302234649658, 0.9117456078529358, 1.2255042791366577], [1.8286192417144775, 0.9140814542770386, 1.2763310670852661], [1.6813936233520508, 0.8536202311515808, 1.0624110698699951], [1.756204605102539, 0.851284384727478, 1.0115842819213867], [1.897140383720398, 0.9691518545150757, 1.2136081457138062], [1.8223292827606201, 0.9714876413345337, 1.2644349336624146], [1.6751036643981934, 0.9110264778137207, 1.0505149364471436], [1.7499147653579712, 0.9086906313896179, 0.9996880888938904]]}, "objectType": "Ladle", "openable": false, "openness": 0.0, "parentReceptacles": ["CounterTop|+00.00|+00.95|-01.51"], "pickupable": true, "position": {"x": 1.7857903242111206, "y": 0.9266914129257202, "z": 1.1295661926269531}, "receptacle": false, "receptacleObjectIds": null, "rotation": {"x": 346.90472412109375, "y": 34.57090377807617, "z": 358.3304748535156}, "salientMaterials": ["Metal", "Plastic"], "sliceable": false, "temperature": "RoomTemp", "toggleable": false, "visible": true}, "Lettuce|-01.71|+00.82|-00.14": {"assetId": "Lettuce_2", "axisAlignedBoundingBox": {"center": {"x": -1.7089605331420898, "y": 0.8219245076179504, "z": -0.14161846041679382}, "cornerPoints": [[-1.6065503358840942, 0.8910693526268005, -0.05244675278663635], [-1.6065503358840942, 0.8910693526268005, -0.2307901680469513], [-1.6065503358840942, 0.7527796626091003, -0.05244675278663635], [-1.6065503358840942, 0.7527796626091003, -0.2307901680469513], [-1.8113707304000854, 0.8910693526268005, -0.05244675278663635], [-1.8113707304000854, 0.8910693526268005, -0.2307901680469513], [-1.8113707304000854, 0.7527796626091003, -0.05244675278663635], [-1.8113707304000854, 0.7527796626091003, -0.2307901680469513]], "size": {"x": 0.2048203945159912, "y": 0.1382896900177002, "z": 0.17834341526031494}}, "breakable": false, "canBeUsedUp": false, "canFillWithLiquid": false, "controlledObjects": null, "cookable": false, "dirtyable": false, "distance": 2.9662134647369385, "fillLiquid": null, "isBroken": false, "isColdSource": false, "isCooked": false, "isDirty": false, "isFilledWithLiquid": false, "isHeatSource": false, "isInteractable": false, "isMoving": false, "isOpen": false, "isPickedUp": false, "isSliced": false, "isToggled": false, "isUsedUp": false, "mass": 0.4699999988079071, "moveable": false, "name": "Lettuce_e4c06bf0", "objectId": "Lettuce|-01.71|+00.82|-00.14", "objectOrientedBoundingBox": {"cornerPoints": [[-1.7631431818008423, 0.7528180480003357, -0.01640966534614563], [-1.8421945571899414, 0.7527512311935425, -0.12987591326236725], [-1.6584696769714355, 0.7527438998222351, -0.25787603855133057], [-1.5794183015823364, 0.7528107166290283, -0.14440979063510895], [-1.763177752494812, 0.8911066055297852, -0.016467072069644928], [-1.8422290086746216, 0.8910398483276367, -0.12993332743644714], [-1.6585041284561157, 0.8910325169563293, -0.25793343782424927], [-1.5794527530670166, 0.8910993337631226, -0.14446720480918884]]}, "objectType": "Lettuce", "openable": false, "openness": 0.0, "parentReceptacles": ["Fridge|-01.76|+00.00|00.00"], "pickupable": true, "position": {"x": -1.7119662761688232, "y": 0.8199281692504883, "z": -0.13637524843215942}, "receptacle": false, "receptacleObjectIds": null, "rotation": {"x": 359.9936218261719, "y": 304.8647766113281, "z": 0.028084646910429}, "salientMaterials": ["Food"], "sliceable": true, "temperature": "Cold", "toggleable": false, "visible": false}, "LightSwitch|-00.15|+01.29|+03.70": {"assetId": "Light_Switch_2", "axisAlignedBoundingBox": {"center": {"x": -0.15400008857250214, "y": 1.2910000085830688, "z": 3.6846206188201904}, "cornerPoints": [[-0.09512308239936829, 1.3516191244125366, 3.700000286102295], [-0.09512308239936829, 1.3516191244125366, 3.669240951538086], [-0.09512308239936829, 1.230380892753601, 3.700000286102295], [-0.09512308239936829, 1.230380892753601, 3.669240951538086], [-0.212877094745636, 1.3516191244125366, 3.700000286102295], [-0.212877094745636, 1.3516191244125366, 3.669240951538086], [-0.212877094745636, 1.230380892753601, 3.700000286102295], [-0.212877094745636, 1.230380892753601, 3.669240951538086]], "size": {"x": 0.1177540123462677, "y": 0.12123823165893555, "z": 0.030759334564208984}}, "breakable": false, "canBeUsedUp": false, "canFillWithLiquid": false, "controlledObjects": [], "cookable": false, "dirtyable": false, "distance": 3.976595640182495, "fillLiquid": null, "isBroken": false, "isColdSource": false, "isCooked": false, "isDirty": false, "isFilledWithLiquid": false, "isHeatSource": false, "isInteractable": false, "isMoving": false, "isOpen": false, "isPickedUp": false, "isSliced": false, "isToggled": true, "isUsedUp": false, "mass": 0.0, "moveable": false, "name": "LightSwitch_117b5e68", "objectId": "LightSwitch|-00.15|+01.29|+03.70", "objectOrientedBoundingBox": null, "objectType": "LightSwitch", "openable": false, "openness": 0.0, "parentReceptacles": null, "pickupable": false, "position": {"x": -0.15399999916553497, "y": 1.2910000085830688, "z": 3.700000047683716}, "receptacle": false, "receptacleObjectIds": null, "rotation": {"x": -0.0, "y": 180.00033569335938, "z": 0.0}, "salientMaterials": null, "sliceable": false, "temperature": "RoomTemp", "toggleable": true, "visible": false}, "Microwave|+01.93|+00.90|-00.77": {"assetId": "Microwave_2", "axisAlignedBoundingBox": {"center": {"x": 1.9408602714538574, "y": 1.077628254890442, "z": -0.7673106789588928}, "cornerPoints": [[2.1127309799194336, 1.2553036212921143, -0.4625359773635864], [2.1127309799194336, 1.2553036212921143, -1.0720853805541992], [2.1127309799194336, 0.8999528884887695, -0.4625359773635864], [2.1127309799194336, 0.8999528884887695, -1.0720853805541992], [1.7689895629882812, 1.2553036212921143, -0.4625359773635864], [1.7689895629882812, 1.2553036212921143, -1.0720853805541992], [1.7689895629882812, 0.8999528884887695, -0.4625359773635864], [1.7689895629882812, 0.8999528884887695, -1.0720853805541992]], "size": {"x": 0.34374141693115234, "y": 0.3553507328033447, "z": 0.6095494031906128}}, "breakable": false, "canBeUsedUp": false, "canFillWithLiquid": false, "controlledObjects": [], "cookable": false, "dirtyable": false, "distance": 1.0269018411636353, "fillLiquid": null, "isBroken": false, "isColdSource": false, "isCooked": false, "isDirty": false, "isFilledWithLiquid": false, "isHeatSource": true, "isInteractable": false, "isMoving": false, "isOpen": false, "isPickedUp": false, "isSliced": false, "isToggled": false, "isUsedUp": false, "mass": 6.999999523162842, "moveable": true, "name": "Microwave_034418c4", "objectId": "Microwave|+01.93|+00.90|-00.77", "objectOrientedBoundingBox": {"cornerPoints": [[1.7690181732177734, 0.9001330137252808, -0.4625290632247925], [1.7689399719238281, 0.9001097679138184, -1.0720294713974], [2.1124684810638428, 0.8999395966529846, -1.0720734596252441], [2.112546682357788, 0.8999627828598022, -0.4625731110572815], [1.76919424533844, 1.2553105354309082, -0.4625426232814789], [1.7691160440444946, 1.2552872896194458, -1.0720429420471191], [2.1126444339752197, 1.2551170587539673, -1.072087049484253], [2.112722635269165, 1.2551403045654297, -0.4625866711139679]]}, "objectType": "Microwave", "openable": true, "openness": 0.0, "parentReceptacles": ["CounterTop|+00.00|+00.95|-01.51"], "pickupable": false, "position": {"x": 1.9329763650894165, "y": 0.9005632400512695, "z": -0.7668576836585999}, "receptacle": true, "receptacleObjectIds": [], "rotation": {"x": 359.9715881347656, "y": 270.00738525390625, "z": 0.0022041811607778072}, "salientMaterials": ["Metal", "Glass"], "sliceable": false, "temperature": "RoomTemp", "toggleable": true, "visible": false}, "Mug|-00.24|+00.92|-00.26": {"assetId": "Mug_2", "axisAlignedBoundingBox": {"center": {"x": -0.25047072768211365, "y": 0.9668223261833191, "z": -0.2561497092247009}, "cornerPoints": [[-0.19589373469352722, 1.0186409950256348, -0.2132212519645691], [-0.19589373469352722, 1.0186409950256348, -0.29907816648483276], [-0.19589373469352722, 0.9150036573410034, -0.2132212519645691], [-0.19589373469352722, 0.9150036573410034, -0.29907816648483276], [-0.3050477206707001, 1.0186409950256348, -0.2132212519645691], [-0.3050477206707001, 1.0186409950256348, -0.29907816648483276], [-0.3050477206707001, 0.9150036573410034, -0.2132212519645691], [-0.3050477206707001, 0.9150036573410034, -0.29907816648483276]], "size": {"x": 0.10915398597717285, "y": 0.10363733768463135, "z": 0.08585691452026367}}, "breakable": true, "canBeUsedUp": false, "canFillWithLiquid": true, "controlledObjects": null, "cookable": false, "dirtyable": true, "distance": 1.5069770812988281, "fillLiquid": null, "isBroken": false, "isColdSource": false, "isCooked": false, "isDirty": false, "isFilledWithLiquid": false, "isHeatSource": false, "isInteractable": false, "isMoving": false, "isOpen": false, "isPickedUp": false, "isSliced": false, "isToggled": false, "isUsedUp": false, "mass": 1.0, "moveable": false, "name": "Mug_5b20fbb4", "objectId": "Mug|-00.24|+00.92|-00.26", "objectOrientedBoundingBox": {"cornerPoints": [[-0.19589245319366455, 0.9150042533874512, -0.2132219672203064], [-0.3050454258918762, 0.9150041341781616, -0.213221937417984], [-0.3050454556941986, 0.9150037169456482, -0.29907771944999695], [-0.19589246809482574, 0.9150038361549377, -0.29907774925231934], [-0.1958926022052765, 1.018640398979187, -0.213222473859787], [-0.30504557490348816, 1.018640160560608, -0.2132224440574646], [-0.30504560470581055, 1.0186398029327393, -0.2990782558917999], [-0.19589261710643768, 1.0186399221420288, -0.2990782856941223]]}, "objectType": "Mug", "openable": false, "openness": 0.0, "parentReceptacles": ["CounterTop|-00.02|+00.96|+00.51"], "pickupable": true, "position": {"x": -0.23500609397888184, "y": 0.9150363206863403, "z": -0.2559991180896759}, "receptacle": true, "receptacleObjectIds": [], "rotation": {"x": 0.0004189175961073488, "y": 0.000219840178033337, "z": 4.39950090367347e-05}, "salientMaterials": ["Ceramic"], "sliceable": false, "temperature": "RoomTemp", "toggleable": false, "visible": false}, "Pan|-01.29|+00.90|-01.35": {"assetId": "Pan_2", "axisAlignedBoundingBox": {"center": {"x": 1.364063024520874, "y": 1.248793601989746, "z": 0.12162987887859344}, "cornerPoints": [[1.5387208461761475, 1.2713303565979004, 0.3126988410949707], [1.5387208461761475, 1.2713303565979004, -0.06943909823894501], [1.5387208461761475, 1.2262568473815918, 0.3126988410949707], [1.5387208461761475, 1.2262568473815918, -0.06943909823894501], [1.1894052028656006, 1.2713303565979004, 0.3126988410949707], [1.1894052028656006, 1.2713303565979004, -0.06943909823894501], [1.1894052028656006, 1.2262568473815918, 0.3126988410949707], [1.1894052028656006, 1.2262568473815918, -0.06943909823894501]], "size": {"x": 0.3493156433105469, "y": 0.045073509216308594, "z": 0.3821379542350769}}, "breakable": false, "canBeUsedUp": false, "canFillWithLiquid": false, "controlledObjects": null, "cookable": false, "dirtyable": true, "distance": 0.3929929733276367, "fillLiquid": null, "isBroken": false, "isColdSource": false, "isCooked": false, "isDirty": false, "isFilledWithLiquid": false, "isHeatSource": false, "isInteractable": true, "isMoving": false, "isOpen": false, "isPickedUp": true, "isSliced": false, "isToggled": false, "isUsedUp": false, "mass": 0.6700000166893005, "moveable": false, "name": "Pan_72f9bafb", "objectId": "Pan|-01.29|+00.90|-01.35", "objectOrientedBoundingBox": {"cornerPoints": [[1.5927791595458984, 1.226257085800171, 0.1822366714477539], [1.3772658109664917, 1.226257085800171, 0.36675748229026794], [1.0844253301620483, 1.226257085800171, 0.024730876088142395], [1.299938678741455, 1.226257085800171, -0.15978994965553284], [1.5927791595458984, 1.2713303565979004, 0.1822366714477539], [1.3772658109664917, 1.2713303565979004, 0.36675748229026794], [1.0844253301620483, 1.2713303565979004, 0.02473088726401329], [1.299938678741455, 1.2713303565979004, -0.15978993475437164]]}, "objectType": "Pan", "openable": false, "openness": 0.0, "parentReceptacles": null, "pickupable": true, "position": {"x": 1.3927621841430664, "y": 1.226975917816162, "z": 0.1667403280735016}, "receptacle": true, "receptacleObjectIds": [], "rotation": {"x": -0.0, "y": 40.56987762451172, "z": 0.0}, "salientMaterials": ["Metal"], "sliceable": false, "temperature": "RoomTemp", "toggleable": false, "visible": true}, "PepperShaker|+01.89|+00.90|+00.03": {"assetId": "Pepper_Shaker_1", "axisAlignedBoundingBox": {"center": {"x": 1.8892827033996582, "y": 0.9570775032043457, "z": 0.03494314104318619}, "cornerPoints": [[1.922726035118103, 1.0141534805297852, 0.06849110126495361], [1.922726035118103, 1.0141534805297852, 0.0013951808214187622], [1.922726035118103, 0.9000015258789062, 0.06849110126495361], [1.922726035118103, 0.9000015258789062, 0.0013951808214187622], [1.8558393716812134, 1.0141534805297852, 0.06849110126495361], [1.8558393716812134, 1.0141534805297852, 0.0013951808214187622], [1.8558393716812134, 0.9000015258789062, 0.06849110126495361], [1.8558393716812134, 0.9000015258789062, 0.0013951808214187622]], "size": {"x": 0.06688666343688965, "y": 0.1141519546508789, "z": 0.06709592044353485}}, "breakable": false, "canBeUsedUp": false, "canFillWithLiquid": false, "controlledObjects": null, "cookable": false, "dirtyable": false, "distance": 0.6399568915367126, "fillLiquid": null, "isBroken": false, "isColdSource": false, "isCooked": false, "isDirty": false, "isFilledWithLiquid": false, "isHeatSource": false, "isInteractable": true, "isMoving": false, "isOpen": false, "isPickedUp": false, "isSliced": false, "isToggled": false, "isUsedUp": false, "mass": 0.14000000059604645, "moveable": false, "name": "PepperShaker_57398a24", "objectId": "PepperShaker|+01.89|+00.90|+00.03", "objectOrientedBoundingBox": {"cornerPoints": [[1.9227255582809448, 0.9000033140182495, 0.06849091500043869], [1.855839490890503, 0.9000036716461182, 0.06849110126495361], [1.8558393716812134, 0.9000019431114197, 0.001398243010044098], [1.9227253198623657, 0.900001585483551, 0.0013980567455291748], [1.9227261543273926, 1.0141531229019165, 0.06848802417516708], [1.8558400869369507, 1.0141534805297852, 0.068488210439682], [1.8558399677276611, 1.0141518115997314, 0.0013953521847724915], [1.9227259159088135, 1.0141514539718628, 0.0013951659202575684]]}, "objectType": "PepperShaker", "openable": false, "openness": 0.0, "parentReceptacles": ["CounterTop|+00.00|+00.95|-01.51"], "pickupable": true, "position": {"x": 1.8889998197555542, "y": 0.9000789523124695, "z": 0.034999679774045944}, "receptacle": false, "receptacleObjectIds": null, "rotation": {"x": 359.9942321777344, "y": 0.0003381512069609016, "z": -0.0011285468935966492}, "salientMaterials": ["Metal", "Glass"], "sliceable": false, "temperature": "RoomTemp", "toggleable": false, "visible": true}, "Plate|+01.32|+01.67|-01.60": {"assetId": "Plate_2", "axisAlignedBoundingBox": {"center": {"x": 1.3250901699066162, "y": 1.6814711093902588, "z": -1.596937656402588}, "cornerPoints": [[1.4460530281066895, 1.6949396133422852, -1.47391939163208], [1.4460530281066895, 1.6949396133422852, -1.7199559211730957], [1.4460530281066895, 1.6680026054382324, -1.47391939163208], [1.4460530281066895, 1.6680026054382324, -1.7199559211730957], [1.204127311706543, 1.6949396133422852, -1.47391939163208], [1.204127311706543, 1.6949396133422852, -1.7199559211730957], [1.204127311706543, 1.6680026054382324, -1.47391939163208], [1.204127311706543, 1.6680026054382324, -1.7199559211730957]], "size": {"x": 0.24192571640014648, "y": 0.026937007904052734, "z": 0.24603652954101562}}, "breakable": true, "canBeUsedUp": false, "canFillWithLiquid": false, "controlledObjects": null, "cookable": false, "dirtyable": true, "distance": 1.7726337909698486, "fillLiquid": null, "isBroken": false, "isColdSource": false, "isCooked": false, "isDirty": false, "isFilledWithLiquid": false, "isHeatSource": false, "isInteractable": false, "isMoving": false, "isOpen": false, "isPickedUp": false, "isSliced": false, "isToggled": false, "isUsedUp": false, "mass": 0.6200000047683716, "moveable": false, "name": "Plate_f7062da2", "objectId": "Plate|+01.32|+01.67|-01.60", "objectOrientedBoundingBox": {"cornerPoints": [[1.4460471868515015, 1.6678920984268188, -1.4739280939102173], [1.2041209936141968, 1.6679269075393677, -1.473931908607483], [1.204124927520752, 1.6680508852005005, -1.7199678421020508], [1.4460512399673462, 1.6680161952972412, -1.7199639081954956], [1.4460511207580566, 1.6948096752166748, -1.4739145040512085], [1.2041248083114624, 1.6948444843292236, -1.4739183187484741], [1.2041288614273071, 1.694968581199646, -1.719954252243042], [1.4460550546646118, 1.6949337720870972, -1.7199503183364868]]}, "objectType": "Plate", "openable": false, "openness": 0.0, "parentReceptacles": ["Cabinet|+01.71|+02.02|-01.45"], "pickupable": true, "position": {"x": 1.3229528665542603, "y": 1.6700921058654785, "z": -1.5954315662384033}, "receptacle": true, "receptacleObjectIds": [], "rotation": {"x": 0.021064601838588715, "y": -0.0008525053272023797, "z": 359.98504638671875}, "salientMaterials": ["Ceramic"], "sliceable": false, "temperature": "RoomTemp", "toggleable": false, "visible": false}, "Potato|+00.33|+00.94|+01.31": {"assetId": "Potato_2", "axisAlignedBoundingBox": {"center": {"x": 0.32592329382896423, "y": 0.9467581510543823, "z": 1.3149805068969727}, "cornerPoints": [[0.3636060059070587, 0.9785163402557373, 1.3688493967056274], [0.3636060059070587, 0.9785163402557373, 1.2611116170883179], [0.3636060059070587, 0.9149999618530273, 1.3688493967056274], [0.3636060059070587, 0.9149999618530273, 1.2611116170883179], [0.28824058175086975, 0.9785163402557373, 1.3688493967056274], [0.28824058175086975, 0.9785163402557373, 1.2611116170883179], [0.28824058175086975, 0.9149999618530273, 1.3688493967056274], [0.28824058175086975, 0.9149999618530273, 1.2611116170883179]], "size": {"x": 0.07536542415618896, "y": 0.06351637840270996, "z": 0.10773777961730957}}, "breakable": false, "canBeUsedUp": false, "canFillWithLiquid": false, "controlledObjects": null, "cookable": true, "dirtyable": false, "distance": 1.60396409034729, "fillLiquid": null, "isBroken": false, "isColdSource": false, "isCooked": false, "isDirty": false, "isFilledWithLiquid": false, "isHeatSource": false, "isInteractable": false, "isMoving": false, "isOpen": false, "isPickedUp": false, "isSliced": false, "isToggled": false, "isUsedUp": false, "mass": 0.18000000715255737, "moveable": false, "name": "Potato_582b16c0", "objectId": "Potato|+00.33|+00.94|+01.31", "objectOrientedBoundingBox": {"cornerPoints": [[0.34245777130126953, 0.9150023460388184, 1.3759874105453491], [0.2811056673526764, 0.9149971008300781, 1.3595480918884277], [0.3093939423561096, 0.9149974584579468, 1.2539746761322021], [0.37074607610702515, 0.915002703666687, 1.2704139947891235], [0.34245264530181885, 0.9785189032554626, 1.3759862184524536], [0.2811005115509033, 0.9785135984420776, 1.3595470190048218], [0.30938878655433655, 0.9785139560699463, 1.2539736032485962], [0.3707409203052521, 0.9785192608833313, 1.270412802696228]]}, "objectType": "Potato", "openable": false, "openness": 0.0, "parentReceptacles": ["CounterTop|-00.02|+00.96|+00.51"], "pickupable": true, "position": {"x": 0.3274373412132263, "y": 0.9400352835655212, "z": 1.3115087747573853}, "receptacle": false, "receptacleObjectIds": null, "rotation": {"x": 0.00027485168538987637, "y": 345.0, "z": 0.001974150538444519}, "salientMaterials": ["Food"], "sliceable": true, "temperature": "RoomTemp", "toggleable": false, "visible": false}, "Pot|+00.89|+00.90|-01.41": {"assetId": "Pot_2", "axisAlignedBoundingBox": {"center": {"x": 0.8894854784011841, "y": 0.9909587502479553, "z": -1.4123826026916504}, "cornerPoints": [[1.032234787940979, 1.0819075107574463, -1.2863547801971436], [1.032234787940979, 1.0819075107574463, -1.5384104251861572], [1.032234787940979, 0.9000099897384644, -1.2863547801971436], [1.032234787940979, 0.9000099897384644, -1.5384104251861572], [0.7467361688613892, 1.0819075107574463, -1.2863547801971436], [0.7467361688613892, 1.0819075107574463, -1.5384104251861572], [0.7467361688613892, 0.9000099897384644, -1.2863547801971436], [0.7467361688613892, 0.9000099897384644, -1.5384104251861572]], "size": {"x": 0.28549861907958984, "y": 0.18189752101898193, "z": 0.25205564498901367}}, "breakable": false, "canBeUsedUp": false, "canFillWithLiquid": true, "controlledObjects": null, "cookable": false, "dirtyable": true, "distance": 1.4576683044433594, "fillLiquid": null, "isBroken": false, "isColdSource": false, "isCooked": false, "isDirty": false, "isFilledWithLiquid": false, "isHeatSource": false, "isInteractable": false, "isMoving": false, "isOpen": false, "isPickedUp": false, "isSliced": false, "isToggled": false, "isUsedUp": false, "mass": 0.5699999928474426, "moveable": false, "name": "Pot_68f3f3e0", "objectId": "Pot|+00.89|+00.90|-01.41", "objectOrientedBoundingBox": {"cornerPoints": [[1.0322328805923462, 0.9000123143196106, -1.2863545417785645], [0.7467373609542847, 0.9000100493431091, -1.2863551378250122], [0.7467378377914429, 0.9000102877616882, -1.5384080410003662], [1.0322333574295044, 0.9000125527381897, -1.538407564163208], [1.0322314500808716, 1.0819058418273926, -1.286354422569275], [0.7467359304428101, 1.0819035768508911, -1.286354899406433], [0.7467364072799683, 1.0819038152694702, -1.538407802581787], [1.0322319269180298, 1.0819060802459717, -1.538407325744629]]}, "objectType": "Pot", "openable": false, "openness": 0.0, "parentReceptacles": ["CounterTop|+00.00|+00.95|-01.51"], "pickupable": true, "position": {"x": 0.8894878625869751, "y": 0.9032002091407776, "z": -1.4123806953430176}, "receptacle": true, "receptacleObjectIds": [], "rotation": {"x": 0.00019808624347206205, "y": -4.5570526708615944e-05, "z": 0.0011136532993987203}, "salientMaterials": ["Metal"], "sliceable": false, "temperature": "RoomTemp", "toggleable": false, "visible": false}, "SaltShaker|+02.01|+00.90|+00.03": {"assetId": "Salt_Shaker_1", "axisAlignedBoundingBox": {"center": {"x": 2.00982666015625, "y": 0.9554014205932617, "z": 0.028732994571328163}, "cornerPoints": [[2.0438499450683594, 1.0108014345169067, 0.06278802454471588], [2.0438499450683594, 1.0108014345169067, -0.005322037264704704], [2.0438499450683594, 0.9000014066696167, 0.06278802454471588], [2.0438499450683594, 0.9000014066696167, -0.005322037264704704], [1.9758033752441406, 1.0108014345169067, 0.06278802454471588], [1.9758033752441406, 1.0108014345169067, -0.005322037264704704], [1.9758033752441406, 0.9000014066696167, 0.06278802454471588], [1.9758033752441406, 0.9000014066696167, -0.005322037264704704]], "size": {"x": 0.06804656982421875, "y": 0.11080002784729004, "z": 0.06811006367206573}}, "breakable": false, "canBeUsedUp": false, "canFillWithLiquid": false, "controlledObjects": null, "cookable": false, "dirtyable": false, "distance": 0.7603685259819031, "fillLiquid": null, "isBroken": false, "isColdSource": false, "isCooked": false, "isDirty": false, "isFilledWithLiquid": false, "isHeatSource": false, "isInteractable": true, "isMoving": false, "isOpen": false, "isPickedUp": false, "isSliced": false, "isToggled": false, "isUsedUp": false, "mass": 0.4000000059604645, "moveable": false, "name": "SaltShaker_6320d1b6", "objectId": "SaltShaker|+02.01|+00.90|+00.03", "objectOrientedBoundingBox": {"cornerPoints": [[2.043848752975464, 0.900002658367157, 0.06278805434703827], [1.9758034944534302, 0.9000033140182495, 0.06278806924819946], [1.9758034944534302, 0.9000018835067749, -0.005319725722074509], [2.043848752975464, 0.9000012278556824, -0.0053197480738162994], [2.0438499450683594, 1.0108009576797485, 0.06278572231531143], [1.9758045673370361, 1.0108016729354858, 0.06278574466705322], [1.9758045673370361, 1.0108002424240112, -0.005322054028511047], [2.0438499450683594, 1.010799527168274, -0.005322076380252838]]}, "objectType": "SaltShaker", "openable": false, "openness": 0.0, "parentReceptacles": ["CounterTop|+00.00|+00.95|-01.51"], "pickupable": true, "position": {"x": 2.009826183319092, "y": 0.9000757336616516, "z": 0.028733838349580765}, "receptacle": false, "receptacleObjectIds": null, "rotation": {"x": -0.004600601736456156, "y": 0.0001657133107073605, "z": -0.0020239257719367743}, "salientMaterials": ["Metal", "Glass"], "sliceable": false, "temperature": "RoomTemp", "toggleable": false, "visible": true}, "Sink|+00.00|+00.89|-01.44": {"assetId": "", "axisAlignedBoundingBox": {"center": {"x": 0.0014500021934509277, "y": 0.45385000109672546, "z": -1.4325499534606934}, "cornerPoints": [[0.40400001406669617, 0.9077000021934509, -1.1843998432159424], [0.40400001406669617, 0.9077000021934509, -1.6807000637054443], [0.40400001406669617, 0.0, -1.1843998432159424], [0.40400001406669617, 0.0, -1.6807000637054443], [-0.4011000096797943, 0.9077000021934509, -1.1843998432159424], [-0.4011000096797943, 0.9077000021934509, -1.6807000637054443], [-0.4011000096797943, 0.0, -1.1843998432159424], [-0.4011000096797943, 0.0, -1.6807000637054443]], "size": {"x": 0.8051000237464905, "y": 0.9077000021934509, "z": 0.49630022048950195}}, "breakable": false, "canBeUsedUp": false, "canFillWithLiquid": false, "controlledObjects": null, "cookable": false, "dirtyable": false, "distance": 1.90309739112854, "fillLiquid": null, "isBroken": false, "isColdSource": false, "isCooked": false, "isDirty": false, "isFilledWithLiquid": false, "isHeatSource": false, "isInteractable": false, "isMoving": false, "isOpen": false, "isPickedUp": false, "isSliced": false, "isToggled": false, "isUsedUp": false, "mass": 0.0, "moveable": false, "name": "Sink_8d06bd95", "objectId": "Sink|+00.00|+00.89|-01.44", "objectOrientedBoundingBox": null, "objectType": "Sink", "openable": false, "openness": 0.0, "parentReceptacles": null, "pickupable": false, "position": {"x": 0.0, "y": 0.8939999938011169, "z": -1.434999942779541}, "receptacle": false, "receptacleObjectIds": null, "rotation": {"x": -0.0, "y": 0.0, "z": 0.0}, "salientMaterials": null, "sliceable": false, "temperature": "RoomTemp", "toggleable": false, "visible": false}, "Sink|+00.00|+00.89|-01.44|SinkBasin": {"assetId": "", "axisAlignedBoundingBox": {"center": {"x": 5.960464477539063e-08, "y": 0.8077900409698486, "z": -1.4350003004074097}, "cornerPoints": [[0.34724539518356323, 0.865469217300415, -1.2363907098770142], [0.34724539518356323, 0.865469217300415, -1.6336098909378052], [0.34724539518356323, 0.7501108646392822, -1.2363907098770142], [0.34724539518356323, 0.7501108646392822, -1.6336098909378052], [-0.3472452759742737, 0.865469217300415, -1.2363907098770142], [-0.3472452759742737, 0.865469217300415, -1.6336098909378052], [-0.3472452759742737, 0.7501108646392822, -1.2363907098770142], [-0.3472452759742737, 0.7501108646392822, -1.6336098909378052]], "size": {"x": 0.6944906711578369, "y": 0.11535835266113281, "z": 0.397219181060791}}, "breakable": false, "canBeUsedUp": false, "canFillWithLiquid": false, "controlledObjects": null, "cookable": false, "dirtyable": false, "distance": 1.9203611612319946, "fillLiquid": null, "isBroken": false, "isColdSource": false, "isCooked": false, "isDirty": false, "isFilledWithLiquid": false, "isHeatSource": false, "isInteractable": false, "isMoving": false, "isOpen": false, "isPickedUp": false, "isSliced": false, "isToggled": false, "isUsedUp": false, "mass": 0.0, "moveable": false, "name": "SinkBasin_0b197de3", "objectId": "Sink|+00.00|+00.89|-01.44|SinkBasin", "objectOrientedBoundingBox": null, "objectType": "SinkBasin", "openable": false, "openness": 0.0, "parentReceptacles": null, "pickupable": false, "position": {"x": -0.014999999664723873, "y": 0.7369999885559082, "z": -1.4355000257492065}, "receptacle": true, "receptacleObjectIds": [], "rotation": {"x": 1.403341910044412e-14, "y": -0.0, "z": -0.0}, "salientMaterials": null, "sliceable": false, "temperature": "RoomTemp", "toggleable": false, "visible": false}, "SoapBottle|-00.56|+00.90|-01.57": {"assetId": "Soap_Bottle_2", "axisAlignedBoundingBox": {"center": {"x": -0.5609992742538452, "y": 1.047438621520996, "z": -1.572000503540039}, "cornerPoints": [[-0.46834659576416016, 1.194880485534668, -1.4724445343017578], [-0.46834659576416016, 1.194880485534668, -1.6715564727783203], [-0.46834659576416016, 0.8999967575073242, -1.4724445343017578], [-0.46834659576416016, 0.8999967575073242, -1.6715564727783203], [-0.6536519527435303, 1.194880485534668, -1.4724445343017578], [-0.6536519527435303, 1.194880485534668, -1.6715564727783203], [-0.6536519527435303, 0.8999967575073242, -1.4724445343017578], [-0.6536519527435303, 0.8999967575073242, -1.6715564727783203]], "size": {"x": 0.18530535697937012, "y": 0.29488372802734375, "z": 0.1991119384765625}}, "breakable": false, "canBeUsedUp": false, "canFillWithLiquid": false, "controlledObjects": null, "cookable": false, "dirtyable": false, "distance": 2.398106098175049, "fillLiquid": null, "isBroken": false, "isColdSource": false, "isCooked": false, "isDirty": false, "isFilledWithLiquid": false, "isHeatSource": false, "isInteractable": false, "isMoving": false, "isOpen": false, "isPickedUp": false, "isSliced": false, "isToggled": false, "isUsedUp": false, "mass": 0.4000000059604645, "moveable": false, "name": "SoapBottle_977a5c07", "objectId": "SoapBottle|-00.56|+00.90|-01.57", "objectOrientedBoundingBox": {"cornerPoints": [[-0.4683470129966736, 0.8999972939491272, -1.608522653579712], [-0.5583542585372925, 0.8999972343444824, -1.4724446535110474], [-0.6536516547203064, 0.8999972343444824, -1.535478115081787], [-0.5636444091796875, 0.8999972343444824, -1.6715561151504517], [-0.46834707260131836, 1.1948798894882202, -1.608522653579712], [-0.5583543181419373, 1.1948798894882202, -1.4724446535110474], [-0.6536517143249512, 1.1948798894882202, -1.535478115081787], [-0.563644528388977, 1.1948798894882202, -1.671555995941162]]}, "objectType": "SoapBottle", "openable": false, "openness": 0.0, "parentReceptacles": ["CounterTop|+00.00|+00.95|-01.51"], "pickupable": true, "position": {"x": -0.5609994530677795, "y": 0.9001105427742004, "z": -1.5720003843307495}, "receptacle": false, "receptacleObjectIds": null, "rotation": {"x": -9.89805266726762e-06, "y": 56.51774978637695, "z": 1.2545467598101823e-06}, "salientMaterials": ["Plastic"], "sliceable": false, "temperature": "RoomTemp", "toggleable": false, "visible": false}, "Spatula|+01.78|+00.91|-00.13": {"assetId": "Spatula_1", "axisAlignedBoundingBox": {"center": {"x": 1.8448350429534912, "y": 0.9078890085220337, "z": -0.08204680681228638}, "cornerPoints": [[1.9835574626922607, 0.9170361757278442, 0.00955626368522644], [1.9835574626922607, 0.9170361757278442, -0.1736498773097992], [1.9835574626922607, 0.8987418413162231, 0.00955626368522644], [1.9835574626922607, 0.8987418413162231, -0.1736498773097992], [1.7061126232147217, 0.9170361757278442, 0.00955626368522644], [1.7061126232147217, 0.9170361757278442, -0.1736498773097992], [1.7061126232147217, 0.8987418413162231, 0.00955626368522644], [1.7061126232147217, 0.8987418413162231, -0.1736498773097992]], "size": {"x": 0.27744483947753906, "y": 0.018294334411621094, "z": 0.18320614099502563}}, "breakable": false, "canBeUsedUp": false, "canFillWithLiquid": false, "controlledObjects": null, "cookable": false, "dirtyable": false, "distance": 0.541977047920227, "fillLiquid": null, "isBroken": false, "isColdSource": false, "isCooked": false, "isDirty": false, "isFilledWithLiquid": false, "isHeatSource": false, "isInteractable": true, "isMoving": false, "isOpen": false, "isPickedUp": false, "isSliced": false, "isToggled": false, "isUsedUp": false, "mass": 0.06499999761581421, "moveable": false, "name": "Spatula_650f2009", "objectId": "Spatula|+01.78|+00.91|-00.13", "objectOrientedBoundingBox": {"cornerPoints": [[1.9836556911468506, 0.8996964693069458, -0.046175166964530945], [1.9516267776489258, 0.8984317779541016, 0.00929182767868042], [1.6939756870269775, 0.8994271755218506, -0.13946369290351868], [1.7260046005249023, 0.90069180727005, -0.19493068754673004], [1.983534812927246, 0.917034387588501, -0.04584968835115433], [1.9515058994293213, 0.9157696962356567, 0.00961729884147644], [1.693854808807373, 0.9167650938034058, -0.13913822174072266], [1.7258837223052979, 0.91802978515625, -0.19460520148277283]]}, "objectType": "Spatula", "openable": false, "openness": 0.0, "parentReceptacles": ["CounterTop|+00.00|+00.95|-01.51"], "pickupable": true, "position": {"x": 1.7764477729797363, "y": 0.9074095487594604, "z": -0.12865425646305084}, "receptacle": false, "receptacleObjectIds": null, "rotation": {"x": 0.19168220460414886, "y": 59.99991226196289, "z": 1.1312041282653809}, "salientMaterials": ["Metal", "Plastic"], "sliceable": false, "temperature": "RoomTemp", "toggleable": false, "visible": true}, "Spoon|+01.62|+00.90|+01.40": {"assetId": "Spoon_1", "axisAlignedBoundingBox": {"center": {"x": 1.6198266744613647, "y": 0.9094380140304565, "z": 1.3893362283706665}, "cornerPoints": [[1.6405223608016968, 0.9188740849494934, 1.4930524826049805], [1.6405223608016968, 0.9188740849494934, 1.2856199741363525], [1.6405223608016968, 0.9000019431114197, 1.4930524826049805], [1.6405223608016968, 0.9000019431114197, 1.2856199741363525], [1.5991309881210327, 0.9188740849494934, 1.4930524826049805], [1.5991309881210327, 0.9188740849494934, 1.2856199741363525], [1.5991309881210327, 0.9000019431114197, 1.4930524826049805], [1.5991309881210327, 0.9000019431114197, 1.2856199741363525]], "size": {"x": 0.04139137268066406, "y": 0.01887214183807373, "z": 0.20743250846862793}}, "breakable": false, "canBeUsedUp": false, "canFillWithLiquid": false, "controlledObjects": null, "cookable": false, "dirtyable": false, "distance": 1.4510542154312134, "fillLiquid": null, "isBroken": false, "isColdSource": false, "isCooked": false, "isDirty": false, "isFilledWithLiquid": false, "isHeatSource": false, "isInteractable": true, "isMoving": false, "isOpen": false, "isPickedUp": false, "isSliced": false, "isToggled": false, "isUsedUp": false, "mass": 0.03999999910593033, "moveable": false, "name": "Spoon_ab4315e1", "objectId": "Spoon|+01.62|+00.90|+01.40", "objectOrientedBoundingBox": {"cornerPoints": [[1.6405225992202759, 0.8997361660003662, 1.4930384159088135], [1.5991312265396118, 0.8997352719306946, 1.4930384159088135], [1.599131464958191, 0.9000023007392883, 1.2856132984161377], [1.640522837638855, 0.9000032544136047, 1.2856132984161377], [1.6405222415924072, 0.9187925457954407, 1.493062973022461], [1.5991307497024536, 0.918791651725769, 1.4930628538131714], [1.5991309881210327, 0.9190586805343628, 1.2856377363204956], [1.6405224800109863, 0.9190595746040344, 1.2856378555297852]]}, "objectType": "Spoon", "openable": false, "openness": 0.0, "parentReceptacles": ["CounterTop|+00.00|+00.95|-01.51"], "pickupable": true, "position": {"x": 1.6208981275558472, "y": 0.9003047347068787, "z": 1.4028528928756714}, "receptacle": false, "receptacleObjectIds": null, "rotation": {"x": 0.0722554475069046, "y": -0.00019275859813205898, "z": 0.014450008980929852}, "salientMaterials": ["Metal"], "sliceable": false, "temperature": "RoomTemp", "toggleable": false, "visible": true}, "StoveBurner|+01.77|+00.90|+00.38": {"assetId": "", "axisAlignedBoundingBox": {"center": {"x": 1.7649999856948853, "y": 0.923267126083374, "z": 0.3846000134944916}, "cornerPoints": [[1.8662995100021362, 0.9393094778060913, 0.48589959740638733], [1.8662995100021362, 0.9393094778060913, 0.2833004295825958], [1.8662995100021362, 0.9072247743606567, 0.48589959740638733], [1.8662995100021362, 0.9072247743606567, 0.2833004295825958], [1.6637004613876343, 0.9393094778060913, 0.48589959740638733], [1.6637004613876343, 0.9393094778060913, 0.2833004295825958], [1.6637004613876343, 0.9072247743606567, 0.48589959740638733], [1.6637004613876343, 0.9072247743606567, 0.2833004295825958]], "size": {"x": 0.20259904861450195, "y": 0.03208470344543457, "z": 0.2025991678237915}}, "breakable": false, "canBeUsedUp": false, "canFillWithLiquid": false, "controlledObjects": null, "cookable": false, "dirtyable": false, "distance": 0.6427625417709351, "fillLiquid": null, "isBroken": false, "isColdSource": false, "isCooked": false, "isDirty": false, "isFilledWithLiquid": false, "isHeatSource": true, "isInteractable": true, "isMoving": false, "isOpen": false, "isPickedUp": false, "isSliced": false, "isToggled": false, "isUsedUp": false, "mass": 0.0, "moveable": false, "name": "StoveBurner_6b49cad8", "objectId": "StoveBurner|+01.77|+00.90|+00.38", "objectOrientedBoundingBox": null, "objectType": "StoveBurner", "openable": false, "openness": 0.0, "parentReceptacles": null, "pickupable": false, "position": {"x": 1.7649999856948853, "y": 0.902899980545044, "z": 0.3846000134944916}, "receptacle": true, "receptacleObjectIds": [], "rotation": {"x": -0.0, "y": 270.00018310546875, "z": 0.0}, "salientMaterials": null, "sliceable": false, "temperature": "RoomTemp", "toggleable": false, "visible": true}, "StoveBurner|+01.77|+00.90|+00.60": {"assetId": "", "axisAlignedBoundingBox": {"center": {"x": 1.7649999856948853, "y": 0.923267126083374, "z": 0.6014999747276306}, "cornerPoints": [[1.8662995100021362, 0.9393094778060913, 0.7027995586395264], [1.8662995100021362, 0.9393094778060913, 0.5002003908157349], [1.8662995100021362, 0.9072247743606567, 0.7027995586395264], [1.8662995100021362, 0.9072247743606567, 0.5002003908157349], [1.6637004613876343, 0.9393094778060913, 0.7027995586395264], [1.6637004613876343, 0.9393094778060913, 0.5002003908157349], [1.6637004613876343, 0.9072247743606567, 0.7027995586395264], [1.6637004613876343, 0.9072247743606567, 0.5002003908157349]], "size": {"x": 0.20259904861450195, "y": 0.03208470344543457, "z": 0.2025991678237915}}, "breakable": false, "canBeUsedUp": false, "canFillWithLiquid": false, "controlledObjects": null, "cookable": false, "dirtyable": false, "distance": 0.7918512225151062, "fillLiquid": null, "isBroken": false, "isColdSource": false, "isCooked": false, "isDirty": false, "isFilledWithLiquid": false, "isHeatSource": true, "isInteractable": true, "isMoving": false, "isOpen": false, "isPickedUp": false, "isSliced": false, "isToggled": false, "isUsedUp": false, "mass": 0.0, "moveable": false, "name": "StoveBurner_ab166a5a", "objectId": "StoveBurner|+01.77|+00.90|+00.60", "objectOrientedBoundingBox": null, "objectType": "StoveBurner", "openable": false, "openness": 0.0, "parentReceptacles": null, "pickupable": false, "position": {"x": 1.7649999856948853, "y": 0.902899980545044, "z": 0.6014999747276306}, "receptacle": true, "receptacleObjectIds": ["Kettle|+01.68|+00.90|+00.09"], "rotation": {"x": -0.0, "y": 270.00018310546875, "z": 0.0}, "salientMaterials": null, "sliceable": false, "temperature": "RoomTemp", "toggleable": false, "visible": true}, "StoveBurner|+01.77|+00.90|+00.82": {"assetId": "", "axisAlignedBoundingBox": {"center": {"x": 1.7649999856948853, "y": 0.923267126083374, "z": 0.8191999793052673}, "cornerPoints": [[1.8662995100021362, 0.9393094778060913, 0.9204995632171631], [1.8662995100021362, 0.9393094778060913, 0.7179003953933716], [1.8662995100021362, 0.9072247743606567, 0.9204995632171631], [1.8662995100021362, 0.9072247743606567, 0.7179003953933716], [1.6637004613876343, 0.9393094778060913, 0.9204995632171631], [1.6637004613876343, 0.9393094778060913, 0.7179003953933716], [1.6637004613876343, 0.9072247743606567, 0.9204995632171631], [1.6637004613876343, 0.9072247743606567, 0.7179003953933716]], "size": {"x": 0.20259904861450195, "y": 0.03208470344543457, "z": 0.2025991678237915}}, "breakable": false, "canBeUsedUp": false, "canFillWithLiquid": false, "controlledObjects": null, "cookable": false, "dirtyable": false, "distance": 0.9676333665847778, "fillLiquid": null, "isBroken": false, "isColdSource": false, "isCooked": false, "isDirty": false, "isFilledWithLiquid": false, "isHeatSource": true, "isInteractable": true, "isMoving": false, "isOpen": false, "isPickedUp": false, "isSliced": false, "isToggled": false, "isUsedUp": false, "mass": 0.0, "moveable": false, "name": "StoveBurner_360448ba", "objectId": "StoveBurner|+01.77|+00.90|+00.82", "objectOrientedBoundingBox": null, "objectType": "StoveBurner", "openable": false, "openness": 0.0, "parentReceptacles": null, "pickupable": false, "position": {"x": 1.7649999856948853, "y": 0.902899980545044, "z": 0.8191999793052673}, "receptacle": true, "receptacleObjectIds": [], "rotation": {"x": -0.0, "y": 270.00018310546875, "z": 0.0}, "salientMaterials": null, "sliceable": false, "temperature": "RoomTemp", "toggleable": false, "visible": true}, "StoveBurner|+01.98|+00.90|+00.38": {"assetId": "", "axisAlignedBoundingBox": {"center": {"x": 1.9752998352050781, "y": 0.923267126083374, "z": 0.3846000134944916}, "cornerPoints": [[2.076599359512329, 0.9393094778060913, 0.48589959740638733], [2.076599359512329, 0.9393094778060913, 0.2833004295825958], [2.076599359512329, 0.9072247743606567, 0.48589959740638733], [2.076599359512329, 0.9072247743606567, 0.2833004295825958], [1.8740003108978271, 0.9393094778060913, 0.48589959740638733], [1.8740003108978271, 0.9393094778060913, 0.2833004295825958], [1.8740003108978271, 0.9072247743606567, 0.48589959740638733], [1.8740003108978271, 0.9072247743606567, 0.2833004295825958]], "size": {"x": 0.20259904861450195, "y": 0.03208470344543457, "z": 0.2025991678237915}}, "breakable": false, "canBeUsedUp": false, "canFillWithLiquid": false, "controlledObjects": null, "cookable": false, "dirtyable": false, "distance": 0.8209617137908936, "fillLiquid": null, "isBroken": false, "isColdSource": false, "isCooked": false, "isDirty": false, "isFilledWithLiquid": false, "isHeatSource": true, "isInteractable": true, "isMoving": false, "isOpen": false, "isPickedUp": false, "isSliced": false, "isToggled": true, "isUsedUp": false, "mass": 0.0, "moveable": false, "name": "StoveBurner_06531075", "objectId": "StoveBurner|+01.98|+00.90|+00.38", "objectOrientedBoundingBox": null, "objectType": "StoveBurner", "openable": false, "openness": 0.0, "parentReceptacles": null, "pickupable": false, "position": {"x": 1.9752999544143677, "y": 0.902899980545044, "z": 0.3846000134944916}, "receptacle": true, "receptacleObjectIds": [], "rotation": {"x": -0.0, "y": 270.00018310546875, "z": 0.0}, "salientMaterials": null, "sliceable": false, "temperature": "Hot", "toggleable": false, "visible": true}, "StoveBurner|+01.98|+00.90|+00.60": {"assetId": "", "axisAlignedBoundingBox": {"center": {"x": 1.9752998352050781, "y": 0.923267126083374, "z": 0.6014999747276306}, "cornerPoints": [[2.076599359512329, 0.9393094778060913, 0.7027995586395264], [2.076599359512329, 0.9393094778060913, 0.5002003908157349], [2.076599359512329, 0.9072247743606567, 0.7027995586395264], [2.076599359512329, 0.9072247743606567, 0.5002003908157349], [1.8740003108978271, 0.9393094778060913, 0.7027995586395264], [1.8740003108978271, 0.9393094778060913, 0.5002003908157349], [1.8740003108978271, 0.9072247743606567, 0.7027995586395264], [1.8740003108978271, 0.9072247743606567, 0.5002003908157349]], "size": {"x": 0.20259904861450195, "y": 0.03208470344543457, "z": 0.2025991678237915}}, "breakable": false, "canBeUsedUp": false, "canFillWithLiquid": false, "controlledObjects": null, "cookable": false, "dirtyable": false, "distance": 0.9422647356987, "fillLiquid": null, "isBroken": false, "isColdSource": false, "isCooked": false, "isDirty": false, "isFilledWithLiquid": false, "isHeatSource": true, "isInteractable": true, "isMoving": false, "isOpen": false, "isPickedUp": false, "isSliced": false, "isToggled": false, "isUsedUp": false, "mass": 0.0, "moveable": false, "name": "StoveBurner_4b38f6f5", "objectId": "StoveBurner|+01.98|+00.90|+00.60", "objectOrientedBoundingBox": null, "objectType": "StoveBurner", "openable": false, "openness": 0.0, "parentReceptacles": null, "pickupable": false, "position": {"x": 1.9752999544143677, "y": 0.902899980545044, "z": 0.6014999747276306}, "receptacle": true, "receptacleObjectIds": [], "rotation": {"x": -0.0, "y": 270.00018310546875, "z": 0.0}, "salientMaterials": null, "sliceable": false, "temperature": "RoomTemp", "toggleable": false, "visible": true}, "StoveBurner|+01.98|+00.90|+00.82": {"assetId": "", "axisAlignedBoundingBox": {"center": {"x": 1.9752998352050781, "y": 0.923267126083374, "z": 0.8191999793052673}, "cornerPoints": [[2.076599359512329, 0.9393094778060913, 0.9204995632171631], [2.076599359512329, 0.9393094778060913, 0.7179003953933716], [2.076599359512329, 0.9072247743606567, 0.9204995632171631], [2.076599359512329, 0.9072247743606567, 0.7179003953933716], [1.8740003108978271, 0.9393094778060913, 0.9204995632171631], [1.8740003108978271, 0.9393094778060913, 0.7179003953933716], [1.8740003108978271, 0.9072247743606567, 0.9204995632171631], [1.8740003108978271, 0.9072247743606567, 0.7179003953933716]], "size": {"x": 0.20259904861450195, "y": 0.03208470344543457, "z": 0.2025991678237915}}, "breakable": false, "canBeUsedUp": false, "canFillWithLiquid": false, "controlledObjects": null, "cookable": false, "dirtyable": false, "distance": 1.0941429138183594, "fillLiquid": null, "isBroken": false, "isColdSource": false, "isCooked": false, "isDirty": false, "isFilledWithLiquid": false, "isHeatSource": true, "isInteractable": true, "isMoving": false, "isOpen": false, "isPickedUp": false, "isSliced": false, "isToggled": false, "isUsedUp": false, "mass": 0.0, "moveable": false, "name": "StoveBurner_c581f3ca", "objectId": "StoveBurner|+01.98|+00.90|+00.82", "objectOrientedBoundingBox": null, "objectType": "StoveBurner", "openable": false, "openness": 0.0, "parentReceptacles": null, "pickupable": false, "position": {"x": 1.9752999544143677, "y": 0.902899980545044, "z": 0.8191999793052673}, "receptacle": true, "receptacleObjectIds": [], "rotation": {"x": -0.0, "y": 270.00018310546875, "z": 0.0}, "salientMaterials": null, "sliceable": false, "temperature": "RoomTemp", "toggleable": false, "visible": true}, "StoveKnob|+01.60|+00.92|+00.46": {"assetId": "", "axisAlignedBoundingBox": {"center": {"x": 1.6025031805038452, "y": 0.9166072010993958, "z": 0.4625000059604645}, "cornerPoints": [[1.63008451461792, 0.9294231534004211, 0.4905734956264496], [1.63008451461792, 0.9294231534004211, 0.43442651629447937], [1.63008451461792, 0.9037912487983704, 0.4905734956264496], [1.63008451461792, 0.9037912487983704, 0.43442651629447937], [1.5749218463897705, 0.9294231534004211, 0.4905734956264496], [1.5749218463897705, 0.9294231534004211, 0.43442651629447937], [1.5749218463897705, 0.9037912487983704, 0.4905734956264496], [1.5749218463897705, 0.9037912487983704, 0.43442651629447937]], "size": {"x": 0.055162668228149414, "y": 0.02563190460205078, "z": 0.056146979331970215}}, "breakable": false, "canBeUsedUp": false, "canFillWithLiquid": false, "controlledObjects": ["StoveBurner|+01.98|+00.90|+00.38"], "cookable": false, "dirtyable": false, "distance": 0.5817452669143677, "fillLiquid": null, "isBroken": false, "isColdSource": false, "isCooked": false, "isDirty": false, "isFilledWithLiquid": false, "isHeatSource": false, "isInteractable": false, "isMoving": false, "isOpen": false, "isPickedUp": false, "isSliced": false, "isToggled": true, "isUsedUp": false, "mass": 0.0, "moveable": false, "name": "StoveKnob_9b4908fb", "objectId": "StoveKnob|+01.60|+00.92|+00.46", "objectOrientedBoundingBox": null, "objectType": "StoveKnob", "openable": false, "openness": 0.0, "parentReceptacles": null, "pickupable": false, "position": {"x": 1.6024999618530273, "y": 0.9173359870910645, "z": 0.4625000059604645}, "receptacle": false, "receptacleObjectIds": null, "rotation": {"x": -0.0, "y": 269.9999694824219, "z": 180.0}, "salientMaterials": null, "sliceable": false, "temperature": "RoomTemp", "toggleable": true, "visible": false}, "StoveKnob|+01.60|+00.92|+00.52": {"assetId": "", "axisAlignedBoundingBox": {"center": {"x": 1.6025031805038452, "y": 0.9166072010993958, "z": 0.5170999765396118}, "cornerPoints": [[1.63008451461792, 0.9294231534004211, 0.5451734662055969], [1.63008451461792, 0.9294231534004211, 0.4890264868736267], [1.63008451461792, 0.9037912487983704, 0.5451734662055969], [1.63008451461792, 0.9037912487983704, 0.4890264868736267], [1.5749218463897705, 0.9294231534004211, 0.5451734662055969], [1.5749218463897705, 0.9294231534004211, 0.4890264868736267], [1.5749218463897705, 0.9037912487983704, 0.5451734662055969], [1.5749218463897705, 0.9037912487983704, 0.4890264868736267]], "size": {"x": 0.055162668228149414, "y": 0.02563190460205078, "z": 0.056146979331970215}}, "breakable": false, "canBeUsedUp": false, "canFillWithLiquid": false, "controlledObjects": ["StoveBurner|+01.98|+00.90|+00.60"], "cookable": false, "dirtyable": false, "distance": 0.6260300278663635, "fillLiquid": null, "isBroken": false, "isColdSource": false, "isCooked": false, "isDirty": false, "isFilledWithLiquid": false, "isHeatSource": false, "isInteractable": false, "isMoving": false, "isOpen": false, "isPickedUp": false, "isSliced": false, "isToggled": false, "isUsedUp": false, "mass": 0.0, "moveable": false, "name": "StoveKnob_09865c03", "objectId": "StoveKnob|+01.60|+00.92|+00.52", "objectOrientedBoundingBox": null, "objectType": "StoveKnob", "openable": false, "openness": 0.0, "parentReceptacles": null, "pickupable": false, "position": {"x": 1.6024999618530273, "y": 0.9173359870910645, "z": 0.5170999765396118}, "receptacle": false, "receptacleObjectIds": null, "rotation": {"x": -0.0, "y": 269.9999694824219, "z": 180.0}, "salientMaterials": null, "sliceable": false, "temperature": "RoomTemp", "toggleable": true, "visible": false}, "StoveKnob|+01.60|+00.92|+00.57": {"assetId": "", "axisAlignedBoundingBox": {"center": {"x": 1.6025031805038452, "y": 0.9166072010993958, "z": 0.5705999732017517}, "cornerPoints": [[1.63008451461792, 0.9294231534004211, 0.5986734628677368], [1.63008451461792, 0.9294231534004211, 0.5425264835357666], [1.63008451461792, 0.9037912487983704, 0.5986734628677368], [1.63008451461792, 0.9037912487983704, 0.5425264835357666], [1.5749218463897705, 0.9294231534004211, 0.5986734628677368], [1.5749218463897705, 0.9294231534004211, 0.5425264835357666], [1.5749218463897705, 0.9037912487983704, 0.5986734628677368], [1.5749218463897705, 0.9037912487983704, 0.5425264835357666]], "size": {"x": 0.055162668228149414, "y": 0.02563190460205078, "z": 0.056146979331970215}}, "breakable": false, "canBeUsedUp": false, "canFillWithLiquid": false, "controlledObjects": ["StoveBurner|+01.98|+00.90|+00.82"], "cookable": false, "dirtyable": false, "distance": 0.670898973941803, "fillLiquid": null, "isBroken": false, "isColdSource": false, "isCooked": false, "isDirty": false, "isFilledWithLiquid": false, "isHeatSource": false, "isInteractable": false, "isMoving": false, "isOpen": false, "isPickedUp": false, "isSliced": false, "isToggled": false, "isUsedUp": false, "mass": 0.0, "moveable": false, "name": "StoveKnob_222489f6", "objectId": "StoveKnob|+01.60|+00.92|+00.57", "objectOrientedBoundingBox": null, "objectType": "StoveKnob", "openable": false, "openness": 0.0, "parentReceptacles": null, "pickupable": false, "position": {"x": 1.6024999618530273, "y": 0.9173359870910645, "z": 0.5705999732017517}, "receptacle": false, "receptacleObjectIds": null, "rotation": {"x": -0.0, "y": 269.9999694824219, "z": 180.0}, "salientMaterials": null, "sliceable": false, "temperature": "RoomTemp", "toggleable": true, "visible": false}, "StoveKnob|+01.60|+00.92|+00.63": {"assetId": "", "axisAlignedBoundingBox": {"center": {"x": 1.6025031805038452, "y": 0.9166072010993958, "z": 0.6255000233650208}, "cornerPoints": [[1.63008451461792, 0.9294231534004211, 0.6535735130310059], [1.63008451461792, 0.9294231534004211, 0.5974265336990356], [1.63008451461792, 0.9037912487983704, 0.6535735130310059], [1.63008451461792, 0.9037912487983704, 0.5974265336990356], [1.5749218463897705, 0.9294231534004211, 0.6535735130310059], [1.5749218463897705, 0.9294231534004211, 0.5974265336990356], [1.5749218463897705, 0.9037912487983704, 0.6535735130310059], [1.5749218463897705, 0.9037912487983704, 0.5974265336990356]], "size": {"x": 0.055162668228149414, "y": 0.02563190460205078, "z": 0.056146979331970215}}, "breakable": false, "canBeUsedUp": false, "canFillWithLiquid": false, "controlledObjects": ["StoveBurner|+01.77|+00.90|+00.38"], "cookable": false, "dirtyable": false, "distance": 0.7181721925735474, "fillLiquid": null, "isBroken": false, "isColdSource": false, "isCooked": false, "isDirty": false, "isFilledWithLiquid": false, "isHeatSource": false, "isInteractable": false, "isMoving": false, "isOpen": false, "isPickedUp": false, "isSliced": false, "isToggled": false, "isUsedUp": false, "mass": 0.0, "moveable": false, "name": "StoveKnob_d2aa9e48", "objectId": "StoveKnob|+01.60|+00.92|+00.63", "objectOrientedBoundingBox": null, "objectType": "StoveKnob", "openable": false, "openness": 0.0, "parentReceptacles": null, "pickupable": false, "position": {"x": 1.6024999618530273, "y": 0.9173359870910645, "z": 0.6255000233650208}, "receptacle": false, "receptacleObjectIds": null, "rotation": {"x": -0.0, "y": 269.9999694824219, "z": 180.0}, "salientMaterials": null, "sliceable": false, "temperature": "RoomTemp", "toggleable": true, "visible": false}, "StoveKnob|+01.60|+00.92|+00.68": {"assetId": "", "axisAlignedBoundingBox": {"center": {"x": 1.6025031805038452, "y": 0.9166072010993958, "z": 0.6809999942779541}, "cornerPoints": [[1.63008451461792, 0.9294231534004211, 0.7090734839439392], [1.63008451461792, 0.9294231534004211, 0.652926504611969], [1.63008451461792, 0.9037912487983704, 0.7090734839439392], [1.63008451461792, 0.9037912487983704, 0.652926504611969], [1.5749218463897705, 0.9294231534004211, 0.7090734839439392], [1.5749218463897705, 0.9294231534004211, 0.652926504611969], [1.5749218463897705, 0.9037912487983704, 0.7090734839439392], [1.5749218463897705, 0.9037912487983704, 0.652926504611969]], "size": {"x": 0.055162668228149414, "y": 0.02563190460205078, "z": 0.056146979331970215}}, "breakable": false, "canBeUsedUp": false, "canFillWithLiquid": false, "controlledObjects": ["StoveBurner|+01.77|+00.90|+00.60"], "cookable": false, "dirtyable": false, "distance": 0.766995370388031, "fillLiquid": null, "isBroken": false, "isColdSource": false, "isCooked": false, "isDirty": false, "isFilledWithLiquid": false, "isHeatSource": false, "isInteractable": true, "isMoving": false, "isOpen": false, "isPickedUp": false, "isSliced": false, "isToggled": false, "isUsedUp": false, "mass": 0.0, "moveable": false, "name": "StoveKnob_02a2aeb7", "objectId": "StoveKnob|+01.60|+00.92|+00.68", "objectOrientedBoundingBox": null, "objectType": "StoveKnob", "openable": false, "openness": 0.0, "parentReceptacles": null, "pickupable": false, "position": {"x": 1.6024999618530273, "y": 0.9173359870910645, "z": 0.6809999942779541}, "receptacle": false, "receptacleObjectIds": null, "rotation": {"x": -0.0, "y": 269.9999694824219, "z": 180.0}, "salientMaterials": null, "sliceable": false, "temperature": "RoomTemp", "toggleable": true, "visible": true}, "StoveKnob|+01.60|+00.92|+00.74": {"assetId": "", "axisAlignedBoundingBox": {"center": {"x": 1.6025031805038452, "y": 0.9166072010993958, "z": 0.7396000027656555}, "cornerPoints": [[1.63008451461792, 0.9294231534004211, 0.7676732540130615], [1.63008451461792, 0.9294231534004211, 0.7115267515182495], [1.63008451461792, 0.9037912487983704, 0.7676732540130615], [1.63008451461792, 0.9037912487983704, 0.7115267515182495], [1.5749218463897705, 0.9294231534004211, 0.7676732540130615], [1.5749218463897705, 0.9294231534004211, 0.7115267515182495], [1.5749218463897705, 0.9037912487983704, 0.7676732540130615], [1.5749218463897705, 0.9037912487983704, 0.7115267515182495]], "size": {"x": 0.055162668228149414, "y": 0.02563190460205078, "z": 0.05614650249481201}}, "breakable": false, "canBeUsedUp": false, "canFillWithLiquid": false, "controlledObjects": ["StoveBurner|+01.77|+00.90|+00.82"], "cookable": false, "dirtyable": false, "distance": 0.8194686770439148, "fillLiquid": null, "isBroken": false, "isColdSource": false, "isCooked": false, "isDirty": false, "isFilledWithLiquid": false, "isHeatSource": false, "isInteractable": true, "isMoving": false, "isOpen": false, "isPickedUp": false, "isSliced": false, "isToggled": false, "isUsedUp": false, "mass": 0.0, "moveable": false, "name": "StoveKnob_c8efc5af", "objectId": "StoveKnob|+01.60|+00.92|+00.74", "objectOrientedBoundingBox": null, "objectType": "StoveKnob", "openable": false, "openness": 0.0, "parentReceptacles": null, "pickupable": false, "position": {"x": 1.6024999618530273, "y": 0.9173359870910645, "z": 0.7396000027656555}, "receptacle": false, "receptacleObjectIds": null, "rotation": {"x": -0.0, "y": 269.9999694824219, "z": 180.0}, "salientMaterials": null, "sliceable": false, "temperature": "RoomTemp", "toggleable": true, "visible": true}, "Toaster|+01.98|+00.90|-00.34": {"assetId": "Toaster_2", "axisAlignedBoundingBox": {"center": {"x": 1.9594777822494507, "y": 1.0036084651947021, "z": -0.3357711434364319}, "cornerPoints": [[2.137028455734253, 1.1074979305267334, -0.23731553554534912], [2.137028455734253, 1.1074979305267334, -0.43422675132751465], [2.137028455734253, 0.8997189998626709, -0.23731553554534912], [2.137028455734253, 0.8997189998626709, -0.43422675132751465], [1.7819271087646484, 1.1074979305267334, -0.23731553554534912], [1.7819271087646484, 1.1074979305267334, -0.43422675132751465], [1.7819271087646484, 0.8997189998626709, -0.23731553554534912], [1.7819271087646484, 0.8997189998626709, -0.43422675132751465]], "size": {"x": 0.3551013469696045, "y": 0.2077789306640625, "z": 0.19691121578216553}}, "breakable": false, "canBeUsedUp": false, "canFillWithLiquid": false, "controlledObjects": [], "cookable": false, "dirtyable": false, "distance": 0.8007898330688477, "fillLiquid": null, "isBroken": false, "isColdSource": false, "isCooked": false, "isDirty": false, "isFilledWithLiquid": false, "isHeatSource": true, "isInteractable": false, "isMoving": false, "isOpen": false, "isPickedUp": false, "isSliced": false, "isToggled": false, "isUsedUp": false, "mass": 5.0, "moveable": true, "name": "Toaster_22ab325a", "objectId": "Toaster|+01.98|+00.90|-00.34", "objectOrientedBoundingBox": {"cornerPoints": [[1.7822551727294922, 0.8997186422348022, -0.2379060536623001], [1.782526969909668, 0.8998138308525085, -0.43422695994377136], [2.137028932571411, 0.9003758430480957, -0.43373599648475647], [2.1367571353912354, 0.9002807140350342, -0.23741507530212402], [1.7819267511367798, 1.1068408489227295, -0.23780611157417297], [1.782198429107666, 1.106935977935791, -0.4341270327568054], [2.136700391769409, 1.1074979305267334, -0.4336360692977905], [2.1364285945892334, 1.1074028015136719, -0.23731514811515808]]}, "objectType": "Toaster", "openable": false, "openness": 0.0, "parentReceptacles": ["CounterTop|+00.00|+00.95|-01.51"], "pickupable": false, "position": {"x": 1.9769835472106934, "y": 0.9000750780105591, "z": -0.3357970416545868}, "receptacle": true, "receptacleObjectIds": [], "rotation": {"x": 0.09083607792854309, "y": 269.9206237792969, "z": 359.97222900390625}, "salientMaterials": ["Metal"], "sliceable": false, "temperature": "RoomTemp", "toggleable": true, "visible": false}, "Tomato|+00.17|+00.97|-00.28": {"assetId": "Tomato_2", "axisAlignedBoundingBox": {"center": {"x": 0.1692819595336914, "y": 0.9744961261749268, "z": -0.2816971242427826}, "cornerPoints": [[0.2383745014667511, 1.0340025424957275, -0.2107682228088379], [0.2383745014667511, 1.0340025424957275, -0.3526260256767273], [0.2383745014667511, 0.914989709854126, -0.2107682228088379], [0.2383745014667511, 0.914989709854126, -0.3526260256767273], [0.10018941760063171, 1.0340025424957275, -0.2107682228088379], [0.10018941760063171, 1.0340025424957275, -0.3526260256767273], [0.10018941760063171, 0.914989709854126, -0.2107682228088379], [0.10018941760063171, 0.914989709854126, -0.3526260256767273]], "size": {"x": 0.13818508386611938, "y": 0.11901283264160156, "z": 0.1418578028678894}}, "breakable": false, "canBeUsedUp": false, "canFillWithLiquid": false, "controlledObjects": null, "cookable": false, "dirtyable": false, "distance": 1.120059609413147, "fillLiquid": null, "isBroken": false, "isColdSource": false, "isCooked": false, "isDirty": false, "isFilledWithLiquid": false, "isHeatSource": false, "isInteractable": false, "isMoving": false, "isOpen": false, "isPickedUp": false, "isSliced": false, "isToggled": false, "isUsedUp": false, "mass": 0.11999998986721039, "moveable": false, "name": "Tomato_5fb6a620", "objectId": "Tomato|+00.17|+00.97|-00.28", "objectOrientedBoundingBox": {"cornerPoints": [[0.24194514751434326, 0.9142507314682007, -0.21522966027259827], [0.1041995957493782, 0.9161338210105896, -0.20612657070159912], [0.09483997523784637, 0.9159981608390808, -0.3477257192134857], [0.23258551955223083, 0.9141151309013367, -0.35682880878448486], [0.24355389177799225, 1.0329941511154175, -0.2154497504234314], [0.10580834746360779, 1.0348771810531616, -0.20634666085243225], [0.09644873440265656, 1.0347415208816528, -0.34794580936431885], [0.23419427871704102, 1.0328584909439087, -0.357048898935318]]}, "objectType": "Tomato", "openable": false, "openness": 0.0, "parentReceptacles": ["CounterTop|-00.02|+00.96|+00.51"], "pickupable": true, "position": {"x": 0.16839702427387238, "y": 0.9745070934295654, "z": -0.2815350294113159}, "receptacle": false, "receptacleObjectIds": null, "rotation": {"x": 359.9452209472656, "y": 3.7817153930664062, "z": 359.2184753417969}, "salientMaterials": ["Food"], "sliceable": true, "temperature": "RoomTemp", "toggleable": false, "visible": false}, "Window|+02.22|+01.57|-00.39": {"assetId": "", "axisAlignedBoundingBox": {"center": {"x": 2.208235263824463, "y": 1.5507831573486328, "z": -0.3993671238422394}, "cornerPoints": [[2.280311107635498, 2.0999972820281982, -0.000529944896697998], [2.280311107635498, 2.0999972820281982, -0.7982043027877808], [2.280311107635498, 1.0015690326690674, -0.000529944896697998], [2.280311107635498, 1.0015690326690674, -0.7982043027877808], [2.1361594200134277, 2.0999972820281982, -0.000529944896697998], [2.1361594200134277, 2.0999972820281982, -0.7982043027877808], [2.1361594200134277, 1.0015690326690674, -0.000529944896697998], [2.1361594200134277, 1.0015690326690674, -0.7982043027877808]], "size": {"x": 0.1441516876220703, "y": 1.0984282493591309, "z": 0.7976743578910828}}, "breakable": true, "canBeUsedUp": false, "canFillWithLiquid": false, "controlledObjects": null, "cookable": false, "dirtyable": false, "distance": 1.235190749168396, "fillLiquid": null, "isBroken": false, "isColdSource": false, "isCooked": false, "isDirty": false, "isFilledWithLiquid": false, "isHeatSource": false, "isInteractable": true, "isMoving": false, "isOpen": false, "isPickedUp": false, "isSliced": false, "isToggled": false, "isUsedUp": false, "mass": 0.0, "moveable": false, "name": "Window_a948c2ff", "objectId": "Window|+02.22|+01.57|-00.39", "objectOrientedBoundingBox": null, "objectType": "Window", "openable": false, "openness": 0.0, "parentReceptacles": ["CounterTop|+00.00|+00.95|-01.51"], "pickupable": false, "position": {"x": 2.2177000045776367, "y": 1.5650999546051025, "z": -0.38499999046325684}, "receptacle": false, "receptacleObjectIds": null, "rotation": {"x": -0.0, "y": 0.0, "z": 0.0}, "salientMaterials": null, "sliceable": false, "temperature": "RoomTemp", "toggleable": false, "visible": true}, "Window|-00.01|+01.58|-01.82": {"assetId": "", "axisAlignedBoundingBox": {"center": {"x": -0.002675950527191162, "y": 1.6219801902770996, "z": -1.8361577987670898}, "cornerPoints": [[0.5291962027549744, 2.2698113918304443, -1.7999999523162842], [0.5291962027549744, 2.2698113918304443, -1.8723156452178955], [0.5291962027549744, 0.9741489887237549, -1.7999999523162842], [0.5291962027549744, 0.9741489887237549, -1.8723156452178955], [-0.5345481038093567, 2.2698113918304443, -1.7999999523162842], [-0.5345481038093567, 2.2698113918304443, -1.8723156452178955], [-0.5345481038093567, 0.9741489887237549, -1.7999999523162842], [-0.5345481038093567, 0.9741489887237549, -1.8723156452178955]], "size": {"x": 1.063744306564331, "y": 1.2956624031066895, "z": 0.07231569290161133}}, "breakable": true, "canBeUsedUp": false, "canFillWithLiquid": false, "controlledObjects": null, "cookable": false, "dirtyable": false, "distance": 2.3183908462524414, "fillLiquid": null, "isBroken": false, "isColdSource": false, "isCooked": false, "isDirty": false, "isFilledWithLiquid": false, "isHeatSource": false, "isInteractable": false, "isMoving": false, "isOpen": false, "isPickedUp": false, "isSliced": false, "isToggled": false, "isUsedUp": false, "mass": 0.0, "moveable": false, "name": "Window_ebbaf2e5", "objectId": "Window|-00.01|+01.58|-01.82", "objectOrientedBoundingBox": null, "objectType": "Window", "openable": false, "openness": 0.0, "parentReceptacles": ["CounterTop|+00.00|+00.95|-01.51"], "pickupable": false, "position": {"x": -0.010999999940395355, "y": 1.5829999446868896, "z": -1.8219999074935913}, "receptacle": false, "receptacleObjectIds": null, "rotation": {"x": -0.0, "y": 0.0, "z": 0.0}, "salientMaterials": null, "sliceable": false, "temperature": "RoomTemp", "toggleable": false, "visible": false}, "Window|-03.24|+01.62|+02.69": {"assetId": "", "axisAlignedBoundingBox": {"center": {"x": -3.2329037189483643, "y": 1.551131248474121, "z": 2.6996891498565674}, "cornerPoints": [[-3.186800241470337, 2.1030068397521973, 3.4975953102111816], [-3.186800241470337, 2.1030068397521973, 1.9017829895019531], [-3.186800241470337, 0.9992556571960449, 3.4975953102111816], [-3.186800241470337, 0.9992556571960449, 1.9017829895019531], [-3.2790071964263916, 2.1030068397521973, 3.4975953102111816], [-3.2790071964263916, 2.1030068397521973, 1.9017829895019531], [-3.2790071964263916, 0.9992556571960449, 3.4975953102111816], [-3.2790071964263916, 0.9992556571960449, 1.9017829895019531]], "size": {"x": 0.09220695495605469, "y": 1.1037511825561523, "z": 1.5958123207092285}}, "breakable": true, "canBeUsedUp": false, "canFillWithLiquid": false, "controlledObjects": null, "cookable": false, "dirtyable": false, "distance": 5.284276962280273, "fillLiquid": null, "isBroken": false, "isColdSource": false, "isCooked": false, "isDirty": false, "isFilledWithLiquid": false, "isHeatSource": false, "isInteractable": false, "isMoving": false, "isOpen": false, "isPickedUp": false, "isSliced": false, "isToggled": false, "isUsedUp": false, "mass": 0.0, "moveable": false, "name": "Window_c2ac07c7", "objectId": "Window|-03.24|+01.62|+02.69", "objectOrientedBoundingBox": null, "objectType": "Window", "openable": false, "openness": 0.0, "parentReceptacles": null, "pickupable": false, "position": {"x": -3.240000009536743, "y": 1.6160000562667847, "z": 2.693000078201294}, "receptacle": false, "receptacleObjectIds": null, "rotation": {"x": -7.062251193751548e-30, "y": 270.0, "z": 0.0}, "salientMaterials": null, "sliceable": false, "temperature": "RoomTemp", "toggleable": false, "visible": false}}, "robot_positions": {"robot1": {"x": -0.7500002384185791, "y": 0.9009992480278015, "z": -0.7500000596046448}, "robot2": {"x": 1.250001311302185, "y": 0.9009992480278015, "z": 9.5367431640625e-07}, "robot3": {"x": 0.9999995231628418, "y": 0.9009992480278015, "z": 0.5}, "robot4": {"x": -0.75, "y": 0.9009992480278015, "z": 1.25}}, "robot_rotations": {"robot1": 56.18241500854492, "robot2": 40.56987762451172, "robot3": 270.0, "robot4": 180.0}, "version": 1761}, "gcr": 0.14285714285714285, "global_condition_satisfied": null, "goal_results": [{"contains": [], "name": "Bread", "states": ["HOT", "COOKED"], "status": "unsatisfied", "subgoal_indices": [0, 1]}, {"contains": [], "name": "Kettle", "states": ["HOT"], "status": "unsatisfied", "subgoal_indices": [2]}, {"contains": [], "name": "Pan", "states": ["HOT"], "status": "unsatisfied", "subgoal_indices": [3]}, {"contains": [], "name": "Potato", "states": ["HOT", "COOKED"], "status": "unsatisfied", "subgoal_indices": [4, 5]}, {"contains": [], "name": "StoveKnob", "states": ["ON"], "status": "satisfied", "subgoal_indices": [6]}], "ignored_failure_count": 0, "metrics_schema_version": 2, "movement_mode": "step", "navigation_metrics": {"action_counts": {"GetReachablePositions": 1085, "LookDown": 105, "LookUp": 140, "MoveAhead": 209, "RotateLeft": 69, "RotateRight": 66}, "budget_exhaustions": 0, "candidate_expansions": 5, "candidate_trials": 132, "deferred_requests": 0, "failed_transitions": 11, "failures": 4, "interaction_repositions": 1, "interaction_target_substitutions": 4, "invisible_candidates": 35, "invisible_interaction_candidates": 35, "micro_steps": 198, "mode": "step", "parking_moves": 1, "planning_batches": 76, "planning_durations_sample_limit": 128, "planning_durations_seconds": [0.09203980537131429, 0.08370972704142332, 0.008862224873155355, 0.026057573966681957, 0.025527198798954487, 0.028168986085802317, 0.18863457906991243, 0.17728487914428115, 0.02371138706803322, 0.004821157082915306, 0.012818783055990934, 0.008177377749234438, 0.0061104511842131615, 0.020586736034601927, 0.010020891204476357, 0.009444288909435272, 0.009704933036118746, 0.012850132770836353, 0.009375408291816711, 0.014973918907344341, 0.010138744954019785, 0.010236359667032957, 0.01868656510487199, 0.020299732219427824, 0.010064082685858011, 0.020030601881444454, 0.020700932014733553, 0.020241370890289545, 0.031280732713639736, 0.018304389901459217, 0.025851433165371418, 0.022089052014052868, 0.015749358106404543, 0.021418931894004345, 0.013627816922962666, 0.012834032997488976, 0.04369026143103838, 0.027941684238612652, 0.05869298288598657, 0.056946112774312496, 0.06680638901889324, 0.6854600389488041, 0.6769827133975923, 0.007319862954318523, 0.010265874676406384, 0.006242450326681137, 0.01020416896790266, 0.005942182149738073, 0.00902255903929472, 0.009797327220439911, 0.015083526261150837, 0.005086550023406744, 0.005113010294735432, 0.012845775112509727, 0.015050784219056368, 0.01018197601661086, 0.017229982651770115, 0.020146811846643686, 0.018135818652808666, 0.03135193698108196, 0.015956860035657883, 0.016444995999336243, 0.015298032201826572, 0.01590476231649518, 0.021379948128014803, 0.013189616147428751, 0.012375894002616405, 0.016558680217713118, 0.02390597527846694, 0.022174844052642584, 0.21755773108452559, 0.06410278426483274, 0.062454568687826395, 7.163659947924316, 0.0076415822841227055, 0.020578378811478615], "planning_durations_semantics": "bounded preview of latest calls; not a full-run distribution", "planning_durations_truncated": false, "planning_time_seconds": 10.5991599583067, "planning_timing_count": 76, "position_deviations": 0, "priority_trials": 148, "replans": 11, "requests": 12, "serial_fallback_batches": 0, "successes": 8, "suppressed_reachable_removals": 46, "visibility_look_attempts": 210, "visibility_recoveries": 0, "waits": 0}, "original_goal_count": 5, "phase_durations_seconds": {"cleanup": 0.3161372379399836, "evaluation": 0.0570145002566278, "execution": 54.36879385728389, "startup": 3.3669602517038584}, "process_status": "completed", "raw_action_sr": 0.6470588235294118, "reachable_refresh_mode": "full", "reproducibility": {"ai2thor_version": "5.0.0", "code_dirty": true, "code_root": "/home/dwb/thor/Coder/reports/pickup_recovery_20260908", "code_sha": "3d7e306e2d1f437a312b048e2882b25361537990", "config": {"cloud_rendering": true, "controller": {"agentCount": 4, "agentMode": "default", "fieldOfView": 90, "gridSize": 0.25, "headless": true, "height": 1000, "platform": "CloudRendering", "rotateStepDegrees": 20, "scene": "FloorPlan2", "snapToGrid": false, "visibilityDistance": 5, "width": 1000}, "execution_policy": "legacy", "movement": {"expanded_candidate_limit": 30, "full_refresh_interval_steps": 4, "grid_size_m": 0.25, "grid_snap_tolerance_m": 0.125001, "hard_clearance_m": 0.35, "initial_candidate_limit": 10, "max_assignment_trials": 256, "max_failed_transitions": 8, "max_invisible_candidate_replans": 1, "max_replans": 8, "mode": "step", "reachable_refresh_mode": "full"}, "movement_mode": "step", "reachable_refresh_mode": "full", "render_image": false, "robot_count": 4, "runner_mode": true, "runtime_constants": {"AGENT_CLEARANCE_DISTANCE": 0.35, "GENERATE_METADATA": false, "INTERACTION_MAX_PASS_STEPS": 30, "NAVIGATION_CHUNK_STEPS": 4, "NAVIGATION_GRID_SIZE": 0.25, "OBJECT_FOOTPRINT_CLEARANCE": 0.05, "OPEN_OBJECT_FOOTPRINT_CLEARANCE": 0.2, "TELEPORT_CANDIDATE_LIMIT": 10}, "scene": "FloorPlan2", "seed": 0, "show_windows": false, "timeout_seconds": 120.0}, "executable_sha256": "082fac492d4e56e89a2886878d123a9fd80c06f6566ae51ff13cba62da7b0783", "gpu": "GPU-b9976537-636d-11cf-0b12-7cef7207dc91, NVIDIA GeForce RTX 4090, 580.173.02\nGPU-6a32fb42-08b1-3754-db82-345e037eb744, NVIDIA GeForce RTX 4090, 580.173.02\nGPU-b0028c54-c17a-b94a-0f86-63284a57f321, NVIDIA GeForce RTX 4090, 580.173.02\nGPU-35be736f-1efb-475b-9a4e-e49ad53b80ad, NVIDIA GeForce RTX 4090, 580.173.02\nGPU-f2cfad83-d977-2c20-1a29-8b696654048b, NVIDIA GeForce RTX 4090, 580.173.02\nGPU-d0e11bbf-6de7-0189-2a40-13dd79ebd9cd, NVIDIA GeForce RTX 4090, 580.173.02\nGPU-00e69c63-8cc6-d44e-2843-ea937f8eabf2, NVIDIA GeForce RTX 4090, 580.173.02\nGPU-941a4809-a065-e4e8-3790-6af06c1ab23b, NVIDIA GeForce RTX 4090, 580.173.02", "plan_content_sha256": "d0a702098b5e5265abf03ac75482259da0fb5d0112745834583598d00345a3ea", "platform": "Linux-6.8.0-124-generic-x86_64-with-glibc2.35", "python_version": "3.9.25", "task_record_sha256": "5d2129b1ec98e32c3508bc0fe1e2dfd67788278ae73d7122c6bba5c21ae02468"}, "robot_failures": [{"action_index": 3, "action_type": "HeatByStoveBurner", "error": "HeatByStoveBurner timed out waiting for Kettle|+01.68|+00.90|+00.09 to become Hot.", "failure_decision": "skip", "failure_error_code": "action_failed", "ignored_for_failure_ratio": false, "requested_failure_policy": "FAIL_STAGE", "robot_id": "robot2", "stage_id": "Phase 1"}, {"action_index": 4, "action_type": "GoToObject", "error": "step navigation planning failed after full refresh with status NO_PLAN_FOUND; parking recovery found no safe joint plan", "failure_decision": "skip", "failure_error_code": "action_failed", "ignored_for_failure_ratio": false, "navigation_decision_trace": [{"candidate_cost": 9.486832981, "candidates": ["0:static", "1:0", "2:static", "3:static"], "event": "assignment_attempt", "trial": 1}, {"candidates": ["0:static", "1:0", "2:static", "3:static"], "event": "priority_rejected", "priority_order": ["0", "2", "3", "1"], "reason": "path_or_serialization_conflict"}, {"candidate_cost": 9.544003745, "candidates": ["0:static", "1:1", "2:static", "3:static"], "event": "assignment_attempt", "trial": 2}, {"candidates": ["0:static", "1:1", "2:static", "3:static"], "event": "priority_rejected", "priority_order": ["0", "2", "3", "1"], "reason": "path_or_serialization_conflict"}, {"candidate_cost": 11.219544457, "candidates": ["0:static", "1:2", "2:static", "3:static"], "event": "assignment_attempt", "trial": 3}, {"candidates": ["0:static", "1:2", "2:static", "3:static"], "event": "priority_rejected", "priority_order": ["0", "2", "3", "1"], "reason": "path_or_serialization_conflict"}, {"candidate_cost": 11.246211251, "candidates": ["0:static", "1:3", "2:static", "3:static"], "event": "assignment_attempt", "trial": 4}, {"candidates": ["0:static", "1:3", "2:static", "3:static"], "event": "priority_rejected", "priority_order": ["0", "2", "3", "1"], "reason": "path_or_serialization_conflict"}, {"candidate_cost": 11.615773106, "candidates": ["0:static", "1:4", "2:static", "3:static"], "event": "assignment_attempt", "trial": 5}, {"candidates": ["0:static", "1:4", "2:static", "3:static"], "event": "priority_rejected", "priority_order": ["0", "2", "3", "1"], "reason": "path_or_serialization_conflict"}, {"candidate_cost": 13.708203932, "candidates": ["0:static", "1:7", "2:static", "3:static"], "event": "assignment_attempt", "trial": 6}, {"candidates": ["0:static", "1:7", "2:static", "3:static"], "event": "priority_rejected", "priority_order": ["0", "2", "3", "1"], "reason": "path_or_serialization_conflict"}, {"candidate_cost": 14.055385138, "candidates": ["0:static", "1:5", "2:static", "3:static"], "event": "assignment_attempt", "trial": 7}, {"candidates": ["0:static", "1:5", "2:static", "3:static"], "event": "priority_rejected", "priority_order": ["0", "2", "3", "1"], "reason": "path_or_serialization_conflict"}, {"candidate_cost": 14.062257748, "candidates": ["0:static", "1:6", "2:static", "3:static"], "event": "assignment_attempt", "trial": 8}, {"candidates": ["0:static", "1:6", "2:static", "3:static"], "event": "priority_rejected", "priority_order": ["0", "2", "3", "1"], "reason": "path_or_serialization_conflict"}, {"candidate_cost": 17.0, "candidates": ["0:static", "1:8", "2:static", "3:static"], "event": "assignment_attempt", "trial": 9}, {"candidates": ["0:static", "1:8", "2:static", "3:static"], "event": "priority_rejected", "priority_order": ["0", "2", "3", "1"], "reason": "path_or_serialization_conflict"}, {"candidate_cost": 17.0, "candidates": ["0:static", "1:9", "2:static", "3:static"], "event": "assignment_attempt", "trial": 10}, {"candidates": ["0:static", "1:9", "2:static", "3:static"], "event": "priority_rejected", "priority_order": ["0", "2", "3", "1"], "reason": "path_or_serialization_conflict"}, {"assignment_trials": 10, "event": "planning_finished", "priority_attempts": 10, "status": "NO_PLAN_FOUND"}, {"candidate_cost": 9.486832981, "candidates": ["0:static", "1:0", "2:static", "3:static"], "event": "assignment_attempt", "trial": 1}, {"candidates": ["0:static", "1:0", "2:static", "3:static"], "event": "priority_rejected", "priority_order": ["0", "2", "3", "1"], "reason": "path_or_serialization_conflict"}, {"candidate_cost": 9.544003745, "candidates": ["0:static", "1:1", "2:static", "3:static"], "event": "assignment_attempt", "trial": 2}, {"candidates": ["0:static", "1:1", "2:static", "3:static"], "event": "priority_rejected", "priority_order": ["0", "2", "3", "1"], "reason": "path_or_serialization_conflict"}, {"candidate_cost": 11.219544457, "candidates": ["0:static", "1:2", "2:static", "3:static"], "event": "assignment_attempt", "trial": 3}, {"candidates": ["0:static", "1:2", "2:static", "3:static"], "event": "priority_rejected", "priority_order": ["0", "2", "3", "1"], "reason": "path_or_serialization_conflict"}, {"candidate_cost": 11.246211251, "candidates": ["0:static", "1:3", "2:static", "3:static"], "event": "assignment_attempt", "trial": 4}, {"candidates": ["0:static", "1:3", "2:static", "3:static"], "event": "priority_rejected", "priority_order": ["0", "2", "3", "1"], "reason": "path_or_serialization_conflict"}, {"candidate_cost": 11.615773106, "candidates": ["0:static", "1:4", "2:static", "3:static"], "event": "assignment_attempt", "trial": 5}, {"candidates": ["0:static", "1:4", "2:static", "3:static"], "event": "priority_rejected", "priority_order": ["0", "2", "3", "1"], "reason": "path_or_serialization_conflict"}, {"candidate_cost": 13.708203932, "candidates": ["0:static", "1:7", "2:static", "3:static"], "event": "assignment_attempt", "trial": 6}, {"candidates": ["0:static", "1:7", "2:static", "3:static"], "event": "priority_rejected", "priority_order": ["0", "2", "3", "1"], "reason": "path_or_serialization_conflict"}, {"candidate_cost": 14.055385138, "candidates": ["0:static", "1:5", "2:static", "3:static"], "event": "assignment_attempt", "trial": 7}, {"candidates": ["0:static", "1:5", "2:static", "3:static"], "event": "priority_rejected", "priority_order": ["0", "2", "3", "1"], "reason": "path_or_serialization_conflict"}, {"candidate_cost": 14.062257748, "candidates": ["0:static", "1:6", "2:static", "3:static"], "event": "assignment_attempt", "trial": 8}, {"candidates": ["0:static", "1:6", "2:static", "3:static"], "event": "priority_rejected", "priority_order": ["0", "2", "3", "1"], "reason": "path_or_serialization_conflict"}, {"candidate_cost": 17.0, "candidates": ["0:static", "1:8", "2:static", "3:static"], "event": "assignment_attempt", "trial": 9}, {"candidates": ["0:static", "1:8", "2:static", "3:static"], "event": "priority_rejected", "priority_order": ["0", "2", "3", "1"], "reason": "path_or_serialization_conflict"}, {"candidate_cost": 17.0, "candidates": ["0:static", "1:9", "2:static", "3:static"], "event": "assignment_attempt", "trial": 10}, {"candidates": ["0:static", "1:9", "2:static", "3:static"], "event": "priority_rejected", "priority_order": ["0", "2", "3", "1"], "reason": "path_or_serialization_conflict"}, {"assignment_trials": 10, "event": "planning_finished", "priority_attempts": 10, "status": "NO_PLAN_FOUND"}, {"event": "parking_recovery_attempted", "parking_agent_ids": []}, {"added": 20, "event": "candidate_expansion", "limit": 30}, {"candidates": ["0:static", "1:22", "2:static", "3:static"], "conflict": ["0:static", "1:22"], "event": "assignment_rejected", "reason": "endpoint_conflict"}, {"candidates": ["0:static", "1:23", "2:static", "3:static"], "conflict": ["1:23", "3:static"], "event": "assignment_rejected", "reason": "endpoint_conflict"}, {"candidates": ["0:static", "1:25", "2:static", "3:static"], "conflict": ["0:static", "1:25"], "event": "assignment_rejected", "reason": "endpoint_conflict"}, {"candidates": ["0:static", "1:29", "2:static", "3:static"], "conflict": ["1:29", "3:static"], "event": "assignment_rejected", "reason": "endpoint_conflict"}, {"candidate_cost": 9.486832981, "candidates": ["0:static", "1:0", "2:static", "3:static"], "event": "assignment_attempt", "trial": 1}, {"candidates": ["0:static", "1:0", "2:static", "3:static"], "event": "priority_rejected", "priority_order": ["0", "2", "3", "1"], "reason": "path_or_serialization_conflict"}, {"candidate_cost": 9.544003745, "candidates": ["0:static", "1:1", "2:static", "3:static"], "event": "assignment_attempt", "trial": 2}, {"candidates": ["0:static", "1:1", "2:static", "3:static"], "event": "priority_rejected", "priority_order": ["0", "2", "3", "1"], "reason": "path_or_serialization_conflict"}, {"candidate_cost": 11.219544457, "candidates": ["0:static", "1:2", "2:static", "3:static"], "event": "assignment_attempt", "trial": 3}, {"candidates": ["0:static", "1:2", "2:static", "3:static"], "event": "priority_rejected", "priority_order": ["0", "2", "3", "1"], "reason": "path_or_serialization_conflict"}, {"candidate_cost": 11.246211251, "candidates": ["0:static", "1:3", "2:static", "3:static"], "event": "assignment_attempt", "trial": 4}, {"candidates": ["0:static", "1:3", "2:static", "3:static"], "event": "priority_rejected", "priority_order": ["0", "2", "3", "1"], "reason": "path_or_serialization_conflict"}, {"candidate_cost": 11.615773106, "candidates": ["0:static", "1:4", "2:static", "3:static"], "event": "assignment_attempt", "trial": 5}, {"candidates": ["0:static", "1:4", "2:static", "3:static"], "event": "priority_rejected", "priority_order": ["0", "2", "3", "1"], "reason": "path_or_serialization_conflict"}, {"candidate_cost": 13.708203932, "candidates": ["0:static", "1:7", "2:static", "3:static"], "event": "assignment_attempt", "trial": 6}, {"candidates": ["0:static", "1:7", "2:static", "3:static"], "event": "priority_rejected", "priority_order": ["0", "2", "3", "1"], "reason": "path_or_serialization_conflict"}, {"candidate_cost": 14.055385138, "candidates": ["0:static", "1:5", "2:static", "3:static"], "event": "assignment_attempt", "trial": 7}, {"candidates": ["0:static", "1:5", "2:static", "3:static"], "event": "priority_rejected", "priority_order": ["0", "2", "3", "1"], "reason": "path_or_serialization_conflict"}, {"candidate_cost": 14.062257748, "candidates": ["0:static", "1:6", "2:static", "3:static"], "event": "assignment_attempt", "trial": 8}, {"candidates": ["0:static", "1:6", "2:static", "3:static"], "event": "priority_rejected", "priority_order": ["0", "2", "3", "1"], "reason": "path_or_serialization_conflict"}, {"candidate_cost": 15.830951895, "candidates": ["0:static", "1:10", "2:static", "3:static"], "event": "assignment_attempt", "trial": 9}, {"candidates": ["0:static", "1:10", "2:static", "3:static"], "event": "priority_rejected", "priority_order": ["0", "2", "3", "1"], "reason": "path_or_serialization_conflict"}, {"candidate_cost": 17.0, "candidates": ["0:static", "1:8", "2:static", "3:static"], "event": "assignment_attempt", "trial": 10}, {"candidates": ["0:static", "1:8", "2:static", "3:static"], "event": "priority_rejected", "priority_order": ["0", "2", "3", "1"], "reason": "path_or_serialization_conflict"}, {"candidate_cost": 17.0, "candidates": ["0:static", "1:9", "2:static", "3:static"], "event": "assignment_attempt", "trial": 11}, {"candidates": ["0:static", "1:9", "2:static", "3:static"], "event": "priority_rejected", "priority_order": ["0", "2", "3", "1"], "reason": "path_or_serialization_conflict"}, {"candidate_cost": 18.0, "candidates": ["0:static", "1:13", "2:static", "3:static"], "event": "assignment_attempt", "trial": 12}, {"candidates": ["0:static", "1:13", "2:static", "3:static"], "event": "priority_rejected", "priority_order": ["0", "2", "3", "1"], "reason": "path_or_serialization_conflict"}, {"candidate_cost": 20.055385138, "candidates": ["0:static", "1:11", "2:static", "3:static"], "event": "assignment_attempt", "trial": 13}, {"candidates": ["0:static", "1:11", "2:static", "3:static"], "event": "priority_rejected", "priority_order": ["0", "2", "3", "1"], "reason": "path_or_serialization_conflict"}, {"candidate_cost": 20.062257748, "candidates": ["0:static", "1:12", "2:static", "3:static"], "event": "assignment_attempt", "trial": 14}, {"candidates": ["0:static", "1:12", "2:static", "3:static"], "event": "priority_rejected", "priority_order": ["0", "2", "3", "1"], "reason": "path_or_serialization_conflict"}, {"candidate_cost": 20.242640687, "candidates": ["0:static", "1:16", "2:static", "3:static"], "event": "assignment_attempt", "trial": 15}, {"candidates": ["0:static", "1:16", "2:static", "3:static"], "event": "priority_rejected", "priority_order": ["0", "2", "3", "1"], "reason": "path_or_serialization_conflict"}, {"candidate_cost": 22.605551275, "candidates": ["0:static", "1:19", "2:static", "3:static"], "event": "assignment_attempt", "trial": 16}, {"candidates": ["0:static", "1:19", "2:static", "3:static"], "event": "priority_rejected", "priority_order": ["0", "2", "3", "1"], "reason": "path_or_serialization_conflict"}, {"candidate_cost": 22.828427125, "candidates": ["0:static", "1:20", "2:static", "3:static"], "event": "assignment_attempt", "trial": 17}, {"candidates": ["0:static", "1:20", "2:static", "3:static"], "event": "priority_rejected", "priority_order": ["0", "2", "3", "1"], "reason": "path_or_serialization_conflict"}, {"candidate_cost": 23.219544457, "candidates": ["0:static", "1:14", "2:static", "3:static"], "event": "assignment_attempt", "trial": 18}, {"candidates": ["0:static", "1:14", "2:static", "3:static"], "event": "priority_rejected", "priority_order": ["0", "2", "3", "1"], "reason": "path_or_serialization_conflict"}, {"candidate_cost": 23.246211251, "candidates": ["0:static", "1:15", "2:static", "3:static"], "event": "assignment_attempt", "trial": 19}, {"candidates": ["0:static", "1:15", "2:static", "3:static"], "event": "priority_rejected", "priority_order": ["0", "2", "3", "1"], "reason": "path_or_serialization_conflict"}, {"candidate_cost": 26.486832981, "candidates": ["0:static", "1:17", "2:static", "3:static"], "event": "assignment_attempt", "trial": 20}, {"candidates": ["0:static", "1:17", "2:static", "3:static"], "event": "priority_rejected", "priority_order": ["0", "2", "3", "1"], "reason": "path_or_serialization_conflict"}, {"candidate_cost": 26.544003745, "candidates": ["0:static", "1:18", "2:static", "3:static"], "event": "assignment_attempt", "trial": 21}, {"candidates": ["0:static", "1:18", "2:static", "3:static"], "event": "priority_rejected", "priority_order": ["0", "2", "3", "1"], "reason": "path_or_serialization_conflict"}, {"candidate_cost": 27.16227766, "candidates": ["0:static", "1:24", "2:static", "3:static"], "event": "assignment_attempt", "trial": 22}, {"candidates": ["0:static", "1:24", "2:static", "3:static"], "event": "priority_rejected", "priority_order": ["0", "2", "3", "1"], "reason": "path_or_serialization_conflict"}, {"candidate_cost": 28.236067977, "candidates": ["0:static", "1:26", "2:static", "3:static"], "event": "assignment_attempt", "trial": 23}, {"candidates": ["0:static", "1:26", "2:static", "3:static"], "event": "priority_rejected", "priority_order": ["0", "2", "3", "1"], "reason": "path_or_serialization_conflict"}, {"candidate_cost": 29.414213562, "candidates": ["0:static", "1:28", "2:static", "3:static"], "event": "assignment_attempt", "trial": 24}, {"candidates": ["0:static", "1:28", "2:static", "3:static"], "event": "priority_rejected", "priority_order": ["0", "2", "3", "1"], "reason": "path_or_serialization_conflict"}, {"candidate_cost": 30.848857802, "candidates": ["0:static", "1:21", "2:static", "3:static"], "event": "assignment_attempt", "trial": 25}, {"candidates": ["0:static", "1:21", "2:static", "3:static"], "event": "priority_rejected", "priority_order": ["0", "2", "3", "1"], "reason": "path_or_serialization_conflict"}, {"candidate_cost": 38.180339887, "candidates": ["0:static", "1:27", "2:static", "3:static"], "event": "assignment_attempt", "trial": 26}, {"candidates": ["0:static", "1:27", "2:static", "3:static"], "event": "priority_rejected", "priority_order": ["0", "2", "3", "1"], "reason": "path_or_serialization_conflict"}, {"assignment_trials": 26, "event": "planning_finished", "priority_attempts": 26, "status": "NO_PLAN_FOUND"}, {"candidates": ["0:static", "1:22", "2:static", "3:static"], "conflict": ["0:static", "1:22"], "event": "assignment_rejected", "reason": "endpoint_conflict"}, {"candidates": ["0:static", "1:23", "2:static", "3:static"], "conflict": ["1:23", "3:static"], "event": "assignment_rejected", "reason": "endpoint_conflict"}, {"candidates": ["0:static", "1:25", "2:static", "3:static"], "conflict": ["0:static", "1:25"], "event": "assignment_rejected", "reason": "endpoint_conflict"}, {"candidates": ["0:static", "1:29", "2:static", "3:static"], "conflict": ["1:29", "3:static"], "event": "assignment_rejected", "reason": "endpoint_conflict"}, {"candidate_cost": 9.486832981, "candidates": ["0:static", "1:0", "2:static", "3:static"], "event": "assignment_attempt", "trial": 1}, {"candidates": ["0:static", "1:0", "2:static", "3:static"], "event": "priority_rejected", "priority_order": ["0", "2", "3", "1"], "reason": "path_or_serialization_conflict"}, {"candidate_cost": 9.544003745, "candidates": ["0:static", "1:1", "2:static", "3:static"], "event": "assignment_attempt", "trial": 2}, {"candidates": ["0:static", "1:1", "2:static", "3:static"], "event": "priority_rejected", "priority_order": ["0", "2", "3", "1"], "reason": "path_or_serialization_conflict"}, {"candidate_cost": 11.219544457, "candidates": ["0:static", "1:2", "2:static", "3:static"], "event": "assignment_attempt", "trial": 3}, {"candidates": ["0:static", "1:2", "2:static", "3:static"], "event": "priority_rejected", "priority_order": ["0", "2", "3", "1"], "reason": "path_or_serialization_conflict"}, {"candidate_cost": 11.246211251, "candidates": ["0:static", "1:3", "2:static", "3:static"], "event": "assignment_attempt", "trial": 4}, {"candidates": ["0:static", "1:3", "2:static", "3:static"], "event": "priority_rejected", "priority_order": ["0", "2", "3", "1"], "reason": "path_or_serialization_conflict"}, {"candidate_cost": 11.615773106, "candidates": ["0:static", "1:4", "2:static", "3:static"], "event": "assignment_attempt", "trial": 5}, {"candidates": ["0:static", "1:4", "2:static", "3:static"], "event": "priority_rejected", "priority_order": ["0", "2", "3", "1"], "reason": "path_or_serialization_conflict"}, {"candidate_cost": 13.708203932, "candidates": ["0:static", "1:7", "2:static", "3:static"], "event": "assignment_attempt", "trial": 6}, {"candidates": ["0:static", "1:7", "2:static", "3:static"], "event": "priority_rejected", "priority_order": ["0", "2", "3", "1"], "reason": "path_or_serialization_conflict"}, {"candidate_cost": 14.055385138, "candidates": ["0:static", "1:5", "2:static", "3:static"], "event": "assignment_attempt", "trial": 7}, {"candidates": ["0:static", "1:5", "2:static", "3:static"], "event": "priority_rejected", "priority_order": ["0", "2", "3", "1"], "reason": "path_or_serialization_conflict"}, {"candidate_cost": 14.062257748, "candidates": ["0:static", "1:6", "2:static", "3:static"], "event": "assignment_attempt", "trial": 8}, {"candidates": ["0:static", "1:6", "2:static", "3:static"], "event": "priority_rejected", "priority_order": ["0", "2", "3", "1"], "reason": "path_or_serialization_conflict"}, {"candidate_cost": 15.830951895, "candidates": ["0:static", "1:10", "2:static", "3:static"], "event": "assignment_attempt", "trial": 9}, {"candidates": ["0:static", "1:10", "2:static", "3:static"], "event": "priority_rejected", "priority_order": ["0", "2", "3", "1"], "reason": "path_or_serialization_conflict"}, {"candidate_cost": 17.0, "candidates": ["0:static", "1:8", "2:static", "3:static"], "event": "assignment_attempt", "trial": 10}, {"candidates": ["0:static", "1:8", "2:static", "3:static"], "event": "priority_rejected", "priority_order": ["0", "2", "3", "1"], "reason": "path_or_serialization_conflict"}, {"candidate_cost": 17.0, "candidates": ["0:static", "1:9", "2:static", "3:static"], "event": "assignment_attempt", "trial": 11}, {"candidates": ["0:static", "1:9", "2:static", "3:static"], "event": "priority_rejected", "priority_order": ["0", "2", "3", "1"], "reason": "path_or_serialization_conflict"}, {"candidate_cost": 18.0, "candidates": ["0:static", "1:13", "2:static", "3:static"], "event": "assignment_attempt", "trial": 12}, {"candidates": ["0:static", "1:13", "2:static", "3:static"], "event": "priority_rejected", "priority_order": ["0", "2", "3", "1"], "reason": "path_or_serialization_conflict"}, {"candidate_cost": 20.055385138, "candidates": ["0:static", "1:11", "2:static", "3:static"], "event": "assignment_attempt", "trial": 13}, {"candidates": ["0:static", "1:11", "2:static", "3:static"], "event": "priority_rejected", "priority_order": ["0", "2", "3", "1"], "reason": "path_or_serialization_conflict"}, {"candidate_cost": 20.062257748, "candidates": ["0:static", "1:12", "2:static", "3:static"], "event": "assignment_attempt", "trial": 14}, {"candidates": ["0:static", "1:12", "2:static", "3:static"], "event": "priority_rejected", "priority_order": ["0", "2", "3", "1"], "reason": "path_or_serialization_conflict"}, {"candidate_cost": 20.242640687, "candidates": ["0:static", "1:16", "2:static", "3:static"], "event": "assignment_attempt", "trial": 15}, {"candidates": ["0:static", "1:16", "2:static", "3:static"], "event": "priority_rejected", "priority_order": ["0", "2", "3", "1"], "reason": "path_or_serialization_conflict"}, {"candidate_cost": 22.605551275, "candidates": ["0:static", "1:19", "2:static", "3:static"], "event": "assignment_attempt", "trial": 16}, {"candidates": ["0:static", "1:19", "2:static", "3:static"], "event": "priority_rejected", "priority_order": ["0", "2", "3", "1"], "reason": "path_or_serialization_conflict"}, {"candidate_cost": 22.828427125, "candidates": ["0:static", "1:20", "2:static", "3:static"], "event": "assignment_attempt", "trial": 17}, {"candidates": ["0:static", "1:20", "2:static", "3:static"], "event": "priority_rejected", "priority_order": ["0", "2", "3", "1"], "reason": "path_or_serialization_conflict"}, {"candidate_cost": 23.219544457, "candidates": ["0:static", "1:14", "2:static", "3:static"], "event": "assignment_attempt", "trial": 18}, {"candidates": ["0:static", "1:14", "2:static", "3:static"], "event": "priority_rejected", "priority_order": ["0", "2", "3", "1"], "reason": "path_or_serialization_conflict"}, {"candidate_cost": 23.246211251, "candidates": ["0:static", "1:15", "2:static", "3:static"], "event": "assignment_attempt", "trial": 19}, {"candidates": ["0:static", "1:15", "2:static", "3:static"], "event": "priority_rejected", "priority_order": ["0", "2", "3", "1"], "reason": "path_or_serialization_conflict"}, {"candidate_cost": 26.486832981, "candidates": ["0:static", "1:17", "2:static", "3:static"], "event": "assignment_attempt", "trial": 20}, {"candidates": ["0:static", "1:17", "2:static", "3:static"], "event": "priority_rejected", "priority_order": ["0", "2", "3", "1"], "reason": "path_or_serialization_conflict"}, {"candidate_cost": 26.544003745, "candidates": ["0:static", "1:18", "2:static", "3:static"], "event": "assignment_attempt", "trial": 21}, {"candidates": ["0:static", "1:18", "2:static", "3:static"], "event": "priority_rejected", "priority_order": ["0", "2", "3", "1"], "reason": "path_or_serialization_conflict"}, {"candidate_cost": 27.16227766, "candidates": ["0:static", "1:24", "2:static", "3:static"], "event": "assignment_attempt", "trial": 22}, {"candidates": ["0:static", "1:24", "2:static", "3:static"], "event": "priority_rejected", "priority_order": ["0", "2", "3", "1"], "reason": "path_or_serialization_conflict"}, {"candidate_cost": 28.236067977, "candidates": ["0:static", "1:26", "2:static", "3:static"], "event": "assignment_attempt", "trial": 23}, {"candidates": ["0:static", "1:26", "2:static", "3:static"], "event": "priority_rejected", "priority_order": ["0", "2", "3", "1"], "reason": "path_or_serialization_conflict"}, {"candidate_cost": 29.414213562, "candidates": ["0:static", "1:28", "2:static", "3:static"], "event": "assignment_attempt", "trial": 24}, {"candidates": ["0:static", "1:28", "2:static", "3:static"], "event": "priority_rejected", "priority_order": ["0", "2", "3", "1"], "reason": "path_or_serialization_conflict"}, {"candidate_cost": 30.848857802, "candidates": ["0:static", "1:21", "2:static", "3:static"], "event": "assignment_attempt", "trial": 25}, {"candidates": ["0:static", "1:21", "2:static", "3:static"], "event": "priority_rejected", "priority_order": ["0", "2", "3", "1"], "reason": "path_or_serialization_conflict"}, {"candidate_cost": 38.180339887, "candidates": ["0:static", "1:27", "2:static", "3:static"], "event": "assignment_attempt", "trial": 26}, {"candidates": ["0:static", "1:27", "2:static", "3:static"], "event": "priority_rejected", "priority_order": ["0", "2", "3", "1"], "reason": "path_or_serialization_conflict"}, {"assignment_trials": 26, "event": "planning_finished", "priority_attempts": 26, "status": "NO_PLAN_FOUND"}, {"event": "parking_recovery_attempted", "parking_agent_ids": [2, 3]}, {"candidates": ["0:static", "1:0", "2:parking:0", "3:parking:0"], "conflict": ["2:parking:0", "3:parking:0"], "event": "assignment_rejected", "reason": "endpoint_conflict"}, {"candidates": ["0:static", "1:0", "2:parking:0", "3:parking:1"], "conflict": ["2:parking:0", "3:parking:1"], "event": "assignment_rejected", "reason": "endpoint_conflict"}, {"candidates": ["0:static", "1:0", "2:parking:0", "3:parking:2"], "conflict": ["2:parking:0", "3:parking:2"], "event": "assignment_rejected", "reason": "endpoint_conflict"}, {"candidates": ["0:static", "1:0", "2:parking:1", "3:parking:0"], "conflict": ["2:parking:1", "3:parking:0"], "event": "assignment_rejected", "reason": "endpoint_conflict"}, {"candidates": ["0:static", "1:0", "2:parking:1", "3:parking:1"], "conflict": ["2:parking:1", "3:parking:1"], "event": "assignment_rejected", "reason": "endpoint_conflict"}, {"candidates": ["0:static", "1:0", "2:parking:2", "3:parking:0"], "conflict": ["2:parking:2", "3:parking:0"], "event": "assignment_rejected", "reason": "endpoint_conflict"}, {"candidates": ["0:static", "1:0", "2:parking:2", "3:parking:2"], "conflict": ["2:parking:2", "3:parking:2"], "event": "assignment_rejected", "reason": "endpoint_conflict"}, {"candidates": ["0:static", "1:1", "2:parking:0", "3:parking:0"], "conflict": ["2:parking:0", "3:parking:0"], "event": "assignment_rejected", "reason": "endpoint_conflict"}, {"candidates": ["0:static", "1:1", "2:parking:0", "3:parking:1"], "conflict": ["2:parking:0", "3:parking:1"], "event": "assignment_rejected", "reason": "endpoint_conflict"}, {"candidates": ["0:static", "1:1", "2:parking:0", "3:parking:2"], "conflict": ["2:parking:0", "3:parking:2"], "event": "assignment_rejected", "reason": "endpoint_conflict"}, {"candidates": ["0:static", "1:1", "2:parking:1", "3:parking:0"], "conflict": ["2:parking:1", "3:parking:0"], "event": "assignment_rejected", "reason": "endpoint_conflict"}, {"candidates": ["0:static", "1:1", "2:parking:1", "3:parking:1"], "conflict": ["2:parking:1", "3:parking:1"], "event": "assignment_rejected", "reason": "endpoint_conflict"}, {"candidates": ["0:static", "1:1", "2:parking:2", "3:parking:0"], "conflict": ["2:parking:2", "3:parking:0"], "event": "assignment_rejected", "reason": "endpoint_conflict"}, {"candidates": ["0:static", "1:1", "2:parking:2", "3:parking:2"], "conflict": ["2:parking:2", "3:parking:2"], "event": "assignment_rejected", "reason": "endpoint_conflict"}, {"candidates": ["0:static", "1:2", "2:parking:0", "3:parking:0"], "conflict": ["2:parking:0", "3:parking:0"], "event": "assignment_rejected", "reason": "endpoint_conflict"}, {"candidates": ["0:static", "1:2", "2:parking:0", "3:parking:1"], "conflict": ["2:parking:0", "3:parking:1"], "event": "assignment_rejected", "reason": "endpoint_conflict"}, {"candidates": ["0:static", "1:2", "2:parking:0", "3:parking:2"], "conflict": ["2:parking:0", "3:parking:2"], "event": "assignment_rejected", "reason": "endpoint_conflict"}, {"candidates": ["0:static", "1:2", "2:parking:1", "3:parking:0"], "conflict": ["2:parking:1", "3:parking:0"], "event": "assignment_rejected", "reason": "endpoint_conflict"}, {"candidates": ["0:static", "1:2", "2:parking:1", "3:parking:1"], "conflict": ["2:parking:1", "3:parking:1"], "event": "assignment_rejected", "reason": "endpoint_conflict"}, {"candidates": ["0:static", "1:2", "2:parking:2", "3:parking:0"], "conflict": ["2:parking:2", "3:parking:0"], "event": "assignment_rejected", "reason": "endpoint_conflict"}, {"candidates": ["0:static", "1:2", "2:parking:2", "3:parking:2"], "conflict": ["2:parking:2", "3:parking:2"], "event": "assignment_rejected", "reason": "endpoint_conflict"}, {"candidates": ["0:static", "1:3", "2:parking:0", "3:parking:0"], "conflict": ["2:parking:0", "3:parking:0"], "event": "assignment_rejected", "reason": "endpoint_conflict"}, {"candidates": ["0:static", "1:3", "2:parking:0", "3:parking:1"], "conflict": ["2:parking:0", "3:parking:1"], "event": "assignment_rejected", "reason": "endpoint_conflict"}, {"candidates": ["0:static", "1:3", "2:parking:0", "3:parking:2"], "conflict": ["2:parking:0", "3:parking:2"], "event": "assignment_rejected", "reason": "endpoint_conflict"}, {"candidates": ["0:static", "1:3", "2:parking:1", "3:parking:0"], "conflict": ["2:parking:1", "3:parking:0"], "event": "assignment_rejected", "reason": "endpoint_conflict"}, {"candidates": ["0:static", "1:3", "2:parking:1", "3:parking:1"], "conflict": ["2:parking:1", "3:parking:1"], "event": "assignment_rejected", "reason": "endpoint_conflict"}, {"candidates": ["0:static", "1:3", "2:parking:2", "3:parking:0"], "conflict": ["2:parking:2", "3:parking:0"], "event": "assignment_rejected", "reason": "endpoint_conflict"}, {"candidates": ["0:static", "1:3", "2:parking:2", "3:parking:2"], "conflict": ["2:parking:2", "3:parking:2"], "event": "assignment_rejected", "reason": "endpoint_conflict"}, {"candidates": ["0:static", "1:4", "2:parking:0", "3:parking:0"], "conflict": ["2:parking:0", "3:parking:0"], "event": "assignment_rejected", "reason": "endpoint_conflict"}, {"candidates": ["0:static", "1:4", "2:parking:0", "3:parking:1"], "conflict": ["2:parking:0", "3:parking:1"], "event": "assignment_rejected", "reason": "endpoint_conflict"}, {"candidates": ["0:static", "1:4", "2:parking:0", "3:parking:2"], "conflict": ["2:parking:0", "3:parking:2"], "event": "assignment_rejected", "reason": "endpoint_conflict"}, {"candidates": ["0:static", "1:4", "2:parking:1", "3:parking:0"], "conflict": ["2:parking:1", "3:parking:0"], "event": "assignment_rejected", "reason": "endpoint_conflict"}, {"candidates": ["0:static", "1:4", "2:parking:1", "3:parking:1"], "conflict": ["2:parking:1", "3:parking:1"], "event": "assignment_rejected", "reason": "endpoint_conflict"}, {"candidates": ["0:static", "1:4", "2:parking:2", "3:parking:0"], "conflict": ["2:parking:2", "3:parking:0"], "event": "assignment_rejected", "reason": "endpoint_conflict"}, {"candidates": ["0:static", "1:4", "2:parking:2", "3:parking:2"], "conflict": ["2:parking:2", "3:parking:2"], "event": "assignment_rejected", "reason": "endpoint_conflict"}, {"candidates": ["0:static", "1:5", "2:parking:0", "3:parking:0"], "conflict": ["2:parking:0", "3:parking:0"], "event": "assignment_rejected", "reason": "endpoint_conflict"}, {"candidates": ["0:static", "1:5", "2:parking:0", "3:parking:1"], "conflict": ["2:parking:0", "3:parking:1"], "event": "assignment_rejected", "reason": "endpoint_conflict"}, {"candidates": ["0:static", "1:5", "2:parking:0", "3:parking:2"], "conflict": ["2:parking:0", "3:parking:2"], "event": "assignment_rejected", "reason": "endpoint_conflict"}, {"candidates": ["0:static", "1:5", "2:parking:1", "3:parking:0"], "conflict": ["2:parking:1", "3:parking:0"], "event": "assignment_rejected", "reason": "endpoint_conflict"}, {"candidates": ["0:static", "1:5", "2:parking:1", "3:parking:1"], "conflict": ["2:parking:1", "3:parking:1"], "event": "assignment_rejected", "reason": "endpoint_conflict"}, {"candidates": ["0:static", "1:5", "2:parking:2", "3:parking:0"], "conflict": ["2:parking:2", "3:parking:0"], "event": "assignment_rejected", "reason": "endpoint_conflict"}, {"candidates": ["0:static", "1:5", "2:parking:2", "3:parking:2"], "conflict": ["2:parking:2", "3:parking:2"], "event": "assignment_rejected", "reason": "endpoint_conflict"}, {"candidates": ["0:static", "1:6", "2:parking:0", "3:parking:0"], "conflict": ["2:parking:0", "3:parking:0"], "event": "assignment_rejected", "reason": "endpoint_conflict"}, {"candidates": ["0:static", "1:6", "2:parking:0", "3:parking:1"], "conflict": ["2:parking:0", "3:parking:1"], "event": "assignment_rejected", "reason": "endpoint_conflict"}, {"candidates": ["0:static", "1:6", "2:parking:0", "3:parking:2"], "conflict": ["2:parking:0", "3:parking:2"], "event": "assignment_rejected", "reason": "endpoint_conflict"}, {"candidates": ["0:static", "1:6", "2:parking:1", "3:parking:0"], "conflict": ["2:parking:1", "3:parking:0"], "event": "assignment_rejected", "reason": "endpoint_conflict"}, {"candidates": ["0:static", "1:6", "2:parking:1", "3:parking:1"], "conflict": ["2:parking:1", "3:parking:1"], "event": "assignment_rejected", "reason": "endpoint_conflict"}, {"candidates": ["0:static", "1:6", "2:parking:2", "3:parking:0"], "conflict": ["2:parking:2", "3:parking:0"], "event": "assignment_rejected", "reason": "endpoint_conflict"}, {"candidates": ["0:static", "1:6", "2:parking:2", "3:parking:2"], "conflict": ["2:parking:2", "3:parking:2"], "event": "assignment_rejected", "reason": "endpoint_conflict"}, {"candidates": ["0:static", "1:7", "2:parking:0", "3:parking:0"], "conflict": ["2:parking:0", "3:parking:0"], "event": "assignment_rejected", "reason": "endpoint_conflict"}, {"candidates": ["0:static", "1:7", "2:parking:0", "3:parking:1"], "conflict": ["2:parking:0", "3:parking:1"], "event": "assignment_rejected", "reason": "endpoint_conflict"}, {"candidates": ["0:static", "1:7", "2:parking:0", "3:parking:2"], "conflict": ["2:parking:0", "3:parking:2"], "event": "assignment_rejected", "reason": "endpoint_conflict"}, {"candidates": ["0:static", "1:7", "2:parking:1", "3:parking:0"], "conflict": ["2:parking:1", "3:parking:0"], "event": "assignment_rejected", "reason": "endpoint_conflict"}, {"candidates": ["0:static", "1:7", "2:parking:1", "3:parking:1"], "conflict": ["2:parking:1", "3:parking:1"], "event": "assignment_rejected", "reason": "endpoint_conflict"}, {"candidates": ["0:static", "1:7", "2:parking:2", "3:parking:0"], "conflict": ["2:parking:2", "3:parking:0"], "event": "assignment_rejected", "reason": "endpoint_conflict"}, {"candidates": ["0:static", "1:7", "2:parking:2", "3:parking:2"], "conflict": ["2:parking:2", "3:parking:2"], "event": "assignment_rejected", "reason": "endpoint_conflict"}, {"candidates": ["0:static", "1:8", "2:parking:0", "3:parking:0"], "conflict": ["2:parking:0", "3:parking:0"], "event": "assignment_rejected", "reason": "endpoint_conflict"}, {"candidates": ["0:static", "1:8", "2:parking:0", "3:parking:1"], "conflict": ["2:parking:0", "3:parking:1"], "event": "assignment_rejected", "reason": "endpoint_conflict"}, {"candidates": ["0:static", "1:8", "2:parking:0", "3:parking:2"], "conflict": ["2:parking:0", "3:parking:2"], "event": "assignment_rejected", "reason": "endpoint_conflict"}, {"candidates": ["0:static", "1:8", "2:parking:1", "3:parking:0"], "conflict": ["2:parking:1", "3:parking:0"], "event": "assignment_rejected", "reason": "endpoint_conflict"}, {"candidates": ["0:static", "1:8", "2:parking:1", "3:parking:1"], "conflict": ["2:parking:1", "3:parking:1"], "event": "assignment_rejected", "reason": "endpoint_conflict"}, {"candidates": ["0:static", "1:8", "2:parking:2", "3:parking:0"], "conflict": ["2:parking:2", "3:parking:0"], "event": "assignment_rejected", "reason": "endpoint_conflict"}, {"candidates": ["0:static", "1:8", "2:parking:2", "3:parking:2"], "conflict": ["2:parking:2", "3:parking:2"], "event": "assignment_rejected", "reason": "endpoint_conflict"}, {"candidates": ["0:static", "1:9", "2:parking:0", "3:parking:0"], "conflict": ["2:parking:0", "3:parking:0"], "event": "assignment_rejected", "reason": "endpoint_conflict"}, {"candidates": ["0:static", "1:9", "2:parking:0", "3:parking:1"], "conflict": ["2:parking:0", "3:parking:1"], "event": "assignment_rejected", "reason": "endpoint_conflict"}, {"candidates": ["0:static", "1:9", "2:parking:0", "3:parking:2"], "conflict": ["2:parking:0", "3:parking:2"], "event": "assignment_rejected", "reason": "endpoint_conflict"}, {"candidates": ["0:static", "1:9", "2:parking:1", "3:parking:0"], "conflict": ["2:parking:1", "3:parking:0"], "event": "assignment_rejected", "reason": "endpoint_conflict"}, {"candidates": ["0:static", "1:9", "2:parking:1", "3:parking:1"], "conflict": ["2:parking:1", "3:parking:1"], "event": "assignment_rejected", "reason": "endpoint_conflict"}, {"candidates": ["0:static", "1:9", "2:parking:2", "3:parking:0"], "conflict": ["2:parking:2", "3:parking:0"], "event": "assignment_rejected", "reason": "endpoint_conflict"}, {"candidates": ["0:static", "1:9", "2:parking:2", "3:parking:2"], "conflict": ["2:parking:2", "3:parking:2"], "event": "assignment_rejected", "reason": "endpoint_conflict"}, {"candidates": ["0:static", "1:10", "2:parking:0", "3:parking:0"], "conflict": ["2:parking:0", "3:parking:0"], "event": "assignment_rejected", "reason": "endpoint_conflict"}, {"candidates": ["0:static", "1:10", "2:parking:0", "3:parking:1"], "conflict": ["2:parking:0", "3:parking:1"], "event": "assignment_rejected", "reason": "endpoint_conflict"}, {"candidates": ["0:static", "1:10", "2:parking:0", "3:parking:2"], "conflict": ["2:parking:0", "3:parking:2"], "event": "assignment_rejected", "reason": "endpoint_conflict"}, {"candidates": ["0:static", "1:10", "2:parking:1", "3:parking:0"], "conflict": ["2:parking:1", "3:parking:0"], "event": "assignment_rejected", "reason": "endpoint_conflict"}, {"candidates": ["0:static", "1:10", "2:parking:1", "3:parking:1"], "conflict": ["2:parking:1", "3:parking:1"], "event": "assignment_rejected", "reason": "endpoint_conflict"}, {"candidates": ["0:static", "1:10", "2:parking:2", "3:parking:0"], "conflict": ["2:parking:2", "3:parking:0"], "event": "assignment_rejected", "reason": "endpoint_conflict"}, {"candidates": ["0:static", "1:10", "2:parking:2", "3:parking:2"], "conflict": ["2:parking:2", "3:parking:2"], "event": "assignment_rejected", "reason": "endpoint_conflict"}, {"candidates": ["0:static", "1:11", "2:parking:0", "3:parking:0"], "conflict": ["2:parking:0", "3:parking:0"], "event": "assignment_rejected", "reason": "endpoint_conflict"}, {"candidates": ["0:static", "1:11", "2:parking:0", "3:parking:1"], "conflict": ["2:parking:0", "3:parking:1"], "event": "assignment_rejected", "reason": "endpoint_conflict"}, {"candidates": ["0:static", "1:11", "2:parking:0", "3:parking:2"], "conflict": ["2:parking:0", "3:parking:2"], "event": "assignment_rejected", "reason": "endpoint_conflict"}, {"candidates": ["0:static", "1:11", "2:parking:1", "3:parking:0"], "conflict": ["2:parking:1", "3:parking:0"], "event": "assignment_rejected", "reason": "endpoint_conflict"}, {"candidates": ["0:static", "1:11", "2:parking:1", "3:parking:1"], "conflict": ["2:parking:1", "3:parking:1"], "event": "assignment_rejected", "reason": "endpoint_conflict"}, {"candidates": ["0:static", "1:11", "2:parking:2", "3:parking:0"], "conflict": ["2:parking:2", "3:parking:0"], "event": "assignment_rejected", "reason": "endpoint_conflict"}, {"candidates": ["0:static", "1:11", "2:parking:2", "3:parking:2"], "conflict": ["2:parking:2", "3:parking:2"], "event": "assignment_rejected", "reason": "endpoint_conflict"}, {"candidates": ["0:static", "1:12", "2:parking:0", "3:parking:0"], "conflict": ["2:parking:0", "3:parking:0"], "event": "assignment_rejected", "reason": "endpoint_conflict"}, {"candidates": ["0:static", "1:12", "2:parking:0", "3:parking:1"], "conflict": ["2:parking:0", "3:parking:1"], "event": "assignment_rejected", "reason": "endpoint_conflict"}, {"candidates": ["0:static", "1:12", "2:parking:0", "3:parking:2"], "conflict": ["2:parking:0", "3:parking:2"], "event": "assignment_rejected", "reason": "endpoint_conflict"}, {"candidates": ["0:static", "1:12", "2:parking:1", "3:parking:0"], "conflict": ["2:parking:1", "3:parking:0"], "event": "assignment_rejected", "reason": "endpoint_conflict"}, {"candidates": ["0:static", "1:12", "2:parking:1", "3:parking:1"], "conflict": ["2:parking:1", "3:parking:1"], "event": "assignment_rejected", "reason": "endpoint_conflict"}, {"candidates": ["0:static", "1:12", "2:parking:2", "3:parking:0"], "conflict": ["2:parking:2", "3:parking:0"], "event": "assignment_rejected", "reason": "endpoint_conflict"}, {"candidates": ["0:static", "1:12", "2:parking:2", "3:parking:2"], "conflict": ["2:parking:2", "3:parking:2"], "event": "assignment_rejected", "reason": "endpoint_conflict"}, {"candidates": ["0:static", "1:13", "2:parking:0", "3:parking:0"], "conflict": ["2:parking:0", "3:parking:0"], "event": "assignment_rejected", "reason": "endpoint_conflict"}, {"candidates": ["0:static", "1:13", "2:parking:0", "3:parking:1"], "conflict": ["2:parking:0", "3:parking:1"], "event": "assignment_rejected", "reason": "endpoint_conflict"}, {"candidates": ["0:static", "1:13", "2:parking:0", "3:parking:2"], "conflict": ["2:parking:0", "3:parking:2"], "event": "assignment_rejected", "reason": "endpoint_conflict"}, {"candidates": ["0:static", "1:13", "2:parking:1", "3:parking:0"], "conflict": ["2:parking:1", "3:parking:0"], "event": "assignment_rejected", "reason": "endpoint_conflict"}, {"candidates": ["0:static", "1:13", "2:parking:1", "3:parking:1"], "conflict": ["2:parking:1", "3:parking:1"], "event": "assignment_rejected", "reason": "endpoint_conflict"}, {"candidates": ["0:static", "1:13", "2:parking:2", "3:parking:0"], "conflict": ["2:parking:2", "3:parking:0"], "event": "assignment_rejected", "reason": "endpoint_conflict"}, {"candidates": ["0:static", "1:13", "2:parking:2", "3:parking:2"], "conflict": ["2:parking:2", "3:parking:2"], "event": "assignment_rejected", "reason": "endpoint_conflict"}, {"candidates": ["0:static", "1:14", "2:parking:0", "3:parking:0"], "conflict": ["2:parking:0", "3:parking:0"], "event": "assignment_rejected", "reason": "endpoint_conflict"}, {"candidates": ["0:static", "1:14", "2:parking:0", "3:parking:1"], "conflict": ["2:parking:0", "3:parking:1"], "event": "assignment_rejected", "reason": "endpoint_conflict"}, {"candidates": ["0:static", "1:14", "2:parking:0", "3:parking:2"], "conflict": ["2:parking:0", "3:parking:2"], "event": "assignment_rejected", "reason": "endpoint_conflict"}, {"candidates": ["0:static", "1:14", "2:parking:1", "3:parking:0"], "conflict": ["2:parking:1", "3:parking:0"], "event": "assignment_rejected", "reason": "endpoint_conflict"}, {"candidates": ["0:static", "1:14", "2:parking:1", "3:parking:1"], "conflict": ["2:parking:1", "3:parking:1"], "event": "assignment_rejected", "reason": "endpoint_conflict"}, {"candidates": ["0:static", "1:14", "2:parking:2", "3:parking:0"], "conflict": ["2:parking:2", "3:parking:0"], "event": "assignment_rejected", "reason": "endpoint_conflict"}, {"candidates": ["0:static", "1:14", "2:parking:2", "3:parking:2"], "conflict": ["2:parking:2", "3:parking:2"], "event": "assignment_rejected", "reason": "endpoint_conflict"}, {"candidates": ["0:static", "1:15", "2:parking:0", "3:parking:0"], "conflict": ["2:parking:0", "3:parking:0"], "event": "assignment_rejected", "reason": "endpoint_conflict"}, {"candidates": ["0:static", "1:15", "2:parking:0", "3:parking:1"], "conflict": ["2:parking:0", "3:parking:1"], "event": "assignment_rejected", "reason": "endpoint_conflict"}, {"candidates": ["0:static", "1:15", "2:parking:0", "3:parking:2"], "conflict": ["2:parking:0", "3:parking:2"], "event": "assignment_rejected", "reason": "endpoint_conflict"}, {"candidates": ["0:static", "1:15", "2:parking:1", "3:parking:0"], "conflict": ["2:parking:1", "3:parking:0"], "event": "assignment_rejected", "reason": "endpoint_conflict"}, {"candidates": ["0:static", "1:15", "2:parking:1", "3:parking:1"], "conflict": ["2:parking:1", "3:parking:1"], "event": "assignment_rejected", "reason": "endpoint_conflict"}, {"candidates": ["0:static", "1:15", "2:parking:2", "3:parking:0"], "conflict": ["2:parking:2", "3:parking:0"], "event": "assignment_rejected", "reason": "endpoint_conflict"}, {"candidates": ["0:static", "1:15", "2:parking:2", "3:parking:2"], "conflict": ["2:parking:2", "3:parking:2"], "event": "assignment_rejected", "reason": "endpoint_conflict"}, {"candidates": ["0:static", "1:16", "2:parking:0", "3:parking:0"], "conflict": ["2:parking:0", "3:parking:0"], "event": "assignment_rejected", "reason": "endpoint_conflict"}, {"candidates": ["0:static", "1:16", "2:parking:0", "3:parking:1"], "conflict": ["2:parking:0", "3:parking:1"], "event": "assignment_rejected", "reason": "endpoint_conflict"}, {"candidates": ["0:static", "1:16", "2:parking:0", "3:parking:2"], "conflict": ["2:parking:0", "3:parking:2"], "event": "assignment_rejected", "reason": "endpoint_conflict"}, {"candidates": ["0:static", "1:16", "2:parking:1", "3:parking:0"], "conflict": ["2:parking:1", "3:parking:0"], "event": "assignment_rejected", "reason": "endpoint_conflict"}, {"candidates": ["0:static", "1:16", "2:parking:1", "3:parking:1"], "conflict": ["2:parking:1", "3:parking:1"], "event": "assignment_rejected", "reason": "endpoint_conflict"}, {"candidates": ["0:static", "1:16", "2:parking:2", "3:parking:0"], "conflict": ["2:parking:2", "3:parking:0"], "event": "assignment_rejected", "reason": "endpoint_conflict"}, {"candidates": ["0:static", "1:16", "2:parking:2", "3:parking:2"], "conflict": ["2:parking:2", "3:parking:2"], "event": "assignment_rejected", "reason": "endpoint_conflict"}, {"candidates": ["0:static", "1:17", "2:parking:0", "3:parking:0"], "conflict": ["2:parking:0", "3:parking:0"], "event": "assignment_rejected", "reason": "endpoint_conflict"}, {"candidates": ["0:static", "1:17", "2:parking:0", "3:parking:1"], "conflict": ["2:parking:0", "3:parking:1"], "event": "assignment_rejected", "reason": "endpoint_conflict"}, {"candidates": ["0:static", "1:17", "2:parking:0", "3:parking:2"], "conflict": ["2:parking:0", "3:parking:2"], "event": "assignment_rejected", "reason": "endpoint_conflict"}, {"candidates": ["0:static", "1:17", "2:parking:1", "3:parking:0"], "conflict": ["2:parking:1", "3:parking:0"], "event": "assignment_rejected", "reason": "endpoint_conflict"}, {"candidates": ["0:static", "1:17", "2:parking:1", "3:parking:1"], "conflict": ["2:parking:1", "3:parking:1"], "event": "assignment_rejected", "reason": "endpoint_conflict"}, {"candidates": ["0:static", "1:17", "2:parking:2", "3:parking:0"], "conflict": ["2:parking:2", "3:parking:0"], "event": "assignment_rejected", "reason": "endpoint_conflict"}, {"candidates": ["0:static", "1:17", "2:parking:2", "3:parking:2"], "conflict": ["2:parking:2", "3:parking:2"], "event": "assignment_rejected", "reason": "endpoint_conflict"}, {"candidates": ["0:static", "1:18", "2:parking:0", "3:parking:0"], "conflict": ["2:parking:0", "3:parking:0"], "event": "assignment_rejected", "reason": "endpoint_conflict"}, {"candidates": ["0:static", "1:18", "2:parking:0", "3:parking:1"], "conflict": ["2:parking:0", "3:parking:1"], "event": "assignment_rejected", "reason": "endpoint_conflict"}, {"candidates": ["0:static", "1:18", "2:parking:0", "3:parking:2"], "conflict": ["2:parking:0", "3:parking:2"], "event": "assignment_rejected", "reason": "endpoint_conflict"}, {"candidates": ["0:static", "1:18", "2:parking:1", "3:parking:0"], "conflict": ["2:parking:1", "3:parking:0"], "event": "assignment_rejected", "reason": "endpoint_conflict"}, {"candidates": ["0:static", "1:18", "2:parking:1", "3:parking:1"], "conflict": ["2:parking:1", "3:parking:1"], "event": "assignment_rejected", "reason": "endpoint_conflict"}, {"candidates": ["0:static", "1:18", "2:parking:2", "3:parking:0"], "conflict": ["2:parking:2", "3:parking:0"], "event": "assignment_rejected", "reason": "endpoint_conflict"}, {"candidates": ["0:static", "1:18", "2:parking:2", "3:parking:2"], "conflict": ["2:parking:2", "3:parking:2"], "event": "assignment_rejected", "reason": "endpoint_conflict"}, {"candidates": ["0:static", "1:19", "2:parking:0", "3:parking:0"], "conflict": ["2:parking:0", "3:parking:0"], "event": "assignment_rejected", "reason": "endpoint_conflict"}, {"candidates": ["0:static", "1:19", "2:parking:0", "3:parking:1"], "conflict": ["2:parking:0", "3:parking:1"], "event": "assignment_rejected", "reason": "endpoint_conflict"}, {"candidates": ["0:static", "1:19", "2:parking:0", "3:parking:2"], "conflict": ["2:parking:0", "3:parking:2"], "event": "assignment_rejected", "reason": "endpoint_conflict"}, {"candidates": ["0:static", "1:19", "2:parking:1", "3:parking:0"], "conflict": ["2:parking:1", "3:parking:0"], "event": "assignment_rejected", "reason": "endpoint_conflict"}, {"candidates": ["0:static", "1:19", "2:parking:1", "3:parking:1"], "conflict": ["2:parking:1", "3:parking:1"], "event": "assignment_rejected", "reason": "endpoint_conflict"}, {"candidates": ["0:static", "1:19", "2:parking:2", "3:parking:0"], "conflict": ["2:parking:2", "3:parking:0"], "event": "assignment_rejected", "reason": "endpoint_conflict"}, {"candidates": ["0:static", "1:19", "2:parking:2", "3:parking:2"], "conflict": ["2:parking:2", "3:parking:2"], "event": "assignment_rejected", "reason": "endpoint_conflict"}, {"candidates": ["0:static", "1:20", "2:parking:0", "3:parking:0"], "conflict": ["2:parking:0", "3:parking:0"], "event": "assignment_rejected", "reason": "endpoint_conflict"}, {"candidates": ["0:static", "1:20", "2:parking:0", "3:parking:1"], "conflict": ["2:parking:0", "3:parking:1"], "event": "assignment_rejected", "reason": "endpoint_conflict"}, {"candidates": ["0:static", "1:20", "2:parking:0", "3:parking:2"], "conflict": ["2:parking:0", "3:parking:2"], "event": "assignment_rejected", "reason": "endpoint_conflict"}, {"candidates": ["0:static", "1:20", "2:parking:1", "3:parking:0"], "conflict": ["2:parking:1", "3:parking:0"], "event": "assignment_rejected", "reason": "endpoint_conflict"}, {"candidates": ["0:static", "1:20", "2:parking:1", "3:parking:1"], "conflict": ["2:parking:1", "3:parking:1"], "event": "assignment_rejected", "reason": "endpoint_conflict"}, {"candidates": ["0:static", "1:20", "2:parking:2", "3:parking:0"], "conflict": ["2:parking:2", "3:parking:0"], "event": "assignment_rejected", "reason": "endpoint_conflict"}, {"candidates": ["0:static", "1:20", "2:parking:2", "3:parking:2"], "conflict": ["2:parking:2", "3:parking:2"], "event": "assignment_rejected", "reason": "endpoint_conflict"}, {"candidates": ["0:static", "1:21", "2:parking:0", "3:parking:0"], "conflict": ["2:parking:0", "3:parking:0"], "event": "assignment_rejected", "reason": "endpoint_conflict"}, {"candidates": ["0:static", "1:21", "2:parking:0", "3:parking:1"], "conflict": ["2:parking:0", "3:parking:1"], "event": "assignment_rejected", "reason": "endpoint_conflict"}, {"candidates": ["0:static", "1:21", "2:parking:0", "3:parking:2"], "conflict": ["2:parking:0", "3:parking:2"], "event": "assignment_rejected", "reason": "endpoint_conflict"}, {"candidates": ["0:static", "1:21", "2:parking:1", "3:parking:0"], "conflict": ["2:parking:1", "3:parking:0"], "event": "assignment_rejected", "reason": "endpoint_conflict"}, {"candidates": ["0:static", "1:21", "2:parking:1", "3:parking:1"], "conflict": ["2:parking:1", "3:parking:1"], "event": "assignment_rejected", "reason": "endpoint_conflict"}, {"candidates": ["0:static", "1:21", "2:parking:2", "3:parking:0"], "conflict": ["2:parking:2", "3:parking:0"], "event": "assignment_rejected", "reason": "endpoint_conflict"}, {"candidates": ["0:static", "1:21", "2:parking:2", "3:parking:2"], "conflict": ["2:parking:2", "3:parking:2"], "event": "assignment_rejected", "reason": "endpoint_conflict"}, {"candidates": ["0:static", "1:22", "2:parking:0", "3:parking:0"], "conflict": ["0:static", "1:22"], "event": "assignment_rejected", "reason": "endpoint_conflict"}, {"candidates": ["0:static", "1:22", "2:parking:0", "3:parking:1"], "conflict": ["0:static", "1:22"], "event": "assignment_rejected", "reason": "endpoint_conflict"}, {"candidates": ["0:static", "1:22", "2:parking:0", "3:parking:2"], "conflict": ["0:static", "1:22"], "event": "assignment_rejected", "reason": "endpoint_conflict"}, {"candidates": ["0:static", "1:22", "2:parking:1", "3:parking:0"], "conflict": ["0:static", "1:22"], "event": "assignment_rejected", "reason": "endpoint_conflict"}, {"candidates": ["0:static", "1:22", "2:parking:1", "3:parking:1"], "conflict": ["0:static", "1:22"], "event": "assignment_rejected", "reason": "endpoint_conflict"}, {"candidates": ["0:static", "1:22", "2:parking:1", "3:parking:2"], "conflict": ["0:static", "1:22"], "event": "assignment_rejected", "reason": "endpoint_conflict"}, {"candidates": ["0:static", "1:22", "2:parking:2", "3:parking:0"], "conflict": ["0:static", "1:22"], "event": "assignment_rejected", "reason": "endpoint_conflict"}, {"candidates": ["0:static", "1:22", "2:parking:2", "3:parking:1"], "conflict": ["0:static", "1:22"], "event": "assignment_rejected", "reason": "endpoint_conflict"}, {"candidates": ["0:static", "1:22", "2:parking:2", "3:parking:2"], "conflict": ["0:static", "1:22"], "event": "assignment_rejected", "reason": "endpoint_conflict"}, {"candidates": ["0:static", "1:23", "2:parking:0", "3:parking:0"], "conflict": ["2:parking:0", "3:parking:0"], "event": "assignment_rejected", "reason": "endpoint_conflict"}, {"candidates": ["0:static", "1:23", "2:parking:0", "3:parking:1"], "conflict": ["2:parking:0", "3:parking:1"], "event": "assignment_rejected", "reason": "endpoint_conflict"}, {"candidates": ["0:static", "1:23", "2:parking:0", "3:parking:2"], "conflict": ["2:parking:0", "3:parking:2"], "event": "assignment_rejected", "reason": "endpoint_conflict"}, {"candidates": ["0:static", "1:23", "2:parking:1", "3:parking:0"], "conflict": ["2:parking:1", "3:parking:0"], "event": "assignment_rejected", "reason": "endpoint_conflict"}, {"candidates": ["0:static", "1:23", "2:parking:1", "3:parking:1"], "conflict": ["2:parking:1", "3:parking:1"], "event": "assignment_rejected", "reason": "endpoint_conflict"}, {"candidates": ["0:static", "1:23", "2:parking:2", "3:parking:0"], "conflict": ["2:parking:2", "3:parking:0"], "event": "assignment_rejected", "reason": "endpoint_conflict"}, {"candidates": ["0:static", "1:23", "2:parking:2", "3:parking:2"], "conflict": ["2:parking:2", "3:parking:2"], "event": "assignment_rejected", "reason": "endpoint_conflict"}, {"candidates": ["0:static", "1:24", "2:parking:0", "3:parking:0"], "conflict": ["2:parking:0", "3:parking:0"], "event": "assignment_rejected", "reason": "endpoint_conflict"}, {"candidates": ["0:static", "1:24", "2:parking:0", "3:parking:1"], "conflict": ["2:parking:0", "3:parking:1"], "event": "assignment_rejected", "reason": "endpoint_conflict"}, {"candidates": ["0:static", "1:24", "2:parking:0", "3:parking:2"], "conflict": ["2:parking:0", "3:parking:2"], "event": "assignment_rejected", "reason": "endpoint_conflict"}, {"candidates": ["0:static", "1:24", "2:parking:1", "3:parking:0"], "conflict": ["2:parking:1", "3:parking:0"], "event": "assignment_rejected", "reason": "endpoint_conflict"}, {"candidates": ["0:static", "1:24", "2:parking:1", "3:parking:1"], "conflict": ["2:parking:1", "3:parking:1"], "event": "assignment_rejected", "reason": "endpoint_conflict"}, {"candidates": ["0:static", "1:24", "2:parking:2", "3:parking:0"], "conflict": ["2:parking:2", "3:parking:0"], "event": "assignment_rejected", "reason": "endpoint_conflict"}, {"candidates": ["0:static", "1:24", "2:parking:2", "3:parking:2"], "conflict": ["2:parking:2", "3:parking:2"], "event": "assignment_rejected", "reason": "endpoint_conflict"}, {"candidates": ["0:static", "1:25", "2:parking:0", "3:parking:0"], "conflict": ["0:static", "1:25"], "event": "assignment_rejected", "reason": "endpoint_conflict"}, {"candidates": ["0:static", "1:25", "2:parking:0", "3:parking:1"], "conflict": ["0:static", "1:25"], "event": "assignment_rejected", "reason": "endpoint_conflict"}, {"candidates": ["0:static", "1:25", "2:parking:0", "3:parking:2"], "conflict": ["0:static", "1:25"], "event": "assignment_rejected", "reason": "endpoint_conflict"}, {"candidates": ["0:static", "1:25", "2:parking:1", "3:parking:0"], "conflict": ["0:static", "1:25"], "event": "assignment_rejected", "reason": "endpoint_conflict"}, {"candidates": ["0:static", "1:25", "2:parking:1", "3:parking:1"], "conflict": ["0:static", "1:25"], "event": "assignment_rejected", "reason": "endpoint_conflict"}, {"candidates": ["0:static", "1:25", "2:parking:1", "3:parking:2"], "conflict": ["0:static", "1:25"], "event": "assignment_rejected", "reason": "endpoint_conflict"}, {"candidates": ["0:static", "1:25", "2:parking:2", "3:parking:0"], "conflict": ["0:static", "1:25"], "event": "assignment_rejected", "reason": "endpoint_conflict"}, {"candidates": ["0:static", "1:25", "2:parking:2", "3:parking:1"], "conflict": ["0:static", "1:25"], "event": "assignment_rejected", "reason": "endpoint_conflict"}, {"candidates": ["0:static", "1:25", "2:parking:2", "3:parking:2"], "conflict": ["0:static", "1:25"], "event": "assignment_rejected", "reason": "endpoint_conflict"}, {"candidates": ["0:static", "1:26", "2:parking:0", "3:parking:0"], "conflict": ["2:parking:0", "3:parking:0"], "event": "assignment_rejected", "reason": "endpoint_conflict"}, {"candidates": ["0:static", "1:26", "2:parking:0", "3:parking:1"], "conflict": ["2:parking:0", "3:parking:1"], "event": "assignment_rejected", "reason": "endpoint_conflict"}, {"candidates": ["0:static", "1:26", "2:parking:0", "3:parking:2"], "conflict": ["2:parking:0", "3:parking:2"], "event": "assignment_rejected", "reason": "endpoint_conflict"}, {"candidates": ["0:static", "1:26", "2:parking:1", "3:parking:0"], "conflict": ["2:parking:1", "3:parking:0"], "event": "assignment_rejected", "reason": "endpoint_conflict"}, {"candidates": ["0:static", "1:26", "2:parking:1", "3:parking:1"], "conflict": ["2:parking:1", "3:parking:1"], "event": "assignment_rejected", "reason": "endpoint_conflict"}, {"candidates": ["0:static", "1:26", "2:parking:2", "3:parking:0"], "conflict": ["2:parking:2", "3:parking:0"], "event": "assignment_rejected", "reason": "endpoint_conflict"}, {"candidates": ["0:static", "1:26", "2:parking:2", "3:parking:2"], "conflict": ["2:parking:2", "3:parking:2"], "event": "assignment_rejected", "reason": "endpoint_conflict"}, {"candidates": ["0:static", "1:27", "2:parking:0", "3:parking:0"], "conflict": ["2:parking:0", "3:parking:0"], "event": "assignment_rejected", "reason": "endpoint_conflict"}, {"candidates": ["0:static", "1:27", "2:parking:0", "3:parking:1"], "conflict": ["2:parking:0", "3:parking:1"], "event": "assignment_rejected", "reason": "endpoint_conflict"}, {"candidates": ["0:static", "1:27", "2:parking:0", "3:parking:2"], "conflict": ["2:parking:0", "3:parking:2"], "event": "assignment_rejected", "reason": "endpoint_conflict"}, {"candidates": ["0:static", "1:27", "2:parking:1", "3:parking:0"], "conflict": ["2:parking:1", "3:parking:0"], "event": "assignment_rejected", "reason": "endpoint_conflict"}, {"candidates": ["0:static", "1:27", "2:parking:1", "3:parking:1"], "conflict": ["2:parking:1", "3:parking:1"], "event": "assignment_rejected", "reason": "endpoint_conflict"}, {"candidates": ["0:static", "1:27", "2:parking:2", "3:parking:0"], "conflict": ["2:parking:2", "3:parking:0"], "event": "assignment_rejected", "reason": "endpoint_conflict"}, {"candidates": ["0:static", "1:27", "2:parking:2", "3:parking:2"], "conflict": ["2:parking:2", "3:parking:2"], "event": "assignment_rejected", "reason": "endpoint_conflict"}, {"candidates": ["0:static", "1:28", "2:parking:0", "3:parking:0"], "conflict": ["2:parking:0", "3:parking:0"], "event": "assignment_rejected", "reason": "endpoint_conflict"}, {"candidates": ["0:static", "1:28", "2:parking:0", "3:parking:1"], "conflict": ["2:parking:0", "3:parking:1"], "event": "assignment_rejected", "reason": "endpoint_conflict"}, {"candidates": ["0:static", "1:28", "2:parking:0", "3:parking:2"], "conflict": ["2:parking:0", "3:parking:2"], "event": "assignment_rejected", "reason": "endpoint_conflict"}, {"candidates": ["0:static", "1:28", "2:parking:1", "3:parking:0"], "conflict": ["2:parking:1", "3:parking:0"], "event": "assignment_rejected", "reason": "endpoint_conflict"}, {"candidates": ["0:static", "1:28", "2:parking:1", "3:parking:1"], "conflict": ["2:parking:1", "3:parking:1"], "event": "assignment_rejected", "reason": "endpoint_conflict"}, {"candidates": ["0:static", "1:28", "2:parking:2", "3:parking:0"], "conflict": ["2:parking:2", "3:parking:0"], "event": "assignment_rejected", "reason": "endpoint_conflict"}, {"candidates": ["0:static", "1:28", "2:parking:2", "3:parking:2"], "conflict": ["2:parking:2", "3:parking:2"], "event": "assignment_rejected", "reason": "endpoint_conflict"}, {"candidates": ["0:static", "1:29", "2:parking:0", "3:parking:0"], "conflict": ["2:parking:0", "3:parking:0"], "event": "assignment_rejected", "reason": "endpoint_conflict"}, {"candidates": ["0:static", "1:29", "2:parking:0", "3:parking:1"], "conflict": ["2:parking:0", "3:parking:1"], "event": "assignment_rejected", "reason": "endpoint_conflict"}, {"candidates": ["0:static", "1:29", "2:parking:0", "3:parking:2"], "conflict": ["2:parking:0", "3:parking:2"], "event": "assignment_rejected", "reason": "endpoint_conflict"}, {"candidates": ["0:static", "1:29", "2:parking:1", "3:parking:0"], "conflict": ["2:parking:1", "3:parking:0"], "event": "assignment_rejected", "reason": "endpoint_conflict"}, {"candidates": ["0:static", "1:29", "2:parking:1", "3:parking:1"], "conflict": ["2:parking:1", "3:parking:1"], "event": "assignment_rejected", "reason": "endpoint_conflict"}, {"candidates": ["0:static", "1:29", "2:parking:2", "3:parking:0"], "conflict": ["2:parking:2", "3:parking:0"], "event": "assignment_rejected", "reason": "endpoint_conflict"}, {"candidates": ["0:static", "1:29", "2:parking:2", "3:parking:2"], "conflict": ["2:parking:2", "3:parking:2"], "event": "assignment_rejected", "reason": "endpoint_conflict"}, {"candidate_cost": 32.486832981, "candidates": ["0:static", "1:0", "2:parking:2", "3:parking:1"], "event": "assignment_attempt", "trial": 1}, {"candidates": ["0:static", "1:0", "2:parking:2", "3:parking:1"], "event": "priority_feasible", "makespan": 26, "priority_order": ["0", "1", "2", "3"], "total_moves": 50}, {"candidates": ["0:static", "1:0", "2:parking:2", "3:parking:1"], "event": "priority_feasible", "makespan": 26, "priority_order": ["0", "1", "3", "2"], "total_moves": 50}, {"candidates": ["0:static", "1:0", "2:parking:2", "3:parking:1"], "event": "priority_feasible", "makespan": 26, "priority_order": ["0", "2", "1", "3"], "total_moves": 50}, {"candidates": ["0:static", "1:0", "2:parking:2", "3:parking:1"], "event": "priority_feasible", "makespan": 26, "priority_order": ["0", "2", "3", "1"], "total_moves": 50}, {"candidates": ["0:static", "1:0", "2:parking:2", "3:parking:1"], "event": "priority_feasible", "makespan": 26, "priority_order": ["0", "3", "1", "2"], "total_moves": 50}, {"candidates": ["0:static", "1:0", "2:parking:2", "3:parking:1"], "event": "priority_feasible", "makespan": 26, "priority_order": ["0", "3", "2", "1"], "total_moves": 50}, {"event": "reservations_created", "horizon": 318, "micro_steps": 50, "reserved_ticks": 319}, {"assignment": {"0": "0:static", "1": "1:0", "2": "2:parking:2", "3": "3:parking:1"}, "event": "planning_finished", "priority_order": ["0", "1", "2", "3"], "status": "PLANNED"}, {"assignments": {"2": [4, 12], "3": [3, 13]}, "event": "parking_assignment"}, {"event": "reservations_released", "reason": "agent 1 failed movement edge GridPoint(x=5, z=0)->GridPoint(x=5, z=1)", "release_tick": 0}, {"event": "replan_requested", "reason": "agent 1 failed movement edge GridPoint(x=5, z=0)->GridPoint(x=5, z=1)", "replan_count": 1}, {"candidates": ["0:static", "1:0", "2:parking:0", "3:parking:0"], "conflict": ["2:parking:0", "3:parking:0"], "event": "assignment_rejected", "reason": "endpoint_conflict"}, {"candidates": ["0:static", "1:0", "2:parking:0", "3:parking:1"], "conflict": ["2:parking:0", "3:parking:1"], "event": "assignment_rejected", "reason": "endpoint_conflict"}, {"candidates": ["0:static", "1:0", "2:parking:0", "3:parking:2"], "conflict": ["2:parking:0", "3:parking:2"], "event": "assignment_rejected", "reason": "endpoint_conflict"}, {"candidates": ["0:static", "1:0", "2:parking:1", "3:parking:0"], "conflict": ["2:parking:1", "3:parking:0"], "event": "assignment_rejected", "reason": "endpoint_conflict"}, {"candidates": ["0:static", "1:0", "2:parking:1", "3:parking:1"], "conflict": ["2:parking:1", "3:parking:1"], "event": "assignment_rejected", "reason": "endpoint_conflict"}, {"candidates": ["0:static", "1:0", "2:parking:2", "3:parking:0"], "conflict": ["2:parking:2", "3:parking:0"], "event": "assignment_rejected", "reason": "endpoint_conflict"}, {"candidates": ["0:static", "1:0", "2:parking:2", "3:parking:2"], "conflict": ["2:parking:2", "3:parking:2"], "event": "assignment_rejected", "reason": "endpoint_conflict"}, {"candidates": ["0:static", "1:1", "2:parking:0", "3:parking:0"], "conflict": ["2:parking:0", "3:parking:0"], "event": "assignment_rejected", "reason": "endpoint_conflict"}, {"candidates": ["0:static", "1:1", "2:parking:0", "3:parking:1"], "conflict": ["2:parking:0", "3:parking:1"], "event": "assignment_rejected", "reason": "endpoint_conflict"}, {"candidates": ["0:static", "1:1", "2:parking:0", "3:parking:2"], "conflict": ["2:parking:0", "3:parking:2"], "event": "assignment_rejected", "reason": "endpoint_conflict"}, {"candidates": ["0:static", "1:1", "2:parking:1", "3:parking:0"], "conflict": ["2:parking:1", "3:parking:0"], "event": "assignment_rejected", "reason": "endpoint_conflict"}, {"candidates": ["0:static", "1:1", "2:parking:1", "3:parking:1"], "conflict": ["2:parking:1", "3:parking:1"], "event": "assignment_rejected", "reason": "endpoint_conflict"}, {"candidates": ["0:static", "1:1", "2:parking:2", "3:parking:0"], "conflict": ["2:parking:2", "3:parking:0"], "event": "assignment_rejected", "reason": "endpoint_conflict"}, {"candidates": ["0:static", "1:1", "2:parking:2", "3:parking:2"], "conflict": ["2:parking:2", "3:parking:2"], "event": "assignment_rejected", "reason": "endpoint_conflict"}, {"candidates": ["0:static", "1:2", "2:parking:0", "3:parking:0"], "conflict": ["2:parking:0", "3:parking:0"], "event": "assignment_rejected", "reason": "endpoint_conflict"}, {"candidates": ["0:static", "1:2", "2:parking:0", "3:parking:1"], "conflict": ["2:parking:0", "3:parking:1"], "event": "assignment_rejected", "reason": "endpoint_conflict"}, {"candidates": ["0:static", "1:2", "2:parking:0", "3:parking:2"], "conflict": ["2:parking:0", "3:parking:2"], "event": "assignment_rejected", "reason": "endpoint_conflict"}, {"candidates": ["0:static", "1:2", "2:parking:1", "3:parking:0"], "conflict": ["2:parking:1", "3:parking:0"], "event": "assignment_rejected", "reason": "endpoint_conflict"}, {"candidates": ["0:static", "1:2", "2:parking:1", "3:parking:1"], "conflict": ["2:parking:1", "3:parking:1"], "event": "assignment_rejected", "reason": "endpoint_conflict"}, {"candidates": ["0:static", "1:2", "2:parking:2", "3:parking:0"], "conflict": ["2:parking:2", "3:parking:0"], "event": "assignment_rejected", "reason": "endpoint_conflict"}, {"candidates": ["0:static", "1:2", "2:parking:2", "3:parking:2"], "conflict": ["2:parking:2", "3:parking:2"], "event": "assignment_rejected", "reason": "endpoint_conflict"}, {"candidates": ["0:static", "1:3", "2:parking:0", "3:parking:0"], "conflict": ["2:parking:0", "3:parking:0"], "event": "assignment_rejected", "reason": "endpoint_conflict"}, {"candidates": ["0:static", "1:3", "2:parking:0", "3:parking:1"], "conflict": ["2:parking:0", "3:parking:1"], "event": "assignment_rejected", "reason": "endpoint_conflict"}, {"candidates": ["0:static", "1:3", "2:parking:0", "3:parking:2"], "conflict": ["2:parking:0", "3:parking:2"], "event": "assignment_rejected", "reason": "endpoint_conflict"}, {"candidates": ["0:static", "1:3", "2:parking:1", "3:parking:0"], "conflict": ["2:parking:1", "3:parking:0"], "event": "assignment_rejected", "reason": "endpoint_conflict"}, {"candidates": ["0:static", "1:3", "2:parking:1", "3:parking:1"], "conflict": ["2:parking:1", "3:parking:1"], "event": "assignment_rejected", "reason": "endpoint_conflict"}, {"candidates": ["0:static", "1:3", "2:parking:2", "3:parking:0"], "conflict": ["2:parking:2", "3:parking:0"], "event": "assignment_rejected", "reason": "endpoint_conflict"}, {"candidates": ["0:static", "1:3", "2:parking:2", "3:parking:2"], "conflict": ["2:parking:2", "3:parking:2"], "event": "assignment_rejected", "reason": "endpoint_conflict"}, {"candidates": ["0:static", "1:4", "2:parking:0", "3:parking:0"], "conflict": ["2:parking:0", "3:parking:0"], "event": "assignment_rejected", "reason": "endpoint_conflict"}, {"candidates": ["0:static", "1:4", "2:parking:0", "3:parking:1"], "conflict": ["2:parking:0", "3:parking:1"], "event": "assignment_rejected", "reason": "endpoint_conflict"}, {"candidates": ["0:static", "1:4", "2:parking:0", "3:parking:2"], "conflict": ["2:parking:0", "3:parking:2"], "event": "assignment_rejected", "reason": "endpoint_conflict"}, {"candidates": ["0:static", "1:4", "2:parking:1", "3:parking:0"], "conflict": ["2:parking:1", "3:parking:0"], "event": "assignment_rejected", "reason": "endpoint_conflict"}, {"candidates": ["0:static", "1:4", "2:parking:1", "3:parking:1"], "conflict": ["2:parking:1", "3:parking:1"], "event": "assignment_rejected", "reason": "endpoint_conflict"}, {"candidates": ["0:static", "1:4", "2:parking:2", "3:parking:0"], "conflict": ["2:parking:2", "3:parking:0"], "event": "assignment_rejected", "reason": "endpoint_conflict"}, {"candidates": ["0:static", "1:4", "2:parking:2", "3:parking:2"], "conflict": ["2:parking:2", "3:parking:2"], "event": "assignment_rejected", "reason": "endpoint_conflict"}, {"candidates": ["0:static", "1:5", "2:parking:0", "3:parking:0"], "conflict": ["2:parking:0", "3:parking:0"], "event": "assignment_rejected", "reason": "endpoint_conflict"}, {"candidates": ["0:static", "1:5", "2:parking:0", "3:parking:1"], "conflict": ["2:parking:0", "3:parking:1"], "event": "assignment_rejected", "reason": "endpoint_conflict"}, {"candidates": ["0:static", "1:5", "2:parking:0", "3:parking:2"], "conflict": ["2:parking:0", "3:parking:2"], "event": "assignment_rejected", "reason": "endpoint_conflict"}, {"candidates": ["0:static", "1:5", "2:parking:1", "3:parking:0"], "conflict": ["2:parking:1", "3:parking:0"], "event": "assignment_rejected", "reason": "endpoint_conflict"}, {"candidates": ["0:static", "1:5", "2:parking:1", "3:parking:1"], "conflict": ["2:parking:1", "3:parking:1"], "event": "assignment_rejected", "reason": "endpoint_conflict"}, {"candidates": ["0:static", "1:5", "2:parking:2", "3:parking:0"], "conflict": ["2:parking:2", "3:parking:0"], "event": "assignment_rejected", "reason": "endpoint_conflict"}, {"candidates": ["0:static", "1:5", "2:parking:2", "3:parking:2"], "conflict": ["2:parking:2", "3:parking:2"], "event": "assignment_rejected", "reason": "endpoint_conflict"}, {"candidates": ["0:static", "1:6", "2:parking:0", "3:parking:0"], "conflict": ["2:parking:0", "3:parking:0"], "event": "assignment_rejected", "reason": "endpoint_conflict"}, {"candidates": ["0:static", "1:6", "2:parking:0", "3:parking:1"], "conflict": ["2:parking:0", "3:parking:1"], "event": "assignment_rejected", "reason": "endpoint_conflict"}, {"candidates": ["0:static", "1:6", "2:parking:0", "3:parking:2"], "conflict": ["2:parking:0", "3:parking:2"], "event": "assignment_rejected", "reason": "endpoint_conflict"}, {"candidates": ["0:static", "1:6", "2:parking:1", "3:parking:0"], "conflict": ["2:parking:1", "3:parking:0"], "event": "assignment_rejected", "reason": "endpoint_conflict"}, {"candidates": ["0:static", "1:6", "2:parking:1", "3:parking:1"], "conflict": ["2:parking:1", "3:parking:1"], "event": "assignment_rejected", "reason": "endpoint_conflict"}, {"candidates": ["0:static", "1:6", "2:parking:2", "3:parking:0"], "conflict": ["2:parking:2", "3:parking:0"], "event": "assignment_rejected", "reason": "endpoint_conflict"}, {"candidates": ["0:static", "1:6", "2:parking:2", "3:parking:2"], "conflict": ["2:parking:2", "3:parking:2"], "event": "assignment_rejected", "reason": "endpoint_conflict"}, {"candidates": ["0:static", "1:7", "2:parking:0", "3:parking:0"], "conflict": ["2:parking:0", "3:parking:0"], "event": "assignment_rejected", "reason": "endpoint_conflict"}, {"candidates": ["0:static", "1:7", "2:parking:0", "3:parking:1"], "conflict": ["2:parking:0", "3:parking:1"], "event": "assignment_rejected", "reason": "endpoint_conflict"}, {"candidates": ["0:static", "1:7", "2:parking:0", "3:parking:2"], "conflict": ["2:parking:0", "3:parking:2"], "event": "assignment_rejected", "reason": "endpoint_conflict"}, {"candidates": ["0:static", "1:7", "2:parking:1", "3:parking:0"], "conflict": ["2:parking:1", "3:parking:0"], "event": "assignment_rejected", "reason": "endpoint_conflict"}, {"candidates": ["0:static", "1:7", "2:parking:1", "3:parking:1"], "conflict": ["2:parking:1", "3:parking:1"], "event": "assignment_rejected", "reason": "endpoint_conflict"}, {"candidates": ["0:static", "1:7", "2:parking:2", "3:parking:0"], "conflict": ["2:parking:2", "3:parking:0"], "event": "assignment_rejected", "reason": "endpoint_conflict"}, {"candidates": ["0:static", "1:7", "2:parking:2", "3:parking:2"], "conflict": ["2:parking:2", "3:parking:2"], "event": "assignment_rejected", "reason": "endpoint_conflict"}, {"candidates": ["0:static", "1:8", "2:parking:0", "3:parking:0"], "conflict": ["2:parking:0", "3:parking:0"], "event": "assignment_rejected", "reason": "endpoint_conflict"}, {"candidates": ["0:static", "1:8", "2:parking:0", "3:parking:1"], "conflict": ["2:parking:0", "3:parking:1"], "event": "assignment_rejected", "reason": "endpoint_conflict"}, {"candidates": ["0:static", "1:8", "2:parking:0", "3:parking:2"], "conflict": ["2:parking:0", "3:parking:2"], "event": "assignment_rejected", "reason": "endpoint_conflict"}, {"candidates": ["0:static", "1:8", "2:parking:1", "3:parking:0"], "conflict": ["2:parking:1", "3:parking:0"], "event": "assignment_rejected", "reason": "endpoint_conflict"}, {"candidates": ["0:static", "1:8", "2:parking:1", "3:parking:1"], "conflict": ["2:parking:1", "3:parking:1"], "event": "assignment_rejected", "reason": "endpoint_conflict"}, {"candidates": ["0:static", "1:8", "2:parking:2", "3:parking:0"], "conflict": ["2:parking:2", "3:parking:0"], "event": "assignment_rejected", "reason": "endpoint_conflict"}, {"candidates": ["0:static", "1:8", "2:parking:2", "3:parking:2"], "conflict": ["2:parking:2", "3:parking:2"], "event": "assignment_rejected", "reason": "endpoint_conflict"}, {"candidates": ["0:static", "1:9", "2:parking:0", "3:parking:0"], "conflict": ["2:parking:0", "3:parking:0"], "event": "assignment_rejected", "reason": "endpoint_conflict"}, {"candidates": ["0:static", "1:9", "2:parking:0", "3:parking:1"], "conflict": ["2:parking:0", "3:parking:1"], "event": "assignment_rejected", "reason": "endpoint_conflict"}, {"candidates": ["0:static", "1:9", "2:parking:0", "3:parking:2"], "conflict": ["2:parking:0", "3:parking:2"], "event": "assignment_rejected", "reason": "endpoint_conflict"}, {"candidates": ["0:static", "1:9", "2:parking:1", "3:parking:0"], "conflict": ["2:parking:1", "3:parking:0"], "event": "assignment_rejected", "reason": "endpoint_conflict"}, {"candidates": ["0:static", "1:9", "2:parking:1", "3:parking:1"], "conflict": ["2:parking:1", "3:parking:1"], "event": "assignment_rejected", "reason": "endpoint_conflict"}, {"candidates": ["0:static", "1:9", "2:parking:2", "3:parking:0"], "conflict": ["2:parking:2", "3:parking:0"], "event": "assignment_rejected", "reason": "endpoint_conflict"}, {"candidates": ["0:static", "1:9", "2:parking:2", "3:parking:2"], "conflict": ["2:parking:2", "3:parking:2"], "event": "assignment_rejected", "reason": "endpoint_conflict"}, {"candidates": ["0:static", "1:10", "2:parking:0", "3:parking:0"], "conflict": ["2:parking:0", "3:parking:0"], "event": "assignment_rejected", "reason": "endpoint_conflict"}, {"candidates": ["0:static", "1:10", "2:parking:0", "3:parking:1"], "conflict": ["2:parking:0", "3:parking:1"], "event": "assignment_rejected", "reason": "endpoint_conflict"}, {"candidates": ["0:static", "1:10", "2:parking:0", "3:parking:2"], "conflict": ["2:parking:0", "3:parking:2"], "event": "assignment_rejected", "reason": "endpoint_conflict"}, {"candidates": ["0:static", "1:10", "2:parking:1", "3:parking:0"], "conflict": ["2:parking:1", "3:parking:0"], "event": "assignment_rejected", "reason": "endpoint_conflict"}, {"candidates": ["0:static", "1:10", "2:parking:1", "3:parking:1"], "conflict": ["2:parking:1", "3:parking:1"], "event": "assignment_rejected", "reason": "endpoint_conflict"}, {"candidates": ["0:static", "1:10", "2:parking:2", "3:parking:0"], "conflict": ["2:parking:2", "3:parking:0"], "event": "assignment_rejected", "reason": "endpoint_conflict"}, {"candidates": ["0:static", "1:10", "2:parking:2", "3:parking:2"], "conflict": ["2:parking:2", "3:parking:2"], "event": "assignment_rejected", "reason": "endpoint_conflict"}, {"candidates": ["0:static", "1:11", "2:parking:0", "3:parking:0"], "conflict": ["2:parking:0", "3:parking:0"], "event": "assignment_rejected", "reason": "endpoint_conflict"}, {"candidates": ["0:static", "1:11", "2:parking:0", "3:parking:1"], "conflict": ["2:parking:0", "3:parking:1"], "event": "assignment_rejected", "reason": "endpoint_conflict"}, {"candidates": ["0:static", "1:11", "2:parking:0", "3:parking:2"], "conflict": ["2:parking:0", "3:parking:2"], "event": "assignment_rejected", "reason": "endpoint_conflict"}, {"candidates": ["0:static", "1:11", "2:parking:1", "3:parking:0"], "conflict": ["2:parking:1", "3:parking:0"], "event": "assignment_rejected", "reason": "endpoint_conflict"}, {"candidates": ["0:static", "1:11", "2:parking:1", "3:parking:1"], "conflict": ["2:parking:1", "3:parking:1"], "event": "assignment_rejected", "reason": "endpoint_conflict"}, {"candidates": ["0:static", "1:11", "2:parking:2", "3:parking:0"], "conflict": ["2:parking:2", "3:parking:0"], "event": "assignment_rejected", "reason": "endpoint_conflict"}, {"candidates": ["0:static", "1:11", "2:parking:2", "3:parking:2"], "conflict": ["2:parking:2", "3:parking:2"], "event": "assignment_rejected", "reason": "endpoint_conflict"}, {"candidates": ["0:static", "1:12", "2:parking:0", "3:parking:0"], "conflict": ["2:parking:0", "3:parking:0"], "event": "assignment_rejected", "reason": "endpoint_conflict"}, {"candidates": ["0:static", "1:12", "2:parking:0", "3:parking:1"], "conflict": ["2:parking:0", "3:parking:1"], "event": "assignment_rejected", "reason": "endpoint_conflict"}, {"candidates": ["0:static", "1:12", "2:parking:0", "3:parking:2"], "conflict": ["2:parking:0", "3:parking:2"], "event": "assignment_rejected", "reason": "endpoint_conflict"}, {"candidates": ["0:static", "1:12", "2:parking:1", "3:parking:0"], "conflict": ["2:parking:1", "3:parking:0"], "event": "assignment_rejected", "reason": "endpoint_conflict"}, {"candidates": ["0:static", "1:12", "2:parking:1", "3:parking:1"], "conflict": ["2:parking:1", "3:parking:1"], "event": "assignment_rejected", "reason": "endpoint_conflict"}, {"candidates": ["0:static", "1:12", "2:parking:2", "3:parking:0"], "conflict": ["2:parking:2", "3:parking:0"], "event": "assignment_rejected", "reason": "endpoint_conflict"}, {"candidates": ["0:static", "1:12", "2:parking:2", "3:parking:2"], "conflict": ["2:parking:2", "3:parking:2"], "event": "assignment_rejected", "reason": "endpoint_conflict"}, {"candidates": ["0:static", "1:13", "2:parking:0", "3:parking:0"], "conflict": ["2:parking:0", "3:parking:0"], "event": "assignment_rejected", "reason": "endpoint_conflict"}, {"candidates": ["0:static", "1:13", "2:parking:0", "3:parking:1"], "conflict": ["2:parking:0", "3:parking:1"], "event": "assignment_rejected", "reason": "endpoint_conflict"}, {"candidates": ["0:static", "1:13", "2:parking:0", "3:parking:2"], "conflict": ["2:parking:0", "3:parking:2"], "event": "assignment_rejected", "reason": "endpoint_conflict"}, {"candidates": ["0:static", "1:13", "2:parking:1", "3:parking:0"], "conflict": ["2:parking:1", "3:parking:0"], "event": "assignment_rejected", "reason": "endpoint_conflict"}, {"candidates": ["0:static", "1:13", "2:parking:1", "3:parking:1"], "conflict": ["2:parking:1", "3:parking:1"], "event": "assignment_rejected", "reason": "endpoint_conflict"}, {"candidates": ["0:static", "1:13", "2:parking:2", "3:parking:0"], "conflict": ["2:parking:2", "3:parking:0"], "event": "assignment_rejected", "reason": "endpoint_conflict"}, {"candidates": ["0:static", "1:13", "2:parking:2", "3:parking:2"], "conflict": ["2:parking:2", "3:parking:2"], "event": "assignment_rejected", "reason": "endpoint_conflict"}, {"candidates": ["0:static", "1:14", "2:parking:0", "3:parking:0"], "conflict": ["2:parking:0", "3:parking:0"], "event": "assignment_rejected", "reason": "endpoint_conflict"}, {"candidates": ["0:static", "1:14", "2:parking:0", "3:parking:1"], "conflict": ["2:parking:0", "3:parking:1"], "event": "assignment_rejected", "reason": "endpoint_conflict"}, {"candidates": ["0:static", "1:14", "2:parking:0", "3:parking:2"], "conflict": ["2:parking:0", "3:parking:2"], "event": "assignment_rejected", "reason": "endpoint_conflict"}, {"candidates": ["0:static", "1:14", "2:parking:1", "3:parking:0"], "conflict": ["2:parking:1", "3:parking:0"], "event": "assignment_rejected", "reason": "endpoint_conflict"}, {"candidates": ["0:static", "1:14", "2:parking:1", "3:parking:1"], "conflict": ["2:parking:1", "3:parking:1"], "event": "assignment_rejected", "reason": "endpoint_conflict"}, {"candidates": ["0:static", "1:14", "2:parking:2", "3:parking:0"], "conflict": ["2:parking:2", "3:parking:0"], "event": "assignment_rejected", "reason": "endpoint_conflict"}, {"candidates": ["0:static", "1:14", "2:parking:2", "3:parking:2"], "conflict": ["2:parking:2", "3:parking:2"], "event": "assignment_rejected", "reason": "endpoint_conflict"}, {"candidates": ["0:static", "1:15", "2:parking:0", "3:parking:0"], "conflict": ["2:parking:0", "3:parking:0"], "event": "assignment_rejected", "reason": "endpoint_conflict"}, {"candidates": ["0:static", "1:15", "2:parking:0", "3:parking:1"], "conflict": ["2:parking:0", "3:parking:1"], "event": "assignment_rejected", "reason": "endpoint_conflict"}, {"candidates": ["0:static", "1:15", "2:parking:0", "3:parking:2"], "conflict": ["2:parking:0", "3:parking:2"], "event": "assignment_rejected", "reason": "endpoint_conflict"}, {"candidates": ["0:static", "1:15", "2:parking:1", "3:parking:0"], "conflict": ["2:parking:1", "3:parking:0"], "event": "assignment_rejected", "reason": "endpoint_conflict"}, {"candidates": ["0:static", "1:15", "2:parking:1", "3:parking:1"], "conflict": ["2:parking:1", "3:parking:1"], "event": "assignment_rejected", "reason": "endpoint_conflict"}, {"candidates": ["0:static", "1:15", "2:parking:2", "3:parking:0"], "conflict": ["2:parking:2", "3:parking:0"], "event": "assignment_rejected", "reason": "endpoint_conflict"}, {"candidates": ["0:static", "1:15", "2:parking:2", "3:parking:2"], "conflict": ["2:parking:2", "3:parking:2"], "event": "assignment_rejected", "reason": "endpoint_conflict"}, {"candidates": ["0:static", "1:16", "2:parking:0", "3:parking:0"], "conflict": ["2:parking:0", "3:parking:0"], "event": "assignment_rejected", "reason": "endpoint_conflict"}, {"candidates": ["0:static", "1:16", "2:parking:0", "3:parking:1"], "conflict": ["2:parking:0", "3:parking:1"], "event": "assignment_rejected", "reason": "endpoint_conflict"}, {"candidates": ["0:static", "1:16", "2:parking:0", "3:parking:2"], "conflict": ["2:parking:0", "3:parking:2"], "event": "assignment_rejected", "reason": "endpoint_conflict"}, {"candidates": ["0:static", "1:16", "2:parking:1", "3:parking:0"], "conflict": ["2:parking:1", "3:parking:0"], "event": "assignment_rejected", "reason": "endpoint_conflict"}, {"candidates": ["0:static", "1:16", "2:parking:1", "3:parking:1"], "conflict": ["2:parking:1", "3:parking:1"], "event": "assignment_rejected", "reason": "endpoint_conflict"}, {"candidates": ["0:static", "1:16", "2:parking:2", "3:parking:0"], "conflict": ["2:parking:2", "3:parking:0"], "event": "assignment_rejected", "reason": "endpoint_conflict"}, {"candidates": ["0:static", "1:16", "2:parking:2", "3:parking:2"], "conflict": ["2:parking:2", "3:parking:2"], "event": "assignment_rejected", "reason": "endpoint_conflict"}, {"candidates": ["0:static", "1:17", "2:parking:0", "3:parking:0"], "conflict": ["2:parking:0", "3:parking:0"], "event": "assignment_rejected", "reason": "endpoint_conflict"}, {"candidates": ["0:static", "1:17", "2:parking:0", "3:parking:1"], "conflict": ["2:parking:0", "3:parking:1"], "event": "assignment_rejected", "reason": "endpoint_conflict"}, {"candidates": ["0:static", "1:17", "2:parking:0", "3:parking:2"], "conflict": ["2:parking:0", "3:parking:2"], "event": "assignment_rejected", "reason": "endpoint_conflict"}, {"candidates": ["0:static", "1:17", "2:parking:1", "3:parking:0"], "conflict": ["2:parking:1", "3:parking:0"], "event": "assignment_rejected", "reason": "endpoint_conflict"}, {"candidates": ["0:static", "1:17", "2:parking:1", "3:parking:1"], "conflict": ["2:parking:1", "3:parking:1"], "event": "assignment_rejected", "reason": "endpoint_conflict"}, {"candidates": ["0:static", "1:17", "2:parking:2", "3:parking:0"], "conflict": ["2:parking:2", "3:parking:0"], "event": "assignment_rejected", "reason": "endpoint_conflict"}, {"candidates": ["0:static", "1:17", "2:parking:2", "3:parking:2"], "conflict": ["2:parking:2", "3:parking:2"], "event": "assignment_rejected", "reason": "endpoint_conflict"}, {"candidates": ["0:static", "1:18", "2:parking:0", "3:parking:0"], "conflict": ["2:parking:0", "3:parking:0"], "event": "assignment_rejected", "reason": "endpoint_conflict"}, {"candidates": ["0:static", "1:18", "2:parking:0", "3:parking:1"], "conflict": ["2:parking:0", "3:parking:1"], "event": "assignment_rejected", "reason": "endpoint_conflict"}, {"candidates": ["0:static", "1:18", "2:parking:0", "3:parking:2"], "conflict": ["2:parking:0", "3:parking:2"], "event": "assignment_rejected", "reason": "endpoint_conflict"}, {"candidates": ["0:static", "1:18", "2:parking:1", "3:parking:0"], "conflict": ["2:parking:1", "3:parking:0"], "event": "assignment_rejected", "reason": "endpoint_conflict"}, {"candidates": ["0:static", "1:18", "2:parking:1", "3:parking:1"], "conflict": ["2:parking:1", "3:parking:1"], "event": "assignment_rejected", "reason": "endpoint_conflict"}, {"candidates": ["0:static", "1:18", "2:parking:2", "3:parking:0"], "conflict": ["2:parking:2", "3:parking:0"], "event": "assignment_rejected", "reason": "endpoint_conflict"}, {"candidates": ["0:static", "1:18", "2:parking:2", "3:parking:2"], "conflict": ["2:parking:2", "3:parking:2"], "event": "assignment_rejected", "reason": "endpoint_conflict"}, {"candidates": ["0:static", "1:19", "2:parking:0", "3:parking:0"], "conflict": ["2:parking:0", "3:parking:0"], "event": "assignment_rejected", "reason": "endpoint_conflict"}, {"candidates": ["0:static", "1:19", "2:parking:0", "3:parking:1"], "conflict": ["2:parking:0", "3:parking:1"], "event": "assignment_rejected", "reason": "endpoint_conflict"}, {"candidates": ["0:static", "1:19", "2:parking:0", "3:parking:2"], "conflict": ["2:parking:0", "3:parking:2"], "event": "assignment_rejected", "reason": "endpoint_conflict"}, {"candidates": ["0:static", "1:19", "2:parking:1", "3:parking:0"], "conflict": ["2:parking:1", "3:parking:0"], "event": "assignment_rejected", "reason": "endpoint_conflict"}, {"candidates": ["0:static", "1:19", "2:parking:1", "3:parking:1"], "conflict": ["2:parking:1", "3:parking:1"], "event": "assignment_rejected", "reason": "endpoint_conflict"}, {"candidates": ["0:static", "1:19", "2:parking:2", "3:parking:0"], "conflict": ["2:parking:2", "3:parking:0"], "event": "assignment_rejected", "reason": "endpoint_conflict"}, {"candidates": ["0:static", "1:19", "2:parking:2", "3:parking:2"], "conflict": ["2:parking:2", "3:parking:2"], "event": "assignment_rejected", "reason": "endpoint_conflict"}, {"candidates": ["0:static", "1:20", "2:parking:0", "3:parking:0"], "conflict": ["2:parking:0", "3:parking:0"], "event": "assignment_rejected", "reason": "endpoint_conflict"}, {"candidates": ["0:static", "1:20", "2:parking:0", "3:parking:1"], "conflict": ["2:parking:0", "3:parking:1"], "event": "assignment_rejected", "reason": "endpoint_conflict"}, {"candidates": ["0:static", "1:20", "2:parking:0", "3:parking:2"], "conflict": ["2:parking:0", "3:parking:2"], "event": "assignment_rejected", "reason": "endpoint_conflict"}, {"candidates": ["0:static", "1:20", "2:parking:1", "3:parking:0"], "conflict": ["2:parking:1", "3:parking:0"], "event": "assignment_rejected", "reason": "endpoint_conflict"}, {"candidates": ["0:static", "1:20", "2:parking:1", "3:parking:1"], "conflict": ["2:parking:1", "3:parking:1"], "event": "assignment_rejected", "reason": "endpoint_conflict"}, {"candidates": ["0:static", "1:20", "2:parking:2", "3:parking:0"], "conflict": ["2:parking:2", "3:parking:0"], "event": "assignment_rejected", "reason": "endpoint_conflict"}, {"candidates": ["0:static", "1:20", "2:parking:2", "3:parking:2"], "conflict": ["2:parking:2", "3:parking:2"], "event": "assignment_rejected", "reason": "endpoint_conflict"}, {"candidates": ["0:static", "1:21", "2:parking:0", "3:parking:0"], "conflict": ["2:parking:0", "3:parking:0"], "event": "assignment_rejected", "reason": "endpoint_conflict"}, {"candidates": ["0:static", "1:21", "2:parking:0", "3:parking:1"], "conflict": ["2:parking:0", "3:parking:1"], "event": "assignment_rejected", "reason": "endpoint_conflict"}, {"candidates": ["0:static", "1:21", "2:parking:0", "3:parking:2"], "conflict": ["2:parking:0", "3:parking:2"], "event": "assignment_rejected", "reason": "endpoint_conflict"}, {"candidates": ["0:static", "1:21", "2:parking:1", "3:parking:0"], "conflict": ["2:parking:1", "3:parking:0"], "event": "assignment_rejected", "reason": "endpoint_conflict"}, {"candidates": ["0:static", "1:21", "2:parking:1", "3:parking:1"], "conflict": ["2:parking:1", "3:parking:1"], "event": "assignment_rejected", "reason": "endpoint_conflict"}, {"candidates": ["0:static", "1:21", "2:parking:2", "3:parking:0"], "conflict": ["2:parking:2", "3:parking:0"], "event": "assignment_rejected", "reason": "endpoint_conflict"}, {"candidates": ["0:static", "1:21", "2:parking:2", "3:parking:2"], "conflict": ["2:parking:2", "3:parking:2"], "event": "assignment_rejected", "reason": "endpoint_conflict"}, {"candidates": ["0:static", "1:22", "2:parking:0", "3:parking:0"], "conflict": ["0:static", "1:22"], "event": "assignment_rejected", "reason": "endpoint_conflict"}, {"candidates": ["0:static", "1:22", "2:parking:0", "3:parking:1"], "conflict": ["0:static", "1:22"], "event": "assignment_rejected", "reason": "endpoint_conflict"}, {"candidates": ["0:static", "1:22", "2:parking:0", "3:parking:2"], "conflict": ["0:static", "1:22"], "event": "assignment_rejected", "reason": "endpoint_conflict"}, {"candidates": ["0:static", "1:22", "2:parking:1", "3:parking:0"], "conflict": ["0:static", "1:22"], "event": "assignment_rejected", "reason": "endpoint_conflict"}, {"candidates": ["0:static", "1:22", "2:parking:1", "3:parking:1"], "conflict": ["0:static", "1:22"], "event": "assignment_rejected", "reason": "endpoint_conflict"}, {"candidates": ["0:static", "1:22", "2:parking:1", "3:parking:2"], "conflict": ["0:static", "1:22"], "event": "assignment_rejected", "reason": "endpoint_conflict"}, {"candidates": ["0:static", "1:22", "2:parking:2", "3:parking:0"], "conflict": ["0:static", "1:22"], "event": "assignment_rejected", "reason": "endpoint_conflict"}, {"candidates": ["0:static", "1:22", "2:parking:2", "3:parking:1"], "conflict": ["0:static", "1:22"], "event": "assignment_rejected", "reason": "endpoint_conflict"}, {"candidates": ["0:static", "1:22", "2:parking:2", "3:parking:2"], "conflict": ["0:static", "1:22"], "event": "assignment_rejected", "reason": "endpoint_conflict"}, {"candidates": ["0:static", "1:23", "2:parking:0", "3:parking:0"], "conflict": ["2:parking:0", "3:parking:0"], "event": "assignment_rejected", "reason": "endpoint_conflict"}, {"candidates": ["0:static", "1:23", "2:parking:0", "3:parking:1"], "conflict": ["2:parking:0", "3:parking:1"], "event": "assignment_rejected", "reason": "endpoint_conflict"}, {"candidates": ["0:static", "1:23", "2:parking:0", "3:parking:2"], "conflict": ["2:parking:0", "3:parking:2"], "event": "assignment_rejected", "reason": "endpoint_conflict"}, {"candidates": ["0:static", "1:23", "2:parking:1", "3:parking:0"], "conflict": ["2:parking:1", "3:parking:0"], "event": "assignment_rejected", "reason": "endpoint_conflict"}, {"candidates": ["0:static", "1:23", "2:parking:1", "3:parking:1"], "conflict": ["2:parking:1", "3:parking:1"], "event": "assignment_rejected", "reason": "endpoint_conflict"}, {"candidates": ["0:static", "1:23", "2:parking:2", "3:parking:0"], "conflict": ["2:parking:2", "3:parking:0"], "event": "assignment_rejected", "reason": "endpoint_conflict"}, {"candidates": ["0:static", "1:23", "2:parking:2", "3:parking:2"], "conflict": ["2:parking:2", "3:parking:2"], "event": "assignment_rejected", "reason": "endpoint_conflict"}, {"candidates": ["0:static", "1:24", "2:parking:0", "3:parking:0"], "conflict": ["2:parking:0", "3:parking:0"], "event": "assignment_rejected", "reason": "endpoint_conflict"}, {"candidates": ["0:static", "1:24", "2:parking:0", "3:parking:1"], "conflict": ["2:parking:0", "3:parking:1"], "event": "assignment_rejected", "reason": "endpoint_conflict"}, {"candidates": ["0:static", "1:24", "2:parking:0", "3:parking:2"], "conflict": ["2:parking:0", "3:parking:2"], "event": "assignment_rejected", "reason": "endpoint_conflict"}, {"candidates": ["0:static", "1:24", "2:parking:1", "3:parking:0"], "conflict": ["2:parking:1", "3:parking:0"], "event": "assignment_rejected", "reason": "endpoint_conflict"}, {"candidates": ["0:static", "1:24", "2:parking:1", "3:parking:1"], "conflict": ["2:parking:1", "3:parking:1"], "event": "assignment_rejected", "reason": "endpoint_conflict"}, {"candidates": ["0:static", "1:24", "2:parking:2", "3:parking:0"], "conflict": ["2:parking:2", "3:parking:0"], "event": "assignment_rejected", "reason": "endpoint_conflict"}, {"candidates": ["0:static", "1:24", "2:parking:2", "3:parking:2"], "conflict": ["2:parking:2", "3:parking:2"], "event": "assignment_rejected", "reason": "endpoint_conflict"}, {"candidates": ["0:static", "1:25", "2:parking:0", "3:parking:0"], "conflict": ["0:static", "1:25"], "event": "assignment_rejected", "reason": "endpoint_conflict"}, {"candidates": ["0:static", "1:25", "2:parking:0", "3:parking:1"], "conflict": ["0:static", "1:25"], "event": "assignment_rejected", "reason": "endpoint_conflict"}, {"candidates": ["0:static", "1:25", "2:parking:0", "3:parking:2"], "conflict": ["0:static", "1:25"], "event": "assignment_rejected", "reason": "endpoint_conflict"}, {"candidates": ["0:static", "1:25", "2:parking:1", "3:parking:0"], "conflict": ["0:static", "1:25"], "event": "assignment_rejected", "reason": "endpoint_conflict"}, {"candidates": ["0:static", "1:25", "2:parking:1", "3:parking:1"], "conflict": ["0:static", "1:25"], "event": "assignment_rejected", "reason": "endpoint_conflict"}, {"candidates": ["0:static", "1:25", "2:parking:1", "3:parking:2"], "conflict": ["0:static", "1:25"], "event": "assignment_rejected", "reason": "endpoint_conflict"}, {"candidates": ["0:static", "1:25", "2:parking:2", "3:parking:0"], "conflict": ["0:static", "1:25"], "event": "assignment_rejected", "reason": "endpoint_conflict"}, {"candidates": ["0:static", "1:25", "2:parking:2", "3:parking:1"], "conflict": ["0:static", "1:25"], "event": "assignment_rejected", "reason": "endpoint_conflict"}, {"candidates": ["0:static", "1:25", "2:parking:2", "3:parking:2"], "conflict": ["0:static", "1:25"], "event": "assignment_rejected", "reason": "endpoint_conflict"}, {"candidates": ["0:static", "1:26", "2:parking:0", "3:parking:0"], "conflict": ["2:parking:0", "3:parking:0"], "event": "assignment_rejected", "reason": "endpoint_conflict"}, {"candidates": ["0:static", "1:26", "2:parking:0", "3:parking:1"], "conflict": ["2:parking:0", "3:parking:1"], "event": "assignment_rejected", "reason": "endpoint_conflict"}, {"candidates": ["0:static", "1:26", "2:parking:0", "3:parking:2"], "conflict": ["2:parking:0", "3:parking:2"], "event": "assignment_rejected", "reason": "endpoint_conflict"}, {"candidates": ["0:static", "1:26", "2:parking:1", "3:parking:0"], "conflict": ["2:parking:1", "3:parking:0"], "event": "assignment_rejected", "reason": "endpoint_conflict"}, {"candidates": ["0:static", "1:26", "2:parking:1", "3:parking:1"], "conflict": ["2:parking:1", "3:parking:1"], "event": "assignment_rejected", "reason": "endpoint_conflict"}, {"candidates": ["0:static", "1:26", "2:parking:2", "3:parking:0"], "conflict": ["2:parking:2", "3:parking:0"], "event": "assignment_rejected", "reason": "endpoint_conflict"}, {"candidates": ["0:static", "1:26", "2:parking:2", "3:parking:2"], "conflict": ["2:parking:2", "3:parking:2"], "event": "assignment_rejected", "reason": "endpoint_conflict"}, {"candidates": ["0:static", "1:27", "2:parking:0", "3:parking:0"], "conflict": ["2:parking:0", "3:parking:0"], "event": "assignment_rejected", "reason": "endpoint_conflict"}, {"candidates": ["0:static", "1:27", "2:parking:0", "3:parking:1"], "conflict": ["2:parking:0", "3:parking:1"], "event": "assignment_rejected", "reason": "endpoint_conflict"}, {"candidates": ["0:static", "1:27", "2:parking:0", "3:parking:2"], "conflict": ["2:parking:0", "3:parking:2"], "event": "assignment_rejected", "reason": "endpoint_conflict"}, {"candidates": ["0:static", "1:27", "2:parking:1", "3:parking:0"], "conflict": ["2:parking:1", "3:parking:0"], "event": "assignment_rejected", "reason": "endpoint_conflict"}, {"candidates": ["0:static", "1:27", "2:parking:1", "3:parking:1"], "conflict": ["2:parking:1", "3:parking:1"], "event": "assignment_rejected", "reason": "endpoint_conflict"}, {"candidates": ["0:static", "1:27", "2:parking:2", "3:parking:0"], "conflict": ["2:parking:2", "3:parking:0"], "event": "assignment_rejected", "reason": "endpoint_conflict"}, {"candidates": ["0:static", "1:27", "2:parking:2", "3:parking:2"], "conflict": ["2:parking:2", "3:parking:2"], "event": "assignment_rejected", "reason": "endpoint_conflict"}, {"candidates": ["0:static", "1:28", "2:parking:0", "3:parking:0"], "conflict": ["2:parking:0", "3:parking:0"], "event": "assignment_rejected", "reason": "endpoint_conflict"}, {"candidates": ["0:static", "1:28", "2:parking:0", "3:parking:1"], "conflict": ["2:parking:0", "3:parking:1"], "event": "assignment_rejected", "reason": "endpoint_conflict"}, {"candidates": ["0:static", "1:28", "2:parking:0", "3:parking:2"], "conflict": ["2:parking:0", "3:parking:2"], "event": "assignment_rejected", "reason": "endpoint_conflict"}, {"candidates": ["0:static", "1:28", "2:parking:1", "3:parking:0"], "conflict": ["2:parking:1", "3:parking:0"], "event": "assignment_rejected", "reason": "endpoint_conflict"}, {"candidates": ["0:static", "1:28", "2:parking:1", "3:parking:1"], "conflict": ["2:parking:1", "3:parking:1"], "event": "assignment_rejected", "reason": "endpoint_conflict"}, {"candidates": ["0:static", "1:28", "2:parking:2", "3:parking:0"], "conflict": ["2:parking:2", "3:parking:0"], "event": "assignment_rejected", "reason": "endpoint_conflict"}, {"candidates": ["0:static", "1:28", "2:parking:2", "3:parking:2"], "conflict": ["2:parking:2", "3:parking:2"], "event": "assignment_rejected", "reason": "endpoint_conflict"}, {"candidates": ["0:static", "1:29", "2:parking:0", "3:parking:0"], "conflict": ["2:parking:0", "3:parking:0"], "event": "assignment_rejected", "reason": "endpoint_conflict"}, {"candidates": ["0:static", "1:29", "2:parking:0", "3:parking:1"], "conflict": ["2:parking:0", "3:parking:1"], "event": "assignment_rejected", "reason": "endpoint_conflict"}, {"candidates": ["0:static", "1:29", "2:parking:0", "3:parking:2"], "conflict": ["2:parking:0", "3:parking:2"], "event": "assignment_rejected", "reason": "endpoint_conflict"}, {"candidates": ["0:static", "1:29", "2:parking:1", "3:parking:0"], "conflict": ["2:parking:1", "3:parking:0"], "event": "assignment_rejected", "reason": "endpoint_conflict"}, {"candidates": ["0:static", "1:29", "2:parking:1", "3:parking:1"], "conflict": ["2:parking:1", "3:parking:1"], "event": "assignment_rejected", "reason": "endpoint_conflict"}, {"candidates": ["0:static", "1:29", "2:parking:2", "3:parking:0"], "conflict": ["2:parking:2", "3:parking:0"], "event": "assignment_rejected", "reason": "endpoint_conflict"}, {"candidates": ["0:static", "1:29", "2:parking:2", "3:parking:2"], "conflict": ["2:parking:2", "3:parking:2"], "event": "assignment_rejected", "reason": "endpoint_conflict"}, {"candidate_cost": 32.486832981, "candidates": ["0:static", "1:0", "2:parking:2", "3:parking:1"], "event": "assignment_attempt", "trial": 1}, {"candidates": ["0:static", "1:0", "2:parking:2", "3:parking:1"], "event": "priority_rejected", "priority_order": ["0", "1", "2", "3"], "reason": "path_or_serialization_conflict"}, {"candidates": ["0:static", "1:0", "2:parking:2", "3:parking:1"], "event": "priority_rejected", "priority_order": ["0", "1", "3", "2"], "reason": "path_or_serialization_conflict"}, {"candidates": ["0:static", "1:0", "2:parking:2", "3:parking:1"], "event": "priority_rejected", "priority_order": ["0", "2", "1", "3"], "reason": "path_or_serialization_conflict"}, {"candidates": ["0:static", "1:0", "2:parking:2", "3:parking:1"], "event": "priority_rejected", "priority_order": ["0", "2", "3", "1"], "reason": "path_or_serialization_conflict"}, {"candidates": ["0:static", "1:0", "2:parking:2", "3:parking:1"], "event": "priority_rejected", "priority_order": ["0", "3", "1", "2"], "reason": "path_or_serialization_conflict"}, {"candidates": ["0:static", "1:0", "2:parking:2", "3:parking:1"], "event": "priority_rejected", "priority_order": ["0", "3", "2", "1"], "reason": "path_or_serialization_conflict"}, {"candidate_cost": 32.544003745, "candidates": ["0:static", "1:1", "2:parking:2", "3:parking:1"], "event": "assignment_attempt", "trial": 2}, {"candidates": ["0:static", "1:1", "2:parking:2", "3:parking:1"], "event": "priority_rejected", "priority_order": ["0", "1", "2", "3"], "reason": "path_or_serialization_conflict"}, {"candidates": ["0:static", "1:1", "2:parking:2", "3:parking:1"], "event": "priority_rejected", "priority_order": ["0", "1", "3", "2"], "reason": "path_or_serialization_conflict"}, {"candidates": ["0:static", "1:1", "2:parking:2", "3:parking:1"], "event": "priority_rejected", "priority_order": ["0", "2", "1", "3"], "reason": "path_or_serialization_conflict"}, {"candidates": ["0:static", "1:1", "2:parking:2", "3:parking:1"], "event": "priority_rejected", "priority_order": ["0", "2", "3", "1"], "reason": "path_or_serialization_conflict"}, {"candidates": ["0:static", "1:1", "2:parking:2", "3:parking:1"], "event": "priority_rejected", "priority_order": ["0", "3", "1", "2"], "reason": "path_or_serialization_conflict"}, {"candidates": ["0:static", "1:1", "2:parking:2", "3:parking:1"], "event": "priority_rejected", "priority_order": ["0", "3", "2", "1"], "reason": "path_or_serialization_conflict"}, {"candidate_cost": 33.431688934, "candidates": ["0:static", "1:0", "2:parking:1", "3:parking:2"], "event": "assignment_attempt", "trial": 3}, {"candidates": ["0:static", "1:0", "2:parking:1", "3:parking:2"], "event": "priority_rejected", "priority_order": ["0", "1", "2", "3"], "reason": "path_or_serialization_conflict"}, {"candidates": ["0:static", "1:0", "2:parking:1", "3:parking:2"], "event": "priority_rejected", "priority_order": ["0", "1", "3", "2"], "reason": "path_or_serialization_conflict"}, {"candidates": ["0:static", "1:0", "2:parking:1", "3:parking:2"], "event": "priority_rejected", "priority_order": ["0", "2", "1", "3"], "reason": "path_or_serialization_conflict"}, {"candidates": ["0:static", "1:0", "2:parking:1", "3:parking:2"], "event": "priority_rejected", "priority_order": ["0", "2", "3", "1"], "reason": "path_or_serialization_conflict"}, {"candidates": ["0:static", "1:0", "2:parking:1", "3:parking:2"], "event": "priority_rejected", "priority_order": ["0", "3", "1", "2"], "reason": "path_or_serialization_conflict"}, {"candidates": ["0:static", "1:0", "2:parking:1", "3:parking:2"], "event": "priority_rejected", "priority_order": ["0", "3", "2", "1"], "reason": "path_or_serialization_conflict"}, {"candidate_cost": 33.488859699, "candidates": ["0:static", "1:1", "2:parking:1", "3:parking:2"], "event": "assignment_attempt", "trial": 4}, {"candidates": ["0:static", "1:1", "2:parking:1", "3:parking:2"], "event": "priority_rejected", "priority_order": ["0", "1", "2", "3"], "reason": "path_or_serialization_conflict"}, {"candidates": ["0:static", "1:1", "2:parking:1", "3:parking:2"], "event": "priority_rejected", "priority_order": ["0", "1", "3", "2"], "reason": "path_or_serialization_conflict"}, {"candidates": ["0:static", "1:1", "2:parking:1", "3:parking:2"], "event": "priority_rejected", "priority_order": ["0", "2", "1", "3"], "reason": "path_or_serialization_conflict"}, {"candidates": ["0:static", "1:1", "2:parking:1", "3:parking:2"], "event": "priority_rejected", "priority_order": ["0", "2", "3", "1"], "reason": "path_or_serialization_conflict"}, {"candidates": ["0:static", "1:1", "2:parking:1", "3:parking:2"], "event": "priority_rejected", "priority_order": ["0", "3", "1", "2"], "reason": "path_or_serialization_conflict"}, {"candidates": ["0:static", "1:1", "2:parking:1", "3:parking:2"], "event": "priority_rejected", "priority_order": ["0", "3", "2", "1"], "reason": "path_or_serialization_conflict"}, {"candidate_cost": 34.219544457, "candidates": ["0:static", "1:2", "2:parking:2", "3:parking:1"], "event": "assignment_attempt", "trial": 5}, {"candidates": ["0:static", "1:2", "2:parking:2", "3:parking:1"], "event": "priority_rejected", "priority_order": ["0", "1", "2", "3"], "reason": "path_or_serialization_conflict"}, {"candidates": ["0:static", "1:2", "2:parking:2", "3:parking:1"], "event": "priority_rejected", "priority_order": ["0", "1", "3", "2"], "reason": "path_or_serialization_conflict"}, {"candidates": ["0:static", "1:2", "2:parking:2", "3:parking:1"], "event": "priority_rejected", "priority_order": ["0", "2", "1", "3"], "reason": "path_or_serialization_conflict"}, {"candidates": ["0:static", "1:2", "2:parking:2", "3:parking:1"], "event": "priority_rejected", "priority_order": ["0", "2", "3", "1"], "reason": "path_or_serialization_conflict"}, {"candidates": ["0:static", "1:2", "2:parking:2", "3:parking:1"], "event": "priority_rejected", "priority_order": ["0", "3", "1", "2"], "reason": "path_or_serialization_conflict"}, {"candidates": ["0:static", "1:2", "2:parking:2", "3:parking:1"], "event": "priority_rejected", "priority_order": ["0", "3", "2", "1"], "reason": "path_or_serialization_conflict"}, {"candidate_cost": 34.246211251, "candidates": ["0:static", "1:3", "2:parking:2", "3:parking:1"], "event": "assignment_attempt", "trial": 6}, {"candidates": ["0:static", "1:3", "2:parking:2", "3:parking:1"], "event": "priority_rejected", "priority_order": ["0", "1", "2", "3"], "reason": "path_or_serialization_conflict"}, {"candidates": ["0:static", "1:3", "2:parking:2", "3:parking:1"], "event": "priority_rejected", "priority_order": ["0", "1", "3", "2"], "reason": "path_or_serialization_conflict"}, {"candidates": ["0:static", "1:3", "2:parking:2", "3:parking:1"], "event": "priority_rejected", "priority_order": ["0", "2", "1", "3"], "reason": "path_or_serialization_conflict"}, {"candidates": ["0:static", "1:3", "2:parking:2", "3:parking:1"], "event": "priority_rejected", "priority_order": ["0", "2", "3", "1"], "reason": "path_or_serialization_conflict"}, {"candidates": ["0:static", "1:3", "2:parking:2", "3:parking:1"], "event": "priority_rejected", "priority_order": ["0", "3", "1", "2"], "reason": "path_or_serialization_conflict"}, {"candidates": ["0:static", "1:3", "2:parking:2", "3:parking:1"], "event": "priority_rejected", "priority_order": ["0", "3", "2", "1"], "reason": "path_or_serialization_conflict"}, {"candidate_cost": 34.615773106, "candidates": ["0:static", "1:4", "2:parking:2", "3:parking:1"], "event": "assignment_attempt", "trial": 7}, {"candidates": ["0:static", "1:4", "2:parking:2", "3:parking:1"], "event": "priority_rejected", "priority_order": ["0", "1", "2", "3"], "reason": "path_or_serialization_conflict"}, {"candidates": ["0:static", "1:4", "2:parking:2", "3:parking:1"], "event": "priority_rejected", "priority_order": ["0", "1", "3", "2"], "reason": "path_or_serialization_conflict"}, {"candidates": ["0:static", "1:4", "2:parking:2", "3:parking:1"], "event": "priority_rejected", "priority_order": ["0", "2", "1", "3"], "reason": "path_or_serialization_conflict"}, {"candidates": ["0:static", "1:4", "2:parking:2", "3:parking:1"], "event": "priority_rejected", "priority_order": ["0", "2", "3", "1"], "reason": "path_or_serialization_conflict"}, {"candidates": ["0:static", "1:4", "2:parking:2", "3:parking:1"], "event": "priority_rejected", "priority_order": ["0", "3", "1", "2"], "reason": "path_or_serialization_conflict"}, {"candidates": ["0:static", "1:4", "2:parking:2", "3:parking:1"], "event": "priority_rejected", "priority_order": ["0", "3", "2", "1"], "reason": "path_or_serialization_conflict"}, {"candidate_cost": 35.164400411, "candidates": ["0:static", "1:2", "2:parking:1", "3:parking:2"], "event": "assignment_attempt", "trial": 8}, {"candidates": ["0:static", "1:2", "2:parking:1", "3:parking:2"], "event": "priority_rejected", "priority_order": ["0", "1", "2", "3"], "reason": "path_or_serialization_conflict"}, {"candidates": ["0:static", "1:2", "2:parking:1", "3:parking:2"], "event": "priority_rejected", "priority_order": ["0", "1", "3", "2"], "reason": "path_or_serialization_conflict"}, {"candidates": ["0:static", "1:2", "2:parking:1", "3:parking:2"], "event": "priority_rejected", "priority_order": ["0", "2", "1", "3"], "reason": "path_or_serialization_conflict"}, {"candidates": ["0:static", "1:2", "2:parking:1", "3:parking:2"], "event": "priority_rejected", "priority_order": ["0", "2", "3", "1"], "reason": "path_or_serialization_conflict"}, {"candidates": ["0:static", "1:2", "2:parking:1", "3:parking:2"], "event": "priority_rejected", "priority_order": ["0", "3", "1", "2"], "reason": "path_or_serialization_conflict"}, {"candidates": ["0:static", "1:2", "2:parking:1", "3:parking:2"], "event": "priority_rejected", "priority_order": ["0", "3", "2", "1"], "reason": "path_or_serialization_conflict"}, {"candidate_cost": 35.191067205, "candidates": ["0:static", "1:3", "2:parking:1", "3:parking:2"], "event": "assignment_attempt", "trial": 9}, {"candidates": ["0:static", "1:3", "2:parking:1", "3:parking:2"], "event": "priority_rejected", "priority_order": ["0", "1", "2", "3"], "reason": "path_or_serialization_conflict"}, {"candidates": ["0:static", "1:3", "2:parking:1", "3:parking:2"], "event": "priority_rejected", "priority_order": ["0", "1", "3", "2"], "reason": "path_or_serialization_conflict"}, {"candidates": ["0:static", "1:3", "2:parking:1", "3:parking:2"], "event": "priority_rejected", "priority_order": ["0", "2", "1", "3"], "reason": "path_or_serialization_conflict"}, {"candidates": ["0:static", "1:3", "2:parking:1", "3:parking:2"], "event": "priority_rejected", "priority_order": ["0", "2", "3", "1"], "reason": "path_or_serialization_conflict"}, {"candidates": ["0:static", "1:3", "2:parking:1", "3:parking:2"], "event": "priority_rejected", "priority_order": ["0", "3", "1", "2"], "reason": "path_or_serialization_conflict"}, {"candidates": ["0:static", "1:3", "2:parking:1", "3:parking:2"], "event": "priority_rejected", "priority_order": ["0", "3", "2", "1"], "reason": "path_or_serialization_conflict"}, {"candidate_cost": 35.56062906, "candidates": ["0:static", "1:4", "2:parking:1", "3:parking:2"], "event": "assignment_attempt", "trial": 10}, {"candidates": ["0:static", "1:4", "2:parking:1", "3:parking:2"], "event": "priority_rejected", "priority_order": ["0", "1", "2", "3"], "reason": "path_or_serialization_conflict"}, {"candidates": ["0:static", "1:4", "2:parking:1", "3:parking:2"], "event": "priority_rejected", "priority_order": ["0", "1", "3", "2"], "reason": "path_or_serialization_conflict"}, {"candidates": ["0:static", "1:4", "2:parking:1", "3:parking:2"], "event": "priority_rejected", "priority_order": ["0", "2", "1", "3"], "reason": "path_or_serialization_conflict"}, {"candidates": ["0:static", "1:4", "2:parking:1", "3:parking:2"], "event": "priority_rejected", "priority_order": ["0", "2", "3", "1"], "reason": "path_or_serialization_conflict"}, {"candidates": ["0:static", "1:4", "2:parking:1", "3:parking:2"], "event": "priority_rejected", "priority_order": ["0", "3", "1", "2"], "reason": "path_or_serialization_conflict"}, {"candidates": ["0:static", "1:4", "2:parking:1", "3:parking:2"], "event": "priority_rejected", "priority_order": ["0", "3", "2", "1"], "reason": "path_or_serialization_conflict"}, {"candidate_cost": 36.708203932, "candidates": ["0:static", "1:7", "2:parking:2", "3:parking:1"], "event": "assignment_attempt", "trial": 11}, {"candidates": ["0:static", "1:7", "2:parking:2", "3:parking:1"], "event": "priority_rejected", "priority_order": ["0", "1", "2", "3"], "reason": "path_or_serialization_conflict"}, {"candidates": ["0:static", "1:7", "2:parking:2", "3:parking:1"], "event": "priority_rejected", "priority_order": ["0", "1", "3", "2"], "reason": "path_or_serialization_conflict"}, {"candidates": ["0:static", "1:7", "2:parking:2", "3:parking:1"], "event": "priority_rejected", "priority_order": ["0", "2", "1", "3"], "reason": "path_or_serialization_conflict"}, {"candidates": ["0:static", "1:7", "2:parking:2", "3:parking:1"], "event": "priority_rejected", "priority_order": ["0", "2", "3", "1"], "reason": "path_or_serialization_conflict"}, {"candidates": ["0:static", "1:7", "2:parking:2", "3:parking:1"], "event": "priority_rejected", "priority_order": ["0", "3", "1", "2"], "reason": "path_or_serialization_conflict"}, {"candidates": ["0:static", "1:7", "2:parking:2", "3:parking:1"], "event": "priority_rejected", "priority_order": ["0", "3", "2", "1"], "reason": "path_or_serialization_conflict"}, {"candidate_cost": 37.055385138, "candidates": ["0:static", "1:5", "2:parking:2", "3:parking:1"], "event": "assignment_attempt", "trial": 12}, {"candidates": ["0:static", "1:5", "2:parking:2", "3:parking:1"], "event": "priority_rejected", "priority_order": ["0", "1", "2", "3"], "reason": "path_or_serialization_conflict"}, {"candidates": ["0:static", "1:5", "2:parking:2", "3:parking:1"], "event": "priority_rejected", "priority_order": ["0", "1", "3", "2"], "reason": "path_or_serialization_conflict"}, {"candidates": ["0:static", "1:5", "2:parking:2", "3:parking:1"], "event": "priority_rejected", "priority_order": ["0", "2", "1", "3"], "reason": "path_or_serialization_conflict"}, {"candidates": ["0:static", "1:5", "2:parking:2", "3:parking:1"], "event": "priority_rejected", "priority_order": ["0", "2", "3", "1"], "reason": "path_or_serialization_conflict"}, {"candidates": ["0:static", "1:5", "2:parking:2", "3:parking:1"], "event": "priority_rejected", "priority_order": ["0", "3", "1", "2"], "reason": "path_or_serialization_conflict"}, {"candidates": ["0:static", "1:5", "2:parking:2", "3:parking:1"], "event": "priority_rejected", "priority_order": ["0", "3", "2", "1"], "reason": "path_or_serialization_conflict"}, {"candidate_cost": 37.062257748, "candidates": ["0:static", "1:6", "2:parking:2", "3:parking:1"], "event": "assignment_attempt", "trial": 13}, {"candidates": ["0:static", "1:6", "2:parking:2", "3:parking:1"], "event": "priority_rejected", "priority_order": ["0", "1", "2", "3"], "reason": "path_or_serialization_conflict"}, {"candidates": ["0:static", "1:6", "2:parking:2", "3:parking:1"], "event": "priority_rejected", "priority_order": ["0", "1", "3", "2"], "reason": "path_or_serialization_conflict"}, {"candidates": ["0:static", "1:6", "2:parking:2", "3:parking:1"], "event": "priority_rejected", "priority_order": ["0", "2", "1", "3"], "reason": "path_or_serialization_conflict"}, {"candidates": ["0:static", "1:6", "2:parking:2", "3:parking:1"], "event": "priority_rejected", "priority_order": ["0", "2", "3", "1"], "reason": "path_or_serialization_conflict"}, {"candidates": ["0:static", "1:6", "2:parking:2", "3:parking:1"], "event": "priority_rejected", "priority_order": ["0", "3", "1", "2"], "reason": "path_or_serialization_conflict"}, {"candidates": ["0:static", "1:6", "2:parking:2", "3:parking:1"], "event": "priority_rejected", "priority_order": ["0", "3", "2", "1"], "reason": "path_or_serialization_conflict"}, {"candidate_cost": 37.653059886, "candidates": ["0:static", "1:7", "2:parking:1", "3:parking:2"], "event": "assignment_attempt", "trial": 14}, {"candidates": ["0:static", "1:7", "2:parking:1", "3:parking:2"], "event": "priority_rejected", "priority_order": ["0", "1", "2", "3"], "reason": "path_or_serialization_conflict"}, {"candidates": ["0:static", "1:7", "2:parking:1", "3:parking:2"], "event": "priority_rejected", "priority_order": ["0", "1", "3", "2"], "reason": "path_or_serialization_conflict"}, {"candidates": ["0:static", "1:7", "2:parking:1", "3:parking:2"], "event": "priority_rejected", "priority_order": ["0", "2", "1", "3"], "reason": "path_or_serialization_conflict"}, {"candidates": ["0:static", "1:7", "2:parking:1", "3:parking:2"], "event": "priority_rejected", "priority_order": ["0", "2", "3", "1"], "reason": "path_or_serialization_conflict"}, {"candidates": ["0:static", "1:7", "2:parking:1", "3:parking:2"], "event": "priority_rejected", "priority_order": ["0", "3", "1", "2"], "reason": "path_or_serialization_conflict"}, {"candidates": ["0:static", "1:7", "2:parking:1", "3:parking:2"], "event": "priority_rejected", "priority_order": ["0", "3", "2", "1"], "reason": "path_or_serialization_conflict"}, {"candidate_cost": 38.000241092, "candidates": ["0:static", "1:5", "2:parking:1", "3:parking:2"], "event": "assignment_attempt", "trial": 15}, {"candidates": ["0:static", "1:5", "2:parking:1", "3:parking:2"], "event": "priority_rejected", "priority_order": ["0", "1", "2", "3"], "reason": "path_or_serialization_conflict"}, {"candidates": ["0:static", "1:5", "2:parking:1", "3:parking:2"], "event": "priority_rejected", "priority_order": ["0", "1", "3", "2"], "reason": "path_or_serialization_conflict"}, {"candidates": ["0:static", "1:5", "2:parking:1", "3:parking:2"], "event": "priority_rejected", "priority_order": ["0", "2", "1", "3"], "reason": "path_or_serialization_conflict"}, {"candidates": ["0:static", "1:5", "2:parking:1", "3:parking:2"], "event": "priority_rejected", "priority_order": ["0", "2", "3", "1"], "reason": "path_or_serialization_conflict"}, {"candidates": ["0:static", "1:5", "2:parking:1", "3:parking:2"], "event": "priority_rejected", "priority_order": ["0", "3", "1", "2"], "reason": "path_or_serialization_conflict"}, {"candidates": ["0:static", "1:5", "2:parking:1", "3:parking:2"], "event": "priority_rejected", "priority_order": ["0", "3", "2", "1"], "reason": "path_or_serialization_conflict"}, {"candidate_cost": 38.007113702, "candidates": ["0:static", "1:6", "2:parking:1", "3:parking:2"], "event": "assignment_attempt", "trial": 16}, {"candidates": ["0:static", "1:6", "2:parking:1", "3:parking:2"], "event": "priority_rejected", "priority_order": ["0", "1", "2", "3"], "reason": "path_or_serialization_conflict"}, {"candidates": ["0:static", "1:6", "2:parking:1", "3:parking:2"], "event": "priority_rejected", "priority_order": ["0", "1", "3", "2"], "reason": "path_or_serialization_conflict"}, {"candidates": ["0:static", "1:6", "2:parking:1", "3:parking:2"], "event": "priority_rejected", "priority_order": ["0", "2", "1", "3"], "reason": "path_or_serialization_conflict"}, {"candidates": ["0:static", "1:6", "2:parking:1", "3:parking:2"], "event": "priority_rejected", "priority_order": ["0", "2", "3", "1"], "reason": "path_or_serialization_conflict"}, {"candidates": ["0:static", "1:6", "2:parking:1", "3:parking:2"], "event": "priority_rejected", "priority_order": ["0", "3", "1", "2"], "reason": "path_or_serialization_conflict"}, {"candidates": ["0:static", "1:6", "2:parking:1", "3:parking:2"], "event": "priority_rejected", "priority_order": ["0", "3", "2", "1"], "reason": "path_or_serialization_conflict"}, {"candidate_cost": 38.830951895, "candidates": ["0:static", "1:10", "2:parking:2", "3:parking:1"], "event": "assignment_attempt", "trial": 17}, {"candidates": ["0:static", "1:10", "2:parking:2", "3:parking:1"], "event": "priority_rejected", "priority_order": ["0", "1", "2", "3"], "reason": "path_or_serialization_conflict"}, {"candidates": ["0:static", "1:10", "2:parking:2", "3:parking:1"], "event": "priority_rejected", "priority_order": ["0", "1", "3", "2"], "reason": "path_or_serialization_conflict"}, {"candidates": ["0:static", "1:10", "2:parking:2", "3:parking:1"], "event": "priority_rejected", "priority_order": ["0", "2", "1", "3"], "reason": "path_or_serialization_conflict"}, {"candidates": ["0:static", "1:10", "2:parking:2", "3:parking:1"], "event": "priority_rejected", "priority_order": ["0", "2", "3", "1"], "reason": "path_or_serialization_conflict"}, {"candidates": ["0:static", "1:10", "2:parking:2", "3:parking:1"], "event": "priority_rejected", "priority_order": ["0", "3", "1", "2"], "reason": "path_or_serialization_conflict"}, {"candidates": ["0:static", "1:10", "2:parking:2", "3:parking:1"], "event": "priority_rejected", "priority_order": ["0", "3", "2", "1"], "reason": "path_or_serialization_conflict"}, {"candidate_cost": 39.775807849, "candidates": ["0:static", "1:10", "2:parking:1", "3:parking:2"], "event": "assignment_attempt", "trial": 18}, {"candidates": ["0:static", "1:10", "2:parking:1", "3:parking:2"], "event": "priority_rejected", "priority_order": ["0", "1", "2", "3"], "reason": "path_or_serialization_conflict"}, {"candidates": ["0:static", "1:10", "2:parking:1", "3:parking:2"], "event": "priority_rejected", "priority_order": ["0", "1", "3", "2"], "reason": "path_or_serialization_conflict"}, {"candidates": ["0:static", "1:10", "2:parking:1", "3:parking:2"], "event": "priority_rejected", "priority_order": ["0", "2", "1", "3"], "reason": "path_or_serialization_conflict"}, {"candidates": ["0:static", "1:10", "2:parking:1", "3:parking:2"], "event": "priority_rejected", "priority_order": ["0", "2", "3", "1"], "reason": "path_or_serialization_conflict"}, {"candidates": ["0:static", "1:10", "2:parking:1", "3:parking:2"], "event": "priority_rejected", "priority_order": ["0", "3", "1", "2"], "reason": "path_or_serialization_conflict"}, {"candidates": ["0:static", "1:10", "2:parking:1", "3:parking:2"], "event": "priority_rejected", "priority_order": ["0", "3", "2", "1"], "reason": "path_or_serialization_conflict"}, {"candidate_cost": 40.0, "candidates": ["0:static", "1:8", "2:parking:2", "3:parking:1"], "event": "assignment_attempt", "trial": 19}, {"candidates": ["0:static", "1:8", "2:parking:2", "3:parking:1"], "event": "priority_rejected", "priority_order": ["0", "1", "2", "3"], "reason": "path_or_serialization_conflict"}, {"candidates": ["0:static", "1:8", "2:parking:2", "3:parking:1"], "event": "priority_rejected", "priority_order": ["0", "1", "3", "2"], "reason": "path_or_serialization_conflict"}, {"candidates": ["0:static", "1:8", "2:parking:2", "3:parking:1"], "event": "priority_rejected", "priority_order": ["0", "2", "1", "3"], "reason": "path_or_serialization_conflict"}, {"candidates": ["0:static", "1:8", "2:parking:2", "3:parking:1"], "event": "priority_rejected", "priority_order": ["0", "2", "3", "1"], "reason": "path_or_serialization_conflict"}, {"candidates": ["0:static", "1:8", "2:parking:2", "3:parking:1"], "event": "priority_rejected", "priority_order": ["0", "3", "1", "2"], "reason": "path_or_serialization_conflict"}, {"candidates": ["0:static", "1:8", "2:parking:2", "3:parking:1"], "event": "priority_rejected", "priority_order": ["0", "3", "2", "1"], "reason": "path_or_serialization_conflict"}, {"candidate_cost": 40.0, "candidates": ["0:static", "1:9", "2:parking:2", "3:parking:1"], "event": "assignment_attempt", "trial": 20}, {"candidates": ["0:static", "1:9", "2:parking:2", "3:parking:1"], "event": "priority_rejected", "priority_order": ["0", "1", "2", "3"], "reason": "path_or_serialization_conflict"}, {"candidates": ["0:static", "1:9", "2:parking:2", "3:parking:1"], "event": "priority_rejected", "priority_order": ["0", "1", "3", "2"], "reason": "path_or_serialization_conflict"}, {"candidates": ["0:static", "1:9", "2:parking:2", "3:parking:1"], "event": "priority_rejected", "priority_order": ["0", "2", "1", "3"], "reason": "path_or_serialization_conflict"}, {"candidates": ["0:static", "1:9", "2:parking:2", "3:parking:1"], "event": "priority_rejected", "priority_order": ["0", "2", "3", "1"], "reason": "path_or_serialization_conflict"}, {"candidates": ["0:static", "1:9", "2:parking:2", "3:parking:1"], "event": "priority_rejected", "priority_order": ["0", "3", "1", "2"], "reason": "path_or_serialization_conflict"}, {"candidates": ["0:static", "1:9", "2:parking:2", "3:parking:1"], "event": "priority_rejected", "priority_order": ["0", "3", "2", "1"], "reason": "path_or_serialization_conflict"}, {"candidate_cost": 40.944855954, "candidates": ["0:static", "1:8", "2:parking:1", "3:parking:2"], "event": "assignment_attempt", "trial": 21}, {"candidates": ["0:static", "1:8", "2:parking:1", "3:parking:2"], "event": "priority_rejected", "priority_order": ["0", "1", "2", "3"], "reason": "path_or_serialization_conflict"}, {"candidates": ["0:static", "1:8", "2:parking:1", "3:parking:2"], "event": "priority_rejected", "priority_order": ["0", "1", "3", "2"], "reason": "path_or_serialization_conflict"}, {"candidates": ["0:static", "1:8", "2:parking:1", "3:parking:2"], "event": "priority_rejected", "priority_order": ["0", "2", "1", "3"], "reason": "path_or_serialization_conflict"}, {"candidates": ["0:static", "1:8", "2:parking:1", "3:parking:2"], "event": "priority_rejected", "priority_order": ["0", "2", "3", "1"], "reason": "path_or_serialization_conflict"}, {"candidates": ["0:static", "1:8", "2:parking:1", "3:parking:2"], "event": "priority_rejected", "priority_order": ["0", "3", "1", "2"], "reason": "path_or_serialization_conflict"}, {"candidates": ["0:static", "1:8", "2:parking:1", "3:parking:2"], "event": "priority_rejected", "priority_order": ["0", "3", "2", "1"], "reason": "path_or_serialization_conflict"}, {"candidate_cost": 40.944855954, "candidates": ["0:static", "1:9", "2:parking:1", "3:parking:2"], "event": "assignment_attempt", "trial": 22}, {"candidates": ["0:static", "1:9", "2:parking:1", "3:parking:2"], "event": "priority_rejected", "priority_order": ["0", "1", "2", "3"], "reason": "path_or_serialization_conflict"}, {"candidates": ["0:static", "1:9", "2:parking:1", "3:parking:2"], "event": "priority_rejected", "priority_order": ["0", "1", "3", "2"], "reason": "path_or_serialization_conflict"}, {"candidates": ["0:static", "1:9", "2:parking:1", "3:parking:2"], "event": "priority_rejected", "priority_order": ["0", "2", "1", "3"], "reason": "path_or_serialization_conflict"}, {"candidates": ["0:static", "1:9", "2:parking:1", "3:parking:2"], "event": "priority_rejected", "priority_order": ["0", "2", "3", "1"], "reason": "path_or_serialization_conflict"}, {"candidates": ["0:static", "1:9", "2:parking:1", "3:parking:2"], "event": "priority_rejected", "priority_order": ["0", "3", "1", "2"], "reason": "path_or_serialization_conflict"}, {"candidates": ["0:static", "1:9", "2:parking:1", "3:parking:2"], "event": "priority_rejected", "priority_order": ["0", "3", "2", "1"], "reason": "path_or_serialization_conflict"}, {"candidate_cost": 41.0, "candidates": ["0:static", "1:13", "2:parking:2", "3:parking:1"], "event": "assignment_attempt", "trial": 23}, {"candidates": ["0:static", "1:13", "2:parking:2", "3:parking:1"], "event": "priority_rejected", "priority_order": ["0", "1", "2", "3"], "reason": "path_or_serialization_conflict"}, {"candidates": ["0:static", "1:13", "2:parking:2", "3:parking:1"], "event": "priority_rejected", "priority_order": ["0", "1", "3", "2"], "reason": "path_or_serialization_conflict"}, {"candidates": ["0:static", "1:13", "2:parking:2", "3:parking:1"], "event": "priority_rejected", "priority_order": ["0", "2", "1", "3"], "reason": "path_or_serialization_conflict"}, {"candidates": ["0:static", "1:13", "2:parking:2", "3:parking:1"], "event": "priority_rejected", "priority_order": ["0", "2", "3", "1"], "reason": "path_or_serialization_conflict"}, {"candidates": ["0:static", "1:13", "2:parking:2", "3:parking:1"], "event": "priority_rejected", "priority_order": ["0", "3", "1", "2"], "reason": "path_or_serialization_conflict"}, {"candidates": ["0:static", "1:13", "2:parking:2", "3:parking:1"], "event": "priority_rejected", "priority_order": ["0", "3", "2", "1"], "reason": "path_or_serialization_conflict"}, {"candidate_cost": 41.944855954, "candidates": ["0:static", "1:13", "2:parking:1", "3:parking:2"], "event": "assignment_attempt", "trial": 24}, {"candidates": ["0:static", "1:13", "2:parking:1", "3:parking:2"], "event": "priority_rejected", "priority_order": ["0", "1", "2", "3"], "reason": "path_or_serialization_conflict"}, {"candidates": ["0:static", "1:13", "2:parking:1", "3:parking:2"], "event": "priority_rejected", "priority_order": ["0", "1", "3", "2"], "reason": "path_or_serialization_conflict"}, {"candidates": ["0:static", "1:13", "2:parking:1", "3:parking:2"], "event": "priority_rejected", "priority_order": ["0", "2", "1", "3"], "reason": "path_or_serialization_conflict"}, {"candidates": ["0:static", "1:13", "2:parking:1", "3:parking:2"], "event": "priority_rejected", "priority_order": ["0", "2", "3", "1"], "reason": "path_or_serialization_conflict"}, {"candidates": ["0:static", "1:13", "2:parking:1", "3:parking:2"], "event": "priority_rejected", "priority_order": ["0", "3", "1", "2"], "reason": "path_or_serialization_conflict"}, {"candidates": ["0:static", "1:13", "2:parking:1", "3:parking:2"], "event": "priority_rejected", "priority_order": ["0", "3", "2", "1"], "reason": "path_or_serialization_conflict"}, {"candidate_cost": 43.055385138, "candidates": ["0:static", "1:11", "2:parking:2", "3:parking:1"], "event": "assignment_attempt", "trial": 25}, {"candidates": ["0:static", "1:11", "2:parking:2", "3:parking:1"], "event": "priority_rejected", "priority_order": ["0", "1", "2", "3"], "reason": "path_or_serialization_conflict"}, {"candidates": ["0:static", "1:11", "2:parking:2", "3:parking:1"], "event": "priority_rejected", "priority_order": ["0", "1", "3", "2"], "reason": "path_or_serialization_conflict"}, {"candidates": ["0:static", "1:11", "2:parking:2", "3:parking:1"], "event": "priority_rejected", "priority_order": ["0", "2", "1", "3"], "reason": "path_or_serialization_conflict"}, {"candidates": ["0:static", "1:11", "2:parking:2", "3:parking:1"], "event": "priority_rejected", "priority_order": ["0", "2", "3", "1"], "reason": "path_or_serialization_conflict"}, {"candidates": ["0:static", "1:11", "2:parking:2", "3:parking:1"], "event": "priority_rejected", "priority_order": ["0", "3", "1", "2"], "reason": "path_or_serialization_conflict"}, {"candidates": ["0:static", "1:11", "2:parking:2", "3:parking:1"], "event": "priority_rejected", "priority_order": ["0", "3", "2", "1"], "reason": "path_or_serialization_conflict"}, {"candidate_cost": 43.062257748, "candidates": ["0:static", "1:12", "2:parking:2", "3:parking:1"], "event": "assignment_attempt", "trial": 26}, {"candidates": ["0:static", "1:12", "2:parking:2", "3:parking:1"], "event": "priority_rejected", "priority_order": ["0", "1", "2", "3"], "reason": "path_or_serialization_conflict"}, {"candidates": ["0:static", "1:12", "2:parking:2", "3:parking:1"], "event": "priority_rejected", "priority_order": ["0", "1", "3", "2"], "reason": "path_or_serialization_conflict"}, {"candidates": ["0:static", "1:12", "2:parking:2", "3:parking:1"], "event": "priority_rejected", "priority_order": ["0", "2", "1", "3"], "reason": "path_or_serialization_conflict"}, {"candidates": ["0:static", "1:12", "2:parking:2", "3:parking:1"], "event": "priority_rejected", "priority_order": ["0", "2", "3", "1"], "reason": "path_or_serialization_conflict"}, {"candidates": ["0:static", "1:12", "2:parking:2", "3:parking:1"], "event": "priority_rejected", "priority_order": ["0", "3", "1", "2"], "reason": "path_or_serialization_conflict"}, {"candidates": ["0:static", "1:12", "2:parking:2", "3:parking:1"], "event": "priority_rejected", "priority_order": ["0", "3", "2", "1"], "reason": "path_or_serialization_conflict"}, {"candidate_cost": 43.242640687, "candidates": ["0:static", "1:16", "2:parking:2", "3:parking:1"], "event": "assignment_attempt", "trial": 27}, {"candidates": ["0:static", "1:16", "2:parking:2", "3:parking:1"], "event": "priority_rejected", "priority_order": ["0", "1", "2", "3"], "reason": "path_or_serialization_conflict"}, {"candidates": ["0:static", "1:16", "2:parking:2", "3:parking:1"], "event": "priority_rejected", "priority_order": ["0", "1", "3", "2"], "reason": "path_or_serialization_conflict"}, {"candidates": ["0:static", "1:16", "2:parking:2", "3:parking:1"], "event": "priority_rejected", "priority_order": ["0", "2", "1", "3"], "reason": "path_or_serialization_conflict"}, {"candidates": ["0:static", "1:16", "2:parking:2", "3:parking:1"], "event": "priority_rejected", "priority_order": ["0", "2", "3", "1"], "reason": "path_or_serialization_conflict"}, {"candidates": ["0:static", "1:16", "2:parking:2", "3:parking:1"], "event": "priority_rejected", "priority_order": ["0", "3", "1", "2"], "reason": "path_or_serialization_conflict"}, {"candidates": ["0:static", "1:16", "2:parking:2", "3:parking:1"], "event": "priority_rejected", "priority_order": ["0", "3", "2", "1"], "reason": "path_or_serialization_conflict"}, {"candidate_cost": 44.000241092, "candidates": ["0:static", "1:11", "2:parking:1", "3:parking:2"], "event": "assignment_attempt", "trial": 28}, {"candidates": ["0:static", "1:11", "2:parking:1", "3:parking:2"], "event": "priority_rejected", "priority_order": ["0", "1", "2", "3"], "reason": "path_or_serialization_conflict"}, {"candidates": ["0:static", "1:11", "2:parking:1", "3:parking:2"], "event": "priority_rejected", "priority_order": ["0", "1", "3", "2"], "reason": "path_or_serialization_conflict"}, {"candidates": ["0:static", "1:11", "2:parking:1", "3:parking:2"], "event": "priority_rejected", "priority_order": ["0", "2", "1", "3"], "reason": "path_or_serialization_conflict"}, {"candidates": ["0:static", "1:11", "2:parking:1", "3:parking:2"], "event": "priority_rejected", "priority_order": ["0", "2", "3", "1"], "reason": "path_or_serialization_conflict"}, {"candidates": ["0:static", "1:11", "2:parking:1", "3:parking:2"], "event": "priority_rejected", "priority_order": ["0", "3", "1", "2"], "reason": "path_or_serialization_conflict"}, {"candidates": ["0:static", "1:11", "2:parking:1", "3:parking:2"], "event": "priority_rejected", "priority_order": ["0", "3", "2", "1"], "reason": "path_or_serialization_conflict"}, {"candidate_cost": 44.007113702, "candidates": ["0:static", "1:12", "2:parking:1", "3:parking:2"], "event": "assignment_attempt", "trial": 29}, {"candidates": ["0:static", "1:12", "2:parking:1", "3:parking:2"], "event": "priority_rejected", "priority_order": ["0", "1", "2", "3"], "reason": "path_or_serialization_conflict"}, {"candidates": ["0:static", "1:12", "2:parking:1", "3:parking:2"], "event": "priority_rejected", "priority_order": ["0", "1", "3", "2"], "reason": "path_or_serialization_conflict"}, {"candidates": ["0:static", "1:12", "2:parking:1", "3:parking:2"], "event": "priority_rejected", "priority_order": ["0", "2", "1", "3"], "reason": "path_or_serialization_conflict"}, {"candidates": ["0:static", "1:12", "2:parking:1", "3:parking:2"], "event": "priority_rejected", "priority_order": ["0", "2", "3", "1"], "reason": "path_or_serialization_conflict"}, {"candidates": ["0:static", "1:12", "2:parking:1", "3:parking:2"], "event": "priority_rejected", "priority_order": ["0", "3", "1", "2"], "reason": "path_or_serialization_conflict"}, {"candidates": ["0:static", "1:12", "2:parking:1", "3:parking:2"], "event": "priority_rejected", "priority_order": ["0", "3", "2", "1"], "reason": "path_or_serialization_conflict"}, {"candidate_cost": 44.187496641, "candidates": ["0:static", "1:16", "2:parking:1", "3:parking:2"], "event": "assignment_attempt", "trial": 30}, {"candidates": ["0:static", "1:16", "2:parking:1", "3:parking:2"], "event": "priority_rejected", "priority_order": ["0", "1", "2", "3"], "reason": "path_or_serialization_conflict"}, {"candidates": ["0:static", "1:16", "2:parking:1", "3:parking:2"], "event": "priority_rejected", "priority_order": ["0", "1", "3", "2"], "reason": "path_or_serialization_conflict"}, {"candidates": ["0:static", "1:16", "2:parking:1", "3:parking:2"], "event": "priority_rejected", "priority_order": ["0", "2", "1", "3"], "reason": "path_or_serialization_conflict"}, {"candidates": ["0:static", "1:16", "2:parking:1", "3:parking:2"], "event": "priority_rejected", "priority_order": ["0", "2", "3", "1"], "reason": "path_or_serialization_conflict"}, {"candidates": ["0:static", "1:16", "2:parking:1", "3:parking:2"], "event": "priority_rejected", "priority_order": ["0", "3", "1", "2"], "reason": "path_or_serialization_conflict"}, {"candidates": ["0:static", "1:16", "2:parking:1", "3:parking:2"], "event": "priority_rejected", "priority_order": ["0", "3", "2", "1"], "reason": "path_or_serialization_conflict"}, {"candidate_cost": 45.605551275, "candidates": ["0:static", "1:19", "2:parking:2", "3:parking:1"], "event": "assignment_attempt", "trial": 31}, {"candidates": ["0:static", "1:19", "2:parking:2", "3:parking:1"], "event": "priority_rejected", "priority_order": ["0", "1", "2", "3"], "reason": "path_or_serialization_conflict"}, {"candidates": ["0:static", "1:19", "2:parking:2", "3:parking:1"], "event": "priority_rejected", "priority_order": ["0", "1", "3", "2"], "reason": "path_or_serialization_conflict"}, {"candidates": ["0:static", "1:19", "2:parking:2", "3:parking:1"], "event": "priority_rejected", "priority_order": ["0", "2", "1", "3"], "reason": "path_or_serialization_conflict"}, {"candidates": ["0:static", "1:19", "2:parking:2", "3:parking:1"], "event": "priority_rejected", "priority_order": ["0", "2", "3", "1"], "reason": "path_or_serialization_conflict"}, {"candidates": ["0:static", "1:19", "2:parking:2", "3:parking:1"], "event": "priority_rejected", "priority_order": ["0", "3", "1", "2"], "reason": "path_or_serialization_conflict"}, {"candidates": ["0:static", "1:19", "2:parking:2", "3:parking:1"], "event": "priority_rejected", "priority_order": ["0", "3", "2", "1"], "reason": "path_or_serialization_conflict"}, {"candidate_cost": 45.828427125, "candidates": ["0:static", "1:20", "2:parking:2", "3:parking:1"], "event": "assignment_attempt", "trial": 32}, {"candidates": ["0:static", "1:20", "2:parking:2", "3:parking:1"], "event": "priority_rejected", "priority_order": ["0", "1", "2", "3"], "reason": "path_or_serialization_conflict"}, {"candidates": ["0:static", "1:20", "2:parking:2", "3:parking:1"], "event": "priority_rejected", "priority_order": ["0", "1", "3", "2"], "reason": "path_or_serialization_conflict"}, {"candidates": ["0:static", "1:20", "2:parking:2", "3:parking:1"], "event": "priority_rejected", "priority_order": ["0", "2", "1", "3"], "reason": "path_or_serialization_conflict"}, {"candidates": ["0:static", "1:20", "2:parking:2", "3:parking:1"], "event": "priority_rejected", "priority_order": ["0", "2", "3", "1"], "reason": "path_or_serialization_conflict"}, {"candidates": ["0:static", "1:20", "2:parking:2", "3:parking:1"], "event": "priority_rejected", "priority_order": ["0", "3", "1", "2"], "reason": "path_or_serialization_conflict"}, {"candidates": ["0:static", "1:20", "2:parking:2", "3:parking:1"], "event": "priority_rejected", "priority_order": ["0", "3", "2", "1"], "reason": "path_or_serialization_conflict"}, {"candidate_cost": 46.219544457, "candidates": ["0:static", "1:14", "2:parking:2", "3:parking:1"], "event": "assignment_attempt", "trial": 33}, {"candidates": ["0:static", "1:14", "2:parking:2", "3:parking:1"], "event": "priority_rejected", "priority_order": ["0", "1", "2", "3"], "reason": "path_or_serialization_conflict"}, {"candidates": ["0:static", "1:14", "2:parking:2", "3:parking:1"], "event": "priority_rejected", "priority_order": ["0", "1", "3", "2"], "reason": "path_or_serialization_conflict"}, {"candidates": ["0:static", "1:14", "2:parking:2", "3:parking:1"], "event": "priority_rejected", "priority_order": ["0", "2", "1", "3"], "reason": "path_or_serialization_conflict"}, {"candidates": ["0:static", "1:14", "2:parking:2", "3:parking:1"], "event": "priority_rejected", "priority_order": ["0", "2", "3", "1"], "reason": "path_or_serialization_conflict"}, {"candidates": ["0:static", "1:14", "2:parking:2", "3:parking:1"], "event": "priority_rejected", "priority_order": ["0", "3", "1", "2"], "reason": "path_or_serialization_conflict"}, {"candidates": ["0:static", "1:14", "2:parking:2", "3:parking:1"], "event": "priority_rejected", "priority_order": ["0", "3", "2", "1"], "reason": "path_or_serialization_conflict"}, {"candidate_cost": 46.246211251, "candidates": ["0:static", "1:15", "2:parking:2", "3:parking:1"], "event": "assignment_attempt", "trial": 34}, {"candidates": ["0:static", "1:15", "2:parking:2", "3:parking:1"], "event": "priority_rejected", "priority_order": ["0", "1", "2", "3"], "reason": "path_or_serialization_conflict"}, {"candidates": ["0:static", "1:15", "2:parking:2", "3:parking:1"], "event": "priority_rejected", "priority_order": ["0", "1", "3", "2"], "reason": "path_or_serialization_conflict"}, {"candidates": ["0:static", "1:15", "2:parking:2", "3:parking:1"], "event": "priority_rejected", "priority_order": ["0", "2", "1", "3"], "reason": "path_or_serialization_conflict"}, {"candidates": ["0:static", "1:15", "2:parking:2", "3:parking:1"], "event": "priority_rejected", "priority_order": ["0", "2", "3", "1"], "reason": "path_or_serialization_conflict"}, {"candidates": ["0:static", "1:15", "2:parking:2", "3:parking:1"], "event": "priority_rejected", "priority_order": ["0", "3", "1", "2"], "reason": "path_or_serialization_conflict"}, {"candidates": ["0:static", "1:15", "2:parking:2", "3:parking:1"], "event": "priority_rejected", "priority_order": ["0", "3", "2", "1"], "reason": "path_or_serialization_conflict"}, {"candidate_cost": 46.550407229, "candidates": ["0:static", "1:19", "2:parking:1", "3:parking:2"], "event": "assignment_attempt", "trial": 35}, {"candidates": ["0:static", "1:19", "2:parking:1", "3:parking:2"], "event": "priority_rejected", "priority_order": ["0", "1", "2", "3"], "reason": "path_or_serialization_conflict"}, {"candidates": ["0:static", "1:19", "2:parking:1", "3:parking:2"], "event": "priority_rejected", "priority_order": ["0", "1", "3", "2"], "reason": "path_or_serialization_conflict"}, {"candidates": ["0:static", "1:19", "2:parking:1", "3:parking:2"], "event": "priority_rejected", "priority_order": ["0", "2", "1", "3"], "reason": "path_or_serialization_conflict"}, {"candidates": ["0:static", "1:19", "2:parking:1", "3:parking:2"], "event": "priority_rejected", "priority_order": ["0", "2", "3", "1"], "reason": "path_or_serialization_conflict"}, {"candidates": ["0:static", "1:19", "2:parking:1", "3:parking:2"], "event": "priority_rejected", "priority_order": ["0", "3", "1", "2"], "reason": "path_or_serialization_conflict"}, {"candidates": ["0:static", "1:19", "2:parking:1", "3:parking:2"], "event": "priority_rejected", "priority_order": ["0", "3", "2", "1"], "reason": "path_or_serialization_conflict"}, {"candidate_cost": 46.773283079, "candidates": ["0:static", "1:20", "2:parking:1", "3:parking:2"], "event": "assignment_attempt", "trial": 36}, {"candidates": ["0:static", "1:20", "2:parking:1", "3:parking:2"], "event": "priority_rejected", "priority_order": ["0", "1", "2", "3"], "reason": "path_or_serialization_conflict"}, {"candidates": ["0:static", "1:20", "2:parking:1", "3:parking:2"], "event": "priority_rejected", "priority_order": ["0", "1", "3", "2"], "reason": "path_or_serialization_conflict"}, {"candidates": ["0:static", "1:20", "2:parking:1", "3:parking:2"], "event": "priority_rejected", "priority_order": ["0", "2", "1", "3"], "reason": "path_or_serialization_conflict"}, {"candidates": ["0:static", "1:20", "2:parking:1", "3:parking:2"], "event": "priority_rejected", "priority_order": ["0", "2", "3", "1"], "reason": "path_or_serialization_conflict"}, {"candidates": ["0:static", "1:20", "2:parking:1", "3:parking:2"], "event": "priority_rejected", "priority_order": ["0", "3", "1", "2"], "reason": "path_or_serialization_conflict"}, {"candidates": ["0:static", "1:20", "2:parking:1", "3:parking:2"], "event": "priority_rejected", "priority_order": ["0", "3", "2", "1"], "reason": "path_or_serialization_conflict"}, {"candidate_cost": 47.164400411, "candidates": ["0:static", "1:14", "2:parking:1", "3:parking:2"], "event": "assignment_attempt", "trial": 37}, {"candidates": ["0:static", "1:14", "2:parking:1", "3:parking:2"], "event": "priority_rejected", "priority_order": ["0", "1", "2", "3"], "reason": "path_or_serialization_conflict"}, {"candidates": ["0:static", "1:14", "2:parking:1", "3:parking:2"], "event": "priority_rejected", "priority_order": ["0", "1", "3", "2"], "reason": "path_or_serialization_conflict"}, {"candidates": ["0:static", "1:14", "2:parking:1", "3:parking:2"], "event": "priority_rejected", "priority_order": ["0", "2", "1", "3"], "reason": "path_or_serialization_conflict"}, {"candidates": ["0:static", "1:14", "2:parking:1", "3:parking:2"], "event": "priority_rejected", "priority_order": ["0", "2", "3", "1"], "reason": "path_or_serialization_conflict"}, {"candidates": ["0:static", "1:14", "2:parking:1", "3:parking:2"], "event": "priority_rejected", "priority_order": ["0", "3", "1", "2"], "reason": "path_or_serialization_conflict"}, {"candidates": ["0:static", "1:14", "2:parking:1", "3:parking:2"], "event": "priority_rejected", "priority_order": ["0", "3", "2", "1"], "reason": "path_or_serialization_conflict"}, {"candidate_cost": 47.191067205, "candidates": ["0:static", "1:15", "2:parking:1", "3:parking:2"], "event": "assignment_attempt", "trial": 38}, {"candidates": ["0:static", "1:15", "2:parking:1", "3:parking:2"], "event": "priority_rejected", "priority_order": ["0", "1", "2", "3"], "reason": "path_or_serialization_conflict"}, {"candidates": ["0:static", "1:15", "2:parking:1", "3:parking:2"], "event": "priority_rejected", "priority_order": ["0", "1", "3", "2"], "reason": "path_or_serialization_conflict"}, {"candidates": ["0:static", "1:15", "2:parking:1", "3:parking:2"], "event": "priority_rejected", "priority_order": ["0", "2", "1", "3"], "reason": "path_or_serialization_conflict"}, {"candidates": ["0:static", "1:15", "2:parking:1", "3:parking:2"], "event": "priority_rejected", "priority_order": ["0", "2", "3", "1"], "reason": "path_or_serialization_conflict"}, {"candidates": ["0:static", "1:15", "2:parking:1", "3:parking:2"], "event": "priority_rejected", "priority_order": ["0", "3", "1", "2"], "reason": "path_or_serialization_conflict"}, {"candidates": ["0:static", "1:15", "2:parking:1", "3:parking:2"], "event": "priority_rejected", "priority_order": ["0", "3", "2", "1"], "reason": "path_or_serialization_conflict"}, {"candidate_cost": 49.486832981, "candidates": ["0:static", "1:17", "2:parking:2", "3:parking:1"], "event": "assignment_attempt", "trial": 39}, {"candidates": ["0:static", "1:17", "2:parking:2", "3:parking:1"], "event": "priority_rejected", "priority_order": ["0", "1", "2", "3"], "reason": "path_or_serialization_conflict"}, {"candidates": ["0:static", "1:17", "2:parking:2", "3:parking:1"], "event": "priority_rejected", "priority_order": ["0", "1", "3", "2"], "reason": "path_or_serialization_conflict"}, {"candidates": ["0:static", "1:17", "2:parking:2", "3:parking:1"], "event": "priority_rejected", "priority_order": ["0", "2", "1", "3"], "reason": "path_or_serialization_conflict"}, {"candidates": ["0:static", "1:17", "2:parking:2", "3:parking:1"], "event": "priority_rejected", "priority_order": ["0", "2", "3", "1"], "reason": "path_or_serialization_conflict"}, {"candidates": ["0:static", "1:17", "2:parking:2", "3:parking:1"], "event": "priority_rejected", "priority_order": ["0", "3", "1", "2"], "reason": "path_or_serialization_conflict"}, {"candidates": ["0:static", "1:17", "2:parking:2", "3:parking:1"], "event": "priority_rejected", "priority_order": ["0", "3", "2", "1"], "reason": "path_or_serialization_conflict"}, {"candidate_cost": 49.544003745, "candidates": ["0:static", "1:18", "2:parking:2", "3:parking:1"], "event": "assignment_attempt", "trial": 40}, {"candidates": ["0:static", "1:18", "2:parking:2", "3:parking:1"], "event": "priority_rejected", "priority_order": ["0", "1", "2", "3"], "reason": "path_or_serialization_conflict"}, {"candidates": ["0:static", "1:18", "2:parking:2", "3:parking:1"], "event": "priority_rejected", "priority_order": ["0", "1", "3", "2"], "reason": "path_or_serialization_conflict"}, {"candidates": ["0:static", "1:18", "2:parking:2", "3:parking:1"], "event": "priority_rejected", "priority_order": ["0", "2", "1", "3"], "reason": "path_or_serialization_conflict"}, {"candidates": ["0:static", "1:18", "2:parking:2", "3:parking:1"], "event": "priority_rejected", "priority_order": ["0", "2", "3", "1"], "reason": "path_or_serialization_conflict"}, {"candidates": ["0:static", "1:18", "2:parking:2", "3:parking:1"], "event": "priority_rejected", "priority_order": ["0", "3", "1", "2"], "reason": "path_or_serialization_conflict"}, {"candidates": ["0:static", "1:18", "2:parking:2", "3:parking:1"], "event": "priority_rejected", "priority_order": ["0", "3", "2", "1"], "reason": "path_or_serialization_conflict"}, {"candidate_cost": 50.16227766, "candidates": ["0:static", "1:24", "2:parking:2", "3:parking:1"], "event": "assignment_attempt", "trial": 41}, {"candidates": ["0:static", "1:24", "2:parking:2", "3:parking:1"], "event": "priority_rejected", "priority_order": ["0", "1", "2", "3"], "reason": "path_or_serialization_conflict"}, {"candidates": ["0:static", "1:24", "2:parking:2", "3:parking:1"], "event": "priority_rejected", "priority_order": ["0", "1", "3", "2"], "reason": "path_or_serialization_conflict"}, {"candidates": ["0:static", "1:24", "2:parking:2", "3:parking:1"], "event": "priority_rejected", "priority_order": ["0", "2", "1", "3"], "reason": "path_or_serialization_conflict"}, {"candidates": ["0:static", "1:24", "2:parking:2", "3:parking:1"], "event": "priority_rejected", "priority_order": ["0", "2", "3", "1"], "reason": "path_or_serialization_conflict"}, {"candidates": ["0:static", "1:24", "2:parking:2", "3:parking:1"], "event": "priority_rejected", "priority_order": ["0", "3", "1", "2"], "reason": "path_or_serialization_conflict"}, {"candidates": ["0:static", "1:24", "2:parking:2", "3:parking:1"], "event": "priority_rejected", "priority_order": ["0", "3", "2", "1"], "reason": "path_or_serialization_conflict"}, {"candidate_cost": 50.431688934, "candidates": ["0:static", "1:17", "2:parking:1", "3:parking:2"], "event": "assignment_attempt", "trial": 42}, {"candidates": ["0:static", "1:17", "2:parking:1", "3:parking:2"], "event": "priority_rejected", "priority_order": ["0", "1", "2", "3"], "reason": "path_or_serialization_conflict"}, {"candidates": ["0:static", "1:17", "2:parking:1", "3:parking:2"], "event": "priority_rejected", "priority_order": ["0", "1", "3", "2"], "reason": "path_or_serialization_conflict"}, {"candidates": ["0:static", "1:17", "2:parking:1", "3:parking:2"], "event": "priority_rejected", "priority_order": ["0", "2", "1", "3"], "reason": "path_or_serialization_conflict"}, {"candidates": ["0:static", "1:17", "2:parking:1", "3:parking:2"], "event": "priority_rejected", "priority_order": ["0", "2", "3", "1"], "reason": "path_or_serialization_conflict"}, {"candidates": ["0:static", "1:17", "2:parking:1", "3:parking:2"], "event": "priority_rejected", "priority_order": ["0", "3", "1", "2"], "reason": "path_or_serialization_conflict"}, {"candidates": ["0:static", "1:17", "2:parking:1", "3:parking:2"], "event": "priority_rejected", "priority_order": ["0", "3", "2", "1"], "reason": "path_or_serialization_conflict"}, {"candidate_cost": 50.488859699, "candidates": ["0:static", "1:18", "2:parking:1", "3:parking:2"], "event": "assignment_attempt", "trial": 43}, {"candidates": ["0:static", "1:18", "2:parking:1", "3:parking:2"], "event": "priority_rejected", "priority_order": ["0", "1", "2", "3"], "reason": "path_or_serialization_conflict"}, {"candidates": ["0:static", "1:18", "2:parking:1", "3:parking:2"], "event": "priority_rejected", "priority_order": ["0", "1", "3", "2"], "reason": "path_or_serialization_conflict"}, {"candidates": ["0:static", "1:18", "2:parking:1", "3:parking:2"], "event": "priority_rejected", "priority_order": ["0", "2", "1", "3"], "reason": "path_or_serialization_conflict"}, {"candidates": ["0:static", "1:18", "2:parking:1", "3:parking:2"], "event": "priority_rejected", "priority_order": ["0", "2", "3", "1"], "reason": "path_or_serialization_conflict"}, {"candidates": ["0:static", "1:18", "2:parking:1", "3:parking:2"], "event": "priority_rejected", "priority_order": ["0", "3", "1", "2"], "reason": "path_or_serialization_conflict"}, {"candidates": ["0:static", "1:18", "2:parking:1", "3:parking:2"], "event": "priority_rejected", "priority_order": ["0", "3", "2", "1"], "reason": "path_or_serialization_conflict"}, {"candidate_cost": 51.107133614, "candidates": ["0:static", "1:24", "2:parking:1", "3:parking:2"], "event": "assignment_attempt", "trial": 44}, {"candidates": ["0:static", "1:24", "2:parking:1", "3:parking:2"], "event": "priority_rejected", "priority_order": ["0", "1", "2", "3"], "reason": "path_or_serialization_conflict"}, {"candidates": ["0:static", "1:24", "2:parking:1", "3:parking:2"], "event": "priority_rejected", "priority_order": ["0", "1", "3", "2"], "reason": "path_or_serialization_conflict"}, {"candidates": ["0:static", "1:24", "2:parking:1", "3:parking:2"], "event": "priority_rejected", "priority_order": ["0", "2", "1", "3"], "reason": "path_or_serialization_conflict"}, {"candidates": ["0:static", "1:24", "2:parking:1", "3:parking:2"], "event": "priority_rejected", "priority_order": ["0", "2", "3", "1"], "reason": "path_or_serialization_conflict"}, {"candidates": ["0:static", "1:24", "2:parking:1", "3:parking:2"], "event": "priority_rejected", "priority_order": ["0", "3", "1", "2"], "reason": "path_or_serialization_conflict"}, {"candidates": ["0:static", "1:24", "2:parking:1", "3:parking:2"], "event": "priority_rejected", "priority_order": ["0", "3", "2", "1"], "reason": "path_or_serialization_conflict"}, {"candidate_cost": 51.236067977, "candidates": ["0:static", "1:26", "2:parking:2", "3:parking:1"], "event": "assignment_attempt", "trial": 45}, {"candidates": ["0:static", "1:26", "2:parking:2", "3:parking:1"], "event": "priority_rejected", "priority_order": ["0", "1", "2", "3"], "reason": "path_or_serialization_conflict"}, {"candidates": ["0:static", "1:26", "2:parking:2", "3:parking:1"], "event": "priority_rejected", "priority_order": ["0", "1", "3", "2"], "reason": "path_or_serialization_conflict"}, {"candidates": ["0:static", "1:26", "2:parking:2", "3:parking:1"], "event": "priority_rejected", "priority_order": ["0", "2", "1", "3"], "reason": "path_or_serialization_conflict"}, {"candidates": ["0:static", "1:26", "2:parking:2", "3:parking:1"], "event": "priority_rejected", "priority_order": ["0", "2", "3", "1"], "reason": "path_or_serialization_conflict"}, {"candidates": ["0:static", "1:26", "2:parking:2", "3:parking:1"], "event": "priority_rejected", "priority_order": ["0", "3", "1", "2"], "reason": "path_or_serialization_conflict"}, {"candidates": ["0:static", "1:26", "2:parking:2", "3:parking:1"], "event": "priority_rejected", "priority_order": ["0", "3", "2", "1"], "reason": "path_or_serialization_conflict"}, {"candidate_cost": 52.180923931, "candidates": ["0:static", "1:26", "2:parking:1", "3:parking:2"], "event": "assignment_attempt", "trial": 46}, {"candidates": ["0:static", "1:26", "2:parking:1", "3:parking:2"], "event": "priority_rejected", "priority_order": ["0", "1", "2", "3"], "reason": "path_or_serialization_conflict"}, {"candidates": ["0:static", "1:26", "2:parking:1", "3:parking:2"], "event": "priority_rejected", "priority_order": ["0", "1", "3", "2"], "reason": "path_or_serialization_conflict"}, {"candidates": ["0:static", "1:26", "2:parking:1", "3:parking:2"], "event": "priority_rejected", "priority_order": ["0", "2", "1", "3"], "reason": "path_or_serialization_conflict"}, {"candidates": ["0:static", "1:26", "2:parking:1", "3:parking:2"], "event": "priority_rejected", "priority_order": ["0", "2", "3", "1"], "reason": "path_or_serialization_conflict"}, {"candidates": ["0:static", "1:26", "2:parking:1", "3:parking:2"], "event": "priority_rejected", "priority_order": ["0", "3", "1", "2"], "reason": "path_or_serialization_conflict"}, {"candidates": ["0:static", "1:26", "2:parking:1", "3:parking:2"], "event": "priority_rejected", "priority_order": ["0", "3", "2", "1"], "reason": "path_or_serialization_conflict"}, {"candidate_cost": 52.414213562, "candidates": ["0:static", "1:28", "2:parking:2", "3:parking:1"], "event": "assignment_attempt", "trial": 47}, {"candidates": ["0:static", "1:28", "2:parking:2", "3:parking:1"], "event": "priority_rejected", "priority_order": ["0", "1", "2", "3"], "reason": "path_or_serialization_conflict"}, {"candidates": ["0:static", "1:28", "2:parking:2", "3:parking:1"], "event": "priority_rejected", "priority_order": ["0", "1", "3", "2"], "reason": "path_or_serialization_conflict"}, {"candidates": ["0:static", "1:28", "2:parking:2", "3:parking:1"], "event": "priority_rejected", "priority_order": ["0", "2", "1", "3"], "reason": "path_or_serialization_conflict"}, {"candidates": ["0:static", "1:28", "2:parking:2", "3:parking:1"], "event": "priority_rejected", "priority_order": ["0", "2", "3", "1"], "reason": "path_or_serialization_conflict"}, {"candidates": ["0:static", "1:28", "2:parking:2", "3:parking:1"], "event": "priority_rejected", "priority_order": ["0", "3", "1", "2"], "reason": "path_or_serialization_conflict"}, {"candidates": ["0:static", "1:28", "2:parking:2", "3:parking:1"], "event": "priority_rejected", "priority_order": ["0", "3", "2", "1"], "reason": "path_or_serialization_conflict"}, {"candidate_cost": 53.359069516, "candidates": ["0:static", "1:28", "2:parking:1", "3:parking:2"], "event": "assignment_attempt", "trial": 48}, {"candidates": ["0:static", "1:28", "2:parking:1", "3:parking:2"], "event": "priority_rejected", "priority_order": ["0", "1", "2", "3"], "reason": "path_or_serialization_conflict"}, {"candidates": ["0:static", "1:28", "2:parking:1", "3:parking:2"], "event": "priority_rejected", "priority_order": ["0", "1", "3", "2"], "reason": "path_or_serialization_conflict"}, {"candidates": ["0:static", "1:28", "2:parking:1", "3:parking:2"], "event": "priority_rejected", "priority_order": ["0", "2", "1", "3"], "reason": "path_or_serialization_conflict"}, {"candidates": ["0:static", "1:28", "2:parking:1", "3:parking:2"], "event": "priority_rejected", "priority_order": ["0", "2", "3", "1"], "reason": "path_or_serialization_conflict"}, {"candidates": ["0:static", "1:28", "2:parking:1", "3:parking:2"], "event": "priority_rejected", "priority_order": ["0", "3", "1", "2"], "reason": "path_or_serialization_conflict"}, {"candidates": ["0:static", "1:28", "2:parking:1", "3:parking:2"], "event": "priority_rejected", "priority_order": ["0", "3", "2", "1"], "reason": "path_or_serialization_conflict"}, {"candidate_cost": 53.848857802, "candidates": ["0:static", "1:21", "2:parking:2", "3:parking:1"], "event": "assignment_attempt", "trial": 49}, {"candidates": ["0:static", "1:21", "2:parking:2", "3:parking:1"], "event": "priority_rejected", "priority_order": ["0", "1", "2", "3"], "reason": "path_or_serialization_conflict"}, {"candidates": ["0:static", "1:21", "2:parking:2", "3:parking:1"], "event": "priority_rejected", "priority_order": ["0", "1", "3", "2"], "reason": "path_or_serialization_conflict"}, {"candidates": ["0:static", "1:21", "2:parking:2", "3:parking:1"], "event": "priority_rejected", "priority_order": ["0", "2", "1", "3"], "reason": "path_or_serialization_conflict"}, {"candidates": ["0:static", "1:21", "2:parking:2", "3:parking:1"], "event": "priority_rejected", "priority_order": ["0", "2", "3", "1"], "reason": "path_or_serialization_conflict"}, {"candidates": ["0:static", "1:21", "2:parking:2", "3:parking:1"], "event": "priority_rejected", "priority_order": ["0", "3", "1", "2"], "reason": "path_or_serialization_conflict"}, {"candidates": ["0:static", "1:21", "2:parking:2", "3:parking:1"], "event": "priority_rejected", "priority_order": ["0", "3", "2", "1"], "reason": "path_or_serialization_conflict"}, {"candidate_cost": 54.793713756, "candidates": ["0:static", "1:21", "2:parking:1", "3:parking:2"], "event": "assignment_attempt", "trial": 50}, {"candidates": ["0:static", "1:21", "2:parking:1", "3:parking:2"], "event": "priority_rejected", "priority_order": ["0", "1", "2", "3"], "reason": "path_or_serialization_conflict"}, {"candidates": ["0:static", "1:21", "2:parking:1", "3:parking:2"], "event": "priority_rejected", "priority_order": ["0", "1", "3", "2"], "reason": "path_or_serialization_conflict"}, {"candidates": ["0:static", "1:21", "2:parking:1", "3:parking:2"], "event": "priority_rejected", "priority_order": ["0", "2", "1", "3"], "reason": "path_or_serialization_conflict"}, {"candidates": ["0:static", "1:21", "2:parking:1", "3:parking:2"], "event": "priority_rejected", "priority_order": ["0", "2", "3", "1"], "reason": "path_or_serialization_conflict"}, {"candidates": ["0:static", "1:21", "2:parking:1", "3:parking:2"], "event": "priority_rejected", "priority_order": ["0", "3", "1", "2"], "reason": "path_or_serialization_conflict"}, {"candidates": ["0:static", "1:21", "2:parking:1", "3:parking:2"], "event": "priority_rejected", "priority_order": ["0", "3", "2", "1"], "reason": "path_or_serialization_conflict"}, {"candidate_cost": 54.94427191, "candidates": ["0:static", "1:23", "2:parking:2", "3:parking:1"], "event": "assignment_attempt", "trial": 51}, {"candidates": ["0:static", "1:23", "2:parking:2", "3:parking:1"], "event": "priority_rejected", "priority_order": ["0", "1", "2", "3"], "reason": "path_or_serialization_conflict"}, {"candidates": ["0:static", "1:23", "2:parking:2", "3:parking:1"], "event": "priority_rejected", "priority_order": ["0", "1", "3", "2"], "reason": "path_or_serialization_conflict"}, {"candidates": ["0:static", "1:23", "2:parking:2", "3:parking:1"], "event": "priority_rejected", "priority_order": ["0", "2", "1", "3"], "reason": "path_or_serialization_conflict"}, {"candidates": ["0:static", "1:23", "2:parking:2", "3:parking:1"], "event": "priority_rejected", "priority_order": ["0", "2", "3", "1"], "reason": "path_or_serialization_conflict"}, {"candidates": ["0:static", "1:23", "2:parking:2", "3:parking:1"], "event": "priority_rejected", "priority_order": ["0", "3", "1", "2"], "reason": "path_or_serialization_conflict"}, {"candidates": ["0:static", "1:23", "2:parking:2", "3:parking:1"], "event": "priority_rejected", "priority_order": ["0", "3", "2", "1"], "reason": "path_or_serialization_conflict"}, {"candidate_cost": 55.889127864, "candidates": ["0:static", "1:23", "2:parking:1", "3:parking:2"], "event": "assignment_attempt", "trial": 52}, {"candidates": ["0:static", "1:23", "2:parking:1", "3:parking:2"], "event": "priority_rejected", "priority_order": ["0", "1", "2", "3"], "reason": "path_or_serialization_conflict"}, {"candidates": ["0:static", "1:23", "2:parking:1", "3:parking:2"], "event": "priority_rejected", "priority_order": ["0", "1", "3", "2"], "reason": "path_or_serialization_conflict"}, {"candidates": ["0:static", "1:23", "2:parking:1", "3:parking:2"], "event": "priority_rejected", "priority_order": ["0", "2", "1", "3"], "reason": "path_or_serialization_conflict"}, {"candidates": ["0:static", "1:23", "2:parking:1", "3:parking:2"], "event": "priority_rejected", "priority_order": ["0", "2", "3", "1"], "reason": "path_or_serialization_conflict"}, {"candidates": ["0:static", "1:23", "2:parking:1", "3:parking:2"], "event": "priority_rejected", "priority_order": ["0", "3", "1", "2"], "reason": "path_or_serialization_conflict"}, {"candidates": ["0:static", "1:23", "2:parking:1", "3:parking:2"], "event": "priority_rejected", "priority_order": ["0", "3", "2", "1"], "reason": "path_or_serialization_conflict"}, {"candidate_cost": 61.180339887, "candidates": ["0:static", "1:27", "2:parking:2", "3:parking:1"], "event": "assignment_attempt", "trial": 53}, {"candidates": ["0:static", "1:27", "2:parking:2", "3:parking:1"], "event": "priority_rejected", "priority_order": ["0", "1", "2", "3"], "reason": "path_or_serialization_conflict"}, {"candidates": ["0:static", "1:27", "2:parking:2", "3:parking:1"], "event": "priority_rejected", "priority_order": ["0", "1", "3", "2"], "reason": "path_or_serialization_conflict"}, {"candidates": ["0:static", "1:27", "2:parking:2", "3:parking:1"], "event": "priority_rejected", "priority_order": ["0", "2", "1", "3"], "reason": "path_or_serialization_conflict"}, {"candidates": ["0:static", "1:27", "2:parking:2", "3:parking:1"], "event": "priority_rejected", "priority_order": ["0", "2", "3", "1"], "reason": "path_or_serialization_conflict"}, {"candidates": ["0:static", "1:27", "2:parking:2", "3:parking:1"], "event": "priority_rejected", "priority_order": ["0", "3", "1", "2"], "reason": "path_or_serialization_conflict"}, {"candidates": ["0:static", "1:27", "2:parking:2", "3:parking:1"], "event": "priority_rejected", "priority_order": ["0", "3", "2", "1"], "reason": "path_or_serialization_conflict"}, {"candidate_cost": 62.125195841, "candidates": ["0:static", "1:27", "2:parking:1", "3:parking:2"], "event": "assignment_attempt", "trial": 54}, {"candidates": ["0:static", "1:27", "2:parking:1", "3:parking:2"], "event": "priority_rejected", "priority_order": ["0", "1", "2", "3"], "reason": "path_or_serialization_conflict"}, {"candidates": ["0:static", "1:27", "2:parking:1", "3:parking:2"], "event": "priority_rejected", "priority_order": ["0", "1", "3", "2"], "reason": "path_or_serialization_conflict"}, {"candidates": ["0:static", "1:27", "2:parking:1", "3:parking:2"], "event": "priority_rejected", "priority_order": ["0", "2", "1", "3"], "reason": "path_or_serialization_conflict"}, {"candidates": ["0:static", "1:27", "2:parking:1", "3:parking:2"], "event": "priority_rejected", "priority_order": ["0", "2", "3", "1"], "reason": "path_or_serialization_conflict"}, {"candidates": ["0:static", "1:27", "2:parking:1", "3:parking:2"], "event": "priority_rejected", "priority_order": ["0", "3", "1", "2"], "reason": "path_or_serialization_conflict"}, {"candidates": ["0:static", "1:27", "2:parking:1", "3:parking:2"], "event": "priority_rejected", "priority_order": ["0", "3", "2", "1"], "reason": "path_or_serialization_conflict"}, {"candidate_cost": 62.295630141, "candidates": ["0:static", "1:29", "2:parking:2", "3:parking:1"], "event": "assignment_attempt", "trial": 55}, {"candidates": ["0:static", "1:29", "2:parking:2", "3:parking:1"], "event": "priority_rejected", "priority_order": ["0", "1", "2", "3"], "reason": "path_or_serialization_conflict"}, {"candidates": ["0:static", "1:29", "2:parking:2", "3:parking:1"], "event": "priority_rejected", "priority_order": ["0", "1", "3", "2"], "reason": "path_or_serialization_conflict"}, {"candidates": ["0:static", "1:29", "2:parking:2", "3:parking:1"], "event": "priority_rejected", "priority_order": ["0", "2", "1", "3"], "reason": "path_or_serialization_conflict"}, {"candidates": ["0:static", "1:29", "2:parking:2", "3:parking:1"], "event": "priority_rejected", "priority_order": ["0", "2", "3", "1"], "reason": "path_or_serialization_conflict"}, {"candidates": ["0:static", "1:29", "2:parking:2", "3:parking:1"], "event": "priority_rejected", "priority_order": ["0", "3", "1", "2"], "reason": "path_or_serialization_conflict"}, {"candidates": ["0:static", "1:29", "2:parking:2", "3:parking:1"], "event": "priority_rejected", "priority_order": ["0", "3", "2", "1"], "reason": "path_or_serialization_conflict"}, {"candidate_cost": 63.240486095, "candidates": ["0:static", "1:29", "2:parking:1", "3:parking:2"], "event": "assignment_attempt", "trial": 56}, {"candidates": ["0:static", "1:29", "2:parking:1", "3:parking:2"], "event": "priority_rejected", "priority_order": ["0", "1", "2", "3"], "reason": "path_or_serialization_conflict"}, {"candidates": ["0:static", "1:29", "2:parking:1", "3:parking:2"], "event": "priority_rejected", "priority_order": ["0", "1", "3", "2"], "reason": "path_or_serialization_conflict"}, {"candidates": ["0:static", "1:29", "2:parking:1", "3:parking:2"], "event": "priority_rejected", "priority_order": ["0", "2", "1", "3"], "reason": "path_or_serialization_conflict"}, {"candidates": ["0:static", "1:29", "2:parking:1", "3:parking:2"], "event": "priority_rejected", "priority_order": ["0", "2", "3", "1"], "reason": "path_or_serialization_conflict"}, {"candidates": ["0:static", "1:29", "2:parking:1", "3:parking:2"], "event": "priority_rejected", "priority_order": ["0", "3", "1", "2"], "reason": "path_or_serialization_conflict"}, {"candidates": ["0:static", "1:29", "2:parking:1", "3:parking:2"], "event": "priority_rejected", "priority_order": ["0", "3", "2", "1"], "reason": "path_or_serialization_conflict"}, {"assignment_trials": 56, "event": "planning_finished", "priority_attempts": 336, "status": "NO_PLAN_FOUND"}, {"candidates": ["0:static", "1:0", "2:parking:0", "3:parking:0"], "conflict": ["2:parking:0", "3:parking:0"], "event": "assignment_rejected", "reason": "endpoint_conflict"}, {"candidates": ["0:static", "1:0", "2:parking:0", "3:parking:1"], "conflict": ["2:parking:0", "3:parking:1"], "event": "assignment_rejected", "reason": "endpoint_conflict"}, {"candidates": ["0:static", "1:0", "2:parking:0", "3:parking:2"], "conflict": ["2:parking:0", "3:parking:2"], "event": "assignment_rejected", "reason": "endpoint_conflict"}, {"candidates": ["0:static", "1:0", "2:parking:1", "3:parking:0"], "conflict": ["2:parking:1", "3:parking:0"], "event": "assignment_rejected", "reason": "endpoint_conflict"}, {"candidates": ["0:static", "1:0", "2:parking:1", "3:parking:1"], "conflict": ["2:parking:1", "3:parking:1"], "event": "assignment_rejected", "reason": "endpoint_conflict"}, {"candidates": ["0:static", "1:0", "2:parking:2", "3:parking:0"], "conflict": ["2:parking:2", "3:parking:0"], "event": "assignment_rejected", "reason": "endpoint_conflict"}, {"candidates": ["0:static", "1:0", "2:parking:2", "3:parking:2"], "conflict": ["2:parking:2", "3:parking:2"], "event": "assignment_rejected", "reason": "endpoint_conflict"}, {"candidates": ["0:static", "1:1", "2:parking:0", "3:parking:0"], "conflict": ["2:parking:0", "3:parking:0"], "event": "assignment_rejected", "reason": "endpoint_conflict"}, {"candidates": ["0:static", "1:1", "2:parking:0", "3:parking:1"], "conflict": ["2:parking:0", "3:parking:1"], "event": "assignment_rejected", "reason": "endpoint_conflict"}, {"candidates": ["0:static", "1:1", "2:parking:0", "3:parking:2"], "conflict": ["2:parking:0", "3:parking:2"], "event": "assignment_rejected", "reason": "endpoint_conflict"}, {"candidates": ["0:static", "1:1", "2:parking:1", "3:parking:0"], "conflict": ["2:parking:1", "3:parking:0"], "event": "assignment_rejected", "reason": "endpoint_conflict"}, {"candidates": ["0:static", "1:1", "2:parking:1", "3:parking:1"], "conflict": ["2:parking:1", "3:parking:1"], "event": "assignment_rejected", "reason": "endpoint_conflict"}, {"candidates": ["0:static", "1:1", "2:parking:2", "3:parking:0"], "conflict": ["2:parking:2", "3:parking:0"], "event": "assignment_rejected", "reason": "endpoint_conflict"}, {"candidates": ["0:static", "1:1", "2:parking:2", "3:parking:2"], "conflict": ["2:parking:2", "3:parking:2"], "event": "assignment_rejected", "reason": "endpoint_conflict"}, {"candidates": ["0:static", "1:2", "2:parking:0", "3:parking:0"], "conflict": ["2:parking:0", "3:parking:0"], "event": "assignment_rejected", "reason": "endpoint_conflict"}, {"candidates": ["0:static", "1:2", "2:parking:0", "3:parking:1"], "conflict": ["2:parking:0", "3:parking:1"], "event": "assignment_rejected", "reason": "endpoint_conflict"}, {"candidates": ["0:static", "1:2", "2:parking:0", "3:parking:2"], "conflict": ["2:parking:0", "3:parking:2"], "event": "assignment_rejected", "reason": "endpoint_conflict"}, {"candidates": ["0:static", "1:2", "2:parking:1", "3:parking:0"], "conflict": ["2:parking:1", "3:parking:0"], "event": "assignment_rejected", "reason": "endpoint_conflict"}, {"candidates": ["0:static", "1:2", "2:parking:1", "3:parking:1"], "conflict": ["2:parking:1", "3:parking:1"], "event": "assignment_rejected", "reason": "endpoint_conflict"}, {"candidates": ["0:static", "1:2", "2:parking:2", "3:parking:0"], "conflict": ["2:parking:2", "3:parking:0"], "event": "assignment_rejected", "reason": "endpoint_conflict"}, {"candidates": ["0:static", "1:2", "2:parking:2", "3:parking:2"], "conflict": ["2:parking:2", "3:parking:2"], "event": "assignment_rejected", "reason": "endpoint_conflict"}, {"candidates": ["0:static", "1:3", "2:parking:0", "3:parking:0"], "conflict": ["2:parking:0", "3:parking:0"], "event": "assignment_rejected", "reason": "endpoint_conflict"}, {"candidates": ["0:static", "1:3", "2:parking:0", "3:parking:1"], "conflict": ["2:parking:0", "3:parking:1"], "event": "assignment_rejected", "reason": "endpoint_conflict"}, {"candidates": ["0:static", "1:3", "2:parking:0", "3:parking:2"], "conflict": ["2:parking:0", "3:parking:2"], "event": "assignment_rejected", "reason": "endpoint_conflict"}, {"candidates": ["0:static", "1:3", "2:parking:1", "3:parking:0"], "conflict": ["2:parking:1", "3:parking:0"], "event": "assignment_rejected", "reason": "endpoint_conflict"}, {"candidates": ["0:static", "1:3", "2:parking:1", "3:parking:1"], "conflict": ["2:parking:1", "3:parking:1"], "event": "assignment_rejected", "reason": "endpoint_conflict"}, {"candidates": ["0:static", "1:3", "2:parking:2", "3:parking:0"], "conflict": ["2:parking:2", "3:parking:0"], "event": "assignment_rejected", "reason": "endpoint_conflict"}, {"candidates": ["0:static", "1:3", "2:parking:2", "3:parking:2"], "conflict": ["2:parking:2", "3:parking:2"], "event": "assignment_rejected", "reason": "endpoint_conflict"}, {"candidates": ["0:static", "1:4", "2:parking:0", "3:parking:0"], "conflict": ["2:parking:0", "3:parking:0"], "event": "assignment_rejected", "reason": "endpoint_conflict"}, {"candidates": ["0:static", "1:4", "2:parking:0", "3:parking:1"], "conflict": ["2:parking:0", "3:parking:1"], "event": "assignment_rejected", "reason": "endpoint_conflict"}, {"candidates": ["0:static", "1:4", "2:parking:0", "3:parking:2"], "conflict": ["2:parking:0", "3:parking:2"], "event": "assignment_rejected", "reason": "endpoint_conflict"}, {"candidates": ["0:static", "1:4", "2:parking:1", "3:parking:0"], "conflict": ["2:parking:1", "3:parking:0"], "event": "assignment_rejected", "reason": "endpoint_conflict"}, {"candidates": ["0:static", "1:4", "2:parking:1", "3:parking:1"], "conflict": ["2:parking:1", "3:parking:1"], "event": "assignment_rejected", "reason": "endpoint_conflict"}, {"candidates": ["0:static", "1:4", "2:parking:2", "3:parking:0"], "conflict": ["2:parking:2", "3:parking:0"], "event": "assignment_rejected", "reason": "endpoint_conflict"}, {"candidates": ["0:static", "1:4", "2:parking:2", "3:parking:2"], "conflict": ["2:parking:2", "3:parking:2"], "event": "assignment_rejected", "reason": "endpoint_conflict"}, {"candidates": ["0:static", "1:5", "2:parking:0", "3:parking:0"], "conflict": ["2:parking:0", "3:parking:0"], "event": "assignment_rejected", "reason": "endpoint_conflict"}, {"candidates": ["0:static", "1:5", "2:parking:0", "3:parking:1"], "conflict": ["2:parking:0", "3:parking:1"], "event": "assignment_rejected", "reason": "endpoint_conflict"}, {"candidates": ["0:static", "1:5", "2:parking:0", "3:parking:2"], "conflict": ["2:parking:0", "3:parking:2"], "event": "assignment_rejected", "reason": "endpoint_conflict"}, {"candidates": ["0:static", "1:5", "2:parking:1", "3:parking:0"], "conflict": ["2:parking:1", "3:parking:0"], "event": "assignment_rejected", "reason": "endpoint_conflict"}, {"candidates": ["0:static", "1:5", "2:parking:1", "3:parking:1"], "conflict": ["2:parking:1", "3:parking:1"], "event": "assignment_rejected", "reason": "endpoint_conflict"}, {"candidates": ["0:static", "1:5", "2:parking:2", "3:parking:0"], "conflict": ["2:parking:2", "3:parking:0"], "event": "assignment_rejected", "reason": "endpoint_conflict"}, {"candidates": ["0:static", "1:5", "2:parking:2", "3:parking:2"], "conflict": ["2:parking:2", "3:parking:2"], "event": "assignment_rejected", "reason": "endpoint_conflict"}, {"candidates": ["0:static", "1:6", "2:parking:0", "3:parking:0"], "conflict": ["2:parking:0", "3:parking:0"], "event": "assignment_rejected", "reason": "endpoint_conflict"}, {"candidates": ["0:static", "1:6", "2:parking:0", "3:parking:1"], "conflict": ["2:parking:0", "3:parking:1"], "event": "assignment_rejected", "reason": "endpoint_conflict"}, {"candidates": ["0:static", "1:6", "2:parking:0", "3:parking:2"], "conflict": ["2:parking:0", "3:parking:2"], "event": "assignment_rejected", "reason": "endpoint_conflict"}, {"candidates": ["0:static", "1:6", "2:parking:1", "3:parking:0"], "conflict": ["2:parking:1", "3:parking:0"], "event": "assignment_rejected", "reason": "endpoint_conflict"}, {"candidates": ["0:static", "1:6", "2:parking:1", "3:parking:1"], "conflict": ["2:parking:1", "3:parking:1"], "event": "assignment_rejected", "reason": "endpoint_conflict"}, {"candidates": ["0:static", "1:6", "2:parking:2", "3:parking:0"], "conflict": ["2:parking:2", "3:parking:0"], "event": "assignment_rejected", "reason": "endpoint_conflict"}, {"candidates": ["0:static", "1:6", "2:parking:2", "3:parking:2"], "conflict": ["2:parking:2", "3:parking:2"], "event": "assignment_rejected", "reason": "endpoint_conflict"}, {"candidates": ["0:static", "1:7", "2:parking:0", "3:parking:0"], "conflict": ["2:parking:0", "3:parking:0"], "event": "assignment_rejected", "reason": "endpoint_conflict"}, {"candidates": ["0:static", "1:7", "2:parking:0", "3:parking:1"], "conflict": ["2:parking:0", "3:parking:1"], "event": "assignment_rejected", "reason": "endpoint_conflict"}, {"candidates": ["0:static", "1:7", "2:parking:0", "3:parking:2"], "conflict": ["2:parking:0", "3:parking:2"], "event": "assignment_rejected", "reason": "endpoint_conflict"}, {"candidates": ["0:static", "1:7", "2:parking:1", "3:parking:0"], "conflict": ["2:parking:1", "3:parking:0"], "event": "assignment_rejected", "reason": "endpoint_conflict"}, {"candidates": ["0:static", "1:7", "2:parking:1", "3:parking:1"], "conflict": ["2:parking:1", "3:parking:1"], "event": "assignment_rejected", "reason": "endpoint_conflict"}, {"candidates": ["0:static", "1:7", "2:parking:2", "3:parking:0"], "conflict": ["2:parking:2", "3:parking:0"], "event": "assignment_rejected", "reason": "endpoint_conflict"}, {"candidates": ["0:static", "1:7", "2:parking:2", "3:parking:2"], "conflict": ["2:parking:2", "3:parking:2"], "event": "assignment_rejected", "reason": "endpoint_conflict"}, {"candidates": ["0:static", "1:8", "2:parking:0", "3:parking:0"], "conflict": ["2:parking:0", "3:parking:0"], "event": "assignment_rejected", "reason": "endpoint_conflict"}, {"candidates": ["0:static", "1:8", "2:parking:0", "3:parking:1"], "conflict": ["2:parking:0", "3:parking:1"], "event": "assignment_rejected", "reason": "endpoint_conflict"}, {"candidates": ["0:static", "1:8", "2:parking:0", "3:parking:2"], "conflict": ["2:parking:0", "3:parking:2"], "event": "assignment_rejected", "reason": "endpoint_conflict"}, {"candidates": ["0:static", "1:8", "2:parking:1", "3:parking:0"], "conflict": ["2:parking:1", "3:parking:0"], "event": "assignment_rejected", "reason": "endpoint_conflict"}, {"candidates": ["0:static", "1:8", "2:parking:1", "3:parking:1"], "conflict": ["2:parking:1", "3:parking:1"], "event": "assignment_rejected", "reason": "endpoint_conflict"}, {"candidates": ["0:static", "1:8", "2:parking:2", "3:parking:0"], "conflict": ["2:parking:2", "3:parking:0"], "event": "assignment_rejected", "reason": "endpoint_conflict"}, {"candidates": ["0:static", "1:8", "2:parking:2", "3:parking:2"], "conflict": ["2:parking:2", "3:parking:2"], "event": "assignment_rejected", "reason": "endpoint_conflict"}, {"candidates": ["0:static", "1:9", "2:parking:0", "3:parking:0"], "conflict": ["2:parking:0", "3:parking:0"], "event": "assignment_rejected", "reason": "endpoint_conflict"}, {"candidates": ["0:static", "1:9", "2:parking:0", "3:parking:1"], "conflict": ["2:parking:0", "3:parking:1"], "event": "assignment_rejected", "reason": "endpoint_conflict"}, {"candidates": ["0:static", "1:9", "2:parking:0", "3:parking:2"], "conflict": ["2:parking:0", "3:parking:2"], "event": "assignment_rejected", "reason": "endpoint_conflict"}, {"candidates": ["0:static", "1:9", "2:parking:1", "3:parking:0"], "conflict": ["2:parking:1", "3:parking:0"], "event": "assignment_rejected", "reason": "endpoint_conflict"}, {"candidates": ["0:static", "1:9", "2:parking:1", "3:parking:1"], "conflict": ["2:parking:1", "3:parking:1"], "event": "assignment_rejected", "reason": "endpoint_conflict"}, {"candidates": ["0:static", "1:9", "2:parking:2", "3:parking:0"], "conflict": ["2:parking:2", "3:parking:0"], "event": "assignment_rejected", "reason": "endpoint_conflict"}, {"candidates": ["0:static", "1:9", "2:parking:2", "3:parking:2"], "conflict": ["2:parking:2", "3:parking:2"], "event": "assignment_rejected", "reason": "endpoint_conflict"}, {"candidates": ["0:static", "1:10", "2:parking:0", "3:parking:0"], "conflict": ["2:parking:0", "3:parking:0"], "event": "assignment_rejected", "reason": "endpoint_conflict"}, {"candidates": ["0:static", "1:10", "2:parking:0", "3:parking:1"], "conflict": ["2:parking:0", "3:parking:1"], "event": "assignment_rejected", "reason": "endpoint_conflict"}, {"candidates": ["0:static", "1:10", "2:parking:0", "3:parking:2"], "conflict": ["2:parking:0", "3:parking:2"], "event": "assignment_rejected", "reason": "endpoint_conflict"}, {"candidates": ["0:static", "1:10", "2:parking:1", "3:parking:0"], "conflict": ["2:parking:1", "3:parking:0"], "event": "assignment_rejected", "reason": "endpoint_conflict"}, {"candidates": ["0:static", "1:10", "2:parking:1", "3:parking:1"], "conflict": ["2:parking:1", "3:parking:1"], "event": "assignment_rejected", "reason": "endpoint_conflict"}, {"candidates": ["0:static", "1:10", "2:parking:2", "3:parking:0"], "conflict": ["2:parking:2", "3:parking:0"], "event": "assignment_rejected", "reason": "endpoint_conflict"}, {"candidates": ["0:static", "1:10", "2:parking:2", "3:parking:2"], "conflict": ["2:parking:2", "3:parking:2"], "event": "assignment_rejected", "reason": "endpoint_conflict"}, {"candidates": ["0:static", "1:11", "2:parking:0", "3:parking:0"], "conflict": ["2:parking:0", "3:parking:0"], "event": "assignment_rejected", "reason": "endpoint_conflict"}, {"candidates": ["0:static", "1:11", "2:parking:0", "3:parking:1"], "conflict": ["2:parking:0", "3:parking:1"], "event": "assignment_rejected", "reason": "endpoint_conflict"}, {"candidates": ["0:static", "1:11", "2:parking:0", "3:parking:2"], "conflict": ["2:parking:0", "3:parking:2"], "event": "assignment_rejected", "reason": "endpoint_conflict"}, {"candidates": ["0:static", "1:11", "2:parking:1", "3:parking:0"], "conflict": ["2:parking:1", "3:parking:0"], "event": "assignment_rejected", "reason": "endpoint_conflict"}, {"candidates": ["0:static", "1:11", "2:parking:1", "3:parking:1"], "conflict": ["2:parking:1", "3:parking:1"], "event": "assignment_rejected", "reason": "endpoint_conflict"}, {"candidates": ["0:static", "1:11", "2:parking:2", "3:parking:0"], "conflict": ["2:parking:2", "3:parking:0"], "event": "assignment_rejected", "reason": "endpoint_conflict"}, {"candidates": ["0:static", "1:11", "2:parking:2", "3:parking:2"], "conflict": ["2:parking:2", "3:parking:2"], "event": "assignment_rejected", "reason": "endpoint_conflict"}, {"candidates": ["0:static", "1:12", "2:parking:0", "3:parking:0"], "conflict": ["2:parking:0", "3:parking:0"], "event": "assignment_rejected", "reason": "endpoint_conflict"}, {"candidates": ["0:static", "1:12", "2:parking:0", "3:parking:1"], "conflict": ["2:parking:0", "3:parking:1"], "event": "assignment_rejected", "reason": "endpoint_conflict"}, {"candidates": ["0:static", "1:12", "2:parking:0", "3:parking:2"], "conflict": ["2:parking:0", "3:parking:2"], "event": "assignment_rejected", "reason": "endpoint_conflict"}, {"candidates": ["0:static", "1:12", "2:parking:1", "3:parking:0"], "conflict": ["2:parking:1", "3:parking:0"], "event": "assignment_rejected", "reason": "endpoint_conflict"}, {"candidates": ["0:static", "1:12", "2:parking:1", "3:parking:1"], "conflict": ["2:parking:1", "3:parking:1"], "event": "assignment_rejected", "reason": "endpoint_conflict"}, {"candidates": ["0:static", "1:12", "2:parking:2", "3:parking:0"], "conflict": ["2:parking:2", "3:parking:0"], "event": "assignment_rejected", "reason": "endpoint_conflict"}, {"candidates": ["0:static", "1:12", "2:parking:2", "3:parking:2"], "conflict": ["2:parking:2", "3:parking:2"], "event": "assignment_rejected", "reason": "endpoint_conflict"}, {"candidates": ["0:static", "1:13", "2:parking:0", "3:parking:0"], "conflict": ["2:parking:0", "3:parking:0"], "event": "assignment_rejected", "reason": "endpoint_conflict"}, {"candidates": ["0:static", "1:13", "2:parking:0", "3:parking:1"], "conflict": ["2:parking:0", "3:parking:1"], "event": "assignment_rejected", "reason": "endpoint_conflict"}, {"candidates": ["0:static", "1:13", "2:parking:0", "3:parking:2"], "conflict": ["2:parking:0", "3:parking:2"], "event": "assignment_rejected", "reason": "endpoint_conflict"}, {"candidates": ["0:static", "1:13", "2:parking:1", "3:parking:0"], "conflict": ["2:parking:1", "3:parking:0"], "event": "assignment_rejected", "reason": "endpoint_conflict"}, {"candidates": ["0:static", "1:13", "2:parking:1", "3:parking:1"], "conflict": ["2:parking:1", "3:parking:1"], "event": "assignment_rejected", "reason": "endpoint_conflict"}, {"candidates": ["0:static", "1:13", "2:parking:2", "3:parking:0"], "conflict": ["2:parking:2", "3:parking:0"], "event": "assignment_rejected", "reason": "endpoint_conflict"}, {"candidates": ["0:static", "1:13", "2:parking:2", "3:parking:2"], "conflict": ["2:parking:2", "3:parking:2"], "event": "assignment_rejected", "reason": "endpoint_conflict"}, {"candidates": ["0:static", "1:14", "2:parking:0", "3:parking:0"], "conflict": ["2:parking:0", "3:parking:0"], "event": "assignment_rejected", "reason": "endpoint_conflict"}, {"candidates": ["0:static", "1:14", "2:parking:0", "3:parking:1"], "conflict": ["2:parking:0", "3:parking:1"], "event": "assignment_rejected", "reason": "endpoint_conflict"}, {"candidates": ["0:static", "1:14", "2:parking:0", "3:parking:2"], "conflict": ["2:parking:0", "3:parking:2"], "event": "assignment_rejected", "reason": "endpoint_conflict"}, {"candidates": ["0:static", "1:14", "2:parking:1", "3:parking:0"], "conflict": ["2:parking:1", "3:parking:0"], "event": "assignment_rejected", "reason": "endpoint_conflict"}, {"candidates": ["0:static", "1:14", "2:parking:1", "3:parking:1"], "conflict": ["2:parking:1", "3:parking:1"], "event": "assignment_rejected", "reason": "endpoint_conflict"}, {"candidates": ["0:static", "1:14", "2:parking:2", "3:parking:0"], "conflict": ["2:parking:2", "3:parking:0"], "event": "assignment_rejected", "reason": "endpoint_conflict"}, {"candidates": ["0:static", "1:14", "2:parking:2", "3:parking:2"], "conflict": ["2:parking:2", "3:parking:2"], "event": "assignment_rejected", "reason": "endpoint_conflict"}, {"candidates": ["0:static", "1:15", "2:parking:0", "3:parking:0"], "conflict": ["2:parking:0", "3:parking:0"], "event": "assignment_rejected", "reason": "endpoint_conflict"}, {"candidates": ["0:static", "1:15", "2:parking:0", "3:parking:1"], "conflict": ["2:parking:0", "3:parking:1"], "event": "assignment_rejected", "reason": "endpoint_conflict"}, {"candidates": ["0:static", "1:15", "2:parking:0", "3:parking:2"], "conflict": ["2:parking:0", "3:parking:2"], "event": "assignment_rejected", "reason": "endpoint_conflict"}, {"candidates": ["0:static", "1:15", "2:parking:1", "3:parking:0"], "conflict": ["2:parking:1", "3:parking:0"], "event": "assignment_rejected", "reason": "endpoint_conflict"}, {"candidates": ["0:static", "1:15", "2:parking:1", "3:parking:1"], "conflict": ["2:parking:1", "3:parking:1"], "event": "assignment_rejected", "reason": "endpoint_conflict"}, {"candidates": ["0:static", "1:15", "2:parking:2", "3:parking:0"], "conflict": ["2:parking:2", "3:parking:0"], "event": "assignment_rejected", "reason": "endpoint_conflict"}, {"candidates": ["0:static", "1:15", "2:parking:2", "3:parking:2"], "conflict": ["2:parking:2", "3:parking:2"], "event": "assignment_rejected", "reason": "endpoint_conflict"}, {"candidates": ["0:static", "1:16", "2:parking:0", "3:parking:0"], "conflict": ["2:parking:0", "3:parking:0"], "event": "assignment_rejected", "reason": "endpoint_conflict"}, {"candidates": ["0:static", "1:16", "2:parking:0", "3:parking:1"], "conflict": ["2:parking:0", "3:parking:1"], "event": "assignment_rejected", "reason": "endpoint_conflict"}, {"candidates": ["0:static", "1:16", "2:parking:0", "3:parking:2"], "conflict": ["2:parking:0", "3:parking:2"], "event": "assignment_rejected", "reason": "endpoint_conflict"}, {"candidates": ["0:static", "1:16", "2:parking:1", "3:parking:0"], "conflict": ["2:parking:1", "3:parking:0"], "event": "assignment_rejected", "reason": "endpoint_conflict"}, {"candidates": ["0:static", "1:16", "2:parking:1", "3:parking:1"], "conflict": ["2:parking:1", "3:parking:1"], "event": "assignment_rejected", "reason": "endpoint_conflict"}, {"candidates": ["0:static", "1:16", "2:parking:2", "3:parking:0"], "conflict": ["2:parking:2", "3:parking:0"], "event": "assignment_rejected", "reason": "endpoint_conflict"}, {"candidates": ["0:static", "1:16", "2:parking:2", "3:parking:2"], "conflict": ["2:parking:2", "3:parking:2"], "event": "assignment_rejected", "reason": "endpoint_conflict"}, {"candidates": ["0:static", "1:17", "2:parking:0", "3:parking:0"], "conflict": ["2:parking:0", "3:parking:0"], "event": "assignment_rejected", "reason": "endpoint_conflict"}, {"candidates": ["0:static", "1:17", "2:parking:0", "3:parking:1"], "conflict": ["2:parking:0", "3:parking:1"], "event": "assignment_rejected", "reason": "endpoint_conflict"}, {"candidates": ["0:static", "1:17", "2:parking:0", "3:parking:2"], "conflict": ["2:parking:0", "3:parking:2"], "event": "assignment_rejected", "reason": "endpoint_conflict"}, {"candidates": ["0:static", "1:17", "2:parking:1", "3:parking:0"], "conflict": ["2:parking:1", "3:parking:0"], "event": "assignment_rejected", "reason": "endpoint_conflict"}, {"candidates": ["0:static", "1:17", "2:parking:1", "3:parking:1"], "conflict": ["2:parking:1", "3:parking:1"], "event": "assignment_rejected", "reason": "endpoint_conflict"}, {"candidates": ["0:static", "1:17", "2:parking:2", "3:parking:0"], "conflict": ["2:parking:2", "3:parking:0"], "event": "assignment_rejected", "reason": "endpoint_conflict"}, {"candidates": ["0:static", "1:17", "2:parking:2", "3:parking:2"], "conflict": ["2:parking:2", "3:parking:2"], "event": "assignment_rejected", "reason": "endpoint_conflict"}, {"candidates": ["0:static", "1:18", "2:parking:0", "3:parking:0"], "conflict": ["2:parking:0", "3:parking:0"], "event": "assignment_rejected", "reason": "endpoint_conflict"}, {"candidates": ["0:static", "1:18", "2:parking:0", "3:parking:1"], "conflict": ["2:parking:0", "3:parking:1"], "event": "assignment_rejected", "reason": "endpoint_conflict"}, {"candidates": ["0:static", "1:18", "2:parking:0", "3:parking:2"], "conflict": ["2:parking:0", "3:parking:2"], "event": "assignment_rejected", "reason": "endpoint_conflict"}, {"candidates": ["0:static", "1:18", "2:parking:1", "3:parking:0"], "conflict": ["2:parking:1", "3:parking:0"], "event": "assignment_rejected", "reason": "endpoint_conflict"}, {"candidates": ["0:static", "1:18", "2:parking:1", "3:parking:1"], "conflict": ["2:parking:1", "3:parking:1"], "event": "assignment_rejected", "reason": "endpoint_conflict"}, {"candidates": ["0:static", "1:18", "2:parking:2", "3:parking:0"], "conflict": ["2:parking:2", "3:parking:0"], "event": "assignment_rejected", "reason": "endpoint_conflict"}, {"candidates": ["0:static", "1:18", "2:parking:2", "3:parking:2"], "conflict": ["2:parking:2", "3:parking:2"], "event": "assignment_rejected", "reason": "endpoint_conflict"}, {"candidates": ["0:static", "1:19", "2:parking:0", "3:parking:0"], "conflict": ["2:parking:0", "3:parking:0"], "event": "assignment_rejected", "reason": "endpoint_conflict"}, {"candidates": ["0:static", "1:19", "2:parking:0", "3:parking:1"], "conflict": ["2:parking:0", "3:parking:1"], "event": "assignment_rejected", "reason": "endpoint_conflict"}, {"candidates": ["0:static", "1:19", "2:parking:0", "3:parking:2"], "conflict": ["2:parking:0", "3:parking:2"], "event": "assignment_rejected", "reason": "endpoint_conflict"}, {"candidates": ["0:static", "1:19", "2:parking:1", "3:parking:0"], "conflict": ["2:parking:1", "3:parking:0"], "event": "assignment_rejected", "reason": "endpoint_conflict"}, {"candidates": ["0:static", "1:19", "2:parking:1", "3:parking:1"], "conflict": ["2:parking:1", "3:parking:1"], "event": "assignment_rejected", "reason": "endpoint_conflict"}, {"candidates": ["0:static", "1:19", "2:parking:2", "3:parking:0"], "conflict": ["2:parking:2", "3:parking:0"], "event": "assignment_rejected", "reason": "endpoint_conflict"}, {"candidates": ["0:static", "1:19", "2:parking:2", "3:parking:2"], "conflict": ["2:parking:2", "3:parking:2"], "event": "assignment_rejected", "reason": "endpoint_conflict"}, {"candidates": ["0:static", "1:20", "2:parking:0", "3:parking:0"], "conflict": ["2:parking:0", "3:parking:0"], "event": "assignment_rejected", "reason": "endpoint_conflict"}, {"candidates": ["0:static", "1:20", "2:parking:0", "3:parking:1"], "conflict": ["2:parking:0", "3:parking:1"], "event": "assignment_rejected", "reason": "endpoint_conflict"}, {"candidates": ["0:static", "1:20", "2:parking:0", "3:parking:2"], "conflict": ["2:parking:0", "3:parking:2"], "event": "assignment_rejected", "reason": "endpoint_conflict"}, {"candidates": ["0:static", "1:20", "2:parking:1", "3:parking:0"], "conflict": ["2:parking:1", "3:parking:0"], "event": "assignment_rejected", "reason": "endpoint_conflict"}, {"candidates": ["0:static", "1:20", "2:parking:1", "3:parking:1"], "conflict": ["2:parking:1", "3:parking:1"], "event": "assignment_rejected", "reason": "endpoint_conflict"}, {"candidates": ["0:static", "1:20", "2:parking:2", "3:parking:0"], "conflict": ["2:parking:2", "3:parking:0"], "event": "assignment_rejected", "reason": "endpoint_conflict"}, {"candidates": ["0:static", "1:20", "2:parking:2", "3:parking:2"], "conflict": ["2:parking:2", "3:parking:2"], "event": "assignment_rejected", "reason": "endpoint_conflict"}, {"candidates": ["0:static", "1:21", "2:parking:0", "3:parking:0"], "conflict": ["2:parking:0", "3:parking:0"], "event": "assignment_rejected", "reason": "endpoint_conflict"}, {"candidates": ["0:static", "1:21", "2:parking:0", "3:parking:1"], "conflict": ["2:parking:0", "3:parking:1"], "event": "assignment_rejected", "reason": "endpoint_conflict"}, {"candidates": ["0:static", "1:21", "2:parking:0", "3:parking:2"], "conflict": ["2:parking:0", "3:parking:2"], "event": "assignment_rejected", "reason": "endpoint_conflict"}, {"candidates": ["0:static", "1:21", "2:parking:1", "3:parking:0"], "conflict": ["2:parking:1", "3:parking:0"], "event": "assignment_rejected", "reason": "endpoint_conflict"}, {"candidates": ["0:static", "1:21", "2:parking:1", "3:parking:1"], "conflict": ["2:parking:1", "3:parking:1"], "event": "assignment_rejected", "reason": "endpoint_conflict"}, {"candidates": ["0:static", "1:21", "2:parking:2", "3:parking:0"], "conflict": ["2:parking:2", "3:parking:0"], "event": "assignment_rejected", "reason": "endpoint_conflict"}, {"candidates": ["0:static", "1:21", "2:parking:2", "3:parking:2"], "conflict": ["2:parking:2", "3:parking:2"], "event": "assignment_rejected", "reason": "endpoint_conflict"}, {"candidates": ["0:static", "1:22", "2:parking:0", "3:parking:0"], "conflict": ["0:static", "1:22"], "event": "assignment_rejected", "reason": "endpoint_conflict"}, {"candidates": ["0:static", "1:22", "2:parking:0", "3:parking:1"], "conflict": ["0:static", "1:22"], "event": "assignment_rejected", "reason": "endpoint_conflict"}, {"candidates": ["0:static", "1:22", "2:parking:0", "3:parking:2"], "conflict": ["0:static", "1:22"], "event": "assignment_rejected", "reason": "endpoint_conflict"}, {"candidates": ["0:static", "1:22", "2:parking:1", "3:parking:0"], "conflict": ["0:static", "1:22"], "event": "assignment_rejected", "reason": "endpoint_conflict"}, {"candidates": ["0:static", "1:22", "2:parking:1", "3:parking:1"], "conflict": ["0:static", "1:22"], "event": "assignment_rejected", "reason": "endpoint_conflict"}, {"candidates": ["0:static", "1:22", "2:parking:1", "3:parking:2"], "conflict": ["0:static", "1:22"], "event": "assignment_rejected", "reason": "endpoint_conflict"}, {"candidates": ["0:static", "1:22", "2:parking:2", "3:parking:0"], "conflict": ["0:static", "1:22"], "event": "assignment_rejected", "reason": "endpoint_conflict"}, {"candidates": ["0:static", "1:22", "2:parking:2", "3:parking:1"], "conflict": ["0:static", "1:22"], "event": "assignment_rejected", "reason": "endpoint_conflict"}, {"candidates": ["0:static", "1:22", "2:parking:2", "3:parking:2"], "conflict": ["0:static", "1:22"], "event": "assignment_rejected", "reason": "endpoint_conflict"}, {"candidates": ["0:static", "1:23", "2:parking:0", "3:parking:0"], "conflict": ["2:parking:0", "3:parking:0"], "event": "assignment_rejected", "reason": "endpoint_conflict"}, {"candidates": ["0:static", "1:23", "2:parking:0", "3:parking:1"], "conflict": ["2:parking:0", "3:parking:1"], "event": "assignment_rejected", "reason": "endpoint_conflict"}, {"candidates": ["0:static", "1:23", "2:parking:0", "3:parking:2"], "conflict": ["2:parking:0", "3:parking:2"], "event": "assignment_rejected", "reason": "endpoint_conflict"}, {"candidates": ["0:static", "1:23", "2:parking:1", "3:parking:0"], "conflict": ["2:parking:1", "3:parking:0"], "event": "assignment_rejected", "reason": "endpoint_conflict"}, {"candidates": ["0:static", "1:23", "2:parking:1", "3:parking:1"], "conflict": ["2:parking:1", "3:parking:1"], "event": "assignment_rejected", "reason": "endpoint_conflict"}, {"candidates": ["0:static", "1:23", "2:parking:2", "3:parking:0"], "conflict": ["2:parking:2", "3:parking:0"], "event": "assignment_rejected", "reason": "endpoint_conflict"}, {"candidates": ["0:static", "1:23", "2:parking:2", "3:parking:2"], "conflict": ["2:parking:2", "3:parking:2"], "event": "assignment_rejected", "reason": "endpoint_conflict"}, {"candidates": ["0:static", "1:24", "2:parking:0", "3:parking:0"], "conflict": ["2:parking:0", "3:parking:0"], "event": "assignment_rejected", "reason": "endpoint_conflict"}, {"candidates": ["0:static", "1:24", "2:parking:0", "3:parking:1"], "conflict": ["2:parking:0", "3:parking:1"], "event": "assignment_rejected", "reason": "endpoint_conflict"}, {"candidates": ["0:static", "1:24", "2:parking:0", "3:parking:2"], "conflict": ["2:parking:0", "3:parking:2"], "event": "assignment_rejected", "reason": "endpoint_conflict"}, {"candidates": ["0:static", "1:24", "2:parking:1", "3:parking:0"], "conflict": ["2:parking:1", "3:parking:0"], "event": "assignment_rejected", "reason": "endpoint_conflict"}, {"candidates": ["0:static", "1:24", "2:parking:1", "3:parking:1"], "conflict": ["2:parking:1", "3:parking:1"], "event": "assignment_rejected", "reason": "endpoint_conflict"}, {"candidates": ["0:static", "1:24", "2:parking:2", "3:parking:0"], "conflict": ["2:parking:2", "3:parking:0"], "event": "assignment_rejected", "reason": "endpoint_conflict"}, {"candidates": ["0:static", "1:24", "2:parking:2", "3:parking:2"], "conflict": ["2:parking:2", "3:parking:2"], "event": "assignment_rejected", "reason": "endpoint_conflict"}, {"candidates": ["0:static", "1:25", "2:parking:0", "3:parking:0"], "conflict": ["0:static", "1:25"], "event": "assignment_rejected", "reason": "endpoint_conflict"}, {"candidates": ["0:static", "1:25", "2:parking:0", "3:parking:1"], "conflict": ["0:static", "1:25"], "event": "assignment_rejected", "reason": "endpoint_conflict"}, {"candidates": ["0:static", "1:25", "2:parking:0", "3:parking:2"], "conflict": ["0:static", "1:25"], "event": "assignment_rejected", "reason": "endpoint_conflict"}, {"candidates": ["0:static", "1:25", "2:parking:1", "3:parking:0"], "conflict": ["0:static", "1:25"], "event": "assignment_rejected", "reason": "endpoint_conflict"}, {"candidates": ["0:static", "1:25", "2:parking:1", "3:parking:1"], "conflict": ["0:static", "1:25"], "event": "assignment_rejected", "reason": "endpoint_conflict"}, {"candidates": ["0:static", "1:25", "2:parking:1", "3:parking:2"], "conflict": ["0:static", "1:25"], "event": "assignment_rejected", "reason": "endpoint_conflict"}, {"candidates": ["0:static", "1:25", "2:parking:2", "3:parking:0"], "conflict": ["0:static", "1:25"], "event": "assignment_rejected", "reason": "endpoint_conflict"}, {"candidates": ["0:static", "1:25", "2:parking:2", "3:parking:1"], "conflict": ["0:static", "1:25"], "event": "assignment_rejected", "reason": "endpoint_conflict"}, {"candidates": ["0:static", "1:25", "2:parking:2", "3:parking:2"], "conflict": ["0:static", "1:25"], "event": "assignment_rejected", "reason": "endpoint_conflict"}, {"candidates": ["0:static", "1:26", "2:parking:0", "3:parking:0"], "conflict": ["2:parking:0", "3:parking:0"], "event": "assignment_rejected", "reason": "endpoint_conflict"}, {"candidates": ["0:static", "1:26", "2:parking:0", "3:parking:1"], "conflict": ["2:parking:0", "3:parking:1"], "event": "assignment_rejected", "reason": "endpoint_conflict"}, {"candidates": ["0:static", "1:26", "2:parking:0", "3:parking:2"], "conflict": ["2:parking:0", "3:parking:2"], "event": "assignment_rejected", "reason": "endpoint_conflict"}, {"candidates": ["0:static", "1:26", "2:parking:1", "3:parking:0"], "conflict": ["2:parking:1", "3:parking:0"], "event": "assignment_rejected", "reason": "endpoint_conflict"}, {"candidates": ["0:static", "1:26", "2:parking:1", "3:parking:1"], "conflict": ["2:parking:1", "3:parking:1"], "event": "assignment_rejected", "reason": "endpoint_conflict"}, {"candidates": ["0:static", "1:26", "2:parking:2", "3:parking:0"], "conflict": ["2:parking:2", "3:parking:0"], "event": "assignment_rejected", "reason": "endpoint_conflict"}, {"candidates": ["0:static", "1:26", "2:parking:2", "3:parking:2"], "conflict": ["2:parking:2", "3:parking:2"], "event": "assignment_rejected", "reason": "endpoint_conflict"}, {"candidates": ["0:static", "1:27", "2:parking:0", "3:parking:0"], "conflict": ["2:parking:0", "3:parking:0"], "event": "assignment_rejected", "reason": "endpoint_conflict"}, {"candidates": ["0:static", "1:27", "2:parking:0", "3:parking:1"], "conflict": ["2:parking:0", "3:parking:1"], "event": "assignment_rejected", "reason": "endpoint_conflict"}, {"candidates": ["0:static", "1:27", "2:parking:0", "3:parking:2"], "conflict": ["2:parking:0", "3:parking:2"], "event": "assignment_rejected", "reason": "endpoint_conflict"}, {"candidates": ["0:static", "1:27", "2:parking:1", "3:parking:0"], "conflict": ["2:parking:1", "3:parking:0"], "event": "assignment_rejected", "reason": "endpoint_conflict"}, {"candidates": ["0:static", "1:27", "2:parking:1", "3:parking:1"], "conflict": ["2:parking:1", "3:parking:1"], "event": "assignment_rejected", "reason": "endpoint_conflict"}, {"candidates": ["0:static", "1:27", "2:parking:2", "3:parking:0"], "conflict": ["2:parking:2", "3:parking:0"], "event": "assignment_rejected", "reason": "endpoint_conflict"}, {"candidates": ["0:static", "1:27", "2:parking:2", "3:parking:2"], "conflict": ["2:parking:2", "3:parking:2"], "event": "assignment_rejected", "reason": "endpoint_conflict"}, {"candidates": ["0:static", "1:28", "2:parking:0", "3:parking:0"], "conflict": ["2:parking:0", "3:parking:0"], "event": "assignment_rejected", "reason": "endpoint_conflict"}, {"candidates": ["0:static", "1:28", "2:parking:0", "3:parking:1"], "conflict": ["2:parking:0", "3:parking:1"], "event": "assignment_rejected", "reason": "endpoint_conflict"}, {"candidates": ["0:static", "1:28", "2:parking:0", "3:parking:2"], "conflict": ["2:parking:0", "3:parking:2"], "event": "assignment_rejected", "reason": "endpoint_conflict"}, {"candidates": ["0:static", "1:28", "2:parking:1", "3:parking:0"], "conflict": ["2:parking:1", "3:parking:0"], "event": "assignment_rejected", "reason": "endpoint_conflict"}, {"candidates": ["0:static", "1:28", "2:parking:1", "3:parking:1"], "conflict": ["2:parking:1", "3:parking:1"], "event": "assignment_rejected", "reason": "endpoint_conflict"}, {"candidates": ["0:static", "1:28", "2:parking:2", "3:parking:0"], "conflict": ["2:parking:2", "3:parking:0"], "event": "assignment_rejected", "reason": "endpoint_conflict"}, {"candidates": ["0:static", "1:28", "2:parking:2", "3:parking:2"], "conflict": ["2:parking:2", "3:parking:2"], "event": "assignment_rejected", "reason": "endpoint_conflict"}, {"candidates": ["0:static", "1:29", "2:parking:0", "3:parking:0"], "conflict": ["2:parking:0", "3:parking:0"], "event": "assignment_rejected", "reason": "endpoint_conflict"}, {"candidates": ["0:static", "1:29", "2:parking:0", "3:parking:1"], "conflict": ["2:parking:0", "3:parking:1"], "event": "assignment_rejected", "reason": "endpoint_conflict"}, {"candidates": ["0:static", "1:29", "2:parking:0", "3:parking:2"], "conflict": ["2:parking:0", "3:parking:2"], "event": "assignment_rejected", "reason": "endpoint_conflict"}, {"candidates": ["0:static", "1:29", "2:parking:1", "3:parking:0"], "conflict": ["2:parking:1", "3:parking:0"], "event": "assignment_rejected", "reason": "endpoint_conflict"}, {"candidates": ["0:static", "1:29", "2:parking:1", "3:parking:1"], "conflict": ["2:parking:1", "3:parking:1"], "event": "assignment_rejected", "reason": "endpoint_conflict"}, {"candidates": ["0:static", "1:29", "2:parking:2", "3:parking:0"], "conflict": ["2:parking:2", "3:parking:0"], "event": "assignment_rejected", "reason": "endpoint_conflict"}, {"candidates": ["0:static", "1:29", "2:parking:2", "3:parking:2"], "conflict": ["2:parking:2", "3:parking:2"], "event": "assignment_rejected", "reason": "endpoint_conflict"}, {"candidate_cost": 32.486832981, "candidates": ["0:static", "1:0", "2:parking:2", "3:parking:1"], "event": "assignment_attempt", "trial": 1}, {"candidates": ["0:static", "1:0", "2:parking:2", "3:parking:1"], "event": "priority_rejected", "priority_order": ["0", "1", "2", "3"], "reason": "path_or_serialization_conflict"}, {"candidates": ["0:static", "1:0", "2:parking:2", "3:parking:1"], "event": "priority_rejected", "priority_order": ["0", "1", "3", "2"], "reason": "path_or_serialization_conflict"}, {"candidates": ["0:static", "1:0", "2:parking:2", "3:parking:1"], "event": "priority_rejected", "priority_order": ["0", "2", "1", "3"], "reason": "path_or_serialization_conflict"}, {"candidates": ["0:static", "1:0", "2:parking:2", "3:parking:1"], "event": "priority_rejected", "priority_order": ["0", "2", "3", "1"], "reason": "path_or_serialization_conflict"}, {"candidates": ["0:static", "1:0", "2:parking:2", "3:parking:1"], "event": "priority_rejected", "priority_order": ["0", "3", "1", "2"], "reason": "path_or_serialization_conflict"}, {"candidates": ["0:static", "1:0", "2:parking:2", "3:parking:1"], "event": "priority_rejected", "priority_order": ["0", "3", "2", "1"], "reason": "path_or_serialization_conflict"}, {"candidate_cost": 32.544003745, "candidates": ["0:static", "1:1", "2:parking:2", "3:parking:1"], "event": "assignment_attempt", "trial": 2}, {"candidates": ["0:static", "1:1", "2:parking:2", "3:parking:1"], "event": "priority_rejected", "priority_order": ["0", "1", "2", "3"], "reason": "path_or_serialization_conflict"}, {"candidates": ["0:static", "1:1", "2:parking:2", "3:parking:1"], "event": "priority_rejected", "priority_order": ["0", "1", "3", "2"], "reason": "path_or_serialization_conflict"}, {"candidates": ["0:static", "1:1", "2:parking:2", "3:parking:1"], "event": "priority_rejected", "priority_order": ["0", "2", "1", "3"], "reason": "path_or_serialization_conflict"}, {"candidates": ["0:static", "1:1", "2:parking:2", "3:parking:1"], "event": "priority_rejected", "priority_order": ["0", "2", "3", "1"], "reason": "path_or_serialization_conflict"}, {"candidates": ["0:static", "1:1", "2:parking:2", "3:parking:1"], "event": "priority_rejected", "priority_order": ["0", "3", "1", "2"], "reason": "path_or_serialization_conflict"}, {"candidates": ["0:static", "1:1", "2:parking:2", "3:parking:1"], "event": "priority_rejected", "priority_order": ["0", "3", "2", "1"], "reason": "path_or_serialization_conflict"}, {"candidate_cost": 33.431688934, "candidates": ["0:static", "1:0", "2:parking:1", "3:parking:2"], "event": "assignment_attempt", "trial": 3}, {"candidates": ["0:static", "1:0", "2:parking:1", "3:parking:2"], "event": "priority_rejected", "priority_order": ["0", "1", "2", "3"], "reason": "path_or_serialization_conflict"}, {"candidates": ["0:static", "1:0", "2:parking:1", "3:parking:2"], "event": "priority_rejected", "priority_order": ["0", "1", "3", "2"], "reason": "path_or_serialization_conflict"}, {"candidates": ["0:static", "1:0", "2:parking:1", "3:parking:2"], "event": "priority_rejected", "priority_order": ["0", "2", "1", "3"], "reason": "path_or_serialization_conflict"}, {"candidates": ["0:static", "1:0", "2:parking:1", "3:parking:2"], "event": "priority_rejected", "priority_order": ["0", "2", "3", "1"], "reason": "path_or_serialization_conflict"}, {"candidates": ["0:static", "1:0", "2:parking:1", "3:parking:2"], "event": "priority_rejected", "priority_order": ["0", "3", "1", "2"], "reason": "path_or_serialization_conflict"}, {"candidates": ["0:static", "1:0", "2:parking:1", "3:parking:2"], "event": "priority_rejected", "priority_order": ["0", "3", "2", "1"], "reason": "path_or_serialization_conflict"}, {"candidate_cost": 33.488859699, "candidates": ["0:static", "1:1", "2:parking:1", "3:parking:2"], "event": "assignment_attempt", "trial": 4}, {"candidates": ["0:static", "1:1", "2:parking:1", "3:parking:2"], "event": "priority_rejected", "priority_order": ["0", "1", "2", "3"], "reason": "path_or_serialization_conflict"}, {"candidates": ["0:static", "1:1", "2:parking:1", "3:parking:2"], "event": "priority_rejected", "priority_order": ["0", "1", "3", "2"], "reason": "path_or_serialization_conflict"}, {"candidates": ["0:static", "1:1", "2:parking:1", "3:parking:2"], "event": "priority_rejected", "priority_order": ["0", "2", "1", "3"], "reason": "path_or_serialization_conflict"}, {"candidates": ["0:static", "1:1", "2:parking:1", "3:parking:2"], "event": "priority_rejected", "priority_order": ["0", "2", "3", "1"], "reason": "path_or_serialization_conflict"}, {"candidates": ["0:static", "1:1", "2:parking:1", "3:parking:2"], "event": "priority_rejected", "priority_order": ["0", "3", "1", "2"], "reason": "path_or_serialization_conflict"}, {"candidates": ["0:static", "1:1", "2:parking:1", "3:parking:2"], "event": "priority_rejected", "priority_order": ["0", "3", "2", "1"], "reason": "path_or_serialization_conflict"}, {"candidate_cost": 34.219544457, "candidates": ["0:static", "1:2", "2:parking:2", "3:parking:1"], "event": "assignment_attempt", "trial": 5}, {"candidates": ["0:static", "1:2", "2:parking:2", "3:parking:1"], "event": "priority_rejected", "priority_order": ["0", "1", "2", "3"], "reason": "path_or_serialization_conflict"}, {"candidates": ["0:static", "1:2", "2:parking:2", "3:parking:1"], "event": "priority_rejected", "priority_order": ["0", "1", "3", "2"], "reason": "path_or_serialization_conflict"}, {"candidates": ["0:static", "1:2", "2:parking:2", "3:parking:1"], "event": "priority_rejected", "priority_order": ["0", "2", "1", "3"], "reason": "path_or_serialization_conflict"}, {"candidates": ["0:static", "1:2", "2:parking:2", "3:parking:1"], "event": "priority_rejected", "priority_order": ["0", "2", "3", "1"], "reason": "path_or_serialization_conflict"}, {"candidates": ["0:static", "1:2", "2:parking:2", "3:parking:1"], "event": "priority_rejected", "priority_order": ["0", "3", "1", "2"], "reason": "path_or_serialization_conflict"}, {"candidates": ["0:static", "1:2", "2:parking:2", "3:parking:1"], "event": "priority_rejected", "priority_order": ["0", "3", "2", "1"], "reason": "path_or_serialization_conflict"}, {"candidate_cost": 34.246211251, "candidates": ["0:static", "1:3", "2:parking:2", "3:parking:1"], "event": "assignment_attempt", "trial": 6}, {"candidates": ["0:static", "1:3", "2:parking:2", "3:parking:1"], "event": "priority_rejected", "priority_order": ["0", "1", "2", "3"], "reason": "path_or_serialization_conflict"}, {"candidates": ["0:static", "1:3", "2:parking:2", "3:parking:1"], "event": "priority_rejected", "priority_order": ["0", "1", "3", "2"], "reason": "path_or_serialization_conflict"}, {"candidates": ["0:static", "1:3", "2:parking:2", "3:parking:1"], "event": "priority_rejected", "priority_order": ["0", "2", "1", "3"], "reason": "path_or_serialization_conflict"}, {"candidates": ["0:static", "1:3", "2:parking:2", "3:parking:1"], "event": "priority_rejected", "priority_order": ["0", "2", "3", "1"], "reason": "path_or_serialization_conflict"}, {"candidates": ["0:static", "1:3", "2:parking:2", "3:parking:1"], "event": "priority_rejected", "priority_order": ["0", "3", "1", "2"], "reason": "path_or_serialization_conflict"}, {"candidates": ["0:static", "1:3", "2:parking:2", "3:parking:1"], "event": "priority_rejected", "priority_order": ["0", "3", "2", "1"], "reason": "path_or_serialization_conflict"}, {"candidate_cost": 34.615773106, "candidates": ["0:static", "1:4", "2:parking:2", "3:parking:1"], "event": "assignment_attempt", "trial": 7}, {"candidates": ["0:static", "1:4", "2:parking:2", "3:parking:1"], "event": "priority_rejected", "priority_order": ["0", "1", "2", "3"], "reason": "path_or_serialization_conflict"}, {"candidates": ["0:static", "1:4", "2:parking:2", "3:parking:1"], "event": "priority_rejected", "priority_order": ["0", "1", "3", "2"], "reason": "path_or_serialization_conflict"}, {"candidates": ["0:static", "1:4", "2:parking:2", "3:parking:1"], "event": "priority_rejected", "priority_order": ["0", "2", "1", "3"], "reason": "path_or_serialization_conflict"}, {"candidates": ["0:static", "1:4", "2:parking:2", "3:parking:1"], "event": "priority_rejected", "priority_order": ["0", "2", "3", "1"], "reason": "path_or_serialization_conflict"}, {"candidates": ["0:static", "1:4", "2:parking:2", "3:parking:1"], "event": "priority_rejected", "priority_order": ["0", "3", "1", "2"], "reason": "path_or_serialization_conflict"}, {"candidates": ["0:static", "1:4", "2:parking:2", "3:parking:1"], "event": "priority_rejected", "priority_order": ["0", "3", "2", "1"], "reason": "path_or_serialization_conflict"}, {"candidate_cost": 35.164400411, "candidates": ["0:static", "1:2", "2:parking:1", "3:parking:2"], "event": "assignment_attempt", "trial": 8}, {"candidates": ["0:static", "1:2", "2:parking:1", "3:parking:2"], "event": "priority_rejected", "priority_order": ["0", "1", "2", "3"], "reason": "path_or_serialization_conflict"}, {"candidates": ["0:static", "1:2", "2:parking:1", "3:parking:2"], "event": "priority_rejected", "priority_order": ["0", "1", "3", "2"], "reason": "path_or_serialization_conflict"}, {"candidates": ["0:static", "1:2", "2:parking:1", "3:parking:2"], "event": "priority_rejected", "priority_order": ["0", "2", "1", "3"], "reason": "path_or_serialization_conflict"}, {"candidates": ["0:static", "1:2", "2:parking:1", "3:parking:2"], "event": "priority_rejected", "priority_order": ["0", "2", "3", "1"], "reason": "path_or_serialization_conflict"}, {"candidates": ["0:static", "1:2", "2:parking:1", "3:parking:2"], "event": "priority_rejected", "priority_order": ["0", "3", "1", "2"], "reason": "path_or_serialization_conflict"}, {"candidates": ["0:static", "1:2", "2:parking:1", "3:parking:2"], "event": "priority_rejected", "priority_order": ["0", "3", "2", "1"], "reason": "path_or_serialization_conflict"}, {"candidate_cost": 35.191067205, "candidates": ["0:static", "1:3", "2:parking:1", "3:parking:2"], "event": "assignment_attempt", "trial": 9}, {"candidates": ["0:static", "1:3", "2:parking:1", "3:parking:2"], "event": "priority_rejected", "priority_order": ["0", "1", "2", "3"], "reason": "path_or_serialization_conflict"}, {"candidates": ["0:static", "1:3", "2:parking:1", "3:parking:2"], "event": "priority_rejected", "priority_order": ["0", "1", "3", "2"], "reason": "path_or_serialization_conflict"}, {"candidates": ["0:static", "1:3", "2:parking:1", "3:parking:2"], "event": "priority_rejected", "priority_order": ["0", "2", "1", "3"], "reason": "path_or_serialization_conflict"}, {"candidates": ["0:static", "1:3", "2:parking:1", "3:parking:2"], "event": "priority_rejected", "priority_order": ["0", "2", "3", "1"], "reason": "path_or_serialization_conflict"}, {"candidates": ["0:static", "1:3", "2:parking:1", "3:parking:2"], "event": "priority_rejected", "priority_order": ["0", "3", "1", "2"], "reason": "path_or_serialization_conflict"}, {"candidates": ["0:static", "1:3", "2:parking:1", "3:parking:2"], "event": "priority_rejected", "priority_order": ["0", "3", "2", "1"], "reason": "path_or_serialization_conflict"}, {"candidate_cost": 35.56062906, "candidates": ["0:static", "1:4", "2:parking:1", "3:parking:2"], "event": "assignment_attempt", "trial": 10}, {"candidates": ["0:static", "1:4", "2:parking:1", "3:parking:2"], "event": "priority_rejected", "priority_order": ["0", "1", "2", "3"], "reason": "path_or_serialization_conflict"}, {"candidates": ["0:static", "1:4", "2:parking:1", "3:parking:2"], "event": "priority_rejected", "priority_order": ["0", "1", "3", "2"], "reason": "path_or_serialization_conflict"}, {"candidates": ["0:static", "1:4", "2:parking:1", "3:parking:2"], "event": "priority_rejected", "priority_order": ["0", "2", "1", "3"], "reason": "path_or_serialization_conflict"}, {"candidates": ["0:static", "1:4", "2:parking:1", "3:parking:2"], "event": "priority_rejected", "priority_order": ["0", "2", "3", "1"], "reason": "path_or_serialization_conflict"}, {"candidates": ["0:static", "1:4", "2:parking:1", "3:parking:2"], "event": "priority_rejected", "priority_order": ["0", "3", "1", "2"], "reason": "path_or_serialization_conflict"}, {"candidates": ["0:static", "1:4", "2:parking:1", "3:parking:2"], "event": "priority_rejected", "priority_order": ["0", "3", "2", "1"], "reason": "path_or_serialization_conflict"}, {"candidate_cost": 36.708203932, "candidates": ["0:static", "1:7", "2:parking:2", "3:parking:1"], "event": "assignment_attempt", "trial": 11}, {"candidates": ["0:static", "1:7", "2:parking:2", "3:parking:1"], "event": "priority_rejected", "priority_order": ["0", "1", "2", "3"], "reason": "path_or_serialization_conflict"}, {"candidates": ["0:static", "1:7", "2:parking:2", "3:parking:1"], "event": "priority_rejected", "priority_order": ["0", "1", "3", "2"], "reason": "path_or_serialization_conflict"}, {"candidates": ["0:static", "1:7", "2:parking:2", "3:parking:1"], "event": "priority_rejected", "priority_order": ["0", "2", "1", "3"], "reason": "path_or_serialization_conflict"}, {"candidates": ["0:static", "1:7", "2:parking:2", "3:parking:1"], "event": "priority_rejected", "priority_order": ["0", "2", "3", "1"], "reason": "path_or_serialization_conflict"}, {"candidates": ["0:static", "1:7", "2:parking:2", "3:parking:1"], "event": "priority_rejected", "priority_order": ["0", "3", "1", "2"], "reason": "path_or_serialization_conflict"}, {"candidates": ["0:static", "1:7", "2:parking:2", "3:parking:1"], "event": "priority_rejected", "priority_order": ["0", "3", "2", "1"], "reason": "path_or_serialization_conflict"}, {"candidate_cost": 37.055385138, "candidates": ["0:static", "1:5", "2:parking:2", "3:parking:1"], "event": "assignment_attempt", "trial": 12}, {"candidates": ["0:static", "1:5", "2:parking:2", "3:parking:1"], "event": "priority_rejected", "priority_order": ["0", "1", "2", "3"], "reason": "path_or_serialization_conflict"}, {"candidates": ["0:static", "1:5", "2:parking:2", "3:parking:1"], "event": "priority_rejected", "priority_order": ["0", "1", "3", "2"], "reason": "path_or_serialization_conflict"}, {"candidates": ["0:static", "1:5", "2:parking:2", "3:parking:1"], "event": "priority_rejected", "priority_order": ["0", "2", "1", "3"], "reason": "path_or_serialization_conflict"}, {"candidates": ["0:static", "1:5", "2:parking:2", "3:parking:1"], "event": "priority_rejected", "priority_order": ["0", "2", "3", "1"], "reason": "path_or_serialization_conflict"}, {"candidates": ["0:static", "1:5", "2:parking:2", "3:parking:1"], "event": "priority_rejected", "priority_order": ["0", "3", "1", "2"], "reason": "path_or_serialization_conflict"}, {"candidates": ["0:static", "1:5", "2:parking:2", "3:parking:1"], "event": "priority_rejected", "priority_order": ["0", "3", "2", "1"], "reason": "path_or_serialization_conflict"}, {"candidate_cost": 37.062257748, "candidates": ["0:static", "1:6", "2:parking:2", "3:parking:1"], "event": "assignment_attempt", "trial": 13}, {"candidates": ["0:static", "1:6", "2:parking:2", "3:parking:1"], "event": "priority_rejected", "priority_order": ["0", "1", "2", "3"], "reason": "path_or_serialization_conflict"}, {"candidates": ["0:static", "1:6", "2:parking:2", "3:parking:1"], "event": "priority_rejected", "priority_order": ["0", "1", "3", "2"], "reason": "path_or_serialization_conflict"}, {"candidates": ["0:static", "1:6", "2:parking:2", "3:parking:1"], "event": "priority_rejected", "priority_order": ["0", "2", "1", "3"], "reason": "path_or_serialization_conflict"}, {"candidates": ["0:static", "1:6", "2:parking:2", "3:parking:1"], "event": "priority_rejected", "priority_order": ["0", "2", "3", "1"], "reason": "path_or_serialization_conflict"}, {"candidates": ["0:static", "1:6", "2:parking:2", "3:parking:1"], "event": "priority_rejected", "priority_order": ["0", "3", "1", "2"], "reason": "path_or_serialization_conflict"}, {"candidates": ["0:static", "1:6", "2:parking:2", "3:parking:1"], "event": "priority_rejected", "priority_order": ["0", "3", "2", "1"], "reason": "path_or_serialization_conflict"}, {"candidate_cost": 37.653059886, "candidates": ["0:static", "1:7", "2:parking:1", "3:parking:2"], "event": "assignment_attempt", "trial": 14}, {"candidates": ["0:static", "1:7", "2:parking:1", "3:parking:2"], "event": "priority_rejected", "priority_order": ["0", "1", "2", "3"], "reason": "path_or_serialization_conflict"}, {"candidates": ["0:static", "1:7", "2:parking:1", "3:parking:2"], "event": "priority_rejected", "priority_order": ["0", "1", "3", "2"], "reason": "path_or_serialization_conflict"}, {"candidates": ["0:static", "1:7", "2:parking:1", "3:parking:2"], "event": "priority_rejected", "priority_order": ["0", "2", "1", "3"], "reason": "path_or_serialization_conflict"}, {"candidates": ["0:static", "1:7", "2:parking:1", "3:parking:2"], "event": "priority_rejected", "priority_order": ["0", "2", "3", "1"], "reason": "path_or_serialization_conflict"}, {"candidates": ["0:static", "1:7", "2:parking:1", "3:parking:2"], "event": "priority_rejected", "priority_order": ["0", "3", "1", "2"], "reason": "path_or_serialization_conflict"}, {"candidates": ["0:static", "1:7", "2:parking:1", "3:parking:2"], "event": "priority_rejected", "priority_order": ["0", "3", "2", "1"], "reason": "path_or_serialization_conflict"}, {"candidate_cost": 38.000241092, "candidates": ["0:static", "1:5", "2:parking:1", "3:parking:2"], "event": "assignment_attempt", "trial": 15}, {"candidates": ["0:static", "1:5", "2:parking:1", "3:parking:2"], "event": "priority_rejected", "priority_order": ["0", "1", "2", "3"], "reason": "path_or_serialization_conflict"}, {"candidates": ["0:static", "1:5", "2:parking:1", "3:parking:2"], "event": "priority_rejected", "priority_order": ["0", "1", "3", "2"], "reason": "path_or_serialization_conflict"}, {"candidates": ["0:static", "1:5", "2:parking:1", "3:parking:2"], "event": "priority_rejected", "priority_order": ["0", "2", "1", "3"], "reason": "path_or_serialization_conflict"}, {"candidates": ["0:static", "1:5", "2:parking:1", "3:parking:2"], "event": "priority_rejected", "priority_order": ["0", "2", "3", "1"], "reason": "path_or_serialization_conflict"}, {"candidates": ["0:static", "1:5", "2:parking:1", "3:parking:2"], "event": "priority_rejected", "priority_order": ["0", "3", "1", "2"], "reason": "path_or_serialization_conflict"}, {"candidates": ["0:static", "1:5", "2:parking:1", "3:parking:2"], "event": "priority_rejected", "priority_order": ["0", "3", "2", "1"], "reason": "path_or_serialization_conflict"}, {"candidate_cost": 38.007113702, "candidates": ["0:static", "1:6", "2:parking:1", "3:parking:2"], "event": "assignment_attempt", "trial": 16}, {"candidates": ["0:static", "1:6", "2:parking:1", "3:parking:2"], "event": "priority_rejected", "priority_order": ["0", "1", "2", "3"], "reason": "path_or_serialization_conflict"}, {"candidates": ["0:static", "1:6", "2:parking:1", "3:parking:2"], "event": "priority_rejected", "priority_order": ["0", "1", "3", "2"], "reason": "path_or_serialization_conflict"}, {"candidates": ["0:static", "1:6", "2:parking:1", "3:parking:2"], "event": "priority_rejected", "priority_order": ["0", "2", "1", "3"], "reason": "path_or_serialization_conflict"}, {"candidates": ["0:static", "1:6", "2:parking:1", "3:parking:2"], "event": "priority_rejected", "priority_order": ["0", "2", "3", "1"], "reason": "path_or_serialization_conflict"}, {"candidates": ["0:static", "1:6", "2:parking:1", "3:parking:2"], "event": "priority_rejected", "priority_order": ["0", "3", "1", "2"], "reason": "path_or_serialization_conflict"}, {"candidates": ["0:static", "1:6", "2:parking:1", "3:parking:2"], "event": "priority_rejected", "priority_order": ["0", "3", "2", "1"], "reason": "path_or_serialization_conflict"}, {"candidate_cost": 38.830951895, "candidates": ["0:static", "1:10", "2:parking:2", "3:parking:1"], "event": "assignment_attempt", "trial": 17}, {"candidates": ["0:static", "1:10", "2:parking:2", "3:parking:1"], "event": "priority_rejected", "priority_order": ["0", "1", "2", "3"], "reason": "path_or_serialization_conflict"}, {"candidates": ["0:static", "1:10", "2:parking:2", "3:parking:1"], "event": "priority_rejected", "priority_order": ["0", "1", "3", "2"], "reason": "path_or_serialization_conflict"}, {"candidates": ["0:static", "1:10", "2:parking:2", "3:parking:1"], "event": "priority_rejected", "priority_order": ["0", "2", "1", "3"], "reason": "path_or_serialization_conflict"}, {"candidates": ["0:static", "1:10", "2:parking:2", "3:parking:1"], "event": "priority_rejected", "priority_order": ["0", "2", "3", "1"], "reason": "path_or_serialization_conflict"}, {"candidates": ["0:static", "1:10", "2:parking:2", "3:parking:1"], "event": "priority_rejected", "priority_order": ["0", "3", "1", "2"], "reason": "path_or_serialization_conflict"}, {"candidates": ["0:static", "1:10", "2:parking:2", "3:parking:1"], "event": "priority_rejected", "priority_order": ["0", "3", "2", "1"], "reason": "path_or_serialization_conflict"}, {"candidate_cost": 39.775807849, "candidates": ["0:static", "1:10", "2:parking:1", "3:parking:2"], "event": "assignment_attempt", "trial": 18}, {"candidates": ["0:static", "1:10", "2:parking:1", "3:parking:2"], "event": "priority_rejected", "priority_order": ["0", "1", "2", "3"], "reason": "path_or_serialization_conflict"}, {"candidates": ["0:static", "1:10", "2:parking:1", "3:parking:2"], "event": "priority_rejected", "priority_order": ["0", "1", "3", "2"], "reason": "path_or_serialization_conflict"}, {"candidates": ["0:static", "1:10", "2:parking:1", "3:parking:2"], "event": "priority_rejected", "priority_order": ["0", "2", "1", "3"], "reason": "path_or_serialization_conflict"}, {"candidates": ["0:static", "1:10", "2:parking:1", "3:parking:2"], "event": "priority_rejected", "priority_order": ["0", "2", "3", "1"], "reason": "path_or_serialization_conflict"}, {"candidates": ["0:static", "1:10", "2:parking:1", "3:parking:2"], "event": "priority_rejected", "priority_order": ["0", "3", "1", "2"], "reason": "path_or_serialization_conflict"}, {"candidates": ["0:static", "1:10", "2:parking:1", "3:parking:2"], "event": "priority_rejected", "priority_order": ["0", "3", "2", "1"], "reason": "path_or_serialization_conflict"}, {"candidate_cost": 40.0, "candidates": ["0:static", "1:8", "2:parking:2", "3:parking:1"], "event": "assignment_attempt", "trial": 19}, {"candidates": ["0:static", "1:8", "2:parking:2", "3:parking:1"], "event": "priority_rejected", "priority_order": ["0", "1", "2", "3"], "reason": "path_or_serialization_conflict"}, {"candidates": ["0:static", "1:8", "2:parking:2", "3:parking:1"], "event": "priority_rejected", "priority_order": ["0", "1", "3", "2"], "reason": "path_or_serialization_conflict"}, {"candidates": ["0:static", "1:8", "2:parking:2", "3:parking:1"], "event": "priority_rejected", "priority_order": ["0", "2", "1", "3"], "reason": "path_or_serialization_conflict"}, {"candidates": ["0:static", "1:8", "2:parking:2", "3:parking:1"], "event": "priority_rejected", "priority_order": ["0", "2", "3", "1"], "reason": "path_or_serialization_conflict"}, {"candidates": ["0:static", "1:8", "2:parking:2", "3:parking:1"], "event": "priority_rejected", "priority_order": ["0", "3", "1", "2"], "reason": "path_or_serialization_conflict"}, {"candidates": ["0:static", "1:8", "2:parking:2", "3:parking:1"], "event": "priority_rejected", "priority_order": ["0", "3", "2", "1"], "reason": "path_or_serialization_conflict"}, {"candidate_cost": 40.0, "candidates": ["0:static", "1:9", "2:parking:2", "3:parking:1"], "event": "assignment_attempt", "trial": 20}, {"candidates": ["0:static", "1:9", "2:parking:2", "3:parking:1"], "event": "priority_rejected", "priority_order": ["0", "1", "2", "3"], "reason": "path_or_serialization_conflict"}, {"candidates": ["0:static", "1:9", "2:parking:2", "3:parking:1"], "event": "priority_rejected", "priority_order": ["0", "1", "3", "2"], "reason": "path_or_serialization_conflict"}, {"candidates": ["0:static", "1:9", "2:parking:2", "3:parking:1"], "event": "priority_rejected", "priority_order": ["0", "2", "1", "3"], "reason": "path_or_serialization_conflict"}, {"candidates": ["0:static", "1:9", "2:parking:2", "3:parking:1"], "event": "priority_rejected", "priority_order": ["0", "2", "3", "1"], "reason": "path_or_serialization_conflict"}, {"candidates": ["0:static", "1:9", "2:parking:2", "3:parking:1"], "event": "priority_rejected", "priority_order": ["0", "3", "1", "2"], "reason": "path_or_serialization_conflict"}, {"candidates": ["0:static", "1:9", "2:parking:2", "3:parking:1"], "event": "priority_rejected", "priority_order": ["0", "3", "2", "1"], "reason": "path_or_serialization_conflict"}, {"candidate_cost": 40.944855954, "candidates": ["0:static", "1:8", "2:parking:1", "3:parking:2"], "event": "assignment_attempt", "trial": 21}, {"candidates": ["0:static", "1:8", "2:parking:1", "3:parking:2"], "event": "priority_rejected", "priority_order": ["0", "1", "2", "3"], "reason": "path_or_serialization_conflict"}, {"candidates": ["0:static", "1:8", "2:parking:1", "3:parking:2"], "event": "priority_rejected", "priority_order": ["0", "1", "3", "2"], "reason": "path_or_serialization_conflict"}, {"candidates": ["0:static", "1:8", "2:parking:1", "3:parking:2"], "event": "priority_rejected", "priority_order": ["0", "2", "1", "3"], "reason": "path_or_serialization_conflict"}, {"candidates": ["0:static", "1:8", "2:parking:1", "3:parking:2"], "event": "priority_rejected", "priority_order": ["0", "2", "3", "1"], "reason": "path_or_serialization_conflict"}, {"candidates": ["0:static", "1:8", "2:parking:1", "3:parking:2"], "event": "priority_rejected", "priority_order": ["0", "3", "1", "2"], "reason": "path_or_serialization_conflict"}, {"candidates": ["0:static", "1:8", "2:parking:1", "3:parking:2"], "event": "priority_rejected", "priority_order": ["0", "3", "2", "1"], "reason": "path_or_serialization_conflict"}, {"candidate_cost": 40.944855954, "candidates": ["0:static", "1:9", "2:parking:1", "3:parking:2"], "event": "assignment_attempt", "trial": 22}, {"candidates": ["0:static", "1:9", "2:parking:1", "3:parking:2"], "event": "priority_rejected", "priority_order": ["0", "1", "2", "3"], "reason": "path_or_serialization_conflict"}, {"candidates": ["0:static", "1:9", "2:parking:1", "3:parking:2"], "event": "priority_rejected", "priority_order": ["0", "1", "3", "2"], "reason": "path_or_serialization_conflict"}, {"candidates": ["0:static", "1:9", "2:parking:1", "3:parking:2"], "event": "priority_rejected", "priority_order": ["0", "2", "1", "3"], "reason": "path_or_serialization_conflict"}, {"candidates": ["0:static", "1:9", "2:parking:1", "3:parking:2"], "event": "priority_rejected", "priority_order": ["0", "2", "3", "1"], "reason": "path_or_serialization_conflict"}, {"candidates": ["0:static", "1:9", "2:parking:1", "3:parking:2"], "event": "priority_rejected", "priority_order": ["0", "3", "1", "2"], "reason": "path_or_serialization_conflict"}, {"candidates": ["0:static", "1:9", "2:parking:1", "3:parking:2"], "event": "priority_rejected", "priority_order": ["0", "3", "2", "1"], "reason": "path_or_serialization_conflict"}, {"candidate_cost": 41.0, "candidates": ["0:static", "1:13", "2:parking:2", "3:parking:1"], "event": "assignment_attempt", "trial": 23}, {"candidates": ["0:static", "1:13", "2:parking:2", "3:parking:1"], "event": "priority_rejected", "priority_order": ["0", "1", "2", "3"], "reason": "path_or_serialization_conflict"}, {"candidates": ["0:static", "1:13", "2:parking:2", "3:parking:1"], "event": "priority_rejected", "priority_order": ["0", "1", "3", "2"], "reason": "path_or_serialization_conflict"}, {"candidates": ["0:static", "1:13", "2:parking:2", "3:parking:1"], "event": "priority_rejected", "priority_order": ["0", "2", "1", "3"], "reason": "path_or_serialization_conflict"}, {"candidates": ["0:static", "1:13", "2:parking:2", "3:parking:1"], "event": "priority_rejected", "priority_order": ["0", "2", "3", "1"], "reason": "path_or_serialization_conflict"}, {"candidates": ["0:static", "1:13", "2:parking:2", "3:parking:1"], "event": "priority_rejected", "priority_order": ["0", "3", "1", "2"], "reason": "path_or_serialization_conflict"}, {"candidates": ["0:static", "1:13", "2:parking:2", "3:parking:1"], "event": "priority_rejected", "priority_order": ["0", "3", "2", "1"], "reason": "path_or_serialization_conflict"}, {"candidate_cost": 41.944855954, "candidates": ["0:static", "1:13", "2:parking:1", "3:parking:2"], "event": "assignment_attempt", "trial": 24}, {"candidates": ["0:static", "1:13", "2:parking:1", "3:parking:2"], "event": "priority_rejected", "priority_order": ["0", "1", "2", "3"], "reason": "path_or_serialization_conflict"}, {"candidates": ["0:static", "1:13", "2:parking:1", "3:parking:2"], "event": "priority_rejected", "priority_order": ["0", "1", "3", "2"], "reason": "path_or_serialization_conflict"}, {"candidates": ["0:static", "1:13", "2:parking:1", "3:parking:2"], "event": "priority_rejected", "priority_order": ["0", "2", "1", "3"], "reason": "path_or_serialization_conflict"}, {"candidates": ["0:static", "1:13", "2:parking:1", "3:parking:2"], "event": "priority_rejected", "priority_order": ["0", "2", "3", "1"], "reason": "path_or_serialization_conflict"}, {"candidates": ["0:static", "1:13", "2:parking:1", "3:parking:2"], "event": "priority_rejected", "priority_order": ["0", "3", "1", "2"], "reason": "path_or_serialization_conflict"}, {"candidates": ["0:static", "1:13", "2:parking:1", "3:parking:2"], "event": "priority_rejected", "priority_order": ["0", "3", "2", "1"], "reason": "path_or_serialization_conflict"}, {"candidate_cost": 43.055385138, "candidates": ["0:static", "1:11", "2:parking:2", "3:parking:1"], "event": "assignment_attempt", "trial": 25}, {"candidates": ["0:static", "1:11", "2:parking:2", "3:parking:1"], "event": "priority_rejected", "priority_order": ["0", "1", "2", "3"], "reason": "path_or_serialization_conflict"}, {"candidates": ["0:static", "1:11", "2:parking:2", "3:parking:1"], "event": "priority_rejected", "priority_order": ["0", "1", "3", "2"], "reason": "path_or_serialization_conflict"}, {"candidates": ["0:static", "1:11", "2:parking:2", "3:parking:1"], "event": "priority_rejected", "priority_order": ["0", "2", "1", "3"], "reason": "path_or_serialization_conflict"}, {"candidates": ["0:static", "1:11", "2:parking:2", "3:parking:1"], "event": "priority_rejected", "priority_order": ["0", "2", "3", "1"], "reason": "path_or_serialization_conflict"}, {"candidates": ["0:static", "1:11", "2:parking:2", "3:parking:1"], "event": "priority_rejected", "priority_order": ["0", "3", "1", "2"], "reason": "path_or_serialization_conflict"}, {"candidates": ["0:static", "1:11", "2:parking:2", "3:parking:1"], "event": "priority_rejected", "priority_order": ["0", "3", "2", "1"], "reason": "path_or_serialization_conflict"}, {"candidate_cost": 43.062257748, "candidates": ["0:static", "1:12", "2:parking:2", "3:parking:1"], "event": "assignment_attempt", "trial": 26}, {"candidates": ["0:static", "1:12", "2:parking:2", "3:parking:1"], "event": "priority_rejected", "priority_order": ["0", "1", "2", "3"], "reason": "path_or_serialization_conflict"}, {"candidates": ["0:static", "1:12", "2:parking:2", "3:parking:1"], "event": "priority_rejected", "priority_order": ["0", "1", "3", "2"], "reason": "path_or_serialization_conflict"}, {"candidates": ["0:static", "1:12", "2:parking:2", "3:parking:1"], "event": "priority_rejected", "priority_order": ["0", "2", "1", "3"], "reason": "path_or_serialization_conflict"}, {"candidates": ["0:static", "1:12", "2:parking:2", "3:parking:1"], "event": "priority_rejected", "priority_order": ["0", "2", "3", "1"], "reason": "path_or_serialization_conflict"}, {"candidates": ["0:static", "1:12", "2:parking:2", "3:parking:1"], "event": "priority_rejected", "priority_order": ["0", "3", "1", "2"], "reason": "path_or_serialization_conflict"}, {"candidates": ["0:static", "1:12", "2:parking:2", "3:parking:1"], "event": "priority_rejected", "priority_order": ["0", "3", "2", "1"], "reason": "path_or_serialization_conflict"}, {"candidate_cost": 43.242640687, "candidates": ["0:static", "1:16", "2:parking:2", "3:parking:1"], "event": "assignment_attempt", "trial": 27}, {"candidates": ["0:static", "1:16", "2:parking:2", "3:parking:1"], "event": "priority_rejected", "priority_order": ["0", "1", "2", "3"], "reason": "path_or_serialization_conflict"}, {"candidates": ["0:static", "1:16", "2:parking:2", "3:parking:1"], "event": "priority_rejected", "priority_order": ["0", "1", "3", "2"], "reason": "path_or_serialization_conflict"}, {"candidates": ["0:static", "1:16", "2:parking:2", "3:parking:1"], "event": "priority_rejected", "priority_order": ["0", "2", "1", "3"], "reason": "path_or_serialization_conflict"}, {"candidates": ["0:static", "1:16", "2:parking:2", "3:parking:1"], "event": "priority_rejected", "priority_order": ["0", "2", "3", "1"], "reason": "path_or_serialization_conflict"}, {"candidates": ["0:static", "1:16", "2:parking:2", "3:parking:1"], "event": "priority_rejected", "priority_order": ["0", "3", "1", "2"], "reason": "path_or_serialization_conflict"}, {"candidates": ["0:static", "1:16", "2:parking:2", "3:parking:1"], "event": "priority_rejected", "priority_order": ["0", "3", "2", "1"], "reason": "path_or_serialization_conflict"}, {"candidate_cost": 44.000241092, "candidates": ["0:static", "1:11", "2:parking:1", "3:parking:2"], "event": "assignment_attempt", "trial": 28}, {"candidates": ["0:static", "1:11", "2:parking:1", "3:parking:2"], "event": "priority_rejected", "priority_order": ["0", "1", "2", "3"], "reason": "path_or_serialization_conflict"}, {"candidates": ["0:static", "1:11", "2:parking:1", "3:parking:2"], "event": "priority_rejected", "priority_order": ["0", "1", "3", "2"], "reason": "path_or_serialization_conflict"}, {"candidates": ["0:static", "1:11", "2:parking:1", "3:parking:2"], "event": "priority_rejected", "priority_order": ["0", "2", "1", "3"], "reason": "path_or_serialization_conflict"}, {"candidates": ["0:static", "1:11", "2:parking:1", "3:parking:2"], "event": "priority_rejected", "priority_order": ["0", "2", "3", "1"], "reason": "path_or_serialization_conflict"}, {"candidates": ["0:static", "1:11", "2:parking:1", "3:parking:2"], "event": "priority_rejected", "priority_order": ["0", "3", "1", "2"], "reason": "path_or_serialization_conflict"}, {"candidates": ["0:static", "1:11", "2:parking:1", "3:parking:2"], "event": "priority_rejected", "priority_order": ["0", "3", "2", "1"], "reason": "path_or_serialization_conflict"}, {"candidate_cost": 44.007113702, "candidates": ["0:static", "1:12", "2:parking:1", "3:parking:2"], "event": "assignment_attempt", "trial": 29}, {"candidates": ["0:static", "1:12", "2:parking:1", "3:parking:2"], "event": "priority_rejected", "priority_order": ["0", "1", "2", "3"], "reason": "path_or_serialization_conflict"}, {"candidates": ["0:static", "1:12", "2:parking:1", "3:parking:2"], "event": "priority_rejected", "priority_order": ["0", "1", "3", "2"], "reason": "path_or_serialization_conflict"}, {"candidates": ["0:static", "1:12", "2:parking:1", "3:parking:2"], "event": "priority_rejected", "priority_order": ["0", "2", "1", "3"], "reason": "path_or_serialization_conflict"}, {"candidates": ["0:static", "1:12", "2:parking:1", "3:parking:2"], "event": "priority_rejected", "priority_order": ["0", "2", "3", "1"], "reason": "path_or_serialization_conflict"}, {"candidates": ["0:static", "1:12", "2:parking:1", "3:parking:2"], "event": "priority_rejected", "priority_order": ["0", "3", "1", "2"], "reason": "path_or_serialization_conflict"}, {"candidates": ["0:static", "1:12", "2:parking:1", "3:parking:2"], "event": "priority_rejected", "priority_order": ["0", "3", "2", "1"], "reason": "path_or_serialization_conflict"}, {"candidate_cost": 44.187496641, "candidates": ["0:static", "1:16", "2:parking:1", "3:parking:2"], "event": "assignment_attempt", "trial": 30}, {"candidates": ["0:static", "1:16", "2:parking:1", "3:parking:2"], "event": "priority_rejected", "priority_order": ["0", "1", "2", "3"], "reason": "path_or_serialization_conflict"}, {"candidates": ["0:static", "1:16", "2:parking:1", "3:parking:2"], "event": "priority_rejected", "priority_order": ["0", "1", "3", "2"], "reason": "path_or_serialization_conflict"}, {"candidates": ["0:static", "1:16", "2:parking:1", "3:parking:2"], "event": "priority_rejected", "priority_order": ["0", "2", "1", "3"], "reason": "path_or_serialization_conflict"}, {"candidates": ["0:static", "1:16", "2:parking:1", "3:parking:2"], "event": "priority_rejected", "priority_order": ["0", "2", "3", "1"], "reason": "path_or_serialization_conflict"}, {"candidates": ["0:static", "1:16", "2:parking:1", "3:parking:2"], "event": "priority_rejected", "priority_order": ["0", "3", "1", "2"], "reason": "path_or_serialization_conflict"}, {"candidates": ["0:static", "1:16", "2:parking:1", "3:parking:2"], "event": "priority_rejected", "priority_order": ["0", "3", "2", "1"], "reason": "path_or_serialization_conflict"}, {"candidate_cost": 45.605551275, "candidates": ["0:static", "1:19", "2:parking:2", "3:parking:1"], "event": "assignment_attempt", "trial": 31}, {"candidates": ["0:static", "1:19", "2:parking:2", "3:parking:1"], "event": "priority_rejected", "priority_order": ["0", "1", "2", "3"], "reason": "path_or_serialization_conflict"}, {"candidates": ["0:static", "1:19", "2:parking:2", "3:parking:1"], "event": "priority_rejected", "priority_order": ["0", "1", "3", "2"], "reason": "path_or_serialization_conflict"}, {"candidates": ["0:static", "1:19", "2:parking:2", "3:parking:1"], "event": "priority_rejected", "priority_order": ["0", "2", "1", "3"], "reason": "path_or_serialization_conflict"}, {"candidates": ["0:static", "1:19", "2:parking:2", "3:parking:1"], "event": "priority_rejected", "priority_order": ["0", "2", "3", "1"], "reason": "path_or_serialization_conflict"}, {"candidates": ["0:static", "1:19", "2:parking:2", "3:parking:1"], "event": "priority_rejected", "priority_order": ["0", "3", "1", "2"], "reason": "path_or_serialization_conflict"}, {"candidates": ["0:static", "1:19", "2:parking:2", "3:parking:1"], "event": "priority_rejected", "priority_order": ["0", "3", "2", "1"], "reason": "path_or_serialization_conflict"}, {"candidate_cost": 45.828427125, "candidates": ["0:static", "1:20", "2:parking:2", "3:parking:1"], "event": "assignment_attempt", "trial": 32}, {"candidates": ["0:static", "1:20", "2:parking:2", "3:parking:1"], "event": "priority_rejected", "priority_order": ["0", "1", "2", "3"], "reason": "path_or_serialization_conflict"}, {"candidates": ["0:static", "1:20", "2:parking:2", "3:parking:1"], "event": "priority_rejected", "priority_order": ["0", "1", "3", "2"], "reason": "path_or_serialization_conflict"}, {"candidates": ["0:static", "1:20", "2:parking:2", "3:parking:1"], "event": "priority_rejected", "priority_order": ["0", "2", "1", "3"], "reason": "path_or_serialization_conflict"}, {"candidates": ["0:static", "1:20", "2:parking:2", "3:parking:1"], "event": "priority_rejected", "priority_order": ["0", "2", "3", "1"], "reason": "path_or_serialization_conflict"}, {"candidates": ["0:static", "1:20", "2:parking:2", "3:parking:1"], "event": "priority_rejected", "priority_order": ["0", "3", "1", "2"], "reason": "path_or_serialization_conflict"}, {"candidates": ["0:static", "1:20", "2:parking:2", "3:parking:1"], "event": "priority_rejected", "priority_order": ["0", "3", "2", "1"], "reason": "path_or_serialization_conflict"}, {"candidate_cost": 46.219544457, "candidates": ["0:static", "1:14", "2:parking:2", "3:parking:1"], "event": "assignment_attempt", "trial": 33}, {"candidates": ["0:static", "1:14", "2:parking:2", "3:parking:1"], "event": "priority_rejected", "priority_order": ["0", "1", "2", "3"], "reason": "path_or_serialization_conflict"}, {"candidates": ["0:static", "1:14", "2:parking:2", "3:parking:1"], "event": "priority_rejected", "priority_order": ["0", "1", "3", "2"], "reason": "path_or_serialization_conflict"}, {"candidates": ["0:static", "1:14", "2:parking:2", "3:parking:1"], "event": "priority_rejected", "priority_order": ["0", "2", "1", "3"], "reason": "path_or_serialization_conflict"}, {"candidates": ["0:static", "1:14", "2:parking:2", "3:parking:1"], "event": "priority_rejected", "priority_order": ["0", "2", "3", "1"], "reason": "path_or_serialization_conflict"}, {"candidates": ["0:static", "1:14", "2:parking:2", "3:parking:1"], "event": "priority_rejected", "priority_order": ["0", "3", "1", "2"], "reason": "path_or_serialization_conflict"}, {"candidates": ["0:static", "1:14", "2:parking:2", "3:parking:1"], "event": "priority_rejected", "priority_order": ["0", "3", "2", "1"], "reason": "path_or_serialization_conflict"}, {"candidate_cost": 46.246211251, "candidates": ["0:static", "1:15", "2:parking:2", "3:parking:1"], "event": "assignment_attempt", "trial": 34}, {"candidates": ["0:static", "1:15", "2:parking:2", "3:parking:1"], "event": "priority_rejected", "priority_order": ["0", "1", "2", "3"], "reason": "path_or_serialization_conflict"}, {"candidates": ["0:static", "1:15", "2:parking:2", "3:parking:1"], "event": "priority_rejected", "priority_order": ["0", "1", "3", "2"], "reason": "path_or_serialization_conflict"}, {"candidates": ["0:static", "1:15", "2:parking:2", "3:parking:1"], "event": "priority_rejected", "priority_order": ["0", "2", "1", "3"], "reason": "path_or_serialization_conflict"}, {"candidates": ["0:static", "1:15", "2:parking:2", "3:parking:1"], "event": "priority_rejected", "priority_order": ["0", "2", "3", "1"], "reason": "path_or_serialization_conflict"}, {"candidates": ["0:static", "1:15", "2:parking:2", "3:parking:1"], "event": "priority_rejected", "priority_order": ["0", "3", "1", "2"], "reason": "path_or_serialization_conflict"}, {"candidates": ["0:static", "1:15", "2:parking:2", "3:parking:1"], "event": "priority_rejected", "priority_order": ["0", "3", "2", "1"], "reason": "path_or_serialization_conflict"}, {"candidate_cost": 46.550407229, "candidates": ["0:static", "1:19", "2:parking:1", "3:parking:2"], "event": "assignment_attempt", "trial": 35}, {"candidates": ["0:static", "1:19", "2:parking:1", "3:parking:2"], "event": "priority_rejected", "priority_order": ["0", "1", "2", "3"], "reason": "path_or_serialization_conflict"}, {"candidates": ["0:static", "1:19", "2:parking:1", "3:parking:2"], "event": "priority_rejected", "priority_order": ["0", "1", "3", "2"], "reason": "path_or_serialization_conflict"}, {"candidates": ["0:static", "1:19", "2:parking:1", "3:parking:2"], "event": "priority_rejected", "priority_order": ["0", "2", "1", "3"], "reason": "path_or_serialization_conflict"}, {"candidates": ["0:static", "1:19", "2:parking:1", "3:parking:2"], "event": "priority_rejected", "priority_order": ["0", "2", "3", "1"], "reason": "path_or_serialization_conflict"}, {"candidates": ["0:static", "1:19", "2:parking:1", "3:parking:2"], "event": "priority_rejected", "priority_order": ["0", "3", "1", "2"], "reason": "path_or_serialization_conflict"}, {"candidates": ["0:static", "1:19", "2:parking:1", "3:parking:2"], "event": "priority_rejected", "priority_order": ["0", "3", "2", "1"], "reason": "path_or_serialization_conflict"}, {"candidate_cost": 46.773283079, "candidates": ["0:static", "1:20", "2:parking:1", "3:parking:2"], "event": "assignment_attempt", "trial": 36}, {"candidates": ["0:static", "1:20", "2:parking:1", "3:parking:2"], "event": "priority_rejected", "priority_order": ["0", "1", "2", "3"], "reason": "path_or_serialization_conflict"}, {"candidates": ["0:static", "1:20", "2:parking:1", "3:parking:2"], "event": "priority_rejected", "priority_order": ["0", "1", "3", "2"], "reason": "path_or_serialization_conflict"}, {"candidates": ["0:static", "1:20", "2:parking:1", "3:parking:2"], "event": "priority_rejected", "priority_order": ["0", "2", "1", "3"], "reason": "path_or_serialization_conflict"}, {"candidates": ["0:static", "1:20", "2:parking:1", "3:parking:2"], "event": "priority_rejected", "priority_order": ["0", "2", "3", "1"], "reason": "path_or_serialization_conflict"}, {"candidates": ["0:static", "1:20", "2:parking:1", "3:parking:2"], "event": "priority_rejected", "priority_order": ["0", "3", "1", "2"], "reason": "path_or_serialization_conflict"}, {"candidates": ["0:static", "1:20", "2:parking:1", "3:parking:2"], "event": "priority_rejected", "priority_order": ["0", "3", "2", "1"], "reason": "path_or_serialization_conflict"}, {"candidate_cost": 47.164400411, "candidates": ["0:static", "1:14", "2:parking:1", "3:parking:2"], "event": "assignment_attempt", "trial": 37}, {"candidates": ["0:static", "1:14", "2:parking:1", "3:parking:2"], "event": "priority_rejected", "priority_order": ["0", "1", "2", "3"], "reason": "path_or_serialization_conflict"}, {"candidates": ["0:static", "1:14", "2:parking:1", "3:parking:2"], "event": "priority_rejected", "priority_order": ["0", "1", "3", "2"], "reason": "path_or_serialization_conflict"}, {"candidates": ["0:static", "1:14", "2:parking:1", "3:parking:2"], "event": "priority_rejected", "priority_order": ["0", "2", "1", "3"], "reason": "path_or_serialization_conflict"}, {"candidates": ["0:static", "1:14", "2:parking:1", "3:parking:2"], "event": "priority_rejected", "priority_order": ["0", "2", "3", "1"], "reason": "path_or_serialization_conflict"}, {"candidates": ["0:static", "1:14", "2:parking:1", "3:parking:2"], "event": "priority_rejected", "priority_order": ["0", "3", "1", "2"], "reason": "path_or_serialization_conflict"}, {"candidates": ["0:static", "1:14", "2:parking:1", "3:parking:2"], "event": "priority_rejected", "priority_order": ["0", "3", "2", "1"], "reason": "path_or_serialization_conflict"}, {"candidate_cost": 47.191067205, "candidates": ["0:static", "1:15", "2:parking:1", "3:parking:2"], "event": "assignment_attempt", "trial": 38}, {"candidates": ["0:static", "1:15", "2:parking:1", "3:parking:2"], "event": "priority_rejected", "priority_order": ["0", "1", "2", "3"], "reason": "path_or_serialization_conflict"}, {"candidates": ["0:static", "1:15", "2:parking:1", "3:parking:2"], "event": "priority_rejected", "priority_order": ["0", "1", "3", "2"], "reason": "path_or_serialization_conflict"}, {"candidates": ["0:static", "1:15", "2:parking:1", "3:parking:2"], "event": "priority_rejected", "priority_order": ["0", "2", "1", "3"], "reason": "path_or_serialization_conflict"}, {"candidates": ["0:static", "1:15", "2:parking:1", "3:parking:2"], "event": "priority_rejected", "priority_order": ["0", "2", "3", "1"], "reason": "path_or_serialization_conflict"}, {"candidates": ["0:static", "1:15", "2:parking:1", "3:parking:2"], "event": "priority_rejected", "priority_order": ["0", "3", "1", "2"], "reason": "path_or_serialization_conflict"}, {"candidates": ["0:static", "1:15", "2:parking:1", "3:parking:2"], "event": "priority_rejected", "priority_order": ["0", "3", "2", "1"], "reason": "path_or_serialization_conflict"}, {"candidate_cost": 49.486832981, "candidates": ["0:static", "1:17", "2:parking:2", "3:parking:1"], "event": "assignment_attempt", "trial": 39}, {"candidates": ["0:static", "1:17", "2:parking:2", "3:parking:1"], "event": "priority_rejected", "priority_order": ["0", "1", "2", "3"], "reason": "path_or_serialization_conflict"}, {"candidates": ["0:static", "1:17", "2:parking:2", "3:parking:1"], "event": "priority_rejected", "priority_order": ["0", "1", "3", "2"], "reason": "path_or_serialization_conflict"}, {"candidates": ["0:static", "1:17", "2:parking:2", "3:parking:1"], "event": "priority_rejected", "priority_order": ["0", "2", "1", "3"], "reason": "path_or_serialization_conflict"}, {"candidates": ["0:static", "1:17", "2:parking:2", "3:parking:1"], "event": "priority_rejected", "priority_order": ["0", "2", "3", "1"], "reason": "path_or_serialization_conflict"}, {"candidates": ["0:static", "1:17", "2:parking:2", "3:parking:1"], "event": "priority_rejected", "priority_order": ["0", "3", "1", "2"], "reason": "path_or_serialization_conflict"}, {"candidates": ["0:static", "1:17", "2:parking:2", "3:parking:1"], "event": "priority_rejected", "priority_order": ["0", "3", "2", "1"], "reason": "path_or_serialization_conflict"}, {"candidate_cost": 49.544003745, "candidates": ["0:static", "1:18", "2:parking:2", "3:parking:1"], "event": "assignment_attempt", "trial": 40}, {"candidates": ["0:static", "1:18", "2:parking:2", "3:parking:1"], "event": "priority_rejected", "priority_order": ["0", "1", "2", "3"], "reason": "path_or_serialization_conflict"}, {"candidates": ["0:static", "1:18", "2:parking:2", "3:parking:1"], "event": "priority_rejected", "priority_order": ["0", "1", "3", "2"], "reason": "path_or_serialization_conflict"}, {"candidates": ["0:static", "1:18", "2:parking:2", "3:parking:1"], "event": "priority_rejected", "priority_order": ["0", "2", "1", "3"], "reason": "path_or_serialization_conflict"}, {"candidates": ["0:static", "1:18", "2:parking:2", "3:parking:1"], "event": "priority_rejected", "priority_order": ["0", "2", "3", "1"], "reason": "path_or_serialization_conflict"}, {"candidates": ["0:static", "1:18", "2:parking:2", "3:parking:1"], "event": "priority_rejected", "priority_order": ["0", "3", "1", "2"], "reason": "path_or_serialization_conflict"}, {"candidates": ["0:static", "1:18", "2:parking:2", "3:parking:1"], "event": "priority_rejected", "priority_order": ["0", "3", "2", "1"], "reason": "path_or_serialization_conflict"}, {"candidate_cost": 50.16227766, "candidates": ["0:static", "1:24", "2:parking:2", "3:parking:1"], "event": "assignment_attempt", "trial": 41}, {"candidates": ["0:static", "1:24", "2:parking:2", "3:parking:1"], "event": "priority_rejected", "priority_order": ["0", "1", "2", "3"], "reason": "path_or_serialization_conflict"}, {"candidates": ["0:static", "1:24", "2:parking:2", "3:parking:1"], "event": "priority_rejected", "priority_order": ["0", "1", "3", "2"], "reason": "path_or_serialization_conflict"}, {"candidates": ["0:static", "1:24", "2:parking:2", "3:parking:1"], "event": "priority_rejected", "priority_order": ["0", "2", "1", "3"], "reason": "path_or_serialization_conflict"}, {"candidates": ["0:static", "1:24", "2:parking:2", "3:parking:1"], "event": "priority_rejected", "priority_order": ["0", "2", "3", "1"], "reason": "path_or_serialization_conflict"}, {"candidates": ["0:static", "1:24", "2:parking:2", "3:parking:1"], "event": "priority_rejected", "priority_order": ["0", "3", "1", "2"], "reason": "path_or_serialization_conflict"}, {"candidates": ["0:static", "1:24", "2:parking:2", "3:parking:1"], "event": "priority_rejected", "priority_order": ["0", "3", "2", "1"], "reason": "path_or_serialization_conflict"}, {"candidate_cost": 50.431688934, "candidates": ["0:static", "1:17", "2:parking:1", "3:parking:2"], "event": "assignment_attempt", "trial": 42}, {"candidates": ["0:static", "1:17", "2:parking:1", "3:parking:2"], "event": "priority_rejected", "priority_order": ["0", "1", "2", "3"], "reason": "path_or_serialization_conflict"}, {"candidates": ["0:static", "1:17", "2:parking:1", "3:parking:2"], "event": "priority_rejected", "priority_order": ["0", "1", "3", "2"], "reason": "path_or_serialization_conflict"}, {"candidates": ["0:static", "1:17", "2:parking:1", "3:parking:2"], "event": "priority_rejected", "priority_order": ["0", "2", "1", "3"], "reason": "path_or_serialization_conflict"}, {"candidates": ["0:static", "1:17", "2:parking:1", "3:parking:2"], "event": "priority_rejected", "priority_order": ["0", "2", "3", "1"], "reason": "path_or_serialization_conflict"}, {"candidates": ["0:static", "1:17", "2:parking:1", "3:parking:2"], "event": "priority_rejected", "priority_order": ["0", "3", "1", "2"], "reason": "path_or_serialization_conflict"}, {"candidates": ["0:static", "1:17", "2:parking:1", "3:parking:2"], "event": "priority_rejected", "priority_order": ["0", "3", "2", "1"], "reason": "path_or_serialization_conflict"}, {"candidate_cost": 50.488859699, "candidates": ["0:static", "1:18", "2:parking:1", "3:parking:2"], "event": "assignment_attempt", "trial": 43}, {"candidates": ["0:static", "1:18", "2:parking:1", "3:parking:2"], "event": "priority_rejected", "priority_order": ["0", "1", "2", "3"], "reason": "path_or_serialization_conflict"}, {"candidates": ["0:static", "1:18", "2:parking:1", "3:parking:2"], "event": "priority_rejected", "priority_order": ["0", "1", "3", "2"], "reason": "path_or_serialization_conflict"}, {"candidates": ["0:static", "1:18", "2:parking:1", "3:parking:2"], "event": "priority_rejected", "priority_order": ["0", "2", "1", "3"], "reason": "path_or_serialization_conflict"}, {"candidates": ["0:static", "1:18", "2:parking:1", "3:parking:2"], "event": "priority_rejected", "priority_order": ["0", "2", "3", "1"], "reason": "path_or_serialization_conflict"}, {"candidates": ["0:static", "1:18", "2:parking:1", "3:parking:2"], "event": "priority_rejected", "priority_order": ["0", "3", "1", "2"], "reason": "path_or_serialization_conflict"}, {"candidates": ["0:static", "1:18", "2:parking:1", "3:parking:2"], "event": "priority_rejected", "priority_order": ["0", "3", "2", "1"], "reason": "path_or_serialization_conflict"}, {"candidate_cost": 51.107133614, "candidates": ["0:static", "1:24", "2:parking:1", "3:parking:2"], "event": "assignment_attempt", "trial": 44}, {"candidates": ["0:static", "1:24", "2:parking:1", "3:parking:2"], "event": "priority_rejected", "priority_order": ["0", "1", "2", "3"], "reason": "path_or_serialization_conflict"}, {"candidates": ["0:static", "1:24", "2:parking:1", "3:parking:2"], "event": "priority_rejected", "priority_order": ["0", "1", "3", "2"], "reason": "path_or_serialization_conflict"}, {"candidates": ["0:static", "1:24", "2:parking:1", "3:parking:2"], "event": "priority_rejected", "priority_order": ["0", "2", "1", "3"], "reason": "path_or_serialization_conflict"}, {"candidates": ["0:static", "1:24", "2:parking:1", "3:parking:2"], "event": "priority_rejected", "priority_order": ["0", "2", "3", "1"], "reason": "path_or_serialization_conflict"}, {"candidates": ["0:static", "1:24", "2:parking:1", "3:parking:2"], "event": "priority_rejected", "priority_order": ["0", "3", "1", "2"], "reason": "path_or_serialization_conflict"}, {"candidates": ["0:static", "1:24", "2:parking:1", "3:parking:2"], "event": "priority_rejected", "priority_order": ["0", "3", "2", "1"], "reason": "path_or_serialization_conflict"}, {"candidate_cost": 51.236067977, "candidates": ["0:static", "1:26", "2:parking:2", "3:parking:1"], "event": "assignment_attempt", "trial": 45}, {"candidates": ["0:static", "1:26", "2:parking:2", "3:parking:1"], "event": "priority_rejected", "priority_order": ["0", "1", "2", "3"], "reason": "path_or_serialization_conflict"}, {"candidates": ["0:static", "1:26", "2:parking:2", "3:parking:1"], "event": "priority_rejected", "priority_order": ["0", "1", "3", "2"], "reason": "path_or_serialization_conflict"}, {"candidates": ["0:static", "1:26", "2:parking:2", "3:parking:1"], "event": "priority_rejected", "priority_order": ["0", "2", "1", "3"], "reason": "path_or_serialization_conflict"}, {"candidates": ["0:static", "1:26", "2:parking:2", "3:parking:1"], "event": "priority_rejected", "priority_order": ["0", "2", "3", "1"], "reason": "path_or_serialization_conflict"}, {"candidates": ["0:static", "1:26", "2:parking:2", "3:parking:1"], "event": "priority_rejected", "priority_order": ["0", "3", "1", "2"], "reason": "path_or_serialization_conflict"}, {"candidates": ["0:static", "1:26", "2:parking:2", "3:parking:1"], "event": "priority_rejected", "priority_order": ["0", "3", "2", "1"], "reason": "path_or_serialization_conflict"}, {"candidate_cost": 52.180923931, "candidates": ["0:static", "1:26", "2:parking:1", "3:parking:2"], "event": "assignment_attempt", "trial": 46}, {"candidates": ["0:static", "1:26", "2:parking:1", "3:parking:2"], "event": "priority_rejected", "priority_order": ["0", "1", "2", "3"], "reason": "path_or_serialization_conflict"}, {"candidates": ["0:static", "1:26", "2:parking:1", "3:parking:2"], "event": "priority_rejected", "priority_order": ["0", "1", "3", "2"], "reason": "path_or_serialization_conflict"}, {"candidates": ["0:static", "1:26", "2:parking:1", "3:parking:2"], "event": "priority_rejected", "priority_order": ["0", "2", "1", "3"], "reason": "path_or_serialization_conflict"}, {"candidates": ["0:static", "1:26", "2:parking:1", "3:parking:2"], "event": "priority_rejected", "priority_order": ["0", "2", "3", "1"], "reason": "path_or_serialization_conflict"}, {"candidates": ["0:static", "1:26", "2:parking:1", "3:parking:2"], "event": "priority_rejected", "priority_order": ["0", "3", "1", "2"], "reason": "path_or_serialization_conflict"}, {"candidates": ["0:static", "1:26", "2:parking:1", "3:parking:2"], "event": "priority_rejected", "priority_order": ["0", "3", "2", "1"], "reason": "path_or_serialization_conflict"}, {"candidate_cost": 52.414213562, "candidates": ["0:static", "1:28", "2:parking:2", "3:parking:1"], "event": "assignment_attempt", "trial": 47}, {"candidates": ["0:static", "1:28", "2:parking:2", "3:parking:1"], "event": "priority_rejected", "priority_order": ["0", "1", "2", "3"], "reason": "path_or_serialization_conflict"}, {"candidates": ["0:static", "1:28", "2:parking:2", "3:parking:1"], "event": "priority_rejected", "priority_order": ["0", "1", "3", "2"], "reason": "path_or_serialization_conflict"}, {"candidates": ["0:static", "1:28", "2:parking:2", "3:parking:1"], "event": "priority_rejected", "priority_order": ["0", "2", "1", "3"], "reason": "path_or_serialization_conflict"}, {"candidates": ["0:static", "1:28", "2:parking:2", "3:parking:1"], "event": "priority_rejected", "priority_order": ["0", "2", "3", "1"], "reason": "path_or_serialization_conflict"}, {"candidates": ["0:static", "1:28", "2:parking:2", "3:parking:1"], "event": "priority_rejected", "priority_order": ["0", "3", "1", "2"], "reason": "path_or_serialization_conflict"}, {"candidates": ["0:static", "1:28", "2:parking:2", "3:parking:1"], "event": "priority_rejected", "priority_order": ["0", "3", "2", "1"], "reason": "path_or_serialization_conflict"}, {"candidate_cost": 53.359069516, "candidates": ["0:static", "1:28", "2:parking:1", "3:parking:2"], "event": "assignment_attempt", "trial": 48}, {"candidates": ["0:static", "1:28", "2:parking:1", "3:parking:2"], "event": "priority_rejected", "priority_order": ["0", "1", "2", "3"], "reason": "path_or_serialization_conflict"}, {"candidates": ["0:static", "1:28", "2:parking:1", "3:parking:2"], "event": "priority_rejected", "priority_order": ["0", "1", "3", "2"], "reason": "path_or_serialization_conflict"}, {"candidates": ["0:static", "1:28", "2:parking:1", "3:parking:2"], "event": "priority_rejected", "priority_order": ["0", "2", "1", "3"], "reason": "path_or_serialization_conflict"}, {"candidates": ["0:static", "1:28", "2:parking:1", "3:parking:2"], "event": "priority_rejected", "priority_order": ["0", "2", "3", "1"], "reason": "path_or_serialization_conflict"}, {"candidates": ["0:static", "1:28", "2:parking:1", "3:parking:2"], "event": "priority_rejected", "priority_order": ["0", "3", "1", "2"], "reason": "path_or_serialization_conflict"}, {"candidates": ["0:static", "1:28", "2:parking:1", "3:parking:2"], "event": "priority_rejected", "priority_order": ["0", "3", "2", "1"], "reason": "path_or_serialization_conflict"}, {"candidate_cost": 53.848857802, "candidates": ["0:static", "1:21", "2:parking:2", "3:parking:1"], "event": "assignment_attempt", "trial": 49}, {"candidates": ["0:static", "1:21", "2:parking:2", "3:parking:1"], "event": "priority_rejected", "priority_order": ["0", "1", "2", "3"], "reason": "path_or_serialization_conflict"}, {"candidates": ["0:static", "1:21", "2:parking:2", "3:parking:1"], "event": "priority_rejected", "priority_order": ["0", "1", "3", "2"], "reason": "path_or_serialization_conflict"}, {"candidates": ["0:static", "1:21", "2:parking:2", "3:parking:1"], "event": "priority_rejected", "priority_order": ["0", "2", "1", "3"], "reason": "path_or_serialization_conflict"}, {"candidates": ["0:static", "1:21", "2:parking:2", "3:parking:1"], "event": "priority_rejected", "priority_order": ["0", "2", "3", "1"], "reason": "path_or_serialization_conflict"}, {"candidates": ["0:static", "1:21", "2:parking:2", "3:parking:1"], "event": "priority_rejected", "priority_order": ["0", "3", "1", "2"], "reason": "path_or_serialization_conflict"}, {"candidates": ["0:static", "1:21", "2:parking:2", "3:parking:1"], "event": "priority_rejected", "priority_order": ["0", "3", "2", "1"], "reason": "path_or_serialization_conflict"}, {"candidate_cost": 54.793713756, "candidates": ["0:static", "1:21", "2:parking:1", "3:parking:2"], "event": "assignment_attempt", "trial": 50}, {"candidates": ["0:static", "1:21", "2:parking:1", "3:parking:2"], "event": "priority_rejected", "priority_order": ["0", "1", "2", "3"], "reason": "path_or_serialization_conflict"}, {"candidates": ["0:static", "1:21", "2:parking:1", "3:parking:2"], "event": "priority_rejected", "priority_order": ["0", "1", "3", "2"], "reason": "path_or_serialization_conflict"}, {"candidates": ["0:static", "1:21", "2:parking:1", "3:parking:2"], "event": "priority_rejected", "priority_order": ["0", "2", "1", "3"], "reason": "path_or_serialization_conflict"}, {"candidates": ["0:static", "1:21", "2:parking:1", "3:parking:2"], "event": "priority_rejected", "priority_order": ["0", "2", "3", "1"], "reason": "path_or_serialization_conflict"}, {"candidates": ["0:static", "1:21", "2:parking:1", "3:parking:2"], "event": "priority_rejected", "priority_order": ["0", "3", "1", "2"], "reason": "path_or_serialization_conflict"}, {"candidates": ["0:static", "1:21", "2:parking:1", "3:parking:2"], "event": "priority_rejected", "priority_order": ["0", "3", "2", "1"], "reason": "path_or_serialization_conflict"}, {"candidate_cost": 54.94427191, "candidates": ["0:static", "1:23", "2:parking:2", "3:parking:1"], "event": "assignment_attempt", "trial": 51}, {"candidates": ["0:static", "1:23", "2:parking:2", "3:parking:1"], "event": "priority_rejected", "priority_order": ["0", "1", "2", "3"], "reason": "path_or_serialization_conflict"}, {"candidates": ["0:static", "1:23", "2:parking:2", "3:parking:1"], "event": "priority_rejected", "priority_order": ["0", "1", "3", "2"], "reason": "path_or_serialization_conflict"}, {"candidates": ["0:static", "1:23", "2:parking:2", "3:parking:1"], "event": "priority_rejected", "priority_order": ["0", "2", "1", "3"], "reason": "path_or_serialization_conflict"}, {"candidates": ["0:static", "1:23", "2:parking:2", "3:parking:1"], "event": "priority_rejected", "priority_order": ["0", "2", "3", "1"], "reason": "path_or_serialization_conflict"}, {"candidates": ["0:static", "1:23", "2:parking:2", "3:parking:1"], "event": "priority_rejected", "priority_order": ["0", "3", "1", "2"], "reason": "path_or_serialization_conflict"}, {"candidates": ["0:static", "1:23", "2:parking:2", "3:parking:1"], "event": "priority_rejected", "priority_order": ["0", "3", "2", "1"], "reason": "path_or_serialization_conflict"}, {"candidate_cost": 55.889127864, "candidates": ["0:static", "1:23", "2:parking:1", "3:parking:2"], "event": "assignment_attempt", "trial": 52}, {"candidates": ["0:static", "1:23", "2:parking:1", "3:parking:2"], "event": "priority_rejected", "priority_order": ["0", "1", "2", "3"], "reason": "path_or_serialization_conflict"}, {"candidates": ["0:static", "1:23", "2:parking:1", "3:parking:2"], "event": "priority_rejected", "priority_order": ["0", "1", "3", "2"], "reason": "path_or_serialization_conflict"}, {"candidates": ["0:static", "1:23", "2:parking:1", "3:parking:2"], "event": "priority_rejected", "priority_order": ["0", "2", "1", "3"], "reason": "path_or_serialization_conflict"}, {"candidates": ["0:static", "1:23", "2:parking:1", "3:parking:2"], "event": "priority_rejected", "priority_order": ["0", "2", "3", "1"], "reason": "path_or_serialization_conflict"}, {"candidates": ["0:static", "1:23", "2:parking:1", "3:parking:2"], "event": "priority_rejected", "priority_order": ["0", "3", "1", "2"], "reason": "path_or_serialization_conflict"}, {"candidates": ["0:static", "1:23", "2:parking:1", "3:parking:2"], "event": "priority_rejected", "priority_order": ["0", "3", "2", "1"], "reason": "path_or_serialization_conflict"}, {"candidate_cost": 61.180339887, "candidates": ["0:static", "1:27", "2:parking:2", "3:parking:1"], "event": "assignment_attempt", "trial": 53}, {"candidates": ["0:static", "1:27", "2:parking:2", "3:parking:1"], "event": "priority_rejected", "priority_order": ["0", "1", "2", "3"], "reason": "path_or_serialization_conflict"}, {"candidates": ["0:static", "1:27", "2:parking:2", "3:parking:1"], "event": "priority_rejected", "priority_order": ["0", "1", "3", "2"], "reason": "path_or_serialization_conflict"}, {"candidates": ["0:static", "1:27", "2:parking:2", "3:parking:1"], "event": "priority_rejected", "priority_order": ["0", "2", "1", "3"], "reason": "path_or_serialization_conflict"}, {"candidates": ["0:static", "1:27", "2:parking:2", "3:parking:1"], "event": "priority_rejected", "priority_order": ["0", "2", "3", "1"], "reason": "path_or_serialization_conflict"}, {"candidates": ["0:static", "1:27", "2:parking:2", "3:parking:1"], "event": "priority_rejected", "priority_order": ["0", "3", "1", "2"], "reason": "path_or_serialization_conflict"}, {"candidates": ["0:static", "1:27", "2:parking:2", "3:parking:1"], "event": "priority_rejected", "priority_order": ["0", "3", "2", "1"], "reason": "path_or_serialization_conflict"}, {"candidate_cost": 62.125195841, "candidates": ["0:static", "1:27", "2:parking:1", "3:parking:2"], "event": "assignment_attempt", "trial": 54}, {"candidates": ["0:static", "1:27", "2:parking:1", "3:parking:2"], "event": "priority_rejected", "priority_order": ["0", "1", "2", "3"], "reason": "path_or_serialization_conflict"}, {"candidates": ["0:static", "1:27", "2:parking:1", "3:parking:2"], "event": "priority_rejected", "priority_order": ["0", "1", "3", "2"], "reason": "path_or_serialization_conflict"}, {"candidates": ["0:static", "1:27", "2:parking:1", "3:parking:2"], "event": "priority_rejected", "priority_order": ["0", "2", "1", "3"], "reason": "path_or_serialization_conflict"}, {"candidates": ["0:static", "1:27", "2:parking:1", "3:parking:2"], "event": "priority_rejected", "priority_order": ["0", "2", "3", "1"], "reason": "path_or_serialization_conflict"}, {"candidates": ["0:static", "1:27", "2:parking:1", "3:parking:2"], "event": "priority_rejected", "priority_order": ["0", "3", "1", "2"], "reason": "path_or_serialization_conflict"}, {"candidates": ["0:static", "1:27", "2:parking:1", "3:parking:2"], "event": "priority_rejected", "priority_order": ["0", "3", "2", "1"], "reason": "path_or_serialization_conflict"}, {"candidate_cost": 62.295630141, "candidates": ["0:static", "1:29", "2:parking:2", "3:parking:1"], "event": "assignment_attempt", "trial": 55}, {"candidates": ["0:static", "1:29", "2:parking:2", "3:parking:1"], "event": "priority_rejected", "priority_order": ["0", "1", "2", "3"], "reason": "path_or_serialization_conflict"}, {"candidates": ["0:static", "1:29", "2:parking:2", "3:parking:1"], "event": "priority_rejected", "priority_order": ["0", "1", "3", "2"], "reason": "path_or_serialization_conflict"}, {"candidates": ["0:static", "1:29", "2:parking:2", "3:parking:1"], "event": "priority_rejected", "priority_order": ["0", "2", "1", "3"], "reason": "path_or_serialization_conflict"}, {"candidates": ["0:static", "1:29", "2:parking:2", "3:parking:1"], "event": "priority_rejected", "priority_order": ["0", "2", "3", "1"], "reason": "path_or_serialization_conflict"}, {"candidates": ["0:static", "1:29", "2:parking:2", "3:parking:1"], "event": "priority_rejected", "priority_order": ["0", "3", "1", "2"], "reason": "path_or_serialization_conflict"}, {"candidates": ["0:static", "1:29", "2:parking:2", "3:parking:1"], "event": "priority_rejected", "priority_order": ["0", "3", "2", "1"], "reason": "path_or_serialization_conflict"}, {"candidate_cost": 63.240486095, "candidates": ["0:static", "1:29", "2:parking:1", "3:parking:2"], "event": "assignment_attempt", "trial": 56}, {"candidates": ["0:static", "1:29", "2:parking:1", "3:parking:2"], "event": "priority_rejected", "priority_order": ["0", "1", "2", "3"], "reason": "path_or_serialization_conflict"}, {"candidates": ["0:static", "1:29", "2:parking:1", "3:parking:2"], "event": "priority_rejected", "priority_order": ["0", "1", "3", "2"], "reason": "path_or_serialization_conflict"}, {"candidates": ["0:static", "1:29", "2:parking:1", "3:parking:2"], "event": "priority_rejected", "priority_order": ["0", "2", "1", "3"], "reason": "path_or_serialization_conflict"}, {"candidates": ["0:static", "1:29", "2:parking:1", "3:parking:2"], "event": "priority_rejected", "priority_order": ["0", "2", "3", "1"], "reason": "path_or_serialization_conflict"}, {"candidates": ["0:static", "1:29", "2:parking:1", "3:parking:2"], "event": "priority_rejected", "priority_order": ["0", "3", "1", "2"], "reason": "path_or_serialization_conflict"}, {"candidates": ["0:static", "1:29", "2:parking:1", "3:parking:2"], "event": "priority_rejected", "priority_order": ["0", "3", "2", "1"], "reason": "path_or_serialization_conflict"}, {"assignment_trials": 56, "event": "planning_finished", "priority_attempts": 336, "status": "NO_PLAN_FOUND"}, {"agent_id": 1, "event": "navigation_failed", "reason": "step navigation planning failed after full refresh with status NO_PLAN_FOUND; parking recovery found no safe joint plan"}], "requested_failure_policy": "FAIL_STAGE", "robot_id": "robot2", "stage_id": "Phase 1"}, {"action_index": 4, "action_type": "PickupObject", "error": "PickupObject failed for agent 0 on Bread|+00.26|+00.99|-00.08: NullReferenceException: Target object not found within the specified visibility.. trace:   at UnityStandardAssets.Characters.FirstPerson.BaseFPSAgentController.getInteractableSimObjectFromId (System.String objectId, System.Boolean forceAction) [0x0007a] in <686694aeb00e4f03b2b15637c42c1442>:0 \n  at UnityStandardAssets.Characters.FirstPerson.PhysicsRemoteFPSAgentController.PickupObject (System.String objectId, System.Boolean forceAction, System.Boolean manualInteract) [0x00000] in <686694aeb00e4f03b2b15637c42c1442>:0 \n  at (wrapper managed-to-native) System.Reflection.MonoMethod.InternalInvoke(System.Reflection.MonoMethod,object,object[],System.Exception&)\n  at System.Reflection.MonoMethod.Invoke (System.Object obj, System.Reflection.BindingFlags invokeAttr, System.Reflection.Binder binder, System.Object[] parameters, System.Globalization.CultureInfo culture) [0x00032] in <695d1cc93cca45069c528c15c9fdd749>:0 ; PickupObject interaction reposition failed for agent 0 on Bread|+00.26|+00.99|-00.08: step navigation planning failed after full refresh with status NO_PLAN_FOUND; parking recovery found no safe joint plan", "failure_decision": "skip", "failure_error_code": "action_failed", "ignored_for_failure_ratio": false, "requested_failure_policy": "FAIL_STAGE", "robot_id": "robot1", "stage_id": "Phase 1"}, {"action_index": 5, "action_type": "GoToObject", "error": "step navigation planning failed after full refresh with status NO_PLAN_FOUND; parking recovery found no safe joint plan", "failure_decision": "skip", "failure_error_code": "action_failed", "ignored_for_failure_ratio": false, "navigation_decision_trace": [{"candidates": ["0:6", "1:static", "2:static", "3:static"], "conflict": ["0:6", "2:static"], "event": "assignment_rejected", "reason": "endpoint_conflict"}, {"candidates": ["0:7", "1:static", "2:static", "3:static"], "conflict": ["0:7", "2:static"], "event": "assignment_rejected", "reason": "endpoint_conflict"}, {"candidate_cost": 8.544003745, "candidates": ["0:0", "1:static", "2:static", "3:static"], "event": "assignment_attempt", "trial": 1}, {"candidates": ["0:0", "1:static", "2:static", "3:static"], "event": "priority_rejected", "priority_order": ["1", "2", "3", "0"], "reason": "path_or_serialization_conflict"}, {"candidate_cost": 9.280109889, "candidates": ["0:2", "1:static", "2:static", "3:static"], "event": "assignment_attempt", "trial": 2}, {"candidates": ["0:2", "1:static", "2:static", "3:static"], "event": "priority_rejected", "priority_order": ["1", "2", "3", "0"], "reason": "path_or_serialization_conflict"}, {"candidate_cost": 9.94427191, "candidates": ["0:1", "1:static", "2:static", "3:static"], "event": "assignment_attempt", "trial": 3}, {"candidates": ["0:1", "1:static", "2:static", "3:static"], "event": "priority_rejected", "priority_order": ["1", "2", "3", "0"], "reason": "path_or_serialization_conflict"}, {"candidate_cost": 10.071067812, "candidates": ["0:3", "1:static", "2:static", "3:static"], "event": "assignment_attempt", "trial": 4}, {"candidates": ["0:3", "1:static", "2:static", "3:static"], "event": "priority_rejected", "priority_order": ["1", "2", "3", "0"], "reason": "path_or_serialization_conflict"}, {"candidate_cost": 11.615773106, "candidates": ["0:4", "1:static", "2:static", "3:static"], "event": "assignment_attempt", "trial": 5}, {"candidates": ["0:4", "1:static", "2:static", "3:static"], "event": "priority_rejected", "priority_order": ["1", "2", "3", "0"], "reason": "path_or_serialization_conflict"}, {"candidate_cost": 12.0, "candidates": ["0:5", "1:static", "2:static", "3:static"], "event": "assignment_attempt", "trial": 6}, {"candidates": ["0:5", "1:static", "2:static", "3:static"], "event": "priority_rejected", "priority_order": ["1", "2", "3", "0"], "reason": "path_or_serialization_conflict"}, {"candidate_cost": 14.32455532, "candidates": ["0:8", "1:static", "2:static", "3:static"], "event": "assignment_attempt", "trial": 7}, {"candidates": ["0:8", "1:static", "2:static", "3:static"], "event": "priority_rejected", "priority_order": ["1", "2", "3", "0"], "reason": "path_or_serialization_conflict"}, {"candidate_cost": 15.08276253, "candidates": ["0:9", "1:static", "2:static", "3:static"], "event": "assignment_attempt", "trial": 8}, {"candidates": ["0:9", "1:static", "2:static", "3:static"], "event": "priority_rejected", "priority_order": ["1", "2", "3", "0"], "reason": "path_or_serialization_conflict"}, {"assignment_trials": 8, "event": "planning_finished", "priority_attempts": 8, "status": "NO_PLAN_FOUND"}, {"candidates": ["0:6", "1:static", "2:static", "3:static"], "conflict": ["0:6", "2:static"], "event": "assignment_rejected", "reason": "endpoint_conflict"}, {"candidates": ["0:7", "1:static", "2:static", "3:static"], "conflict": ["0:7", "2:static"], "event": "assignment_rejected", "reason": "endpoint_conflict"}, {"candidate_cost": 8.544003745, "candidates": ["0:0", "1:static", "2:static", "3:static"], "event": "assignment_attempt", "trial": 1}, {"candidates": ["0:0", "1:static", "2:static", "3:static"], "event": "priority_rejected", "priority_order": ["1", "2", "3", "0"], "reason": "path_or_serialization_conflict"}, {"candidate_cost": 9.280109889, "candidates": ["0:2", "1:static", "2:static", "3:static"], "event": "assignment_attempt", "trial": 2}, {"candidates": ["0:2", "1:static", "2:static", "3:static"], "event": "priority_rejected", "priority_order": ["1", "2", "3", "0"], "reason": "path_or_serialization_conflict"}, {"candidate_cost": 9.94427191, "candidates": ["0:1", "1:static", "2:static", "3:static"], "event": "assignment_attempt", "trial": 3}, {"candidates": ["0:1", "1:static", "2:static", "3:static"], "event": "priority_rejected", "priority_order": ["1", "2", "3", "0"], "reason": "path_or_serialization_conflict"}, {"candidate_cost": 10.071067812, "candidates": ["0:3", "1:static", "2:static", "3:static"], "event": "assignment_attempt", "trial": 4}, {"candidates": ["0:3", "1:static", "2:static", "3:static"], "event": "priority_rejected", "priority_order": ["1", "2", "3", "0"], "reason": "path_or_serialization_conflict"}, {"candidate_cost": 11.615773106, "candidates": ["0:4", "1:static", "2:static", "3:static"], "event": "assignment_attempt", "trial": 5}, {"candidates": ["0:4", "1:static", "2:static", "3:static"], "event": "priority_rejected", "priority_order": ["1", "2", "3", "0"], "reason": "path_or_serialization_conflict"}, {"candidate_cost": 12.0, "candidates": ["0:5", "1:static", "2:static", "3:static"], "event": "assignment_attempt", "trial": 6}, {"candidates": ["0:5", "1:static", "2:static", "3:static"], "event": "priority_rejected", "priority_order": ["1", "2", "3", "0"], "reason": "path_or_serialization_conflict"}, {"candidate_cost": 14.32455532, "candidates": ["0:8", "1:static", "2:static", "3:static"], "event": "assignment_attempt", "trial": 7}, {"candidates": ["0:8", "1:static", "2:static", "3:static"], "event": "priority_rejected", "priority_order": ["1", "2", "3", "0"], "reason": "path_or_serialization_conflict"}, {"candidate_cost": 15.08276253, "candidates": ["0:9", "1:static", "2:static", "3:static"], "event": "assignment_attempt", "trial": 8}, {"candidates": ["0:9", "1:static", "2:static", "3:static"], "event": "priority_rejected", "priority_order": ["1", "2", "3", "0"], "reason": "path_or_serialization_conflict"}, {"assignment_trials": 8, "event": "planning_finished", "priority_attempts": 8, "status": "NO_PLAN_FOUND"}, {"event": "parking_recovery_attempted", "parking_agent_ids": [2]}, {"candidate_cost": 27.145078983, "candidates": ["0:0", "1:static", "2:parking:0", "3:static"], "event": "assignment_attempt", "trial": 1}, {"candidates": ["0:0", "1:static", "2:parking:0", "3:static"], "event": "priority_rejected", "priority_order": ["1", "3", "0", "2"], "reason": "path_or_serialization_conflict"}, {"candidates": ["0:0", "1:static", "2:parking:0", "3:static"], "event": "priority_rejected", "priority_order": ["1", "3", "2", "0"], "reason": "path_or_serialization_conflict"}, {"candidate_cost": 27.571760123, "candidates": ["0:0", "1:static", "2:parking:1", "3:static"], "event": "assignment_attempt", "trial": 2}, {"candidates": ["0:0", "1:static", "2:parking:1", "3:static"], "event": "priority_rejected", "priority_order": ["1", "3", "0", "2"], "reason": "path_or_serialization_conflict"}, {"candidates": ["0:0", "1:static", "2:parking:1", "3:static"], "event": "priority_rejected", "priority_order": ["1", "3", "2", "0"], "reason": "path_or_serialization_conflict"}, {"candidate_cost": 27.881185127, "candidates": ["0:2", "1:static", "2:parking:0", "3:static"], "event": "assignment_attempt", "trial": 3}, {"candidates": ["0:2", "1:static", "2:parking:0", "3:static"], "event": "priority_rejected", "priority_order": ["1", "3", "0", "2"], "reason": "path_or_serialization_conflict"}, {"candidates": ["0:2", "1:static", "2:parking:0", "3:static"], "event": "priority_rejected", "priority_order": ["1", "3", "2", "0"], "reason": "path_or_serialization_conflict"}, {"candidate_cost": 28.307866267, "candidates": ["0:2", "1:static", "2:parking:1", "3:static"], "event": "assignment_attempt", "trial": 4}, {"candidates": ["0:2", "1:static", "2:parking:1", "3:static"], "event": "priority_rejected", "priority_order": ["1", "3", "0", "2"], "reason": "path_or_serialization_conflict"}, {"candidates": ["0:2", "1:static", "2:parking:1", "3:static"], "event": "priority_rejected", "priority_order": ["1", "3", "2", "0"], "reason": "path_or_serialization_conflict"}, {"candidate_cost": 28.34849756, "candidates": ["0:0", "1:static", "2:parking:2", "3:static"], "event": "assignment_attempt", "trial": 5}, {"candidates": ["0:0", "1:static", "2:parking:2", "3:static"], "event": "priority_rejected", "priority_order": ["1", "3", "0", "2"], "reason": "path_or_serialization_conflict"}, {"candidates": ["0:0", "1:static", "2:parking:2", "3:static"], "event": "priority_rejected", "priority_order": ["1", "3", "2", "0"], "reason": "path_or_serialization_conflict"}, {"candidate_cost": 28.545347148, "candidates": ["0:1", "1:static", "2:parking:0", "3:static"], "event": "assignment_attempt", "trial": 6}, {"candidates": ["0:1", "1:static", "2:parking:0", "3:static"], "event": "priority_rejected", "priority_order": ["1", "3", "0", "2"], "reason": "path_or_serialization_conflict"}, {"candidates": ["0:1", "1:static", "2:parking:0", "3:static"], "event": "priority_rejected", "priority_order": ["1", "3", "2", "0"], "reason": "path_or_serialization_conflict"}, {"candidate_cost": 28.67214305, "candidates": ["0:3", "1:static", "2:parking:0", "3:static"], "event": "assignment_attempt", "trial": 7}, {"candidates": ["0:3", "1:static", "2:parking:0", "3:static"], "event": "priority_rejected", "priority_order": ["1", "3", "0", "2"], "reason": "path_or_serialization_conflict"}, {"candidates": ["0:3", "1:static", "2:parking:0", "3:static"], "event": "priority_rejected", "priority_order": ["1", "3", "2", "0"], "reason": "path_or_serialization_conflict"}, {"candidate_cost": 28.972028287, "candidates": ["0:1", "1:static", "2:parking:1", "3:static"], "event": "assignment_attempt", "trial": 8}, {"candidates": ["0:1", "1:static", "2:parking:1", "3:static"], "event": "priority_rejected", "priority_order": ["1", "3", "0", "2"], "reason": "path_or_serialization_conflict"}, {"candidates": ["0:1", "1:static", "2:parking:1", "3:static"], "event": "priority_rejected", "priority_order": ["1", "3", "2", "0"], "reason": "path_or_serialization_conflict"}, {"candidate_cost": 29.084603704, "candidates": ["0:2", "1:static", "2:parking:2", "3:static"], "event": "assignment_attempt", "trial": 9}, {"candidates": ["0:2", "1:static", "2:parking:2", "3:static"], "event": "priority_rejected", "priority_order": ["1", "3", "0", "2"], "reason": "path_or_serialization_conflict"}, {"candidates": ["0:2", "1:static", "2:parking:2", "3:static"], "event": "priority_rejected", "priority_order": ["1", "3", "2", "0"], "reason": "path_or_serialization_conflict"}, {"candidate_cost": 29.098824189, "candidates": ["0:3", "1:static", "2:parking:1", "3:static"], "event": "assignment_attempt", "trial": 10}, {"candidates": ["0:3", "1:static", "2:parking:1", "3:static"], "event": "priority_rejected", "priority_order": ["1", "3", "0", "2"], "reason": "path_or_serialization_conflict"}, {"candidates": ["0:3", "1:static", "2:parking:1", "3:static"], "event": "priority_rejected", "priority_order": ["1", "3", "2", "0"], "reason": "path_or_serialization_conflict"}, {"candidate_cost": 29.748765725, "candidates": ["0:1", "1:static", "2:parking:2", "3:static"], "event": "assignment_attempt", "trial": 11}, {"candidates": ["0:1", "1:static", "2:parking:2", "3:static"], "event": "priority_rejected", "priority_order": ["1", "3", "0", "2"], "reason": "path_or_serialization_conflict"}, {"candidates": ["0:1", "1:static", "2:parking:2", "3:static"], "event": "priority_rejected", "priority_order": ["1", "3", "2", "0"], "reason": "path_or_serialization_conflict"}, {"candidate_cost": 29.875561627, "candidates": ["0:3", "1:static", "2:parking:2", "3:static"], "event": "assignment_attempt", "trial": 12}, {"candidates": ["0:3", "1:static", "2:parking:2", "3:static"], "event": "priority_rejected", "priority_order": ["1", "3", "0", "2"], "reason": "path_or_serialization_conflict"}, {"candidates": ["0:3", "1:static", "2:parking:2", "3:static"], "event": "priority_rejected", "priority_order": ["1", "3", "2", "0"], "reason": "path_or_serialization_conflict"}, {"candidate_cost": 30.216848344, "candidates": ["0:4", "1:static", "2:parking:0", "3:static"], "event": "assignment_attempt", "trial": 13}, {"candidates": ["0:4", "1:static", "2:parking:0", "3:static"], "event": "priority_rejected", "priority_order": ["1", "3", "0", "2"], "reason": "path_or_serialization_conflict"}, {"candidates": ["0:4", "1:static", "2:parking:0", "3:static"], "event": "priority_rejected", "priority_order": ["1", "3", "2", "0"], "reason": "path_or_serialization_conflict"}, {"candidate_cost": 30.601075238, "candidates": ["0:5", "1:static", "2:parking:0", "3:static"], "event": "assignment_attempt", "trial": 14}, {"candidates": ["0:5", "1:static", "2:parking:0", "3:static"], "event": "priority_rejected", "priority_order": ["1", "3", "0", "2"], "reason": "path_or_serialization_conflict"}, {"candidates": ["0:5", "1:static", "2:parking:0", "3:static"], "event": "priority_rejected", "priority_order": ["1", "3", "2", "0"], "reason": "path_or_serialization_conflict"}, {"candidate_cost": 30.643529483, "candidates": ["0:4", "1:static", "2:parking:1", "3:static"], "event": "assignment_attempt", "trial": 15}, {"candidates": ["0:4", "1:static", "2:parking:1", "3:static"], "event": "priority_rejected", "priority_order": ["1", "3", "0", "2"], "reason": "path_or_serialization_conflict"}, {"candidates": ["0:4", "1:static", "2:parking:1", "3:static"], "event": "priority_rejected", "priority_order": ["1", "3", "2", "0"], "reason": "path_or_serialization_conflict"}, {"candidate_cost": 31.027756377, "candidates": ["0:5", "1:static", "2:parking:1", "3:static"], "event": "assignment_attempt", "trial": 16}, {"candidates": ["0:5", "1:static", "2:parking:1", "3:static"], "event": "priority_rejected", "priority_order": ["1", "3", "0", "2"], "reason": "path_or_serialization_conflict"}, {"candidates": ["0:5", "1:static", "2:parking:1", "3:static"], "event": "priority_rejected", "priority_order": ["1", "3", "2", "0"], "reason": "path_or_serialization_conflict"}, {"candidate_cost": 31.420266921, "candidates": ["0:4", "1:static", "2:parking:2", "3:static"], "event": "assignment_attempt", "trial": 17}, {"candidates": ["0:4", "1:static", "2:parking:2", "3:static"], "event": "priority_rejected", "priority_order": ["1", "3", "0", "2"], "reason": "path_or_serialization_conflict"}, {"candidates": ["0:4", "1:static", "2:parking:2", "3:static"], "event": "priority_rejected", "priority_order": ["1", "3", "2", "0"], "reason": "path_or_serialization_conflict"}, {"candidate_cost": 31.804493815, "candidates": ["0:5", "1:static", "2:parking:2", "3:static"], "event": "assignment_attempt", "trial": 18}, {"candidates": ["0:5", "1:static", "2:parking:2", "3:static"], "event": "priority_rejected", "priority_order": ["1", "3", "0", "2"], "reason": "path_or_serialization_conflict"}, {"candidates": ["0:5", "1:static", "2:parking:2", "3:static"], "event": "priority_rejected", "priority_order": ["1", "3", "2", "0"], "reason": "path_or_serialization_conflict"}, {"candidate_cost": 32.925630558, "candidates": ["0:8", "1:static", "2:parking:0", "3:static"], "event": "assignment_attempt", "trial": 19}, {"candidates": ["0:8", "1:static", "2:parking:0", "3:static"], "event": "priority_rejected", "priority_order": ["1", "3", "0", "2"], "reason": "path_or_serialization_conflict"}, {"candidates": ["0:8", "1:static", "2:parking:0", "3:static"], "event": "priority_rejected", "priority_order": ["1", "3", "2", "0"], "reason": "path_or_serialization_conflict"}, {"candidate_cost": 33.352311698, "candidates": ["0:8", "1:static", "2:parking:1", "3:static"], "event": "assignment_attempt", "trial": 20}, {"candidates": ["0:8", "1:static", "2:parking:1", "3:static"], "event": "priority_rejected", "priority_order": ["1", "3", "0", "2"], "reason": "path_or_serialization_conflict"}, {"candidates": ["0:8", "1:static", "2:parking:1", "3:static"], "event": "priority_rejected", "priority_order": ["1", "3", "2", "0"], "reason": "path_or_serialization_conflict"}, {"candidate_cost": 33.663332986, "candidates": ["0:7", "1:static", "2:parking:0", "3:static"], "event": "assignment_attempt", "trial": 21}, {"candidates": ["0:7", "1:static", "2:parking:0", "3:static"], "event": "priority_rejected", "priority_order": ["1", "3", "0", "2"], "reason": "path_or_serialization_conflict"}, {"candidates": ["0:7", "1:static", "2:parking:0", "3:static"], "event": "priority_rejected", "priority_order": ["1", "3", "2", "0"], "reason": "path_or_serialization_conflict"}, {"candidate_cost": 33.683837768, "candidates": ["0:9", "1:static", "2:parking:0", "3:static"], "event": "assignment_attempt", "trial": 22}, {"candidates": ["0:9", "1:static", "2:parking:0", "3:static"], "event": "priority_rejected", "priority_order": ["1", "3", "0", "2"], "reason": "path_or_serialization_conflict"}, {"candidates": ["0:9", "1:static", "2:parking:0", "3:static"], "event": "priority_rejected", "priority_order": ["1", "3", "2", "0"], "reason": "path_or_serialization_conflict"}, {"candidate_cost": 34.03505637, "candidates": ["0:6", "1:static", "2:parking:0", "3:static"], "event": "assignment_attempt", "trial": 23}, {"candidates": ["0:6", "1:static", "2:parking:0", "3:static"], "event": "priority_rejected", "priority_order": ["1", "3", "0", "2"], "reason": "path_or_serialization_conflict"}, {"candidates": ["0:6", "1:static", "2:parking:0", "3:static"], "event": "priority_rejected", "priority_order": ["1", "3", "2", "0"], "reason": "path_or_serialization_conflict"}, {"candidate_cost": 34.090014126, "candidates": ["0:7", "1:static", "2:parking:1", "3:static"], "event": "assignment_attempt", "trial": 24}, {"candidates": ["0:7", "1:static", "2:parking:1", "3:static"], "event": "priority_rejected", "priority_order": ["1", "3", "0", "2"], "reason": "path_or_serialization_conflict"}, {"candidates": ["0:7", "1:static", "2:parking:1", "3:static"], "event": "priority_rejected", "priority_order": ["1", "3", "2", "0"], "reason": "path_or_serialization_conflict"}, {"candidate_cost": 34.110518908, "candidates": ["0:9", "1:static", "2:parking:1", "3:static"], "event": "assignment_attempt", "trial": 25}, {"candidates": ["0:9", "1:static", "2:parking:1", "3:static"], "event": "priority_rejected", "priority_order": ["1", "3", "0", "2"], "reason": "path_or_serialization_conflict"}, {"candidates": ["0:9", "1:static", "2:parking:1", "3:static"], "event": "priority_rejected", "priority_order": ["1", "3", "2", "0"], "reason": "path_or_serialization_conflict"}, {"candidate_cost": 34.129049135, "candidates": ["0:8", "1:static", "2:parking:2", "3:static"], "event": "assignment_attempt", "trial": 26}, {"candidates": ["0:8", "1:static", "2:parking:2", "3:static"], "event": "priority_rejected", "priority_order": ["1", "3", "0", "2"], "reason": "path_or_serialization_conflict"}, {"candidates": ["0:8", "1:static", "2:parking:2", "3:static"], "event": "priority_rejected", "priority_order": ["1", "3", "2", "0"], "reason": "path_or_serialization_conflict"}, {"candidate_cost": 34.461737509, "candidates": ["0:6", "1:static", "2:parking:1", "3:static"], "event": "assignment_attempt", "trial": 27}, {"candidates": ["0:6", "1:static", "2:parking:1", "3:static"], "event": "priority_rejected", "priority_order": ["1", "3", "0", "2"], "reason": "path_or_serialization_conflict"}, {"candidates": ["0:6", "1:static", "2:parking:1", "3:static"], "event": "priority_rejected", "priority_order": ["1", "3", "2", "0"], "reason": "path_or_serialization_conflict"}, {"candidate_cost": 34.866751563, "candidates": ["0:7", "1:static", "2:parking:2", "3:static"], "event": "assignment_attempt", "trial": 28}, {"candidates": ["0:7", "1:static", "2:parking:2", "3:static"], "event": "priority_rejected", "priority_order": ["1", "3", "0", "2"], "reason": "path_or_serialization_conflict"}, {"candidates": ["0:7", "1:static", "2:parking:2", "3:static"], "event": "priority_rejected", "priority_order": ["1", "3", "2", "0"], "reason": "path_or_serialization_conflict"}, {"candidate_cost": 34.887256345, "candidates": ["0:9", "1:static", "2:parking:2", "3:static"], "event": "assignment_attempt", "trial": 29}, {"candidates": ["0:9", "1:static", "2:parking:2", "3:static"], "event": "priority_rejected", "priority_order": ["1", "3", "0", "2"], "reason": "path_or_serialization_conflict"}, {"candidates": ["0:9", "1:static", "2:parking:2", "3:static"], "event": "priority_rejected", "priority_order": ["1", "3", "2", "0"], "reason": "path_or_serialization_conflict"}, {"candidate_cost": 35.238474947, "candidates": ["0:6", "1:static", "2:parking:2", "3:static"], "event": "assignment_attempt", "trial": 30}, {"candidates": ["0:6", "1:static", "2:parking:2", "3:static"], "event": "priority_rejected", "priority_order": ["1", "3", "0", "2"], "reason": "path_or_serialization_conflict"}, {"candidates": ["0:6", "1:static", "2:parking:2", "3:static"], "event": "priority_rejected", "priority_order": ["1", "3", "2", "0"], "reason": "path_or_serialization_conflict"}, {"assignment_trials": 30, "event": "planning_finished", "priority_attempts": 60, "status": "NO_PLAN_FOUND"}, {"added": 20, "event": "candidate_expansion", "limit": 30}, {"candidates": ["0:6", "1:static", "2:static", "3:static"], "conflict": ["0:6", "2:static"], "event": "assignment_rejected", "reason": "endpoint_conflict"}, {"candidates": ["0:7", "1:static", "2:static", "3:static"], "conflict": ["0:7", "2:static"], "event": "assignment_rejected", "reason": "endpoint_conflict"}, {"candidates": ["0:11", "1:static", "2:static", "3:static"], "conflict": ["0:11", "2:static"], "event": "assignment_rejected", "reason": "endpoint_conflict"}, {"candidates": ["0:15", "1:static", "2:static", "3:static"], "conflict": ["0:15", "2:static"], "event": "assignment_rejected", "reason": "endpoint_conflict"}, {"candidates": ["0:16", "1:static", "2:static", "3:static"], "conflict": ["0:16", "2:static"], "event": "assignment_rejected", "reason": "endpoint_conflict"}, {"candidate_cost": 8.544003745, "candidates": ["0:0", "1:static", "2:static", "3:static"], "event": "assignment_attempt", "trial": 1}, {"candidates": ["0:0", "1:static", "2:static", "3:static"], "event": "priority_rejected", "priority_order": ["1", "2", "3", "0"], "reason": "path_or_serialization_conflict"}, {"candidate_cost": 9.280109889, "candidates": ["0:2", "1:static", "2:static", "3:static"], "event": "assignment_attempt", "trial": 2}, {"candidates": ["0:2", "1:static", "2:static", "3:static"], "event": "priority_rejected", "priority_order": ["1", "2", "3", "0"], "reason": "path_or_serialization_conflict"}, {"candidate_cost": 9.94427191, "candidates": ["0:1", "1:static", "2:static", "3:static"], "event": "assignment_attempt", "trial": 3}, {"candidates": ["0:1", "1:static", "2:static", "3:static"], "event": "priority_rejected", "priority_order": ["1", "2", "3", "0"], "reason": "path_or_serialization_conflict"}, {"candidate_cost": 10.071067812, "candidates": ["0:3", "1:static", "2:static", "3:static"], "event": "assignment_attempt", "trial": 4}, {"candidates": ["0:3", "1:static", "2:static", "3:static"], "event": "priority_rejected", "priority_order": ["1", "2", "3", "0"], "reason": "path_or_serialization_conflict"}, {"candidate_cost": 11.615773106, "candidates": ["0:4", "1:static", "2:static", "3:static"], "event": "assignment_attempt", "trial": 5}, {"candidates": ["0:4", "1:static", "2:static", "3:static"], "event": "priority_rejected", "priority_order": ["1", "2", "3", "0"], "reason": "path_or_serialization_conflict"}, {"candidate_cost": 12.0, "candidates": ["0:5", "1:static", "2:static", "3:static"], "event": "assignment_attempt", "trial": 6}, {"candidates": ["0:5", "1:static", "2:static", "3:static"], "event": "priority_rejected", "priority_order": ["1", "2", "3", "0"], "reason": "path_or_serialization_conflict"}, {"candidate_cost": 14.32455532, "candidates": ["0:8", "1:static", "2:static", "3:static"], "event": "assignment_attempt", "trial": 7}, {"candidates": ["0:8", "1:static", "2:static", "3:static"], "event": "priority_rejected", "priority_order": ["1", "2", "3", "0"], "reason": "path_or_serialization_conflict"}, {"candidate_cost": 15.08276253, "candidates": ["0:9", "1:static", "2:static", "3:static"], "event": "assignment_attempt", "trial": 8}, {"candidates": ["0:9", "1:static", "2:static", "3:static"], "event": "priority_rejected", "priority_order": ["1", "2", "3", "0"], "reason": "path_or_serialization_conflict"}, {"candidate_cost": 16.708203932, "candidates": ["0:10", "1:static", "2:static", "3:static"], "event": "assignment_attempt", "trial": 9}, {"candidates": ["0:10", "1:static", "2:static", "3:static"], "event": "priority_rejected", "priority_order": ["1", "2", "3", "0"], "reason": "path_or_serialization_conflict"}, {"candidate_cost": 18.0, "candidates": ["0:12", "1:static", "2:static", "3:static"], "event": "assignment_attempt", "trial": 10}, {"candidates": ["0:12", "1:static", "2:static", "3:static"], "event": "priority_rejected", "priority_order": ["1", "2", "3", "0"], "reason": "path_or_serialization_conflict"}, {"candidate_cost": 21.211102551, "candidates": ["0:14", "1:static", "2:static", "3:static"], "event": "assignment_attempt", "trial": 11}, {"candidates": ["0:14", "1:static", "2:static", "3:static"], "event": "priority_rejected", "priority_order": ["1", "2", "3", "0"], "reason": "path_or_serialization_conflict"}, {"candidate_cost": 23.0, "candidates": ["0:13", "1:static", "2:static", "3:static"], "event": "assignment_attempt", "trial": 12}, {"candidates": ["0:13", "1:static", "2:static", "3:static"], "event": "priority_rejected", "priority_order": ["1", "2", "3", "0"], "reason": "path_or_serialization_conflict"}, {"candidate_cost": 23.0, "candidates": ["0:18", "1:static", "2:static", "3:static"], "event": "assignment_attempt", "trial": 13}, {"candidates": ["0:18", "1:static", "2:static", "3:static"], "event": "priority_rejected", "priority_order": ["1", "2", "3", "0"], "reason": "path_or_serialization_conflict"}, {"candidate_cost": 26.0, "candidates": ["0:22", "1:static", "2:static", "3:static"], "event": "assignment_attempt", "trial": 14}, {"candidates": ["0:22", "1:static", "2:static", "3:static"], "event": "priority_rejected", "priority_order": ["1", "2", "3", "0"], "reason": "path_or_serialization_conflict"}, {"candidate_cost": 27.485281374, "candidates": ["0:19", "1:static", "2:static", "3:static"], "event": "assignment_attempt", "trial": 15}, {"candidates": ["0:19", "1:static", "2:static", "3:static"], "event": "priority_rejected", "priority_order": ["1", "2", "3", "0"], "reason": "path_or_serialization_conflict"}, {"candidate_cost": 27.630145813, "candidates": ["0:17", "1:static", "2:static", "3:static"], "event": "assignment_attempt", "trial": 16}, {"candidates": ["0:17", "1:static", "2:static", "3:static"], "event": "priority_rejected", "priority_order": ["1", "2", "3", "0"], "reason": "path_or_serialization_conflict"}, {"candidate_cost": 29.899494937, "candidates": ["0:20", "1:static", "2:static", "3:static"], "event": "assignment_attempt", "trial": 17}, {"candidates": ["0:20", "1:static", "2:static", "3:static"], "event": "priority_rejected", "priority_order": ["1", "2", "3", "0"], "reason": "path_or_serialization_conflict"}, {"candidate_cost": 32.219544457, "candidates": ["0:23", "1:static", "2:static", "3:static"], "event": "assignment_attempt", "trial": 18}, {"candidates": ["0:23", "1:static", "2:static", "3:static"], "event": "priority_rejected", "priority_order": ["1", "2", "3", "0"], "reason": "path_or_serialization_conflict"}, {"candidate_cost": 32.313708499, "candidates": ["0:21", "1:static", "2:static", "3:static"], "event": "assignment_attempt", "trial": 19}, {"candidates": ["0:21", "1:static", "2:static", "3:static"], "event": "priority_rejected", "priority_order": ["1", "2", "3", "0"], "reason": "path_or_serialization_conflict"}, {"candidate_cost": 34.630145813, "candidates": ["0:24", "1:static", "2:static", "3:static"], "event": "assignment_attempt", "trial": 20}, {"candidates": ["0:24", "1:static", "2:static", "3:static"], "event": "priority_rejected", "priority_order": ["1", "2", "3", "0"], "reason": "path_or_serialization_conflict"}, {"candidate_cost": 35.0, "candidates": ["0:25", "1:static", "2:static", "3:static"], "event": "assignment_attempt", "trial": 21}, {"candidates": ["0:25", "1:static", "2:static", "3:static"], "event": "priority_rejected", "priority_order": ["1", "2", "3", "0"], "reason": "path_or_serialization_conflict"}, {"candidate_cost": 37.401754251, "candidates": ["0:26", "1:static", "2:static", "3:static"], "event": "assignment_attempt", "trial": 22}, {"candidates": ["0:26", "1:static", "2:static", "3:static"], "event": "priority_rejected", "priority_order": ["1", "2", "3", "0"], "reason": "path_or_serialization_conflict"}, {"candidate_cost": 37.816653826, "candidates": ["0:27", "1:static", "2:static", "3:static"], "event": "assignment_attempt", "trial": 23}, {"candidates": ["0:27", "1:static", "2:static", "3:static"], "event": "priority_rejected", "priority_order": ["1", "2", "3", "0"], "reason": "path_or_serialization_conflict"}, {"candidate_cost": 40.206555616, "candidates": ["0:28", "1:static", "2:static", "3:static"], "event": "assignment_attempt", "trial": 24}, {"candidates": ["0:28", "1:static", "2:static", "3:static"], "event": "priority_rejected", "priority_order": ["1", "2", "3", "0"], "reason": "path_or_serialization_conflict"}, {"candidate_cost": 40.66190379, "candidates": ["0:29", "1:static", "2:static", "3:static"], "event": "assignment_attempt", "trial": 25}, {"candidates": ["0:29", "1:static", "2:static", "3:static"], "event": "priority_rejected", "priority_order": ["1", "2", "3", "0"], "reason": "path_or_serialization_conflict"}, {"assignment_trials": 25, "event": "planning_finished", "priority_attempts": 25, "status": "NO_PLAN_FOUND"}, {"candidates": ["0:6", "1:static", "2:static", "3:static"], "conflict": ["0:6", "2:static"], "event": "assignment_rejected", "reason": "endpoint_conflict"}, {"candidates": ["0:7", "1:static", "2:static", "3:static"], "conflict": ["0:7", "2:static"], "event": "assignment_rejected", "reason": "endpoint_conflict"}, {"candidates": ["0:11", "1:static", "2:static", "3:static"], "conflict": ["0:11", "2:static"], "event": "assignment_rejected", "reason": "endpoint_conflict"}, {"candidates": ["0:15", "1:static", "2:static", "3:static"], "conflict": ["0:15", "2:static"], "event": "assignment_rejected", "reason": "endpoint_conflict"}, {"candidates": ["0:16", "1:static", "2:static", "3:static"], "conflict": ["0:16", "2:static"], "event": "assignment_rejected", "reason": "endpoint_conflict"}, {"candidate_cost": 8.544003745, "candidates": ["0:0", "1:static", "2:static", "3:static"], "event": "assignment_attempt", "trial": 1}, {"candidates": ["0:0", "1:static", "2:static", "3:static"], "event": "priority_rejected", "priority_order": ["1", "2", "3", "0"], "reason": "path_or_serialization_conflict"}, {"candidate_cost": 9.280109889, "candidates": ["0:2", "1:static", "2:static", "3:static"], "event": "assignment_attempt", "trial": 2}, {"candidates": ["0:2", "1:static", "2:static", "3:static"], "event": "priority_rejected", "priority_order": ["1", "2", "3", "0"], "reason": "path_or_serialization_conflict"}, {"candidate_cost": 9.94427191, "candidates": ["0:1", "1:static", "2:static", "3:static"], "event": "assignment_attempt", "trial": 3}, {"candidates": ["0:1", "1:static", "2:static", "3:static"], "event": "priority_rejected", "priority_order": ["1", "2", "3", "0"], "reason": "path_or_serialization_conflict"}, {"candidate_cost": 10.071067812, "candidates": ["0:3", "1:static", "2:static", "3:static"], "event": "assignment_attempt", "trial": 4}, {"candidates": ["0:3", "1:static", "2:static", "3:static"], "event": "priority_rejected", "priority_order": ["1", "2", "3", "0"], "reason": "path_or_serialization_conflict"}, {"candidate_cost": 11.615773106, "candidates": ["0:4", "1:static", "2:static", "3:static"], "event": "assignment_attempt", "trial": 5}, {"candidates": ["0:4", "1:static", "2:static", "3:static"], "event": "priority_rejected", "priority_order": ["1", "2", "3", "0"], "reason": "path_or_serialization_conflict"}, {"candidate_cost": 12.0, "candidates": ["0:5", "1:static", "2:static", "3:static"], "event": "assignment_attempt", "trial": 6}, {"candidates": ["0:5", "1:static", "2:static", "3:static"], "event": "priority_rejected", "priority_order": ["1", "2", "3", "0"], "reason": "path_or_serialization_conflict"}, {"candidate_cost": 14.32455532, "candidates": ["0:8", "1:static", "2:static", "3:static"], "event": "assignment_attempt", "trial": 7}, {"candidates": ["0:8", "1:static", "2:static", "3:static"], "event": "priority_rejected", "priority_order": ["1", "2", "3", "0"], "reason": "path_or_serialization_conflict"}, {"candidate_cost": 15.08276253, "candidates": ["0:9", "1:static", "2:static", "3:static"], "event": "assignment_attempt", "trial": 8}, {"candidates": ["0:9", "1:static", "2:static", "3:static"], "event": "priority_rejected", "priority_order": ["1", "2", "3", "0"], "reason": "path_or_serialization_conflict"}, {"candidate_cost": 16.708203932, "candidates": ["0:10", "1:static", "2:static", "3:static"], "event": "assignment_attempt", "trial": 9}, {"candidates": ["0:10", "1:static", "2:static", "3:static"], "event": "priority_rejected", "priority_order": ["1", "2", "3", "0"], "reason": "path_or_serialization_conflict"}, {"candidate_cost": 18.0, "candidates": ["0:12", "1:static", "2:static", "3:static"], "event": "assignment_attempt", "trial": 10}, {"candidates": ["0:12", "1:static", "2:static", "3:static"], "event": "priority_rejected", "priority_order": ["1", "2", "3", "0"], "reason": "path_or_serialization_conflict"}, {"candidate_cost": 21.211102551, "candidates": ["0:14", "1:static", "2:static", "3:static"], "event": "assignment_attempt", "trial": 11}, {"candidates": ["0:14", "1:static", "2:static", "3:static"], "event": "priority_rejected", "priority_order": ["1", "2", "3", "0"], "reason": "path_or_serialization_conflict"}, {"candidate_cost": 23.0, "candidates": ["0:13", "1:static", "2:static", "3:static"], "event": "assignment_attempt", "trial": 12}, {"candidates": ["0:13", "1:static", "2:static", "3:static"], "event": "priority_rejected", "priority_order": ["1", "2", "3", "0"], "reason": "path_or_serialization_conflict"}, {"candidate_cost": 23.0, "candidates": ["0:18", "1:static", "2:static", "3:static"], "event": "assignment_attempt", "trial": 13}, {"candidates": ["0:18", "1:static", "2:static", "3:static"], "event": "priority_rejected", "priority_order": ["1", "2", "3", "0"], "reason": "path_or_serialization_conflict"}, {"candidate_cost": 26.0, "candidates": ["0:22", "1:static", "2:static", "3:static"], "event": "assignment_attempt", "trial": 14}, {"candidates": ["0:22", "1:static", "2:static", "3:static"], "event": "priority_rejected", "priority_order": ["1", "2", "3", "0"], "reason": "path_or_serialization_conflict"}, {"candidate_cost": 27.485281374, "candidates": ["0:19", "1:static", "2:static", "3:static"], "event": "assignment_attempt", "trial": 15}, {"candidates": ["0:19", "1:static", "2:static", "3:static"], "event": "priority_rejected", "priority_order": ["1", "2", "3", "0"], "reason": "path_or_serialization_conflict"}, {"candidate_cost": 27.630145813, "candidates": ["0:17", "1:static", "2:static", "3:static"], "event": "assignment_attempt", "trial": 16}, {"candidates": ["0:17", "1:static", "2:static", "3:static"], "event": "priority_rejected", "priority_order": ["1", "2", "3", "0"], "reason": "path_or_serialization_conflict"}, {"candidate_cost": 29.899494937, "candidates": ["0:20", "1:static", "2:static", "3:static"], "event": "assignment_attempt", "trial": 17}, {"candidates": ["0:20", "1:static", "2:static", "3:static"], "event": "priority_rejected", "priority_order": ["1", "2", "3", "0"], "reason": "path_or_serialization_conflict"}, {"candidate_cost": 32.219544457, "candidates": ["0:23", "1:static", "2:static", "3:static"], "event": "assignment_attempt", "trial": 18}, {"candidates": ["0:23", "1:static", "2:static", "3:static"], "event": "priority_rejected", "priority_order": ["1", "2", "3", "0"], "reason": "path_or_serialization_conflict"}, {"candidate_cost": 32.313708499, "candidates": ["0:21", "1:static", "2:static", "3:static"], "event": "assignment_attempt", "trial": 19}, {"candidates": ["0:21", "1:static", "2:static", "3:static"], "event": "priority_rejected", "priority_order": ["1", "2", "3", "0"], "reason": "path_or_serialization_conflict"}, {"candidate_cost": 34.630145813, "candidates": ["0:24", "1:static", "2:static", "3:static"], "event": "assignment_attempt", "trial": 20}, {"candidates": ["0:24", "1:static", "2:static", "3:static"], "event": "priority_rejected", "priority_order": ["1", "2", "3", "0"], "reason": "path_or_serialization_conflict"}, {"candidate_cost": 35.0, "candidates": ["0:25", "1:static", "2:static", "3:static"], "event": "assignment_attempt", "trial": 21}, {"candidates": ["0:25", "1:static", "2:static", "3:static"], "event": "priority_rejected", "priority_order": ["1", "2", "3", "0"], "reason": "path_or_serialization_conflict"}, {"candidate_cost": 37.401754251, "candidates": ["0:26", "1:static", "2:static", "3:static"], "event": "assignment_attempt", "trial": 22}, {"candidates": ["0:26", "1:static", "2:static", "3:static"], "event": "priority_rejected", "priority_order": ["1", "2", "3", "0"], "reason": "path_or_serialization_conflict"}, {"candidate_cost": 37.816653826, "candidates": ["0:27", "1:static", "2:static", "3:static"], "event": "assignment_attempt", "trial": 23}, {"candidates": ["0:27", "1:static", "2:static", "3:static"], "event": "priority_rejected", "priority_order": ["1", "2", "3", "0"], "reason": "path_or_serialization_conflict"}, {"candidate_cost": 40.206555616, "candidates": ["0:28", "1:static", "2:static", "3:static"], "event": "assignment_attempt", "trial": 24}, {"candidates": ["0:28", "1:static", "2:static", "3:static"], "event": "priority_rejected", "priority_order": ["1", "2", "3", "0"], "reason": "path_or_serialization_conflict"}, {"candidate_cost": 40.66190379, "candidates": ["0:29", "1:static", "2:static", "3:static"], "event": "assignment_attempt", "trial": 25}, {"candidates": ["0:29", "1:static", "2:static", "3:static"], "event": "priority_rejected", "priority_order": ["1", "2", "3", "0"], "reason": "path_or_serialization_conflict"}, {"assignment_trials": 25, "event": "planning_finished", "priority_attempts": 25, "status": "NO_PLAN_FOUND"}, {"event": "parking_recovery_attempted", "parking_agent_ids": [2, 3]}, {"candidates": ["0:0", "1:static", "2:parking:0", "3:parking:0"], "conflict": ["2:parking:0", "3:parking:0"], "event": "assignment_rejected", "reason": "endpoint_conflict"}, {"candidates": ["0:0", "1:static", "2:parking:0", "3:parking:1"], "conflict": ["2:parking:0", "3:parking:1"], "event": "assignment_rejected", "reason": "endpoint_conflict"}, {"candidates": ["0:0", "1:static", "2:parking:1", "3:parking:0"], "conflict": ["2:parking:1", "3:parking:0"], "event": "assignment_rejected", "reason": "endpoint_conflict"}, {"candidates": ["0:0", "1:static", "2:parking:1", "3:parking:1"], "conflict": ["2:parking:1", "3:parking:1"], "event": "assignment_rejected", "reason": "endpoint_conflict"}, {"candidates": ["0:0", "1:static", "2:parking:1", "3:parking:2"], "conflict": ["2:parking:1", "3:parking:2"], "event": "assignment_rejected", "reason": "endpoint_conflict"}, {"candidates": ["0:0", "1:static", "2:parking:2", "3:parking:1"], "conflict": ["2:parking:2", "3:parking:1"], "event": "assignment_rejected", "reason": "endpoint_conflict"}, {"candidates": ["0:0", "1:static", "2:parking:2", "3:parking:2"], "conflict": ["2:parking:2", "3:parking:2"], "event": "assignment_rejected", "reason": "endpoint_conflict"}, {"candidates": ["0:1", "1:static", "2:parking:0", "3:parking:0"], "conflict": ["2:parking:0", "3:parking:0"], "event": "assignment_rejected", "reason": "endpoint_conflict"}, {"candidates": ["0:1", "1:static", "2:parking:0", "3:parking:1"], "conflict": ["2:parking:0", "3:parking:1"], "event": "assignment_rejected", "reason": "endpoint_conflict"}, {"candidates": ["0:1", "1:static", "2:parking:1", "3:parking:0"], "conflict": ["2:parking:1", "3:parking:0"], "event": "assignment_rejected", "reason": "endpoint_conflict"}, {"candidates": ["0:1", "1:static", "2:parking:1", "3:parking:1"], "conflict": ["2:parking:1", "3:parking:1"], "event": "assignment_rejected", "reason": "endpoint_conflict"}, {"candidates": ["0:1", "1:static", "2:parking:1", "3:parking:2"], "conflict": ["2:parking:1", "3:parking:2"], "event": "assignment_rejected", "reason": "endpoint_conflict"}, {"candidates": ["0:1", "1:static", "2:parking:2", "3:parking:1"], "conflict": ["2:parking:2", "3:parking:1"], "event": "assignment_rejected", "reason": "endpoint_conflict"}, {"candidates": ["0:1", "1:static", "2:parking:2", "3:parking:2"], "conflict": ["2:parking:2", "3:parking:2"], "event": "assignment_rejected", "reason": "endpoint_conflict"}, {"candidates": ["0:2", "1:static", "2:parking:0", "3:parking:0"], "conflict": ["2:parking:0", "3:parking:0"], "event": "assignment_rejected", "reason": "endpoint_conflict"}, {"candidates": ["0:2", "1:static", "2:parking:0", "3:parking:1"], "conflict": ["2:parking:0", "3:parking:1"], "event": "assignment_rejected", "reason": "endpoint_conflict"}, {"candidates": ["0:2", "1:static", "2:parking:1", "3:parking:0"], "conflict": ["2:parking:1", "3:parking:0"], "event": "assignment_rejected", "reason": "endpoint_conflict"}, {"candidates": ["0:2", "1:static", "2:parking:1", "3:parking:1"], "conflict": ["2:parking:1", "3:parking:1"], "event": "assignment_rejected", "reason": "endpoint_conflict"}, {"candidates": ["0:2", "1:static", "2:parking:1", "3:parking:2"], "conflict": ["2:parking:1", "3:parking:2"], "event": "assignment_rejected", "reason": "endpoint_conflict"}, {"candidates": ["0:2", "1:static", "2:parking:2", "3:parking:1"], "conflict": ["2:parking:2", "3:parking:1"], "event": "assignment_rejected", "reason": "endpoint_conflict"}, {"candidates": ["0:2", "1:static", "2:parking:2", "3:parking:2"], "conflict": ["2:parking:2", "3:parking:2"], "event": "assignment_rejected", "reason": "endpoint_conflict"}, {"candidates": ["0:3", "1:static", "2:parking:0", "3:parking:0"], "conflict": ["2:parking:0", "3:parking:0"], "event": "assignment_rejected", "reason": "endpoint_conflict"}, {"candidates": ["0:3", "1:static", "2:parking:0", "3:parking:1"], "conflict": ["2:parking:0", "3:parking:1"], "event": "assignment_rejected", "reason": "endpoint_conflict"}, {"candidates": ["0:3", "1:static", "2:parking:1", "3:parking:0"], "conflict": ["2:parking:1", "3:parking:0"], "event": "assignment_rejected", "reason": "endpoint_conflict"}, {"candidates": ["0:3", "1:static", "2:parking:1", "3:parking:1"], "conflict": ["2:parking:1", "3:parking:1"], "event": "assignment_rejected", "reason": "endpoint_conflict"}, {"candidates": ["0:3", "1:static", "2:parking:1", "3:parking:2"], "conflict": ["2:parking:1", "3:parking:2"], "event": "assignment_rejected", "reason": "endpoint_conflict"}, {"candidates": ["0:3", "1:static", "2:parking:2", "3:parking:1"], "conflict": ["2:parking:2", "3:parking:1"], "event": "assignment_rejected", "reason": "endpoint_conflict"}, {"candidates": ["0:3", "1:static", "2:parking:2", "3:parking:2"], "conflict": ["2:parking:2", "3:parking:2"], "event": "assignment_rejected", "reason": "endpoint_conflict"}, {"candidates": ["0:4", "1:static", "2:parking:0", "3:parking:0"], "conflict": ["2:parking:0", "3:parking:0"], "event": "assignment_rejected", "reason": "endpoint_conflict"}, {"candidates": ["0:4", "1:static", "2:parking:0", "3:parking:1"], "conflict": ["2:parking:0", "3:parking:1"], "event": "assignment_rejected", "reason": "endpoint_conflict"}, {"candidates": ["0:4", "1:static", "2:parking:1", "3:parking:0"], "conflict": ["2:parking:1", "3:parking:0"], "event": "assignment_rejected", "reason": "endpoint_conflict"}, {"candidates": ["0:4", "1:static", "2:parking:1", "3:parking:1"], "conflict": ["2:parking:1", "3:parking:1"], "event": "assignment_rejected", "reason": "endpoint_conflict"}, {"candidates": ["0:4", "1:static", "2:parking:1", "3:parking:2"], "conflict": ["2:parking:1", "3:parking:2"], "event": "assignment_rejected", "reason": "endpoint_conflict"}, {"candidates": ["0:4", "1:static", "2:parking:2", "3:parking:1"], "conflict": ["2:parking:2", "3:parking:1"], "event": "assignment_rejected", "reason": "endpoint_conflict"}, {"candidates": ["0:4", "1:static", "2:parking:2", "3:parking:2"], "conflict": ["2:parking:2", "3:parking:2"], "event": "assignment_rejected", "reason": "endpoint_conflict"}, {"candidates": ["0:5", "1:static", "2:parking:0", "3:parking:0"], "conflict": ["2:parking:0", "3:parking:0"], "event": "assignment_rejected", "reason": "endpoint_conflict"}, {"candidates": ["0:5", "1:static", "2:parking:0", "3:parking:1"], "conflict": ["2:parking:0", "3:parking:1"], "event": "assignment_rejected", "reason": "endpoint_conflict"}, {"candidates": ["0:5", "1:static", "2:parking:1", "3:parking:0"], "conflict": ["2:parking:1", "3:parking:0"], "event": "assignment_rejected", "reason": "endpoint_conflict"}, {"candidates": ["0:5", "1:static", "2:parking:1", "3:parking:1"], "conflict": ["2:parking:1", "3:parking:1"], "event": "assignment_rejected", "reason": "endpoint_conflict"}, {"candidates": ["0:5", "1:static", "2:parking:1", "3:parking:2"], "conflict": ["2:parking:1", "3:parking:2"], "event": "assignment_rejected", "reason": "endpoint_conflict"}, {"candidates": ["0:5", "1:static", "2:parking:2", "3:parking:1"], "conflict": ["2:parking:2", "3:parking:1"], "event": "assignment_rejected", "reason": "endpoint_conflict"}, {"candidates": ["0:5", "1:static", "2:parking:2", "3:parking:2"], "conflict": ["2:parking:2", "3:parking:2"], "event": "assignment_rejected", "reason": "endpoint_conflict"}, {"candidates": ["0:6", "1:static", "2:parking:0", "3:parking:0"], "conflict": ["2:parking:0", "3:parking:0"], "event": "assignment_rejected", "reason": "endpoint_conflict"}, {"candidates": ["0:6", "1:static", "2:parking:0", "3:parking:1"], "conflict": ["2:parking:0", "3:parking:1"], "event": "assignment_rejected", "reason": "endpoint_conflict"}, {"candidates": ["0:6", "1:static", "2:parking:1", "3:parking:0"], "conflict": ["2:parking:1", "3:parking:0"], "event": "assignment_rejected", "reason": "endpoint_conflict"}, {"candidates": ["0:6", "1:static", "2:parking:1", "3:parking:1"], "conflict": ["2:parking:1", "3:parking:1"], "event": "assignment_rejected", "reason": "endpoint_conflict"}, {"candidates": ["0:6", "1:static", "2:parking:1", "3:parking:2"], "conflict": ["2:parking:1", "3:parking:2"], "event": "assignment_rejected", "reason": "endpoint_conflict"}, {"candidates": ["0:6", "1:static", "2:parking:2", "3:parking:1"], "conflict": ["2:parking:2", "3:parking:1"], "event": "assignment_rejected", "reason": "endpoint_conflict"}, {"candidates": ["0:6", "1:static", "2:parking:2", "3:parking:2"], "conflict": ["2:parking:2", "3:parking:2"], "event": "assignment_rejected", "reason": "endpoint_conflict"}, {"candidates": ["0:7", "1:static", "2:parking:0", "3:parking:0"], "conflict": ["2:parking:0", "3:parking:0"], "event": "assignment_rejected", "reason": "endpoint_conflict"}, {"candidates": ["0:7", "1:static", "2:parking:0", "3:parking:1"], "conflict": ["2:parking:0", "3:parking:1"], "event": "assignment_rejected", "reason": "endpoint_conflict"}, {"candidates": ["0:7", "1:static", "2:parking:1", "3:parking:0"], "conflict": ["2:parking:1", "3:parking:0"], "event": "assignment_rejected", "reason": "endpoint_conflict"}, {"candidates": ["0:7", "1:static", "2:parking:1", "3:parking:1"], "conflict": ["2:parking:1", "3:parking:1"], "event": "assignment_rejected", "reason": "endpoint_conflict"}, {"candidates": ["0:7", "1:static", "2:parking:1", "3:parking:2"], "conflict": ["2:parking:1", "3:parking:2"], "event": "assignment_rejected", "reason": "endpoint_conflict"}, {"candidates": ["0:7", "1:static", "2:parking:2", "3:parking:1"], "conflict": ["2:parking:2", "3:parking:1"], "event": "assignment_rejected", "reason": "endpoint_conflict"}, {"candidates": ["0:7", "1:static", "2:parking:2", "3:parking:2"], "conflict": ["2:parking:2", "3:parking:2"], "event": "assignment_rejected", "reason": "endpoint_conflict"}, {"candidates": ["0:8", "1:static", "2:parking:0", "3:parking:0"], "conflict": ["2:parking:0", "3:parking:0"], "event": "assignment_rejected", "reason": "endpoint_conflict"}, {"candidates": ["0:8", "1:static", "2:parking:0", "3:parking:1"], "conflict": ["2:parking:0", "3:parking:1"], "event": "assignment_rejected", "reason": "endpoint_conflict"}, {"candidates": ["0:8", "1:static", "2:parking:1", "3:parking:0"], "conflict": ["2:parking:1", "3:parking:0"], "event": "assignment_rejected", "reason": "endpoint_conflict"}, {"candidates": ["0:8", "1:static", "2:parking:1", "3:parking:1"], "conflict": ["2:parking:1", "3:parking:1"], "event": "assignment_rejected", "reason": "endpoint_conflict"}, {"candidates": ["0:8", "1:static", "2:parking:1", "3:parking:2"], "conflict": ["2:parking:1", "3:parking:2"], "event": "assignment_rejected", "reason": "endpoint_conflict"}, {"candidates": ["0:8", "1:static", "2:parking:2", "3:parking:1"], "conflict": ["2:parking:2", "3:parking:1"], "event": "assignment_rejected", "reason": "endpoint_conflict"}, {"candidates": ["0:8", "1:static", "2:parking:2", "3:parking:2"], "conflict": ["2:parking:2", "3:parking:2"], "event": "assignment_rejected", "reason": "endpoint_conflict"}, {"candidates": ["0:9", "1:static", "2:parking:0", "3:parking:0"], "conflict": ["2:parking:0", "3:parking:0"], "event": "assignment_rejected", "reason": "endpoint_conflict"}, {"candidates": ["0:9", "1:static", "2:parking:0", "3:parking:1"], "conflict": ["2:parking:0", "3:parking:1"], "event": "assignment_rejected", "reason": "endpoint_conflict"}, {"candidates": ["0:9", "1:static", "2:parking:1", "3:parking:0"], "conflict": ["2:parking:1", "3:parking:0"], "event": "assignment_rejected", "reason": "endpoint_conflict"}, {"candidates": ["0:9", "1:static", "2:parking:1", "3:parking:1"], "conflict": ["2:parking:1", "3:parking:1"], "event": "assignment_rejected", "reason": "endpoint_conflict"}, {"candidates": ["0:9", "1:static", "2:parking:1", "3:parking:2"], "conflict": ["2:parking:1", "3:parking:2"], "event": "assignment_rejected", "reason": "endpoint_conflict"}, {"candidates": ["0:9", "1:static", "2:parking:2", "3:parking:1"], "conflict": ["2:parking:2", "3:parking:1"], "event": "assignment_rejected", "reason": "endpoint_conflict"}, {"candidates": ["0:9", "1:static", "2:parking:2", "3:parking:2"], "conflict": ["2:parking:2", "3:parking:2"], "event": "assignment_rejected", "reason": "endpoint_conflict"}, {"candidates": ["0:10", "1:static", "2:parking:0", "3:parking:0"], "conflict": ["2:parking:0", "3:parking:0"], "event": "assignment_rejected", "reason": "endpoint_conflict"}, {"candidates": ["0:10", "1:static", "2:parking:0", "3:parking:1"], "conflict": ["2:parking:0", "3:parking:1"], "event": "assignment_rejected", "reason": "endpoint_conflict"}, {"candidates": ["0:10", "1:static", "2:parking:1", "3:parking:0"], "conflict": ["2:parking:1", "3:parking:0"], "event": "assignment_rejected", "reason": "endpoint_conflict"}, {"candidates": ["0:10", "1:static", "2:parking:1", "3:parking:1"], "conflict": ["2:parking:1", "3:parking:1"], "event": "assignment_rejected", "reason": "endpoint_conflict"}, {"candidates": ["0:10", "1:static", "2:parking:1", "3:parking:2"], "conflict": ["2:parking:1", "3:parking:2"], "event": "assignment_rejected", "reason": "endpoint_conflict"}, {"candidates": ["0:10", "1:static", "2:parking:2", "3:parking:1"], "conflict": ["2:parking:2", "3:parking:1"], "event": "assignment_rejected", "reason": "endpoint_conflict"}, {"candidates": ["0:10", "1:static", "2:parking:2", "3:parking:2"], "conflict": ["2:parking:2", "3:parking:2"], "event": "assignment_rejected", "reason": "endpoint_conflict"}, {"candidates": ["0:11", "1:static", "2:parking:0", "3:parking:0"], "conflict": ["2:parking:0", "3:parking:0"], "event": "assignment_rejected", "reason": "endpoint_conflict"}, {"candidates": ["0:11", "1:static", "2:parking:0", "3:parking:1"], "conflict": ["2:parking:0", "3:parking:1"], "event": "assignment_rejected", "reason": "endpoint_conflict"}, {"candidates": ["0:11", "1:static", "2:parking:1", "3:parking:0"], "conflict": ["2:parking:1", "3:parking:0"], "event": "assignment_rejected", "reason": "endpoint_conflict"}, {"candidates": ["0:11", "1:static", "2:parking:1", "3:parking:1"], "conflict": ["2:parking:1", "3:parking:1"], "event": "assignment_rejected", "reason": "endpoint_conflict"}, {"candidates": ["0:11", "1:static", "2:parking:1", "3:parking:2"], "conflict": ["2:parking:1", "3:parking:2"], "event": "assignment_rejected", "reason": "endpoint_conflict"}, {"candidates": ["0:11", "1:static", "2:parking:2", "3:parking:1"], "conflict": ["2:parking:2", "3:parking:1"], "event": "assignment_rejected", "reason": "endpoint_conflict"}, {"candidates": ["0:11", "1:static", "2:parking:2", "3:parking:2"], "conflict": ["2:parking:2", "3:parking:2"], "event": "assignment_rejected", "reason": "endpoint_conflict"}, {"candidates": ["0:12", "1:static", "2:parking:0", "3:parking:0"], "conflict": ["2:parking:0", "3:parking:0"], "event": "assignment_rejected", "reason": "endpoint_conflict"}, {"candidates": ["0:12", "1:static", "2:parking:0", "3:parking:1"], "conflict": ["2:parking:0", "3:parking:1"], "event": "assignment_rejected", "reason": "endpoint_conflict"}, {"candidates": ["0:12", "1:static", "2:parking:1", "3:parking:0"], "conflict": ["2:parking:1", "3:parking:0"], "event": "assignment_rejected", "reason": "endpoint_conflict"}, {"candidates": ["0:12", "1:static", "2:parking:1", "3:parking:1"], "conflict": ["2:parking:1", "3:parking:1"], "event": "assignment_rejected", "reason": "endpoint_conflict"}, {"candidates": ["0:12", "1:static", "2:parking:1", "3:parking:2"], "conflict": ["2:parking:1", "3:parking:2"], "event": "assignment_rejected", "reason": "endpoint_conflict"}, {"candidates": ["0:12", "1:static", "2:parking:2", "3:parking:1"], "conflict": ["2:parking:2", "3:parking:1"], "event": "assignment_rejected", "reason": "endpoint_conflict"}, {"candidates": ["0:12", "1:static", "2:parking:2", "3:parking:2"], "conflict": ["2:parking:2", "3:parking:2"], "event": "assignment_rejected", "reason": "endpoint_conflict"}, {"candidates": ["0:13", "1:static", "2:parking:0", "3:parking:0"], "conflict": ["2:parking:0", "3:parking:0"], "event": "assignment_rejected", "reason": "endpoint_conflict"}, {"candidates": ["0:13", "1:static", "2:parking:0", "3:parking:1"], "conflict": ["2:parking:0", "3:parking:1"], "event": "assignment_rejected", "reason": "endpoint_conflict"}, {"candidates": ["0:13", "1:static", "2:parking:1", "3:parking:0"], "conflict": ["2:parking:1", "3:parking:0"], "event": "assignment_rejected", "reason": "endpoint_conflict"}, {"candidates": ["0:13", "1:static", "2:parking:1", "3:parking:1"], "conflict": ["2:parking:1", "3:parking:1"], "event": "assignment_rejected", "reason": "endpoint_conflict"}, {"candidates": ["0:13", "1:static", "2:parking:1", "3:parking:2"], "conflict": ["2:parking:1", "3:parking:2"], "event": "assignment_rejected", "reason": "endpoint_conflict"}, {"candidates": ["0:13", "1:static", "2:parking:2", "3:parking:1"], "conflict": ["2:parking:2", "3:parking:1"], "event": "assignment_rejected", "reason": "endpoint_conflict"}, {"candidates": ["0:13", "1:static", "2:parking:2", "3:parking:2"], "conflict": ["2:parking:2", "3:parking:2"], "event": "assignment_rejected", "reason": "endpoint_conflict"}, {"candidates": ["0:14", "1:static", "2:parking:0", "3:parking:0"], "conflict": ["2:parking:0", "3:parking:0"], "event": "assignment_rejected", "reason": "endpoint_conflict"}, {"candidates": ["0:14", "1:static", "2:parking:0", "3:parking:1"], "conflict": ["2:parking:0", "3:parking:1"], "event": "assignment_rejected", "reason": "endpoint_conflict"}, {"candidates": ["0:14", "1:static", "2:parking:1", "3:parking:0"], "conflict": ["2:parking:1", "3:parking:0"], "event": "assignment_rejected", "reason": "endpoint_conflict"}, {"candidates": ["0:14", "1:static", "2:parking:1", "3:parking:1"], "conflict": ["2:parking:1", "3:parking:1"], "event": "assignment_rejected", "reason": "endpoint_conflict"}, {"candidates": ["0:14", "1:static", "2:parking:1", "3:parking:2"], "conflict": ["2:parking:1", "3:parking:2"], "event": "assignment_rejected", "reason": "endpoint_conflict"}, {"candidates": ["0:14", "1:static", "2:parking:2", "3:parking:1"], "conflict": ["2:parking:2", "3:parking:1"], "event": "assignment_rejected", "reason": "endpoint_conflict"}, {"candidates": ["0:14", "1:static", "2:parking:2", "3:parking:2"], "conflict": ["2:parking:2", "3:parking:2"], "event": "assignment_rejected", "reason": "endpoint_conflict"}, {"candidates": ["0:15", "1:static", "2:parking:0", "3:parking:0"], "conflict": ["2:parking:0", "3:parking:0"], "event": "assignment_rejected", "reason": "endpoint_conflict"}, {"candidates": ["0:15", "1:static", "2:parking:0", "3:parking:1"], "conflict": ["2:parking:0", "3:parking:1"], "event": "assignment_rejected", "reason": "endpoint_conflict"}, {"candidates": ["0:15", "1:static", "2:parking:1", "3:parking:0"], "conflict": ["2:parking:1", "3:parking:0"], "event": "assignment_rejected", "reason": "endpoint_conflict"}, {"candidates": ["0:15", "1:static", "2:parking:1", "3:parking:1"], "conflict": ["2:parking:1", "3:parking:1"], "event": "assignment_rejected", "reason": "endpoint_conflict"}, {"candidates": ["0:15", "1:static", "2:parking:1", "3:parking:2"], "conflict": ["2:parking:1", "3:parking:2"], "event": "assignment_rejected", "reason": "endpoint_conflict"}, {"candidates": ["0:15", "1:static", "2:parking:2", "3:parking:1"], "conflict": ["2:parking:2", "3:parking:1"], "event": "assignment_rejected", "reason": "endpoint_conflict"}, {"candidates": ["0:15", "1:static", "2:parking:2", "3:parking:2"], "conflict": ["2:parking:2", "3:parking:2"], "event": "assignment_rejected", "reason": "endpoint_conflict"}, {"candidates": ["0:16", "1:static", "2:parking:0", "3:parking:0"], "conflict": ["2:parking:0", "3:parking:0"], "event": "assignment_rejected", "reason": "endpoint_conflict"}, {"candidates": ["0:16", "1:static", "2:parking:0", "3:parking:1"], "conflict": ["2:parking:0", "3:parking:1"], "event": "assignment_rejected", "reason": "endpoint_conflict"}, {"candidates": ["0:16", "1:static", "2:parking:1", "3:parking:0"], "conflict": ["2:parking:1", "3:parking:0"], "event": "assignment_rejected", "reason": "endpoint_conflict"}, {"candidates": ["0:16", "1:static", "2:parking:1", "3:parking:1"], "conflict": ["2:parking:1", "3:parking:1"], "event": "assignment_rejected", "reason": "endpoint_conflict"}, {"candidates": ["0:16", "1:static", "2:parking:1", "3:parking:2"], "conflict": ["2:parking:1", "3:parking:2"], "event": "assignment_rejected", "reason": "endpoint_conflict"}, {"candidates": ["0:16", "1:static", "2:parking:2", "3:parking:1"], "conflict": ["2:parking:2", "3:parking:1"], "event": "assignment_rejected", "reason": "endpoint_conflict"}, {"candidates": ["0:16", "1:static", "2:parking:2", "3:parking:2"], "conflict": ["2:parking:2", "3:parking:2"], "event": "assignment_rejected", "reason": "endpoint_conflict"}, {"candidates": ["0:17", "1:static", "2:parking:0", "3:parking:0"], "conflict": ["2:parking:0", "3:parking:0"], "event": "assignment_rejected", "reason": "endpoint_conflict"}, {"candidates": ["0:17", "1:static", "2:parking:0", "3:parking:1"], "conflict": ["2:parking:0", "3:parking:1"], "event": "assignment_rejected", "reason": "endpoint_conflict"}, {"candidates": ["0:17", "1:static", "2:parking:1", "3:parking:0"], "conflict": ["2:parking:1", "3:parking:0"], "event": "assignment_rejected", "reason": "endpoint_conflict"}, {"candidates": ["0:17", "1:static", "2:parking:1", "3:parking:1"], "conflict": ["2:parking:1", "3:parking:1"], "event": "assignment_rejected", "reason": "endpoint_conflict"}, {"candidates": ["0:17", "1:static", "2:parking:1", "3:parking:2"], "conflict": ["2:parking:1", "3:parking:2"], "event": "assignment_rejected", "reason": "endpoint_conflict"}, {"candidates": ["0:17", "1:static", "2:parking:2", "3:parking:1"], "conflict": ["2:parking:2", "3:parking:1"], "event": "assignment_rejected", "reason": "endpoint_conflict"}, {"candidates": ["0:17", "1:static", "2:parking:2", "3:parking:2"], "conflict": ["2:parking:2", "3:parking:2"], "event": "assignment_rejected", "reason": "endpoint_conflict"}, {"candidates": ["0:18", "1:static", "2:parking:0", "3:parking:0"], "conflict": ["2:parking:0", "3:parking:0"], "event": "assignment_rejected", "reason": "endpoint_conflict"}, {"candidates": ["0:18", "1:static", "2:parking:0", "3:parking:1"], "conflict": ["2:parking:0", "3:parking:1"], "event": "assignment_rejected", "reason": "endpoint_conflict"}, {"candidates": ["0:18", "1:static", "2:parking:1", "3:parking:0"], "conflict": ["2:parking:1", "3:parking:0"], "event": "assignment_rejected", "reason": "endpoint_conflict"}, {"candidates": ["0:18", "1:static", "2:parking:1", "3:parking:1"], "conflict": ["2:parking:1", "3:parking:1"], "event": "assignment_rejected", "reason": "endpoint_conflict"}, {"candidates": ["0:18", "1:static", "2:parking:1", "3:parking:2"], "conflict": ["2:parking:1", "3:parking:2"], "event": "assignment_rejected", "reason": "endpoint_conflict"}, {"candidates": ["0:18", "1:static", "2:parking:2", "3:parking:1"], "conflict": ["2:parking:2", "3:parking:1"], "event": "assignment_rejected", "reason": "endpoint_conflict"}, {"candidates": ["0:18", "1:static", "2:parking:2", "3:parking:2"], "conflict": ["2:parking:2", "3:parking:2"], "event": "assignment_rejected", "reason": "endpoint_conflict"}, {"candidates": ["0:19", "1:static", "2:parking:0", "3:parking:0"], "conflict": ["2:parking:0", "3:parking:0"], "event": "assignment_rejected", "reason": "endpoint_conflict"}, {"candidates": ["0:19", "1:static", "2:parking:0", "3:parking:1"], "conflict": ["2:parking:0", "3:parking:1"], "event": "assignment_rejected", "reason": "endpoint_conflict"}, {"candidates": ["0:19", "1:static", "2:parking:1", "3:parking:0"], "conflict": ["2:parking:1", "3:parking:0"], "event": "assignment_rejected", "reason": "endpoint_conflict"}, {"candidates": ["0:19", "1:static", "2:parking:1", "3:parking:1"], "conflict": ["2:parking:1", "3:parking:1"], "event": "assignment_rejected", "reason": "endpoint_conflict"}, {"candidates": ["0:19", "1:static", "2:parking:1", "3:parking:2"], "conflict": ["2:parking:1", "3:parking:2"], "event": "assignment_rejected", "reason": "endpoint_conflict"}, {"candidates": ["0:19", "1:static", "2:parking:2", "3:parking:1"], "conflict": ["2:parking:2", "3:parking:1"], "event": "assignment_rejected", "reason": "endpoint_conflict"}, {"candidates": ["0:19", "1:static", "2:parking:2", "3:parking:2"], "conflict": ["2:parking:2", "3:parking:2"], "event": "assignment_rejected", "reason": "endpoint_conflict"}, {"candidates": ["0:20", "1:static", "2:parking:0", "3:parking:0"], "conflict": ["2:parking:0", "3:parking:0"], "event": "assignment_rejected", "reason": "endpoint_conflict"}, {"candidates": ["0:20", "1:static", "2:parking:0", "3:parking:1"], "conflict": ["2:parking:0", "3:parking:1"], "event": "assignment_rejected", "reason": "endpoint_conflict"}, {"candidates": ["0:20", "1:static", "2:parking:1", "3:parking:0"], "conflict": ["2:parking:1", "3:parking:0"], "event": "assignment_rejected", "reason": "endpoint_conflict"}, {"candidates": ["0:20", "1:static", "2:parking:1", "3:parking:1"], "conflict": ["2:parking:1", "3:parking:1"], "event": "assignment_rejected", "reason": "endpoint_conflict"}, {"candidates": ["0:20", "1:static", "2:parking:1", "3:parking:2"], "conflict": ["2:parking:1", "3:parking:2"], "event": "assignment_rejected", "reason": "endpoint_conflict"}, {"candidates": ["0:20", "1:static", "2:parking:2", "3:parking:1"], "conflict": ["2:parking:2", "3:parking:1"], "event": "assignment_rejected", "reason": "endpoint_conflict"}, {"candidates": ["0:20", "1:static", "2:parking:2", "3:parking:2"], "conflict": ["2:parking:2", "3:parking:2"], "event": "assignment_rejected", "reason": "endpoint_conflict"}, {"candidates": ["0:21", "1:static", "2:parking:0", "3:parking:0"], "conflict": ["2:parking:0", "3:parking:0"], "event": "assignment_rejected", "reason": "endpoint_conflict"}, {"candidates": ["0:21", "1:static", "2:parking:0", "3:parking:1"], "conflict": ["2:parking:0", "3:parking:1"], "event": "assignment_rejected", "reason": "endpoint_conflict"}, {"candidates": ["0:21", "1:static", "2:parking:1", "3:parking:0"], "conflict": ["2:parking:1", "3:parking:0"], "event": "assignment_rejected", "reason": "endpoint_conflict"}, {"candidates": ["0:21", "1:static", "2:parking:1", "3:parking:1"], "conflict": ["2:parking:1", "3:parking:1"], "event": "assignment_rejected", "reason": "endpoint_conflict"}, {"candidates": ["0:21", "1:static", "2:parking:1", "3:parking:2"], "conflict": ["2:parking:1", "3:parking:2"], "event": "assignment_rejected", "reason": "endpoint_conflict"}, {"candidates": ["0:21", "1:static", "2:parking:2", "3:parking:1"], "conflict": ["2:parking:2", "3:parking:1"], "event": "assignment_rejected", "reason": "endpoint_conflict"}, {"candidates": ["0:21", "1:static", "2:parking:2", "3:parking:2"], "conflict": ["2:parking:2", "3:parking:2"], "event": "assignment_rejected", "reason": "endpoint_conflict"}, {"candidates": ["0:22", "1:static", "2:parking:0", "3:parking:0"], "conflict": ["2:parking:0", "3:parking:0"], "event": "assignment_rejected", "reason": "endpoint_conflict"}, {"candidates": ["0:22", "1:static", "2:parking:0", "3:parking:1"], "conflict": ["2:parking:0", "3:parking:1"], "event": "assignment_rejected", "reason": "endpoint_conflict"}, {"candidates": ["0:22", "1:static", "2:parking:1", "3:parking:0"], "conflict": ["2:parking:1", "3:parking:0"], "event": "assignment_rejected", "reason": "endpoint_conflict"}, {"candidates": ["0:22", "1:static", "2:parking:1", "3:parking:1"], "conflict": ["2:parking:1", "3:parking:1"], "event": "assignment_rejected", "reason": "endpoint_conflict"}, {"candidates": ["0:22", "1:static", "2:parking:1", "3:parking:2"], "conflict": ["2:parking:1", "3:parking:2"], "event": "assignment_rejected", "reason": "endpoint_conflict"}, {"candidates": ["0:22", "1:static", "2:parking:2", "3:parking:1"], "conflict": ["2:parking:2", "3:parking:1"], "event": "assignment_rejected", "reason": "endpoint_conflict"}, {"candidates": ["0:22", "1:static", "2:parking:2", "3:parking:2"], "conflict": ["2:parking:2", "3:parking:2"], "event": "assignment_rejected", "reason": "endpoint_conflict"}, {"candidates": ["0:23", "1:static", "2:parking:0", "3:parking:0"], "conflict": ["2:parking:0", "3:parking:0"], "event": "assignment_rejected", "reason": "endpoint_conflict"}, {"candidates": ["0:23", "1:static", "2:parking:0", "3:parking:1"], "conflict": ["2:parking:0", "3:parking:1"], "event": "assignment_rejected", "reason": "endpoint_conflict"}, {"candidates": ["0:23", "1:static", "2:parking:1", "3:parking:0"], "conflict": ["2:parking:1", "3:parking:0"], "event": "assignment_rejected", "reason": "endpoint_conflict"}, {"candidates": ["0:23", "1:static", "2:parking:1", "3:parking:1"], "conflict": ["2:parking:1", "3:parking:1"], "event": "assignment_rejected", "reason": "endpoint_conflict"}, {"candidates": ["0:23", "1:static", "2:parking:1", "3:parking:2"], "conflict": ["2:parking:1", "3:parking:2"], "event": "assignment_rejected", "reason": "endpoint_conflict"}, {"candidates": ["0:23", "1:static", "2:parking:2", "3:parking:1"], "conflict": ["2:parking:2", "3:parking:1"], "event": "assignment_rejected", "reason": "endpoint_conflict"}, {"candidates": ["0:23", "1:static", "2:parking:2", "3:parking:2"], "conflict": ["2:parking:2", "3:parking:2"], "event": "assignment_rejected", "reason": "endpoint_conflict"}, {"candidates": ["0:24", "1:static", "2:parking:0", "3:parking:0"], "conflict": ["2:parking:0", "3:parking:0"], "event": "assignment_rejected", "reason": "endpoint_conflict"}, {"candidates": ["0:24", "1:static", "2:parking:0", "3:parking:1"], "conflict": ["2:parking:0", "3:parking:1"], "event": "assignment_rejected", "reason": "endpoint_conflict"}, {"candidates": ["0:24", "1:static", "2:parking:1", "3:parking:0"], "conflict": ["2:parking:1", "3:parking:0"], "event": "assignment_rejected", "reason": "endpoint_conflict"}, {"candidates": ["0:24", "1:static", "2:parking:1", "3:parking:1"], "conflict": ["2:parking:1", "3:parking:1"], "event": "assignment_rejected", "reason": "endpoint_conflict"}, {"candidates": ["0:24", "1:static", "2:parking:1", "3:parking:2"], "conflict": ["2:parking:1", "3:parking:2"], "event": "assignment_rejected", "reason": "endpoint_conflict"}, {"candidates": ["0:24", "1:static", "2:parking:2", "3:parking:1"], "conflict": ["2:parking:2", "3:parking:1"], "event": "assignment_rejected", "reason": "endpoint_conflict"}, {"candidates": ["0:24", "1:static", "2:parking:2", "3:parking:2"], "conflict": ["2:parking:2", "3:parking:2"], "event": "assignment_rejected", "reason": "endpoint_conflict"}, {"candidates": ["0:25", "1:static", "2:parking:0", "3:parking:0"], "conflict": ["2:parking:0", "3:parking:0"], "event": "assignment_rejected", "reason": "endpoint_conflict"}, {"candidates": ["0:25", "1:static", "2:parking:0", "3:parking:1"], "conflict": ["2:parking:0", "3:parking:1"], "event": "assignment_rejected", "reason": "endpoint_conflict"}, {"candidates": ["0:25", "1:static", "2:parking:1", "3:parking:0"], "conflict": ["2:parking:1", "3:parking:0"], "event": "assignment_rejected", "reason": "endpoint_conflict"}, {"candidates": ["0:25", "1:static", "2:parking:1", "3:parking:1"], "conflict": ["2:parking:1", "3:parking:1"], "event": "assignment_rejected", "reason": "endpoint_conflict"}, {"candidates": ["0:25", "1:static", "2:parking:1", "3:parking:2"], "conflict": ["2:parking:1", "3:parking:2"], "event": "assignment_rejected", "reason": "endpoint_conflict"}, {"candidates": ["0:25", "1:static", "2:parking:2", "3:parking:1"], "conflict": ["2:parking:2", "3:parking:1"], "event": "assignment_rejected", "reason": "endpoint_conflict"}, {"candidates": ["0:25", "1:static", "2:parking:2", "3:parking:2"], "conflict": ["2:parking:2", "3:parking:2"], "event": "assignment_rejected", "reason": "endpoint_conflict"}, {"candidates": ["0:26", "1:static", "2:parking:0", "3:parking:0"], "conflict": ["2:parking:0", "3:parking:0"], "event": "assignment_rejected", "reason": "endpoint_conflict"}, {"candidates": ["0:26", "1:static", "2:parking:0", "3:parking:1"], "conflict": ["2:parking:0", "3:parking:1"], "event": "assignment_rejected", "reason": "endpoint_conflict"}, {"candidates": ["0:26", "1:static", "2:parking:1", "3:parking:0"], "conflict": ["2:parking:1", "3:parking:0"], "event": "assignment_rejected", "reason": "endpoint_conflict"}, {"candidates": ["0:26", "1:static", "2:parking:1", "3:parking:1"], "conflict": ["2:parking:1", "3:parking:1"], "event": "assignment_rejected", "reason": "endpoint_conflict"}, {"candidates": ["0:26", "1:static", "2:parking:1", "3:parking:2"], "conflict": ["2:parking:1", "3:parking:2"], "event": "assignment_rejected", "reason": "endpoint_conflict"}, {"candidates": ["0:26", "1:static", "2:parking:2", "3:parking:1"], "conflict": ["2:parking:2", "3:parking:1"], "event": "assignment_rejected", "reason": "endpoint_conflict"}, {"candidates": ["0:26", "1:static", "2:parking:2", "3:parking:2"], "conflict": ["2:parking:2", "3:parking:2"], "event": "assignment_rejected", "reason": "endpoint_conflict"}, {"candidates": ["0:27", "1:static", "2:parking:0", "3:parking:0"], "conflict": ["2:parking:0", "3:parking:0"], "event": "assignment_rejected", "reason": "endpoint_conflict"}, {"candidates": ["0:27", "1:static", "2:parking:0", "3:parking:1"], "conflict": ["2:parking:0", "3:parking:1"], "event": "assignment_rejected", "reason": "endpoint_conflict"}, {"candidates": ["0:27", "1:static", "2:parking:1", "3:parking:0"], "conflict": ["2:parking:1", "3:parking:0"], "event": "assignment_rejected", "reason": "endpoint_conflict"}, {"candidates": ["0:27", "1:static", "2:parking:1", "3:parking:1"], "conflict": ["2:parking:1", "3:parking:1"], "event": "assignment_rejected", "reason": "endpoint_conflict"}, {"candidates": ["0:27", "1:static", "2:parking:1", "3:parking:2"], "conflict": ["2:parking:1", "3:parking:2"], "event": "assignment_rejected", "reason": "endpoint_conflict"}, {"candidates": ["0:27", "1:static", "2:parking:2", "3:parking:1"], "conflict": ["2:parking:2", "3:parking:1"], "event": "assignment_rejected", "reason": "endpoint_conflict"}, {"candidates": ["0:27", "1:static", "2:parking:2", "3:parking:2"], "conflict": ["2:parking:2", "3:parking:2"], "event": "assignment_rejected", "reason": "endpoint_conflict"}, {"candidates": ["0:28", "1:static", "2:parking:0", "3:parking:0"], "conflict": ["2:parking:0", "3:parking:0"], "event": "assignment_rejected", "reason": "endpoint_conflict"}, {"candidates": ["0:28", "1:static", "2:parking:0", "3:parking:1"], "conflict": ["2:parking:0", "3:parking:1"], "event": "assignment_rejected", "reason": "endpoint_conflict"}, {"candidates": ["0:28", "1:static", "2:parking:1", "3:parking:0"], "conflict": ["2:parking:1", "3:parking:0"], "event": "assignment_rejected", "reason": "endpoint_conflict"}, {"candidates": ["0:28", "1:static", "2:parking:1", "3:parking:1"], "conflict": ["2:parking:1", "3:parking:1"], "event": "assignment_rejected", "reason": "endpoint_conflict"}, {"candidates": ["0:28", "1:static", "2:parking:1", "3:parking:2"], "conflict": ["2:parking:1", "3:parking:2"], "event": "assignment_rejected", "reason": "endpoint_conflict"}, {"candidates": ["0:28", "1:static", "2:parking:2", "3:parking:1"], "conflict": ["2:parking:2", "3:parking:1"], "event": "assignment_rejected", "reason": "endpoint_conflict"}, {"candidates": ["0:28", "1:static", "2:parking:2", "3:parking:2"], "conflict": ["2:parking:2", "3:parking:2"], "event": "assignment_rejected", "reason": "endpoint_conflict"}, {"candidates": ["0:29", "1:static", "2:parking:0", "3:parking:0"], "conflict": ["2:parking:0", "3:parking:0"], "event": "assignment_rejected", "reason": "endpoint_conflict"}, {"candidates": ["0:29", "1:static", "2:parking:0", "3:parking:1"], "conflict": ["2:parking:0", "3:parking:1"], "event": "assignment_rejected", "reason": "endpoint_conflict"}, {"candidates": ["0:29", "1:static", "2:parking:1", "3:parking:0"], "conflict": ["2:parking:1", "3:parking:0"], "event": "assignment_rejected", "reason": "endpoint_conflict"}, {"candidates": ["0:29", "1:static", "2:parking:1", "3:parking:1"], "conflict": ["2:parking:1", "3:parking:1"], "event": "assignment_rejected", "reason": "endpoint_conflict"}, {"candidates": ["0:29", "1:static", "2:parking:1", "3:parking:2"], "conflict": ["2:parking:1", "3:parking:2"], "event": "assignment_rejected", "reason": "endpoint_conflict"}, {"candidates": ["0:29", "1:static", "2:parking:2", "3:parking:1"], "conflict": ["2:parking:2", "3:parking:1"], "event": "assignment_rejected", "reason": "endpoint_conflict"}, {"candidates": ["0:29", "1:static", "2:parking:2", "3:parking:2"], "conflict": ["2:parking:2", "3:parking:2"], "event": "assignment_rejected", "reason": "endpoint_conflict"}, {"candidate_cost": 39.145078983, "candidates": ["0:0", "1:static", "2:parking:0", "3:parking:2"], "event": "assignment_attempt", "trial": 1}, {"candidates": ["0:0", "1:static", "2:parking:0", "3:parking:2"], "event": "priority_rejected", "priority_order": ["1", "0", "2", "3"], "reason": "path_or_serialization_conflict"}, {"candidates": ["0:0", "1:static", "2:parking:0", "3:parking:2"], "event": "priority_rejected", "priority_order": ["1", "0", "3", "2"], "reason": "path_or_serialization_conflict"}, {"candidates": ["0:0", "1:static", "2:parking:0", "3:parking:2"], "event": "priority_rejected", "priority_order": ["1", "2", "0", "3"], "reason": "path_or_serialization_conflict"}, {"candidates": ["0:0", "1:static", "2:parking:0", "3:parking:2"], "event": "priority_rejected", "priority_order": ["1", "2", "3", "0"], "reason": "path_or_serialization_conflict"}, {"candidates": ["0:0", "1:static", "2:parking:0", "3:parking:2"], "event": "priority_rejected", "priority_order": ["1", "3", "0", "2"], "reason": "path_or_serialization_conflict"}, {"candidates": ["0:0", "1:static", "2:parking:0", "3:parking:2"], "event": "priority_rejected", "priority_order": ["1", "3", "2", "0"], "reason": "path_or_serialization_conflict"}, {"candidate_cost": 39.350567929, "candidates": ["0:0", "1:static", "2:parking:2", "3:parking:0"], "event": "assignment_attempt", "trial": 2}, {"candidates": ["0:0", "1:static", "2:parking:2", "3:parking:0"], "event": "priority_rejected", "priority_order": ["1", "0", "2", "3"], "reason": "path_or_serialization_conflict"}, {"candidates": ["0:0", "1:static", "2:parking:2", "3:parking:0"], "event": "priority_rejected", "priority_order": ["1", "0", "3", "2"], "reason": "path_or_serialization_conflict"}, {"candidates": ["0:0", "1:static", "2:parking:2", "3:parking:0"], "event": "priority_rejected", "priority_order": ["1", "2", "0", "3"], "reason": "path_or_serialization_conflict"}, {"candidates": ["0:0", "1:static", "2:parking:2", "3:parking:0"], "event": "priority_rejected", "priority_order": ["1", "2", "3", "0"], "reason": "path_or_serialization_conflict"}, {"candidates": ["0:0", "1:static", "2:parking:2", "3:parking:0"], "event": "priority_rejected", "priority_order": ["1", "3", "0", "2"], "reason": "path_or_serialization_conflict"}, {"candidates": ["0:0", "1:static", "2:parking:2", "3:parking:0"], "event": "priority_rejected", "priority_order": ["1", "3", "2", "0"], "reason": "path_or_serialization_conflict"}, {"candidate_cost": 39.881185127, "candidates": ["0:2", "1:static", "2:parking:0", "3:parking:2"], "event": "assignment_attempt", "trial": 3}, {"candidates": ["0:2", "1:static", "2:parking:0", "3:parking:2"], "event": "priority_rejected", "priority_order": ["1", "0", "2", "3"], "reason": "path_or_serialization_conflict"}, {"candidates": ["0:2", "1:static", "2:parking:0", "3:parking:2"], "event": "priority_rejected", "priority_order": ["1", "0", "3", "2"], "reason": "path_or_serialization_conflict"}, {"candidates": ["0:2", "1:static", "2:parking:0", "3:parking:2"], "event": "priority_rejected", "priority_order": ["1", "2", "0", "3"], "reason": "path_or_serialization_conflict"}, {"candidates": ["0:2", "1:static", "2:parking:0", "3:parking:2"], "event": "priority_rejected", "priority_order": ["1", "2", "3", "0"], "reason": "path_or_serialization_conflict"}, {"candidates": ["0:2", "1:static", "2:parking:0", "3:parking:2"], "event": "priority_rejected", "priority_order": ["1", "3", "0", "2"], "reason": "path_or_serialization_conflict"}, {"candidates": ["0:2", "1:static", "2:parking:0", "3:parking:2"], "event": "priority_rejected", "priority_order": ["1", "3", "2", "0"], "reason": "path_or_serialization_conflict"}, {"candidate_cost": 40.086674073, "candidates": ["0:2", "1:static", "2:parking:2", "3:parking:0"], "event": "assignment_attempt", "trial": 4}, {"candidates": ["0:2", "1:static", "2:parking:2", "3:parking:0"], "event": "priority_rejected", "priority_order": ["1", "0", "2", "3"], "reason": "path_or_serialization_conflict"}, {"candidates": ["0:2", "1:static", "2:parking:2", "3:parking:0"], "event": "priority_rejected", "priority_order": ["1", "0", "3", "2"], "reason": "path_or_serialization_conflict"}, {"candidates": ["0:2", "1:static", "2:parking:2", "3:parking:0"], "event": "priority_rejected", "priority_order": ["1", "2", "0", "3"], "reason": "path_or_serialization_conflict"}, {"candidates": ["0:2", "1:static", "2:parking:2", "3:parking:0"], "event": "priority_rejected", "priority_order": ["1", "2", "3", "0"], "reason": "path_or_serialization_conflict"}, {"candidates": ["0:2", "1:static", "2:parking:2", "3:parking:0"], "event": "priority_rejected", "priority_order": ["1", "3", "0", "2"], "reason": "path_or_serialization_conflict"}, {"candidates": ["0:2", "1:static", "2:parking:2", "3:parking:0"], "event": "priority_rejected", "priority_order": ["1", "3", "2", "0"], "reason": "path_or_serialization_conflict"}, {"candidate_cost": 40.545347148, "candidates": ["0:1", "1:static", "2:parking:0", "3:parking:2"], "event": "assignment_attempt", "trial": 5}, {"candidates": ["0:1", "1:static", "2:parking:0", "3:parking:2"], "event": "priority_rejected", "priority_order": ["1", "0", "2", "3"], "reason": "path_or_serialization_conflict"}, {"candidates": ["0:1", "1:static", "2:parking:0", "3:parking:2"], "event": "priority_rejected", "priority_order": ["1", "0", "3", "2"], "reason": "path_or_serialization_conflict"}, {"candidates": ["0:1", "1:static", "2:parking:0", "3:parking:2"], "event": "priority_rejected", "priority_order": ["1", "2", "0", "3"], "reason": "path_or_serialization_conflict"}, {"candidates": ["0:1", "1:static", "2:parking:0", "3:parking:2"], "event": "priority_rejected", "priority_order": ["1", "2", "3", "0"], "reason": "path_or_serialization_conflict"}, {"candidates": ["0:1", "1:static", "2:parking:0", "3:parking:2"], "event": "priority_rejected", "priority_order": ["1", "3", "0", "2"], "reason": "path_or_serialization_conflict"}, {"candidates": ["0:1", "1:static", "2:parking:0", "3:parking:2"], "event": "priority_rejected", "priority_order": ["1", "3", "2", "0"], "reason": "path_or_serialization_conflict"}, {"candidate_cost": 40.67214305, "candidates": ["0:3", "1:static", "2:parking:0", "3:parking:2"], "event": "assignment_attempt", "trial": 6}, {"candidates": ["0:3", "1:static", "2:parking:0", "3:parking:2"], "event": "priority_rejected", "priority_order": ["1", "0", "2", "3"], "reason": "path_or_serialization_conflict"}, {"candidates": ["0:3", "1:static", "2:parking:0", "3:parking:2"], "event": "priority_rejected", "priority_order": ["1", "0", "3", "2"], "reason": "path_or_serialization_conflict"}, {"candidates": ["0:3", "1:static", "2:parking:0", "3:parking:2"], "event": "priority_rejected", "priority_order": ["1", "2", "0", "3"], "reason": "path_or_serialization_conflict"}, {"candidates": ["0:3", "1:static", "2:parking:0", "3:parking:2"], "event": "priority_rejected", "priority_order": ["1", "2", "3", "0"], "reason": "path_or_serialization_conflict"}, {"candidates": ["0:3", "1:static", "2:parking:0", "3:parking:2"], "event": "priority_rejected", "priority_order": ["1", "3", "0", "2"], "reason": "path_or_serialization_conflict"}, {"candidates": ["0:3", "1:static", "2:parking:0", "3:parking:2"], "event": "priority_rejected", "priority_order": ["1", "3", "2", "0"], "reason": "path_or_serialization_conflict"}, {"candidate_cost": 40.750836094, "candidates": ["0:1", "1:static", "2:parking:2", "3:parking:0"], "event": "assignment_attempt", "trial": 7}, {"candidates": ["0:1", "1:static", "2:parking:2", "3:parking:0"], "event": "priority_rejected", "priority_order": ["1", "0", "2", "3"], "reason": "path_or_serialization_conflict"}, {"candidates": ["0:1", "1:static", "2:parking:2", "3:parking:0"], "event": "priority_rejected", "priority_order": ["1", "0", "3", "2"], "reason": "path_or_serialization_conflict"}, {"candidates": ["0:1", "1:static", "2:parking:2", "3:parking:0"], "event": "priority_rejected", "priority_order": ["1", "2", "0", "3"], "reason": "path_or_serialization_conflict"}, {"candidates": ["0:1", "1:static", "2:parking:2", "3:parking:0"], "event": "priority_rejected", "priority_order": ["1", "2", "3", "0"], "reason": "path_or_serialization_conflict"}, {"candidates": ["0:1", "1:static", "2:parking:2", "3:parking:0"], "event": "priority_rejected", "priority_order": ["1", "3", "0", "2"], "reason": "path_or_serialization_conflict"}, {"candidates": ["0:1", "1:static", "2:parking:2", "3:parking:0"], "event": "priority_rejected", "priority_order": ["1", "3", "2", "0"], "reason": "path_or_serialization_conflict"}, {"candidate_cost": 40.877631995, "candidates": ["0:3", "1:static", "2:parking:2", "3:parking:0"], "event": "assignment_attempt", "trial": 8}, {"candidates": ["0:3", "1:static", "2:parking:2", "3:parking:0"], "event": "priority_rejected", "priority_order": ["1", "0", "2", "3"], "reason": "path_or_serialization_conflict"}, {"candidates": ["0:3", "1:static", "2:parking:2", "3:parking:0"], "event": "priority_rejected", "priority_order": ["1", "0", "3", "2"], "reason": "path_or_serialization_conflict"}, {"candidates": ["0:3", "1:static", "2:parking:2", "3:parking:0"], "event": "priority_rejected", "priority_order": ["1", "2", "0", "3"], "reason": "path_or_serialization_conflict"}, {"candidates": ["0:3", "1:static", "2:parking:2", "3:parking:0"], "event": "priority_rejected", "priority_order": ["1", "2", "3", "0"], "reason": "path_or_serialization_conflict"}, {"candidates": ["0:3", "1:static", "2:parking:2", "3:parking:0"], "event": "priority_rejected", "priority_order": ["1", "3", "0", "2"], "reason": "path_or_serialization_conflict"}, {"candidates": ["0:3", "1:static", "2:parking:2", "3:parking:0"], "event": "priority_rejected", "priority_order": ["1", "3", "2", "0"], "reason": "path_or_serialization_conflict"}, {"candidate_cost": 42.216848344, "candidates": ["0:4", "1:static", "2:parking:0", "3:parking:2"], "event": "assignment_attempt", "trial": 9}, {"candidates": ["0:4", "1:static", "2:parking:0", "3:parking:2"], "event": "priority_rejected", "priority_order": ["1", "0", "2", "3"], "reason": "path_or_serialization_conflict"}, {"candidates": ["0:4", "1:static", "2:parking:0", "3:parking:2"], "event": "priority_rejected", "priority_order": ["1", "0", "3", "2"], "reason": "path_or_serialization_conflict"}, {"candidates": ["0:4", "1:static", "2:parking:0", "3:parking:2"], "event": "priority_rejected", "priority_order": ["1", "2", "0", "3"], "reason": "path_or_serialization_conflict"}, {"candidates": ["0:4", "1:static", "2:parking:0", "3:parking:2"], "event": "priority_rejected", "priority_order": ["1", "2", "3", "0"], "reason": "path_or_serialization_conflict"}, {"candidates": ["0:4", "1:static", "2:parking:0", "3:parking:2"], "event": "priority_rejected", "priority_order": ["1", "3", "0", "2"], "reason": "path_or_serialization_conflict"}, {"candidates": ["0:4", "1:static", "2:parking:0", "3:parking:2"], "event": "priority_rejected", "priority_order": ["1", "3", "2", "0"], "reason": "path_or_serialization_conflict"}, {"candidate_cost": 42.422337289, "candidates": ["0:4", "1:static", "2:parking:2", "3:parking:0"], "event": "assignment_attempt", "trial": 10}, {"candidates": ["0:4", "1:static", "2:parking:2", "3:parking:0"], "event": "priority_rejected", "priority_order": ["1", "0", "2", "3"], "reason": "path_or_serialization_conflict"}, {"candidates": ["0:4", "1:static", "2:parking:2", "3:parking:0"], "event": "priority_rejected", "priority_order": ["1", "0", "3", "2"], "reason": "path_or_serialization_conflict"}, {"candidates": ["0:4", "1:static", "2:parking:2", "3:parking:0"], "event": "priority_rejected", "priority_order": ["1", "2", "0", "3"], "reason": "path_or_serialization_conflict"}, {"candidates": ["0:4", "1:static", "2:parking:2", "3:parking:0"], "event": "priority_rejected", "priority_order": ["1", "2", "3", "0"], "reason": "path_or_serialization_conflict"}, {"candidates": ["0:4", "1:static", "2:parking:2", "3:parking:0"], "event": "priority_rejected", "priority_order": ["1", "3", "0", "2"], "reason": "path_or_serialization_conflict"}, {"candidates": ["0:4", "1:static", "2:parking:2", "3:parking:0"], "event": "priority_rejected", "priority_order": ["1", "3", "2", "0"], "reason": "path_or_serialization_conflict"}, {"candidate_cost": 42.601075238, "candidates": ["0:5", "1:static", "2:parking:0", "3:parking:2"], "event": "assignment_attempt", "trial": 11}, {"candidates": ["0:5", "1:static", "2:parking:0", "3:parking:2"], "event": "priority_rejected", "priority_order": ["1", "0", "2", "3"], "reason": "path_or_serialization_conflict"}, {"candidates": ["0:5", "1:static", "2:parking:0", "3:parking:2"], "event": "priority_rejected", "priority_order": ["1", "0", "3", "2"], "reason": "path_or_serialization_conflict"}, {"candidates": ["0:5", "1:static", "2:parking:0", "3:parking:2"], "event": "priority_rejected", "priority_order": ["1", "2", "0", "3"], "reason": "path_or_serialization_conflict"}, {"candidates": ["0:5", "1:static", "2:parking:0", "3:parking:2"], "event": "priority_rejected", "priority_order": ["1", "2", "3", "0"], "reason": "path_or_serialization_conflict"}, {"candidates": ["0:5", "1:static", "2:parking:0", "3:parking:2"], "event": "priority_rejected", "priority_order": ["1", "3", "0", "2"], "reason": "path_or_serialization_conflict"}, {"candidates": ["0:5", "1:static", "2:parking:0", "3:parking:2"], "event": "priority_rejected", "priority_order": ["1", "3", "2", "0"], "reason": "path_or_serialization_conflict"}, {"candidate_cost": 42.806564184, "candidates": ["0:5", "1:static", "2:parking:2", "3:parking:0"], "event": "assignment_attempt", "trial": 12}, {"candidates": ["0:5", "1:static", "2:parking:2", "3:parking:0"], "event": "priority_rejected", "priority_order": ["1", "0", "2", "3"], "reason": "path_or_serialization_conflict"}, {"candidates": ["0:5", "1:static", "2:parking:2", "3:parking:0"], "event": "priority_rejected", "priority_order": ["1", "0", "3", "2"], "reason": "path_or_serialization_conflict"}, {"candidates": ["0:5", "1:static", "2:parking:2", "3:parking:0"], "event": "priority_rejected", "priority_order": ["1", "2", "0", "3"], "reason": "path_or_serialization_conflict"}, {"candidates": ["0:5", "1:static", "2:parking:2", "3:parking:0"], "event": "priority_rejected", "priority_order": ["1", "2", "3", "0"], "reason": "path_or_serialization_conflict"}, {"candidates": ["0:5", "1:static", "2:parking:2", "3:parking:0"], "event": "priority_rejected", "priority_order": ["1", "3", "0", "2"], "reason": "path_or_serialization_conflict"}, {"candidates": ["0:5", "1:static", "2:parking:2", "3:parking:0"], "event": "priority_rejected", "priority_order": ["1", "3", "2", "0"], "reason": "path_or_serialization_conflict"}, {"candidate_cost": 44.925630558, "candidates": ["0:8", "1:static", "2:parking:0", "3:parking:2"], "event": "assignment_attempt", "trial": 13}, {"candidates": ["0:8", "1:static", "2:parking:0", "3:parking:2"], "event": "priority_rejected", "priority_order": ["1", "0", "2", "3"], "reason": "path_or_serialization_conflict"}, {"candidates": ["0:8", "1:static", "2:parking:0", "3:parking:2"], "event": "priority_rejected", "priority_order": ["1", "0", "3", "2"], "reason": "path_or_serialization_conflict"}, {"candidates": ["0:8", "1:static", "2:parking:0", "3:parking:2"], "event": "priority_rejected", "priority_order": ["1", "2", "0", "3"], "reason": "path_or_serialization_conflict"}, {"candidates": ["0:8", "1:static", "2:parking:0", "3:parking:2"], "event": "priority_rejected", "priority_order": ["1", "2", "3", "0"], "reason": "path_or_serialization_conflict"}, {"candidates": ["0:8", "1:static", "2:parking:0", "3:parking:2"], "event": "priority_rejected", "priority_order": ["1", "3", "0", "2"], "reason": "path_or_serialization_conflict"}, {"candidates": ["0:8", "1:static", "2:parking:0", "3:parking:2"], "event": "priority_rejected", "priority_order": ["1", "3", "2", "0"], "reason": "path_or_serialization_conflict"}, {"candidate_cost": 45.131119504, "candidates": ["0:8", "1:static", "2:parking:2", "3:parking:0"], "event": "assignment_attempt", "trial": 14}, {"candidates": ["0:8", "1:static", "2:parking:2", "3:parking:0"], "event": "priority_rejected", "priority_order": ["1", "0", "2", "3"], "reason": "path_or_serialization_conflict"}, {"candidates": ["0:8", "1:static", "2:parking:2", "3:parking:0"], "event": "priority_rejected", "priority_order": ["1", "0", "3", "2"], "reason": "path_or_serialization_conflict"}, {"candidates": ["0:8", "1:static", "2:parking:2", "3:parking:0"], "event": "priority_rejected", "priority_order": ["1", "2", "0", "3"], "reason": "path_or_serialization_conflict"}, {"candidates": ["0:8", "1:static", "2:parking:2", "3:parking:0"], "event": "priority_rejected", "priority_order": ["1", "2", "3", "0"], "reason": "path_or_serialization_conflict"}, {"candidates": ["0:8", "1:static", "2:parking:2", "3:parking:0"], "event": "priority_rejected", "priority_order": ["1", "3", "0", "2"], "reason": "path_or_serialization_conflict"}, {"candidates": ["0:8", "1:static", "2:parking:2", "3:parking:0"], "event": "priority_rejected", "priority_order": ["1", "3", "2", "0"], "reason": "path_or_serialization_conflict"}, {"candidate_cost": 45.663332986, "candidates": ["0:7", "1:static", "2:parking:0", "3:parking:2"], "event": "assignment_attempt", "trial": 15}, {"candidates": ["0:7", "1:static", "2:parking:0", "3:parking:2"], "event": "priority_rejected", "priority_order": ["1", "0", "2", "3"], "reason": "path_or_serialization_conflict"}, {"candidates": ["0:7", "1:static", "2:parking:0", "3:parking:2"], "event": "priority_rejected", "priority_order": ["1", "0", "3", "2"], "reason": "path_or_serialization_conflict"}, {"candidates": ["0:7", "1:static", "2:parking:0", "3:parking:2"], "event": "priority_rejected", "priority_order": ["1", "2", "0", "3"], "reason": "path_or_serialization_conflict"}, {"candidates": ["0:7", "1:static", "2:parking:0", "3:parking:2"], "event": "priority_rejected", "priority_order": ["1", "2", "3", "0"], "reason": "path_or_serialization_conflict"}, {"candidates": ["0:7", "1:static", "2:parking:0", "3:parking:2"], "event": "priority_rejected", "priority_order": ["1", "3", "0", "2"], "reason": "path_or_serialization_conflict"}, {"candidates": ["0:7", "1:static", "2:parking:0", "3:parking:2"], "event": "priority_rejected", "priority_order": ["1", "3", "2", "0"], "reason": "path_or_serialization_conflict"}, {"candidate_cost": 45.683837768, "candidates": ["0:9", "1:static", "2:parking:0", "3:parking:2"], "event": "assignment_attempt", "trial": 16}, {"candidates": ["0:9", "1:static", "2:parking:0", "3:parking:2"], "event": "priority_rejected", "priority_order": ["1", "0", "2", "3"], "reason": "path_or_serialization_conflict"}, {"candidates": ["0:9", "1:static", "2:parking:0", "3:parking:2"], "event": "priority_rejected", "priority_order": ["1", "0", "3", "2"], "reason": "path_or_serialization_conflict"}, {"candidates": ["0:9", "1:static", "2:parking:0", "3:parking:2"], "event": "priority_rejected", "priority_order": ["1", "2", "0", "3"], "reason": "path_or_serialization_conflict"}, {"candidates": ["0:9", "1:static", "2:parking:0", "3:parking:2"], "event": "priority_rejected", "priority_order": ["1", "2", "3", "0"], "reason": "path_or_serialization_conflict"}, {"candidates": ["0:9", "1:static", "2:parking:0", "3:parking:2"], "event": "priority_rejected", "priority_order": ["1", "3", "0", "2"], "reason": "path_or_serialization_conflict"}, {"candidates": ["0:9", "1:static", "2:parking:0", "3:parking:2"], "event": "priority_rejected", "priority_order": ["1", "3", "2", "0"], "reason": "path_or_serialization_conflict"}, {"candidate_cost": 45.868821932, "candidates": ["0:7", "1:static", "2:parking:2", "3:parking:0"], "event": "assignment_attempt", "trial": 17}, {"candidates": ["0:7", "1:static", "2:parking:2", "3:parking:0"], "event": "priority_rejected", "priority_order": ["1", "0", "2", "3"], "reason": "path_or_serialization_conflict"}, {"candidates": ["0:7", "1:static", "2:parking:2", "3:parking:0"], "event": "priority_rejected", "priority_order": ["1", "0", "3", "2"], "reason": "path_or_serialization_conflict"}, {"candidates": ["0:7", "1:static", "2:parking:2", "3:parking:0"], "event": "priority_rejected", "priority_order": ["1", "2", "0", "3"], "reason": "path_or_serialization_conflict"}, {"candidates": ["0:7", "1:static", "2:parking:2", "3:parking:0"], "event": "priority_rejected", "priority_order": ["1", "2", "3", "0"], "reason": "path_or_serialization_conflict"}, {"candidates": ["0:7", "1:static", "2:parking:2", "3:parking:0"], "event": "priority_rejected", "priority_order": ["1", "3", "0", "2"], "reason": "path_or_serialization_conflict"}, {"candidates": ["0:7", "1:static", "2:parking:2", "3:parking:0"], "event": "priority_rejected", "priority_order": ["1", "3", "2", "0"], "reason": "path_or_serialization_conflict"}, {"candidate_cost": 45.889326714, "candidates": ["0:9", "1:static", "2:parking:2", "3:parking:0"], "event": "assignment_attempt", "trial": 18}, {"candidates": ["0:9", "1:static", "2:parking:2", "3:parking:0"], "event": "priority_rejected", "priority_order": ["1", "0", "2", "3"], "reason": "path_or_serialization_conflict"}, {"candidates": ["0:9", "1:static", "2:parking:2", "3:parking:0"], "event": "priority_rejected", "priority_order": ["1", "0", "3", "2"], "reason": "path_or_serialization_conflict"}, {"candidates": ["0:9", "1:static", "2:parking:2", "3:parking:0"], "event": "priority_rejected", "priority_order": ["1", "2", "0", "3"], "reason": "path_or_serialization_conflict"}, {"candidates": ["0:9", "1:static", "2:parking:2", "3:parking:0"], "event": "priority_rejected", "priority_order": ["1", "2", "3", "0"], "reason": "path_or_serialization_conflict"}, {"candidates": ["0:9", "1:static", "2:parking:2", "3:parking:0"], "event": "priority_rejected", "priority_order": ["1", "3", "0", "2"], "reason": "path_or_serialization_conflict"}, {"candidates": ["0:9", "1:static", "2:parking:2", "3:parking:0"], "event": "priority_rejected", "priority_order": ["1", "3", "2", "0"], "reason": "path_or_serialization_conflict"}, {"candidate_cost": 46.03505637, "candidates": ["0:6", "1:static", "2:parking:0", "3:parking:2"], "event": "assignment_attempt", "trial": 19}, {"candidates": ["0:6", "1:static", "2:parking:0", "3:parking:2"], "event": "priority_rejected", "priority_order": ["1", "0", "2", "3"], "reason": "path_or_serialization_conflict"}, {"candidates": ["0:6", "1:static", "2:parking:0", "3:parking:2"], "event": "priority_rejected", "priority_order": ["1", "0", "3", "2"], "reason": "path_or_serialization_conflict"}, {"candidates": ["0:6", "1:static", "2:parking:0", "3:parking:2"], "event": "priority_rejected", "priority_order": ["1", "2", "0", "3"], "reason": "path_or_serialization_conflict"}, {"candidates": ["0:6", "1:static", "2:parking:0", "3:parking:2"], "event": "priority_rejected", "priority_order": ["1", "2", "3", "0"], "reason": "path_or_serialization_conflict"}, {"candidates": ["0:6", "1:static", "2:parking:0", "3:parking:2"], "event": "priority_rejected", "priority_order": ["1", "3", "0", "2"], "reason": "path_or_serialization_conflict"}, {"candidates": ["0:6", "1:static", "2:parking:0", "3:parking:2"], "event": "priority_rejected", "priority_order": ["1", "3", "2", "0"], "reason": "path_or_serialization_conflict"}, {"candidate_cost": 46.240545316, "candidates": ["0:6", "1:static", "2:parking:2", "3:parking:0"], "event": "assignment_attempt", "trial": 20}, {"candidates": ["0:6", "1:static", "2:parking:2", "3:parking:0"], "event": "priority_rejected", "priority_order": ["1", "0", "2", "3"], "reason": "path_or_serialization_conflict"}, {"candidates": ["0:6", "1:static", "2:parking:2", "3:parking:0"], "event": "priority_rejected", "priority_order": ["1", "0", "3", "2"], "reason": "path_or_serialization_conflict"}, {"candidates": ["0:6", "1:static", "2:parking:2", "3:parking:0"], "event": "priority_rejected", "priority_order": ["1", "2", "0", "3"], "reason": "path_or_serialization_conflict"}, {"candidates": ["0:6", "1:static", "2:parking:2", "3:parking:0"], "event": "priority_rejected", "priority_order": ["1", "2", "3", "0"], "reason": "path_or_serialization_conflict"}, {"candidates": ["0:6", "1:static", "2:parking:2", "3:parking:0"], "event": "priority_rejected", "priority_order": ["1", "3", "0", "2"], "reason": "path_or_serialization_conflict"}, {"candidates": ["0:6", "1:static", "2:parking:2", "3:parking:0"], "event": "priority_rejected", "priority_order": ["1", "3", "2", "0"], "reason": "path_or_serialization_conflict"}, {"candidate_cost": 47.30927917, "candidates": ["0:10", "1:static", "2:parking:0", "3:parking:2"], "event": "assignment_attempt", "trial": 21}, {"candidates": ["0:10", "1:static", "2:parking:0", "3:parking:2"], "event": "priority_rejected", "priority_order": ["1", "0", "2", "3"], "reason": "path_or_serialization_conflict"}, {"candidates": ["0:10", "1:static", "2:parking:0", "3:parking:2"], "event": "priority_rejected", "priority_order": ["1", "0", "3", "2"], "reason": "path_or_serialization_conflict"}, {"candidates": ["0:10", "1:static", "2:parking:0", "3:parking:2"], "event": "priority_rejected", "priority_order": ["1", "2", "0", "3"], "reason": "path_or_serialization_conflict"}, {"candidates": ["0:10", "1:static", "2:parking:0", "3:parking:2"], "event": "priority_rejected", "priority_order": ["1", "2", "3", "0"], "reason": "path_or_serialization_conflict"}, {"candidates": ["0:10", "1:static", "2:parking:0", "3:parking:2"], "event": "priority_rejected", "priority_order": ["1", "3", "0", "2"], "reason": "path_or_serialization_conflict"}, {"candidates": ["0:10", "1:static", "2:parking:0", "3:parking:2"], "event": "priority_rejected", "priority_order": ["1", "3", "2", "0"], "reason": "path_or_serialization_conflict"}, {"candidate_cost": 47.514768116, "candidates": ["0:10", "1:static", "2:parking:2", "3:parking:0"], "event": "assignment_attempt", "trial": 22}, {"candidates": ["0:10", "1:static", "2:parking:2", "3:parking:0"], "event": "priority_rejected", "priority_order": ["1", "0", "2", "3"], "reason": "path_or_serialization_conflict"}, {"candidates": ["0:10", "1:static", "2:parking:2", "3:parking:0"], "event": "priority_rejected", "priority_order": ["1", "0", "3", "2"], "reason": "path_or_serialization_conflict"}, {"candidates": ["0:10", "1:static", "2:parking:2", "3:parking:0"], "event": "priority_rejected", "priority_order": ["1", "2", "0", "3"], "reason": "path_or_serialization_conflict"}, {"candidates": ["0:10", "1:static", "2:parking:2", "3:parking:0"], "event": "priority_rejected", "priority_order": ["1", "2", "3", "0"], "reason": "path_or_serialization_conflict"}, {"candidates": ["0:10", "1:static", "2:parking:2", "3:parking:0"], "event": "priority_rejected", "priority_order": ["1", "3", "0", "2"], "reason": "path_or_serialization_conflict"}, {"candidates": ["0:10", "1:static", "2:parking:2", "3:parking:0"], "event": "priority_rejected", "priority_order": ["1", "3", "2", "0"], "reason": "path_or_serialization_conflict"}, {"candidate_cost": 48.601075238, "candidates": ["0:12", "1:static", "2:parking:0", "3:parking:2"], "event": "assignment_attempt", "trial": 23}, {"candidates": ["0:12", "1:static", "2:parking:0", "3:parking:2"], "event": "priority_rejected", "priority_order": ["1", "0", "2", "3"], "reason": "path_or_serialization_conflict"}, {"candidates": ["0:12", "1:static", "2:parking:0", "3:parking:2"], "event": "priority_rejected", "priority_order": ["1", "0", "3", "2"], "reason": "path_or_serialization_conflict"}, {"candidates": ["0:12", "1:static", "2:parking:0", "3:parking:2"], "event": "priority_rejected", "priority_order": ["1", "2", "0", "3"], "reason": "path_or_serialization_conflict"}, {"candidates": ["0:12", "1:static", "2:parking:0", "3:parking:2"], "event": "priority_rejected", "priority_order": ["1", "2", "3", "0"], "reason": "path_or_serialization_conflict"}, {"candidates": ["0:12", "1:static", "2:parking:0", "3:parking:2"], "event": "priority_rejected", "priority_order": ["1", "3", "0", "2"], "reason": "path_or_serialization_conflict"}, {"candidates": ["0:12", "1:static", "2:parking:0", "3:parking:2"], "event": "priority_rejected", "priority_order": ["1", "3", "2", "0"], "reason": "path_or_serialization_conflict"}, {"candidate_cost": 48.806564184, "candidates": ["0:12", "1:static", "2:parking:2", "3:parking:0"], "event": "assignment_attempt", "trial": 24}, {"candidates": ["0:12", "1:static", "2:parking:2", "3:parking:0"], "event": "priority_rejected", "priority_order": ["1", "0", "2", "3"], "reason": "path_or_serialization_conflict"}, {"candidates": ["0:12", "1:static", "2:parking:2", "3:parking:0"], "event": "priority_rejected", "priority_order": ["1", "0", "3", "2"], "reason": "path_or_serialization_conflict"}, {"candidates": ["0:12", "1:static", "2:parking:2", "3:parking:0"], "event": "priority_rejected", "priority_order": ["1", "2", "0", "3"], "reason": "path_or_serialization_conflict"}, {"candidates": ["0:12", "1:static", "2:parking:2", "3:parking:0"], "event": "priority_rejected", "priority_order": ["1", "2", "3", "0"], "reason": "path_or_serialization_conflict"}, {"candidates": ["0:12", "1:static", "2:parking:2", "3:parking:0"], "event": "priority_rejected", "priority_order": ["1", "3", "0", "2"], "reason": "path_or_serialization_conflict"}, {"candidates": ["0:12", "1:static", "2:parking:2", "3:parking:0"], "event": "priority_rejected", "priority_order": ["1", "3", "2", "0"], "reason": "path_or_serialization_conflict"}, {"candidate_cost": 50.203400505, "candidates": ["0:11", "1:static", "2:parking:0", "3:parking:2"], "event": "assignment_attempt", "trial": 25}, {"candidates": ["0:11", "1:static", "2:parking:0", "3:parking:2"], "event": "priority_rejected", "priority_order": ["1", "0", "2", "3"], "reason": "path_or_serialization_conflict"}, {"candidates": ["0:11", "1:static", "2:parking:0", "3:parking:2"], "event": "priority_rejected", "priority_order": ["1", "0", "3", "2"], "reason": "path_or_serialization_conflict"}, {"candidates": ["0:11", "1:static", "2:parking:0", "3:parking:2"], "event": "priority_rejected", "priority_order": ["1", "2", "0", "3"], "reason": "path_or_serialization_conflict"}, {"candidates": ["0:11", "1:static", "2:parking:0", "3:parking:2"], "event": "priority_rejected", "priority_order": ["1", "2", "3", "0"], "reason": "path_or_serialization_conflict"}, {"candidates": ["0:11", "1:static", "2:parking:0", "3:parking:2"], "event": "priority_rejected", "priority_order": ["1", "3", "0", "2"], "reason": "path_or_serialization_conflict"}, {"candidates": ["0:11", "1:static", "2:parking:0", "3:parking:2"], "event": "priority_rejected", "priority_order": ["1", "3", "2", "0"], "reason": "path_or_serialization_conflict"}, {"candidate_cost": 50.408889451, "candidates": ["0:11", "1:static", "2:parking:2", "3:parking:0"], "event": "assignment_attempt", "trial": 26}, {"candidates": ["0:11", "1:static", "2:parking:2", "3:parking:0"], "event": "priority_rejected", "priority_order": ["1", "0", "2", "3"], "reason": "path_or_serialization_conflict"}, {"candidates": ["0:11", "1:static", "2:parking:2", "3:parking:0"], "event": "priority_rejected", "priority_order": ["1", "0", "3", "2"], "reason": "path_or_serialization_conflict"}, {"candidates": ["0:11", "1:static", "2:parking:2", "3:parking:0"], "event": "priority_rejected", "priority_order": ["1", "2", "0", "3"], "reason": "path_or_serialization_conflict"}, {"candidates": ["0:11", "1:static", "2:parking:2", "3:parking:0"], "event": "priority_rejected", "priority_order": ["1", "2", "3", "0"], "reason": "path_or_serialization_conflict"}, {"candidates": ["0:11", "1:static", "2:parking:2", "3:parking:0"], "event": "priority_rejected", "priority_order": ["1", "3", "0", "2"], "reason": "path_or_serialization_conflict"}, {"candidates": ["0:11", "1:static", "2:parking:2", "3:parking:0"], "event": "priority_rejected", "priority_order": ["1", "3", "2", "0"], "reason": "path_or_serialization_conflict"}, {"candidate_cost": 51.812177789, "candidates": ["0:14", "1:static", "2:parking:0", "3:parking:2"], "event": "assignment_attempt", "trial": 27}, {"candidates": ["0:14", "1:static", "2:parking:0", "3:parking:2"], "event": "priority_rejected", "priority_order": ["1", "0", "2", "3"], "reason": "path_or_serialization_conflict"}, {"candidates": ["0:14", "1:static", "2:parking:0", "3:parking:2"], "event": "priority_rejected", "priority_order": ["1", "0", "3", "2"], "reason": "path_or_serialization_conflict"}, {"candidates": ["0:14", "1:static", "2:parking:0", "3:parking:2"], "event": "priority_rejected", "priority_order": ["1", "2", "0", "3"], "reason": "path_or_serialization_conflict"}, {"candidates": ["0:14", "1:static", "2:parking:0", "3:parking:2"], "event": "priority_rejected", "priority_order": ["1", "2", "3", "0"], "reason": "path_or_serialization_conflict"}, {"candidates": ["0:14", "1:static", "2:parking:0", "3:parking:2"], "event": "priority_rejected", "priority_order": ["1", "3", "0", "2"], "reason": "path_or_serialization_conflict"}, {"candidates": ["0:14", "1:static", "2:parking:0", "3:parking:2"], "event": "priority_rejected", "priority_order": ["1", "3", "2", "0"], "reason": "path_or_serialization_conflict"}, {"candidate_cost": 52.017666734, "candidates": ["0:14", "1:static", "2:parking:2", "3:parking:0"], "event": "assignment_attempt", "trial": 28}, {"candidates": ["0:14", "1:static", "2:parking:2", "3:parking:0"], "event": "priority_rejected", "priority_order": ["1", "0", "2", "3"], "reason": "path_or_serialization_conflict"}, {"candidates": ["0:14", "1:static", "2:parking:2", "3:parking:0"], "event": "priority_rejected", "priority_order": ["1", "0", "3", "2"], "reason": "path_or_serialization_conflict"}, {"candidates": ["0:14", "1:static", "2:parking:2", "3:parking:0"], "event": "priority_rejected", "priority_order": ["1", "2", "0", "3"], "reason": "path_or_serialization_conflict"}, {"candidates": ["0:14", "1:static", "2:parking:2", "3:parking:0"], "event": "priority_rejected", "priority_order": ["1", "2", "3", "0"], "reason": "path_or_serialization_conflict"}, {"candidates": ["0:14", "1:static", "2:parking:2", "3:parking:0"], "event": "priority_rejected", "priority_order": ["1", "3", "0", "2"], "reason": "path_or_serialization_conflict"}, {"candidates": ["0:14", "1:static", "2:parking:2", "3:parking:0"], "event": "priority_rejected", "priority_order": ["1", "3", "2", "0"], "reason": "path_or_serialization_conflict"}, {"candidate_cost": 53.601075238, "candidates": ["0:13", "1:static", "2:parking:0", "3:parking:2"], "event": "assignment_attempt", "trial": 29}, {"candidates": ["0:13", "1:static", "2:parking:0", "3:parking:2"], "event": "priority_rejected", "priority_order": ["1", "0", "2", "3"], "reason": "path_or_serialization_conflict"}, {"candidates": ["0:13", "1:static", "2:parking:0", "3:parking:2"], "event": "priority_rejected", "priority_order": ["1", "0", "3", "2"], "reason": "path_or_serialization_conflict"}, {"candidates": ["0:13", "1:static", "2:parking:0", "3:parking:2"], "event": "priority_rejected", "priority_order": ["1", "2", "0", "3"], "reason": "path_or_serialization_conflict"}, {"candidates": ["0:13", "1:static", "2:parking:0", "3:parking:2"], "event": "priority_rejected", "priority_order": ["1", "2", "3", "0"], "reason": "path_or_serialization_conflict"}, {"candidates": ["0:13", "1:static", "2:parking:0", "3:parking:2"], "event": "priority_rejected", "priority_order": ["1", "3", "0", "2"], "reason": "path_or_serialization_conflict"}, {"candidates": ["0:13", "1:static", "2:parking:0", "3:parking:2"], "event": "priority_rejected", "priority_order": ["1", "3", "2", "0"], "reason": "path_or_serialization_conflict"}, {"candidate_cost": 53.601075238, "candidates": ["0:18", "1:static", "2:parking:0", "3:parking:2"], "event": "assignment_attempt", "trial": 30}, {"candidates": ["0:18", "1:static", "2:parking:0", "3:parking:2"], "event": "priority_rejected", "priority_order": ["1", "0", "2", "3"], "reason": "path_or_serialization_conflict"}, {"candidates": ["0:18", "1:static", "2:parking:0", "3:parking:2"], "event": "priority_rejected", "priority_order": ["1", "0", "3", "2"], "reason": "path_or_serialization_conflict"}, {"candidates": ["0:18", "1:static", "2:parking:0", "3:parking:2"], "event": "priority_rejected", "priority_order": ["1", "2", "0", "3"], "reason": "path_or_serialization_conflict"}, {"candidates": ["0:18", "1:static", "2:parking:0", "3:parking:2"], "event": "priority_rejected", "priority_order": ["1", "2", "3", "0"], "reason": "path_or_serialization_conflict"}, {"candidates": ["0:18", "1:static", "2:parking:0", "3:parking:2"], "event": "priority_rejected", "priority_order": ["1", "3", "0", "2"], "reason": "path_or_serialization_conflict"}, {"candidates": ["0:18", "1:static", "2:parking:0", "3:parking:2"], "event": "priority_rejected", "priority_order": ["1", "3", "2", "0"], "reason": "path_or_serialization_conflict"}, {"candidate_cost": 53.806564184, "candidates": ["0:13", "1:static", "2:parking:2", "3:parking:0"], "event": "assignment_attempt", "trial": 31}, {"candidates": ["0:13", "1:static", "2:parking:2", "3:parking:0"], "event": "priority_rejected", "priority_order": ["1", "0", "2", "3"], "reason": "path_or_serialization_conflict"}, {"candidates": ["0:13", "1:static", "2:parking:2", "3:parking:0"], "event": "priority_rejected", "priority_order": ["1", "0", "3", "2"], "reason": "path_or_serialization_conflict"}, {"candidates": ["0:13", "1:static", "2:parking:2", "3:parking:0"], "event": "priority_rejected", "priority_order": ["1", "2", "0", "3"], "reason": "path_or_serialization_conflict"}, {"candidates": ["0:13", "1:static", "2:parking:2", "3:parking:0"], "event": "priority_rejected", "priority_order": ["1", "2", "3", "0"], "reason": "path_or_serialization_conflict"}, {"candidates": ["0:13", "1:static", "2:parking:2", "3:parking:0"], "event": "priority_rejected", "priority_order": ["1", "3", "0", "2"], "reason": "path_or_serialization_conflict"}, {"candidates": ["0:13", "1:static", "2:parking:2", "3:parking:0"], "event": "priority_rejected", "priority_order": ["1", "3", "2", "0"], "reason": "path_or_serialization_conflict"}, {"candidate_cost": 53.806564184, "candidates": ["0:18", "1:static", "2:parking:2", "3:parking:0"], "event": "assignment_attempt", "trial": 32}, {"candidates": ["0:18", "1:static", "2:parking:2", "3:parking:0"], "event": "priority_rejected", "priority_order": ["1", "0", "2", "3"], "reason": "path_or_serialization_conflict"}, {"candidates": ["0:18", "1:static", "2:parking:2", "3:parking:0"], "event": "priority_rejected", "priority_order": ["1", "0", "3", "2"], "reason": "path_or_serialization_conflict"}, {"candidates": ["0:18", "1:static", "2:parking:2", "3:parking:0"], "event": "priority_rejected", "priority_order": ["1", "2", "0", "3"], "reason": "path_or_serialization_conflict"}, {"candidates": ["0:18", "1:static", "2:parking:2", "3:parking:0"], "event": "priority_rejected", "priority_order": ["1", "2", "3", "0"], "reason": "path_or_serialization_conflict"}, {"candidates": ["0:18", "1:static", "2:parking:2", "3:parking:0"], "event": "priority_rejected", "priority_order": ["1", "3", "0", "2"], "reason": "path_or_serialization_conflict"}, {"candidates": ["0:18", "1:static", "2:parking:2", "3:parking:0"], "event": "priority_rejected", "priority_order": ["1", "3", "2", "0"], "reason": "path_or_serialization_conflict"}, {"candidate_cost": 54.411324914, "candidates": ["0:16", "1:static", "2:parking:0", "3:parking:2"], "event": "assignment_attempt", "trial": 33}, {"candidates": ["0:16", "1:static", "2:parking:0", "3:parking:2"], "event": "priority_rejected", "priority_order": ["1", "0", "2", "3"], "reason": "path_or_serialization_conflict"}, {"candidates": ["0:16", "1:static", "2:parking:0", "3:parking:2"], "event": "priority_rejected", "priority_order": ["1", "0", "3", "2"], "reason": "path_or_serialization_conflict"}, {"candidates": ["0:16", "1:static", "2:parking:0", "3:parking:2"], "event": "priority_rejected", "priority_order": ["1", "2", "0", "3"], "reason": "path_or_serialization_conflict"}, {"candidates": ["0:16", "1:static", "2:parking:0", "3:parking:2"], "event": "priority_rejected", "priority_order": ["1", "2", "3", "0"], "reason": "path_or_serialization_conflict"}, {"candidates": ["0:16", "1:static", "2:parking:0", "3:parking:2"], "event": "priority_rejected", "priority_order": ["1", "3", "0", "2"], "reason": "path_or_serialization_conflict"}, {"candidates": ["0:16", "1:static", "2:parking:0", "3:parking:2"], "event": "priority_rejected", "priority_order": ["1", "3", "2", "0"], "reason": "path_or_serialization_conflict"}, {"candidate_cost": 54.616813859, "candidates": ["0:16", "1:static", "2:parking:2", "3:parking:0"], "event": "assignment_attempt", "trial": 34}, {"candidates": ["0:16", "1:static", "2:parking:2", "3:parking:0"], "event": "priority_rejected", "priority_order": ["1", "0", "2", "3"], "reason": "path_or_serialization_conflict"}, {"candidates": ["0:16", "1:static", "2:parking:2", "3:parking:0"], "event": "priority_rejected", "priority_order": ["1", "0", "3", "2"], "reason": "path_or_serialization_conflict"}, {"candidates": ["0:16", "1:static", "2:parking:2", "3:parking:0"], "event": "priority_rejected", "priority_order": ["1", "2", "0", "3"], "reason": "path_or_serialization_conflict"}, {"candidates": ["0:16", "1:static", "2:parking:2", "3:parking:0"], "event": "priority_rejected", "priority_order": ["1", "2", "3", "0"], "reason": "path_or_serialization_conflict"}, {"candidates": ["0:16", "1:static", "2:parking:2", "3:parking:0"], "event": "priority_rejected", "priority_order": ["1", "3", "0", "2"], "reason": "path_or_serialization_conflict"}, {"candidates": ["0:16", "1:static", "2:parking:2", "3:parking:0"], "event": "priority_rejected", "priority_order": ["1", "3", "2", "0"], "reason": "path_or_serialization_conflict"}, {"candidate_cost": 54.820619695, "candidates": ["0:15", "1:static", "2:parking:0", "3:parking:2"], "event": "assignment_attempt", "trial": 35}, {"candidates": ["0:15", "1:static", "2:parking:0", "3:parking:2"], "event": "priority_rejected", "priority_order": ["1", "0", "2", "3"], "reason": "path_or_serialization_conflict"}, {"candidates": ["0:15", "1:static", "2:parking:0", "3:parking:2"], "event": "priority_rejected", "priority_order": ["1", "0", "3", "2"], "reason": "path_or_serialization_conflict"}, {"candidates": ["0:15", "1:static", "2:parking:0", "3:parking:2"], "event": "priority_rejected", "priority_order": ["1", "2", "0", "3"], "reason": "path_or_serialization_conflict"}, {"candidates": ["0:15", "1:static", "2:parking:0", "3:parking:2"], "event": "priority_rejected", "priority_order": ["1", "2", "3", "0"], "reason": "path_or_serialization_conflict"}, {"candidates": ["0:15", "1:static", "2:parking:0", "3:parking:2"], "event": "priority_rejected", "priority_order": ["1", "3", "0", "2"], "reason": "path_or_serialization_conflict"}, {"candidates": ["0:15", "1:static", "2:parking:0", "3:parking:2"], "event": "priority_rejected", "priority_order": ["1", "3", "2", "0"], "reason": "path_or_serialization_conflict"}, {"candidate_cost": 55.026108641, "candidates": ["0:15", "1:static", "2:parking:2", "3:parking:0"], "event": "assignment_attempt", "trial": 36}, {"candidates": ["0:15", "1:static", "2:parking:2", "3:parking:0"], "event": "priority_rejected", "priority_order": ["1", "0", "2", "3"], "reason": "path_or_serialization_conflict"}, {"candidates": ["0:15", "1:static", "2:parking:2", "3:parking:0"], "event": "priority_rejected", "priority_order": ["1", "0", "3", "2"], "reason": "path_or_serialization_conflict"}, {"candidates": ["0:15", "1:static", "2:parking:2", "3:parking:0"], "event": "priority_rejected", "priority_order": ["1", "2", "0", "3"], "reason": "path_or_serialization_conflict"}, {"candidates": ["0:15", "1:static", "2:parking:2", "3:parking:0"], "event": "priority_rejected", "priority_order": ["1", "2", "3", "0"], "reason": "path_or_serialization_conflict"}, {"candidates": ["0:15", "1:static", "2:parking:2", "3:parking:0"], "event": "priority_rejected", "priority_order": ["1", "3", "0", "2"], "reason": "path_or_serialization_conflict"}, {"candidates": ["0:15", "1:static", "2:parking:2", "3:parking:0"], "event": "priority_rejected", "priority_order": ["1", "3", "2", "0"], "reason": "path_or_serialization_conflict"}, {"candidate_cost": 56.601075238, "candidates": ["0:22", "1:static", "2:parking:0", "3:parking:2"], "event": "assignment_attempt", "trial": 37}, {"candidates": ["0:22", "1:static", "2:parking:0", "3:parking:2"], "event": "priority_rejected", "priority_order": ["1", "0", "2", "3"], "reason": "path_or_serialization_conflict"}, {"candidates": ["0:22", "1:static", "2:parking:0", "3:parking:2"], "event": "priority_rejected", "priority_order": ["1", "0", "3", "2"], "reason": "path_or_serialization_conflict"}, {"candidates": ["0:22", "1:static", "2:parking:0", "3:parking:2"], "event": "priority_rejected", "priority_order": ["1", "2", "0", "3"], "reason": "path_or_serialization_conflict"}, {"candidates": ["0:22", "1:static", "2:parking:0", "3:parking:2"], "event": "priority_rejected", "priority_order": ["1", "2", "3", "0"], "reason": "path_or_serialization_conflict"}, {"candidates": ["0:22", "1:static", "2:parking:0", "3:parking:2"], "event": "priority_rejected", "priority_order": ["1", "3", "0", "2"], "reason": "path_or_serialization_conflict"}, {"candidates": ["0:22", "1:static", "2:parking:0", "3:parking:2"], "event": "priority_rejected", "priority_order": ["1", "3", "2", "0"], "reason": "path_or_serialization_conflict"}, {"candidate_cost": 56.806564184, "candidates": ["0:22", "1:static", "2:parking:2", "3:parking:0"], "event": "assignment_attempt", "trial": 38}, {"candidates": ["0:22", "1:static", "2:parking:2", "3:parking:0"], "event": "priority_rejected", "priority_order": ["1", "0", "2", "3"], "reason": "path_or_serialization_conflict"}, {"candidates": ["0:22", "1:static", "2:parking:2", "3:parking:0"], "event": "priority_rejected", "priority_order": ["1", "0", "3", "2"], "reason": "path_or_serialization_conflict"}, {"candidates": ["0:22", "1:static", "2:parking:2", "3:parking:0"], "event": "priority_rejected", "priority_order": ["1", "2", "0", "3"], "reason": "path_or_serialization_conflict"}, {"candidates": ["0:22", "1:static", "2:parking:2", "3:parking:0"], "event": "priority_rejected", "priority_order": ["1", "2", "3", "0"], "reason": "path_or_serialization_conflict"}, {"candidates": ["0:22", "1:static", "2:parking:2", "3:parking:0"], "event": "priority_rejected", "priority_order": ["1", "3", "0", "2"], "reason": "path_or_serialization_conflict"}, {"candidates": ["0:22", "1:static", "2:parking:2", "3:parking:0"], "event": "priority_rejected", "priority_order": ["1", "3", "2", "0"], "reason": "path_or_serialization_conflict"}, {"candidate_cost": 58.086356612, "candidates": ["0:19", "1:static", "2:parking:0", "3:parking:2"], "event": "assignment_attempt", "trial": 39}, {"candidates": ["0:19", "1:static", "2:parking:0", "3:parking:2"], "event": "priority_rejected", "priority_order": ["1", "0", "2", "3"], "reason": "path_or_serialization_conflict"}, {"candidates": ["0:19", "1:static", "2:parking:0", "3:parking:2"], "event": "priority_rejected", "priority_order": ["1", "0", "3", "2"], "reason": "path_or_serialization_conflict"}, {"candidates": ["0:19", "1:static", "2:parking:0", "3:parking:2"], "event": "priority_rejected", "priority_order": ["1", "2", "0", "3"], "reason": "path_or_serialization_conflict"}, {"candidates": ["0:19", "1:static", "2:parking:0", "3:parking:2"], "event": "priority_rejected", "priority_order": ["1", "2", "3", "0"], "reason": "path_or_serialization_conflict"}, {"candidates": ["0:19", "1:static", "2:parking:0", "3:parking:2"], "event": "priority_rejected", "priority_order": ["1", "3", "0", "2"], "reason": "path_or_serialization_conflict"}, {"candidates": ["0:19", "1:static", "2:parking:0", "3:parking:2"], "event": "priority_rejected", "priority_order": ["1", "3", "2", "0"], "reason": "path_or_serialization_conflict"}, {"candidate_cost": 58.23122105, "candidates": ["0:17", "1:static", "2:parking:0", "3:parking:2"], "event": "assignment_attempt", "trial": 40}, {"candidates": ["0:17", "1:static", "2:parking:0", "3:parking:2"], "event": "priority_rejected", "priority_order": ["1", "0", "2", "3"], "reason": "path_or_serialization_conflict"}, {"candidates": ["0:17", "1:static", "2:parking:0", "3:parking:2"], "event": "priority_rejected", "priority_order": ["1", "0", "3", "2"], "reason": "path_or_serialization_conflict"}, {"candidates": ["0:17", "1:static", "2:parking:0", "3:parking:2"], "event": "priority_rejected", "priority_order": ["1", "2", "0", "3"], "reason": "path_or_serialization_conflict"}, {"candidates": ["0:17", "1:static", "2:parking:0", "3:parking:2"], "event": "priority_rejected", "priority_order": ["1", "2", "3", "0"], "reason": "path_or_serialization_conflict"}, {"candidates": ["0:17", "1:static", "2:parking:0", "3:parking:2"], "event": "priority_rejected", "priority_order": ["1", "3", "0", "2"], "reason": "path_or_serialization_conflict"}, {"candidates": ["0:17", "1:static", "2:parking:0", "3:parking:2"], "event": "priority_rejected", "priority_order": ["1", "3", "2", "0"], "reason": "path_or_serialization_conflict"}, {"candidate_cost": 58.291845558, "candidates": ["0:19", "1:static", "2:parking:2", "3:parking:0"], "event": "assignment_attempt", "trial": 41}, {"candidates": ["0:19", "1:static", "2:parking:2", "3:parking:0"], "event": "priority_rejected", "priority_order": ["1", "0", "2", "3"], "reason": "path_or_serialization_conflict"}, {"candidates": ["0:19", "1:static", "2:parking:2", "3:parking:0"], "event": "priority_rejected", "priority_order": ["1", "0", "3", "2"], "reason": "path_or_serialization_conflict"}, {"candidates": ["0:19", "1:static", "2:parking:2", "3:parking:0"], "event": "priority_rejected", "priority_order": ["1", "2", "0", "3"], "reason": "path_or_serialization_conflict"}, {"candidates": ["0:19", "1:static", "2:parking:2", "3:parking:0"], "event": "priority_rejected", "priority_order": ["1", "2", "3", "0"], "reason": "path_or_serialization_conflict"}, {"candidates": ["0:19", "1:static", "2:parking:2", "3:parking:0"], "event": "priority_rejected", "priority_order": ["1", "3", "0", "2"], "reason": "path_or_serialization_conflict"}, {"candidates": ["0:19", "1:static", "2:parking:2", "3:parking:0"], "event": "priority_rejected", "priority_order": ["1", "3", "2", "0"], "reason": "path_or_serialization_conflict"}, {"candidate_cost": 58.436709996, "candidates": ["0:17", "1:static", "2:parking:2", "3:parking:0"], "event": "assignment_attempt", "trial": 42}, {"candidates": ["0:17", "1:static", "2:parking:2", "3:parking:0"], "event": "priority_rejected", "priority_order": ["1", "0", "2", "3"], "reason": "path_or_serialization_conflict"}, {"candidates": ["0:17", "1:static", "2:parking:2", "3:parking:0"], "event": "priority_rejected", "priority_order": ["1", "0", "3", "2"], "reason": "path_or_serialization_conflict"}, {"candidates": ["0:17", "1:static", "2:parking:2", "3:parking:0"], "event": "priority_rejected", "priority_order": ["1", "2", "0", "3"], "reason": "path_or_serialization_conflict"}, {"candidates": ["0:17", "1:static", "2:parking:2", "3:parking:0"], "event": "priority_rejected", "priority_order": ["1", "2", "3", "0"], "reason": "path_or_serialization_conflict"}, {"candidates": ["0:17", "1:static", "2:parking:2", "3:parking:0"], "event": "priority_rejected", "priority_order": ["1", "3", "0", "2"], "reason": "path_or_serialization_conflict"}, {"candidates": ["0:17", "1:static", "2:parking:2", "3:parking:0"], "event": "priority_rejected", "priority_order": ["1", "3", "2", "0"], "reason": "path_or_serialization_conflict"}, {"candidate_cost": 60.500570174, "candidates": ["0:20", "1:static", "2:parking:0", "3:parking:2"], "event": "assignment_attempt", "trial": 43}, {"candidates": ["0:20", "1:static", "2:parking:0", "3:parking:2"], "event": "priority_rejected", "priority_order": ["1", "0", "2", "3"], "reason": "path_or_serialization_conflict"}, {"candidates": ["0:20", "1:static", "2:parking:0", "3:parking:2"], "event": "priority_rejected", "priority_order": ["1", "0", "3", "2"], "reason": "path_or_serialization_conflict"}, {"candidates": ["0:20", "1:static", "2:parking:0", "3:parking:2"], "event": "priority_rejected", "priority_order": ["1", "2", "0", "3"], "reason": "path_or_serialization_conflict"}, {"candidates": ["0:20", "1:static", "2:parking:0", "3:parking:2"], "event": "priority_rejected", "priority_order": ["1", "2", "3", "0"], "reason": "path_or_serialization_conflict"}, {"candidates": ["0:20", "1:static", "2:parking:0", "3:parking:2"], "event": "priority_rejected", "priority_order": ["1", "3", "0", "2"], "reason": "path_or_serialization_conflict"}, {"candidates": ["0:20", "1:static", "2:parking:0", "3:parking:2"], "event": "priority_rejected", "priority_order": ["1", "3", "2", "0"], "reason": "path_or_serialization_conflict"}, {"candidate_cost": 60.70605912, "candidates": ["0:20", "1:static", "2:parking:2", "3:parking:0"], "event": "assignment_attempt", "trial": 44}, {"candidates": ["0:20", "1:static", "2:parking:2", "3:parking:0"], "event": "priority_rejected", "priority_order": ["1", "0", "2", "3"], "reason": "path_or_serialization_conflict"}, {"candidates": ["0:20", "1:static", "2:parking:2", "3:parking:0"], "event": "priority_rejected", "priority_order": ["1", "0", "3", "2"], "reason": "path_or_serialization_conflict"}, {"candidates": ["0:20", "1:static", "2:parking:2", "3:parking:0"], "event": "priority_rejected", "priority_order": ["1", "2", "0", "3"], "reason": "path_or_serialization_conflict"}, {"candidates": ["0:20", "1:static", "2:parking:2", "3:parking:0"], "event": "priority_rejected", "priority_order": ["1", "2", "3", "0"], "reason": "path_or_serialization_conflict"}, {"candidates": ["0:20", "1:static", "2:parking:2", "3:parking:0"], "event": "priority_rejected", "priority_order": ["1", "3", "0", "2"], "reason": "path_or_serialization_conflict"}, {"candidates": ["0:20", "1:static", "2:parking:2", "3:parking:0"], "event": "priority_rejected", "priority_order": ["1", "3", "2", "0"], "reason": "path_or_serialization_conflict"}, {"candidate_cost": 62.820619695, "candidates": ["0:23", "1:static", "2:parking:0", "3:parking:2"], "event": "assignment_attempt", "trial": 45}, {"candidates": ["0:23", "1:static", "2:parking:0", "3:parking:2"], "event": "priority_rejected", "priority_order": ["1", "0", "2", "3"], "reason": "path_or_serialization_conflict"}, {"candidates": ["0:23", "1:static", "2:parking:0", "3:parking:2"], "event": "priority_rejected", "priority_order": ["1", "0", "3", "2"], "reason": "path_or_serialization_conflict"}, {"candidates": ["0:23", "1:static", "2:parking:0", "3:parking:2"], "event": "priority_rejected", "priority_order": ["1", "2", "0", "3"], "reason": "path_or_serialization_conflict"}, {"candidates": ["0:23", "1:static", "2:parking:0", "3:parking:2"], "event": "priority_rejected", "priority_order": ["1", "2", "3", "0"], "reason": "path_or_serialization_conflict"}, {"candidates": ["0:23", "1:static", "2:parking:0", "3:parking:2"], "event": "priority_rejected", "priority_order": ["1", "3", "0", "2"], "reason": "path_or_serialization_conflict"}, {"candidates": ["0:23", "1:static", "2:parking:0", "3:parking:2"], "event": "priority_rejected", "priority_order": ["1", "3", "2", "0"], "reason": "path_or_serialization_conflict"}, {"candidate_cost": 62.914783737, "candidates": ["0:21", "1:static", "2:parking:0", "3:parking:2"], "event": "assignment_attempt", "trial": 46}, {"candidates": ["0:21", "1:static", "2:parking:0", "3:parking:2"], "event": "priority_rejected", "priority_order": ["1", "0", "2", "3"], "reason": "path_or_serialization_conflict"}, {"candidates": ["0:21", "1:static", "2:parking:0", "3:parking:2"], "event": "priority_rejected", "priority_order": ["1", "0", "3", "2"], "reason": "path_or_serialization_conflict"}, {"candidates": ["0:21", "1:static", "2:parking:0", "3:parking:2"], "event": "priority_rejected", "priority_order": ["1", "2", "0", "3"], "reason": "path_or_serialization_conflict"}, {"candidates": ["0:21", "1:static", "2:parking:0", "3:parking:2"], "event": "priority_rejected", "priority_order": ["1", "2", "3", "0"], "reason": "path_or_serialization_conflict"}, {"candidates": ["0:21", "1:static", "2:parking:0", "3:parking:2"], "event": "priority_rejected", "priority_order": ["1", "3", "0", "2"], "reason": "path_or_serialization_conflict"}, {"candidates": ["0:21", "1:static", "2:parking:0", "3:parking:2"], "event": "priority_rejected", "priority_order": ["1", "3", "2", "0"], "reason": "path_or_serialization_conflict"}, {"candidate_cost": 63.026108641, "candidates": ["0:23", "1:static", "2:parking:2", "3:parking:0"], "event": "assignment_attempt", "trial": 47}, {"candidates": ["0:23", "1:static", "2:parking:2", "3:parking:0"], "event": "priority_rejected", "priority_order": ["1", "0", "2", "3"], "reason": "path_or_serialization_conflict"}, {"candidates": ["0:23", "1:static", "2:parking:2", "3:parking:0"], "event": "priority_rejected", "priority_order": ["1", "0", "3", "2"], "reason": "path_or_serialization_conflict"}, {"candidates": ["0:23", "1:static", "2:parking:2", "3:parking:0"], "event": "priority_rejected", "priority_order": ["1", "2", "0", "3"], "reason": "path_or_serialization_conflict"}, {"candidates": ["0:23", "1:static", "2:parking:2", "3:parking:0"], "event": "priority_rejected", "priority_order": ["1", "2", "3", "0"], "reason": "path_or_serialization_conflict"}, {"candidates": ["0:23", "1:static", "2:parking:2", "3:parking:0"], "event": "priority_rejected", "priority_order": ["1", "3", "0", "2"], "reason": "path_or_serialization_conflict"}, {"candidates": ["0:23", "1:static", "2:parking:2", "3:parking:0"], "event": "priority_rejected", "priority_order": ["1", "3", "2", "0"], "reason": "path_or_serialization_conflict"}, {"candidate_cost": 63.120272683, "candidates": ["0:21", "1:static", "2:parking:2", "3:parking:0"], "event": "assignment_attempt", "trial": 48}, {"candidates": ["0:21", "1:static", "2:parking:2", "3:parking:0"], "event": "priority_rejected", "priority_order": ["1", "0", "2", "3"], "reason": "path_or_serialization_conflict"}, {"candidates": ["0:21", "1:static", "2:parking:2", "3:parking:0"], "event": "priority_rejected", "priority_order": ["1", "0", "3", "2"], "reason": "path_or_serialization_conflict"}, {"candidates": ["0:21", "1:static", "2:parking:2", "3:parking:0"], "event": "priority_rejected", "priority_order": ["1", "2", "0", "3"], "reason": "path_or_serialization_conflict"}, {"candidates": ["0:21", "1:static", "2:parking:2", "3:parking:0"], "event": "priority_rejected", "priority_order": ["1", "2", "3", "0"], "reason": "path_or_serialization_conflict"}, {"candidates": ["0:21", "1:static", "2:parking:2", "3:parking:0"], "event": "priority_rejected", "priority_order": ["1", "3", "0", "2"], "reason": "path_or_serialization_conflict"}, {"candidates": ["0:21", "1:static", "2:parking:2", "3:parking:0"], "event": "priority_rejected", "priority_order": ["1", "3", "2", "0"], "reason": "path_or_serialization_conflict"}, {"candidate_cost": 65.23122105, "candidates": ["0:24", "1:static", "2:parking:0", "3:parking:2"], "event": "assignment_attempt", "trial": 49}, {"candidates": ["0:24", "1:static", "2:parking:0", "3:parking:2"], "event": "priority_rejected", "priority_order": ["1", "0", "2", "3"], "reason": "path_or_serialization_conflict"}, {"candidates": ["0:24", "1:static", "2:parking:0", "3:parking:2"], "event": "priority_rejected", "priority_order": ["1", "0", "3", "2"], "reason": "path_or_serialization_conflict"}, {"candidates": ["0:24", "1:static", "2:parking:0", "3:parking:2"], "event": "priority_rejected", "priority_order": ["1", "2", "0", "3"], "reason": "path_or_serialization_conflict"}, {"candidates": ["0:24", "1:static", "2:parking:0", "3:parking:2"], "event": "priority_rejected", "priority_order": ["1", "2", "3", "0"], "reason": "path_or_serialization_conflict"}, {"candidates": ["0:24", "1:static", "2:parking:0", "3:parking:2"], "event": "priority_rejected", "priority_order": ["1", "3", "0", "2"], "reason": "path_or_serialization_conflict"}, {"candidates": ["0:24", "1:static", "2:parking:0", "3:parking:2"], "event": "priority_rejected", "priority_order": ["1", "3", "2", "0"], "reason": "path_or_serialization_conflict"}, {"candidate_cost": 65.436709996, "candidates": ["0:24", "1:static", "2:parking:2", "3:parking:0"], "event": "assignment_attempt", "trial": 50}, {"candidates": ["0:24", "1:static", "2:parking:2", "3:parking:0"], "event": "priority_rejected", "priority_order": ["1", "0", "2", "3"], "reason": "path_or_serialization_conflict"}, {"candidates": ["0:24", "1:static", "2:parking:2", "3:parking:0"], "event": "priority_rejected", "priority_order": ["1", "0", "3", "2"], "reason": "path_or_serialization_conflict"}, {"candidates": ["0:24", "1:static", "2:parking:2", "3:parking:0"], "event": "priority_rejected", "priority_order": ["1", "2", "0", "3"], "reason": "path_or_serialization_conflict"}, {"candidates": ["0:24", "1:static", "2:parking:2", "3:parking:0"], "event": "priority_rejected", "priority_order": ["1", "2", "3", "0"], "reason": "path_or_serialization_conflict"}, {"candidates": ["0:24", "1:static", "2:parking:2", "3:parking:0"], "event": "priority_rejected", "priority_order": ["1", "3", "0", "2"], "reason": "path_or_serialization_conflict"}, {"candidates": ["0:24", "1:static", "2:parking:2", "3:parking:0"], "event": "priority_rejected", "priority_order": ["1", "3", "2", "0"], "reason": "path_or_serialization_conflict"}, {"candidate_cost": 65.601075238, "candidates": ["0:25", "1:static", "2:parking:0", "3:parking:2"], "event": "assignment_attempt", "trial": 51}, {"candidates": ["0:25", "1:static", "2:parking:0", "3:parking:2"], "event": "priority_rejected", "priority_order": ["1", "0", "2", "3"], "reason": "path_or_serialization_conflict"}, {"candidates": ["0:25", "1:static", "2:parking:0", "3:parking:2"], "event": "priority_rejected", "priority_order": ["1", "0", "3", "2"], "reason": "path_or_serialization_conflict"}, {"candidates": ["0:25", "1:static", "2:parking:0", "3:parking:2"], "event": "priority_rejected", "priority_order": ["1", "2", "0", "3"], "reason": "path_or_serialization_conflict"}, {"candidates": ["0:25", "1:static", "2:parking:0", "3:parking:2"], "event": "priority_rejected", "priority_order": ["1", "2", "3", "0"], "reason": "path_or_serialization_conflict"}, {"candidates": ["0:25", "1:static", "2:parking:0", "3:parking:2"], "event": "priority_rejected", "priority_order": ["1", "3", "0", "2"], "reason": "path_or_serialization_conflict"}, {"candidates": ["0:25", "1:static", "2:parking:0", "3:parking:2"], "event": "priority_rejected", "priority_order": ["1", "3", "2", "0"], "reason": "path_or_serialization_conflict"}, {"candidate_cost": 65.806564184, "candidates": ["0:25", "1:static", "2:parking:2", "3:parking:0"], "event": "assignment_attempt", "trial": 52}, {"candidates": ["0:25", "1:static", "2:parking:2", "3:parking:0"], "event": "priority_rejected", "priority_order": ["1", "0", "2", "3"], "reason": "path_or_serialization_conflict"}, {"candidates": ["0:25", "1:static", "2:parking:2", "3:parking:0"], "event": "priority_rejected", "priority_order": ["1", "0", "3", "2"], "reason": "path_or_serialization_conflict"}, {"candidates": ["0:25", "1:static", "2:parking:2", "3:parking:0"], "event": "priority_rejected", "priority_order": ["1", "2", "0", "3"], "reason": "path_or_serialization_conflict"}, {"candidates": ["0:25", "1:static", "2:parking:2", "3:parking:0"], "event": "priority_rejected", "priority_order": ["1", "2", "3", "0"], "reason": "path_or_serialization_conflict"}, {"candidates": ["0:25", "1:static", "2:parking:2", "3:parking:0"], "event": "priority_rejected", "priority_order": ["1", "3", "0", "2"], "reason": "path_or_serialization_conflict"}, {"candidates": ["0:25", "1:static", "2:parking:2", "3:parking:0"], "event": "priority_rejected", "priority_order": ["1", "3", "2", "0"], "reason": "path_or_serialization_conflict"}, {"candidate_cost": 68.002829489, "candidates": ["0:26", "1:static", "2:parking:0", "3:parking:2"], "event": "assignment_attempt", "trial": 53}, {"candidates": ["0:26", "1:static", "2:parking:0", "3:parking:2"], "event": "priority_rejected", "priority_order": ["1", "0", "2", "3"], "reason": "path_or_serialization_conflict"}, {"candidates": ["0:26", "1:static", "2:parking:0", "3:parking:2"], "event": "priority_rejected", "priority_order": ["1", "0", "3", "2"], "reason": "path_or_serialization_conflict"}, {"candidates": ["0:26", "1:static", "2:parking:0", "3:parking:2"], "event": "priority_rejected", "priority_order": ["1", "2", "0", "3"], "reason": "path_or_serialization_conflict"}, {"candidates": ["0:26", "1:static", "2:parking:0", "3:parking:2"], "event": "priority_rejected", "priority_order": ["1", "2", "3", "0"], "reason": "path_or_serialization_conflict"}, {"candidates": ["0:26", "1:static", "2:parking:0", "3:parking:2"], "event": "priority_rejected", "priority_order": ["1", "3", "0", "2"], "reason": "path_or_serialization_conflict"}, {"candidates": ["0:26", "1:static", "2:parking:0", "3:parking:2"], "event": "priority_rejected", "priority_order": ["1", "3", "2", "0"], "reason": "path_or_serialization_conflict"}, {"candidate_cost": 68.208318435, "candidates": ["0:26", "1:static", "2:parking:2", "3:parking:0"], "event": "assignment_attempt", "trial": 54}, {"candidates": ["0:26", "1:static", "2:parking:2", "3:parking:0"], "event": "priority_rejected", "priority_order": ["1", "0", "2", "3"], "reason": "path_or_serialization_conflict"}, {"candidates": ["0:26", "1:static", "2:parking:2", "3:parking:0"], "event": "priority_rejected", "priority_order": ["1", "0", "3", "2"], "reason": "path_or_serialization_conflict"}, {"candidates": ["0:26", "1:static", "2:parking:2", "3:parking:0"], "event": "priority_rejected", "priority_order": ["1", "2", "0", "3"], "reason": "path_or_serialization_conflict"}, {"candidates": ["0:26", "1:static", "2:parking:2", "3:parking:0"], "event": "priority_rejected", "priority_order": ["1", "2", "3", "0"], "reason": "path_or_serialization_conflict"}, {"candidates": ["0:26", "1:static", "2:parking:2", "3:parking:0"], "event": "priority_rejected", "priority_order": ["1", "3", "0", "2"], "reason": "path_or_serialization_conflict"}, {"candidates": ["0:26", "1:static", "2:parking:2", "3:parking:0"], "event": "priority_rejected", "priority_order": ["1", "3", "2", "0"], "reason": "path_or_serialization_conflict"}, {"candidate_cost": 68.417729064, "candidates": ["0:27", "1:static", "2:parking:0", "3:parking:2"], "event": "assignment_attempt", "trial": 55}, {"candidates": ["0:27", "1:static", "2:parking:0", "3:parking:2"], "event": "priority_rejected", "priority_order": ["1", "0", "2", "3"], "reason": "path_or_serialization_conflict"}, {"candidates": ["0:27", "1:static", "2:parking:0", "3:parking:2"], "event": "priority_rejected", "priority_order": ["1", "0", "3", "2"], "reason": "path_or_serialization_conflict"}, {"candidates": ["0:27", "1:static", "2:parking:0", "3:parking:2"], "event": "priority_rejected", "priority_order": ["1", "2", "0", "3"], "reason": "path_or_serialization_conflict"}, {"candidates": ["0:27", "1:static", "2:parking:0", "3:parking:2"], "event": "priority_rejected", "priority_order": ["1", "2", "3", "0"], "reason": "path_or_serialization_conflict"}, {"candidates": ["0:27", "1:static", "2:parking:0", "3:parking:2"], "event": "priority_rejected", "priority_order": ["1", "3", "0", "2"], "reason": "path_or_serialization_conflict"}, {"candidates": ["0:27", "1:static", "2:parking:0", "3:parking:2"], "event": "priority_rejected", "priority_order": ["1", "3", "2", "0"], "reason": "path_or_serialization_conflict"}, {"candidate_cost": 68.62321801, "candidates": ["0:27", "1:static", "2:parking:2", "3:parking:0"], "event": "assignment_attempt", "trial": 56}, {"candidates": ["0:27", "1:static", "2:parking:2", "3:parking:0"], "event": "priority_rejected", "priority_order": ["1", "0", "2", "3"], "reason": "path_or_serialization_conflict"}, {"candidates": ["0:27", "1:static", "2:parking:2", "3:parking:0"], "event": "priority_rejected", "priority_order": ["1", "0", "3", "2"], "reason": "path_or_serialization_conflict"}, {"candidates": ["0:27", "1:static", "2:parking:2", "3:parking:0"], "event": "priority_rejected", "priority_order": ["1", "2", "0", "3"], "reason": "path_or_serialization_conflict"}, {"candidates": ["0:27", "1:static", "2:parking:2", "3:parking:0"], "event": "priority_rejected", "priority_order": ["1", "2", "3", "0"], "reason": "path_or_serialization_conflict"}, {"candidates": ["0:27", "1:static", "2:parking:2", "3:parking:0"], "event": "priority_rejected", "priority_order": ["1", "3", "0", "2"], "reason": "path_or_serialization_conflict"}, {"candidates": ["0:27", "1:static", "2:parking:2", "3:parking:0"], "event": "priority_rejected", "priority_order": ["1", "3", "2", "0"], "reason": "path_or_serialization_conflict"}, {"candidate_cost": 70.807630853, "candidates": ["0:28", "1:static", "2:parking:0", "3:parking:2"], "event": "assignment_attempt", "trial": 57}, {"candidates": ["0:28", "1:static", "2:parking:0", "3:parking:2"], "event": "priority_rejected", "priority_order": ["1", "0", "2", "3"], "reason": "path_or_serialization_conflict"}, {"candidates": ["0:28", "1:static", "2:parking:0", "3:parking:2"], "event": "priority_rejected", "priority_order": ["1", "0", "3", "2"], "reason": "path_or_serialization_conflict"}, {"candidates": ["0:28", "1:static", "2:parking:0", "3:parking:2"], "event": "priority_rejected", "priority_order": ["1", "2", "0", "3"], "reason": "path_or_serialization_conflict"}, {"candidates": ["0:28", "1:static", "2:parking:0", "3:parking:2"], "event": "priority_rejected", "priority_order": ["1", "2", "3", "0"], "reason": "path_or_serialization_conflict"}, {"candidates": ["0:28", "1:static", "2:parking:0", "3:parking:2"], "event": "priority_rejected", "priority_order": ["1", "3", "0", "2"], "reason": "path_or_serialization_conflict"}, {"candidates": ["0:28", "1:static", "2:parking:0", "3:parking:2"], "event": "priority_rejected", "priority_order": ["1", "3", "2", "0"], "reason": "path_or_serialization_conflict"}, {"candidate_cost": 71.013119799, "candidates": ["0:28", "1:static", "2:parking:2", "3:parking:0"], "event": "assignment_attempt", "trial": 58}, {"candidates": ["0:28", "1:static", "2:parking:2", "3:parking:0"], "event": "priority_rejected", "priority_order": ["1", "0", "2", "3"], "reason": "path_or_serialization_conflict"}, {"candidates": ["0:28", "1:static", "2:parking:2", "3:parking:0"], "event": "priority_rejected", "priority_order": ["1", "0", "3", "2"], "reason": "path_or_serialization_conflict"}, {"candidates": ["0:28", "1:static", "2:parking:2", "3:parking:0"], "event": "priority_rejected", "priority_order": ["1", "2", "0", "3"], "reason": "path_or_serialization_conflict"}, {"candidates": ["0:28", "1:static", "2:parking:2", "3:parking:0"], "event": "priority_rejected", "priority_order": ["1", "2", "3", "0"], "reason": "path_or_serialization_conflict"}, {"candidates": ["0:28", "1:static", "2:parking:2", "3:parking:0"], "event": "priority_rejected", "priority_order": ["1", "3", "0", "2"], "reason": "path_or_serialization_conflict"}, {"candidates": ["0:28", "1:static", "2:parking:2", "3:parking:0"], "event": "priority_rejected", "priority_order": ["1", "3", "2", "0"], "reason": "path_or_serialization_conflict"}, {"candidate_cost": 71.262979027, "candidates": ["0:29", "1:static", "2:parking:0", "3:parking:2"], "event": "assignment_attempt", "trial": 59}, {"candidates": ["0:29", "1:static", "2:parking:0", "3:parking:2"], "event": "priority_rejected", "priority_order": ["1", "0", "2", "3"], "reason": "path_or_serialization_conflict"}, {"candidates": ["0:29", "1:static", "2:parking:0", "3:parking:2"], "event": "priority_rejected", "priority_order": ["1", "0", "3", "2"], "reason": "path_or_serialization_conflict"}, {"candidates": ["0:29", "1:static", "2:parking:0", "3:parking:2"], "event": "priority_rejected", "priority_order": ["1", "2", "0", "3"], "reason": "path_or_serialization_conflict"}, {"candidates": ["0:29", "1:static", "2:parking:0", "3:parking:2"], "event": "priority_rejected", "priority_order": ["1", "2", "3", "0"], "reason": "path_or_serialization_conflict"}, {"candidates": ["0:29", "1:static", "2:parking:0", "3:parking:2"], "event": "priority_rejected", "priority_order": ["1", "3", "0", "2"], "reason": "path_or_serialization_conflict"}, {"candidates": ["0:29", "1:static", "2:parking:0", "3:parking:2"], "event": "priority_rejected", "priority_order": ["1", "3", "2", "0"], "reason": "path_or_serialization_conflict"}, {"candidate_cost": 71.468467973, "candidates": ["0:29", "1:static", "2:parking:2", "3:parking:0"], "event": "assignment_attempt", "trial": 60}, {"candidates": ["0:29", "1:static", "2:parking:2", "3:parking:0"], "event": "priority_rejected", "priority_order": ["1", "0", "2", "3"], "reason": "path_or_serialization_conflict"}, {"candidates": ["0:29", "1:static", "2:parking:2", "3:parking:0"], "event": "priority_rejected", "priority_order": ["1", "0", "3", "2"], "reason": "path_or_serialization_conflict"}, {"candidates": ["0:29", "1:static", "2:parking:2", "3:parking:0"], "event": "priority_rejected", "priority_order": ["1", "2", "0", "3"], "reason": "path_or_serialization_conflict"}, {"candidates": ["0:29", "1:static", "2:parking:2", "3:parking:0"], "event": "priority_rejected", "priority_order": ["1", "2", "3", "0"], "reason": "path_or_serialization_conflict"}, {"candidates": ["0:29", "1:static", "2:parking:2", "3:parking:0"], "event": "priority_rejected", "priority_order": ["1", "3", "0", "2"], "reason": "path_or_serialization_conflict"}, {"candidates": ["0:29", "1:static", "2:parking:2", "3:parking:0"], "event": "priority_rejected", "priority_order": ["1", "3", "2", "0"], "reason": "path_or_serialization_conflict"}, {"assignment_trials": 60, "event": "planning_finished", "priority_attempts": 360, "status": "NO_PLAN_FOUND"}, {"agent_id": 0, "event": "navigation_failed", "reason": "step navigation planning failed after full refresh with status NO_PLAN_FOUND; parking recovery found no safe joint plan"}], "requested_failure_policy": "FAIL_STAGE", "robot_id": "robot1", "stage_id": "Phase 1"}, {"action_index": 6, "action_type": "RunToaster", "error": "Cannot PutObject 'Bread' for agent 0: robot is not holding it. Currently holding: nothing.", "failure_decision": "skip", "failure_error_code": "action_failed", "ignored_for_failure_ratio": false, "requested_failure_policy": "FAIL_STAGE", "robot_id": "robot1", "stage_id": "Phase 1"}, {"action_index": 7, "action_type": "HeatByStoveBurner", "error": "PutObject failed for agent 1 on StoveBurner|+01.77|+00.90|+00.60: StoveBurner_ab166a5a is full right now", "failure_decision": "skip", "failure_error_code": "action_failed", "ignored_for_failure_ratio": false, "requested_failure_policy": "FAIL_STAGE", "robot_id": "robot2", "stage_id": "Phase 1"}], "ru": 0.0, "ru_inputs": {"max_trans": 0, "no_trans": 17, "no_trans_gt": 0}, "run_id": "846cc4a06c764b9fb8810e8eaf28d2ac", "run_time_seconds": 58.10892937192693, "runtime_metrics": {"artifacts": {"count": 663, "max_seconds": 1.6481615602970123e-05, "total_seconds": 0.002400270663201809}, "controller": {"count": 1762, "max_seconds": 0.19511189125478268, "total_seconds": 40.592495165765285}, "counters": {"artifact_calls": 663, "controller_action_failures": 61, "controller_calls": 1762, "navigation_plans": 76, "reachable_full_refreshes": 270, "reachable_queries": 1099, "recovery_calls": 25}, "lock_wait": {"count": 1762, "max_seconds": 0.06821592804044485, "total_seconds": 0.8088857042603195}, "navigation_planning": {"count": 76, "max_seconds": 7.164284240920097, "total_seconds": 10.615910324268043}, "reachable_query": {"count": 1099, "max_seconds": 0.07433988573029637, "total_seconds": 4.882109348662198}, "recovery": {"count": 25, "max_seconds": 18.583949661348015, "total_seconds": 53.19206385081634}, "timing_semantics": "overlapping; reachable_query is included in controller; do not sum categories"}, "satisfied_goal_count": 1, "scheduler_version": 2, "sr": 0, "stages": [{"actions": [{"action_key": "0:robot1:0", "action_type": "GoToObject", "attempts": 1, "cursor": 0, "effects": [], "error": "", "failure_decision": "", "preconditions": [], "reason": "action_completed", "requested_failure_policy": "FAIL_STAGE", "robot_id": "robot1", "stage_id": "Phase 1", "status": "succeeded", "world_version": 280}, {"action_key": "0:robot1:1", "action_type": "PickupObject", "attempts": 1, "cursor": 1, "effects": [], "error": "", "failure_decision": "", "preconditions": [], "reason": "action_completed", "requested_failure_policy": "FAIL_STAGE", "robot_id": "robot1", "stage_id": "Phase 1", "status": "succeeded", "world_version": 283}, {"action_key": "0:robot1:2", "action_type": "GoToObject", "attempts": 1, "cursor": 2, "effects": [], "error": "", "failure_decision": "", "preconditions": [], "reason": "action_completed", "requested_failure_policy": "FAIL_STAGE", "robot_id": "robot1", "stage_id": "Phase 1", "status": "succeeded", "world_version": 313}, {"action_key": "0:robot1:3", "action_type": "SliceObject", "attempts": 1, "cursor": 3, "effects": [], "error": "", "failure_decision": "", "preconditions": [], "reason": "action_completed", "requested_failure_policy": "FAIL_STAGE", "robot_id": "robot1", "stage_id": "Phase 1", "status": "succeeded", "world_version": 318}, {"action_key": "0:robot1:4", "action_type": "PickupObject", "attempts": 1, "cursor": 4, "effects": [], "error": "PickupObject failed for agent 0 on Bread|+00.26|+00.99|-00.08: NullReferenceException: Target object not found within the specified visibility.. trace:   at UnityStandardAssets.Characters.FirstPerson.BaseFPSAgentController.getInteractableSimObjectFromId (System.String objectId, System.Boolean forceAction) [0x0007a] in <686694aeb00e4f03b2b15637c42c1442>:0 \n  at UnityStandardAssets.Characters.FirstPerson.PhysicsRemoteFPSAgentController.PickupObject (System.String objectId, System.Boolean forceAction, System.Boolean manualInteract) [0x00000] in <686694aeb00e4f03b2b15637c42c1442>:0 \n  at (wrapper managed-to-native) System.Reflection.MonoMethod.InternalInvoke(System.Reflection.MonoMethod,object,object[],System.Exception&)\n  at System.Reflection.MonoMethod.Invoke (System.Object obj, System.Reflection.BindingFlags invokeAttr, System.Reflection.Binder binder, System.Object[] parameters, System.Globalization.CultureInfo culture) [0x00032] in <695d1cc93cca45069c528c15c9fdd749>:0 ; PickupObject interaction reposition failed for agent 0 on Bread|+00.26|+00.99|-00.08: step navigation planning failed after full refresh with status NO_PLAN_FOUND; parking recovery found no safe joint plan", "failure_decision": "skip", "preconditions": [], "reason": "action_failed", "requested_failure_policy": "FAIL_STAGE", "robot_id": "robot1", "stage_id": "Phase 1", "status": "failed", "world_version": 1017}, {"action_key": "0:robot1:5", "action_type": "GoToObject", "attempts": 1, "cursor": 5, "effects": [], "error": "step navigation planning failed after full refresh with status NO_PLAN_FOUND; parking recovery found no safe joint plan", "failure_decision": "skip", "preconditions": [], "reason": "action_failed", "requested_failure_policy": "FAIL_STAGE", "robot_id": "robot1", "stage_id": "Phase 1", "status": "failed", "world_version": 1686}, {"action_key": "0:robot1:6", "action_type": "RunToaster", "attempts": 1, "cursor": 6, "effects": [], "error": "Cannot PutObject 'Bread' for agent 0: robot is not holding it. Currently holding: nothing.", "failure_decision": "skip", "preconditions": [], "reason": "action_failed", "requested_failure_policy": "FAIL_STAGE", "robot_id": "robot1", "stage_id": "Phase 1", "status": "failed", "world_version": 1702}, {"action_key": "0:robot2:0", "action_type": "GoToObject", "attempts": 1, "cursor": 0, "effects": [], "error": "", "failure_decision": "", "preconditions": [], "reason": "action_completed", "requested_failure_policy": "FAIL_STAGE", "robot_id": "robot2", "stage_id": "Phase 1", "status": "succeeded", "world_version": 280}, {"action_key": "0:robot2:1", "action_type": "PickupObject", "attempts": 1, "cursor": 1, "effects": [], "error": "", "failure_decision": "", "preconditions": [], "reason": "action_completed", "requested_failure_policy": "FAIL_STAGE", "robot_id": "robot2", "stage_id": "Phase 1", "status": "succeeded", "world_version": 283}, {"action_key": "0:robot2:2", "action_type": "GoToObject", "attempts": 1, "cursor": 2, "effects": [], "error": "", "failure_decision": "", "preconditions": [], "reason": "action_completed", "requested_failure_policy": "FAIL_STAGE", "robot_id": "robot2", "stage_id": "Phase 1", "status": "succeeded", "world_version": 343}, {"action_key": "0:robot2:3", "action_type": "HeatByStoveBurner", "attempts": 1, "cursor": 3, "effects": [], "error": "HeatByStoveBurner timed out waiting for Kettle|+01.68|+00.90|+00.09 to become Hot.", "failure_decision": "skip", "preconditions": [], "reason": "action_failed", "requested_failure_policy": "FAIL_STAGE", "robot_id": "robot2", "stage_id": "Phase 1", "status": "failed", "world_version": 344}, {"action_key": "0:robot2:4", "action_type": "GoToObject", "attempts": 1, "cursor": 4, "effects": [], "error": "step navigation planning failed after full refresh with status NO_PLAN_FOUND; parking recovery found no safe joint plan", "failure_decision": "skip", "preconditions": [], "reason": "action_failed", "requested_failure_policy": "FAIL_STAGE", "robot_id": "robot2", "stage_id": "Phase 1", "status": "failed", "world_version": 417}, {"action_key": "0:robot2:5", "action_type": "PickupObject", "attempts": 1, "cursor": 5, "effects": [], "error": "", "failure_decision": "", "preconditions": [], "reason": "action_completed", "requested_failure_policy": "FAIL_STAGE", "robot_id": "robot2", "stage_id": "Phase 1", "status": "succeeded", "world_version": 1684}, {"action_key": "0:robot2:6", "action_type": "GoToObject", "attempts": 1, "cursor": 6, "effects": [], "error": "", "failure_decision": "", "preconditions": [], "reason": "action_completed", "requested_failure_policy": "FAIL_STAGE", "robot_id": "robot2", "stage_id": "Phase 1", "status": "succeeded", "world_version": 1760}, {"action_key": "0:robot2:7", "action_type": "HeatByStoveBurner", "attempts": 1, "cursor": 7, "effects": [], "error": "PutObject failed for agent 1 on StoveBurner|+01.77|+00.90|+00.60: StoveBurner_ab166a5a is full right now", "failure_decision": "skip", "preconditions": [], "reason": "action_failed", "requested_failure_policy": "FAIL_STAGE", "robot_id": "robot2", "stage_id": "Phase 1", "status": "failed", "world_version": 1760}, {"action_key": "0:robot3:0", "action_type": "GoToObject", "attempts": 1, "cursor": 0, "effects": [], "error": "", "failure_decision": "", "preconditions": [], "reason": "action_completed", "requested_failure_policy": "FAIL_STAGE", "robot_id": "robot3", "stage_id": "Phase 1", "status": "succeeded", "world_version": 280}, {"action_key": "0:robot3:1", "action_type": "SwitchOn", "attempts": 1, "cursor": 1, "effects": [], "error": "", "failure_decision": "", "preconditions": [], "reason": "action_completed", "requested_failure_policy": "FAIL_STAGE", "robot_id": "robot3", "stage_id": "Phase 1", "status": "succeeded", "world_version": 281}], "attempts": [{"action_key": "0:robot1:0", "action_type": "GoToObject", "attempts": 1, "cursor": 0, "effects": [], "error": "", "failure_decision": "", "preconditions": [], "reason": "action_completed", "requested_failure_policy": "FAIL_STAGE", "robot_id": "robot1", "stage_id": "Phase 1", "status": "succeeded", "world_version": 280}, {"action_key": "0:robot3:0", "action_type": "GoToObject", "attempts": 1, "cursor": 0, "effects": [], "error": "", "failure_decision": "", "preconditions": [], "reason": "action_completed", "requested_failure_policy": "FAIL_STAGE", "robot_id": "robot3", "stage_id": "Phase 1", "status": "succeeded", "world_version": 280}, {"action_key": "0:robot2:0", "action_type": "GoToObject", "attempts": 1, "cursor": 0, "effects": [], "error": "", "failure_decision": "", "preconditions": [], "reason": "action_completed", "requested_failure_policy": "FAIL_STAGE", "robot_id": "robot2", "stage_id": "Phase 1", "status": "succeeded", "world_version": 280}, {"action_key": "0:robot3:1", "action_type": "SwitchOn", "attempts": 1, "cursor": 1, "effects": [], "error": "", "failure_decision": "", "preconditions": [], "reason": "action_completed", "requested_failure_policy": "FAIL_STAGE", "robot_id": "robot3", "stage_id": "Phase 1", "status": "succeeded", "world_version": 281}, {"action_key": "0:robot1:1", "action_type": "PickupObject", "attempts": 1, "cursor": 1, "effects": [], "error": "", "failure_decision": "", "preconditions": [], "reason": "action_completed", "requested_failure_policy": "FAIL_STAGE", "robot_id": "robot1", "stage_id": "Phase 1", "status": "succeeded", "world_version": 283}, {"action_key": "0:robot2:1", "action_type": "PickupObject", "attempts": 1, "cursor": 1, "effects": [], "error": "", "failure_decision": "", "preconditions": [], "reason": "action_completed", "requested_failure_policy": "FAIL_STAGE", "robot_id": "robot2", "stage_id": "Phase 1", "status": "succeeded", "world_version": 283}, {"action_key": "0:robot1:2", "action_type": "GoToObject", "attempts": 1, "cursor": 2, "effects": [], "error": "", "failure_decision": "", "preconditions": [], "reason": "action_completed", "requested_failure_policy": "FAIL_STAGE", "robot_id": "robot1", "stage_id": "Phase 1", "status": "succeeded", "world_version": 313}, {"action_key": "0:robot1:3", "action_type": "SliceObject", "attempts": 1, "cursor": 3, "effects": [], "error": "", "failure_decision": "", "preconditions": [], "reason": "action_completed", "requested_failure_policy": "FAIL_STAGE", "robot_id": "robot1", "stage_id": "Phase 1", "status": "succeeded", "world_version": 318}, {"action_key": "0:robot2:2", "action_type": "GoToObject", "attempts": 1, "cursor": 2, "effects": [], "error": "", "failure_decision": "", "preconditions": [], "reason": "action_completed", "requested_failure_policy": "FAIL_STAGE", "robot_id": "robot2", "stage_id": "Phase 1", "status": "succeeded", "world_version": 343}, {"action_key": "0:robot2:3", "action_type": "HeatByStoveBurner", "attempts": 1, "cursor": 3, "effects": [], "error": "HeatByStoveBurner timed out waiting for Kettle|+01.68|+00.90|+00.09 to become Hot.", "failure_decision": "skip", "preconditions": [], "reason": "action_failed", "requested_failure_policy": "FAIL_STAGE", "robot_id": "robot2", "stage_id": "Phase 1", "status": "failed", "world_version": 344}, {"action_key": "0:robot2:4", "action_type": "GoToObject", "attempts": 1, "cursor": 4, "effects": [], "error": "step navigation planning failed after full refresh with status NO_PLAN_FOUND; parking recovery found no safe joint plan", "failure_decision": "skip", "preconditions": [], "reason": "action_failed", "requested_failure_policy": "FAIL_STAGE", "robot_id": "robot2", "stage_id": "Phase 1", "status": "failed", "world_version": 417}, {"action_key": "0:robot1:4", "action_type": "PickupObject", "attempts": 1, "cursor": 4, "effects": [], "error": "PickupObject failed for agent 0 on Bread|+00.26|+00.99|-00.08: NullReferenceException: Target object not found within the specified visibility.. trace:   at UnityStandardAssets.Characters.FirstPerson.BaseFPSAgentController.getInteractableSimObjectFromId (System.String objectId, System.Boolean forceAction) [0x0007a] in <686694aeb00e4f03b2b15637c42c1442>:0 \n  at UnityStandardAssets.Characters.FirstPerson.PhysicsRemoteFPSAgentController.PickupObject (System.String objectId, System.Boolean forceAction, System.Boolean manualInteract) [0x00000] in <686694aeb00e4f03b2b15637c42c1442>:0 \n  at (wrapper managed-to-native) System.Reflection.MonoMethod.InternalInvoke(System.Reflection.MonoMethod,object,object[],System.Exception&)\n  at System.Reflection.MonoMethod.Invoke (System.Object obj, System.Reflection.BindingFlags invokeAttr, System.Reflection.Binder binder, System.Object[] parameters, System.Globalization.CultureInfo culture) [0x00032] in <695d1cc93cca45069c528c15c9fdd749>:0 ; PickupObject interaction reposition failed for agent 0 on Bread|+00.26|+00.99|-00.08: step navigation planning failed after full refresh with status NO_PLAN_FOUND; parking recovery found no safe joint plan", "failure_decision": "skip", "preconditions": [], "reason": "action_failed", "requested_failure_policy": "FAIL_STAGE", "robot_id": "robot1", "stage_id": "Phase 1", "status": "failed", "world_version": 1017}, {"action_key": "0:robot2:5", "action_type": "PickupObject", "attempts": 1, "cursor": 5, "effects": [], "error": "", "failure_decision": "", "preconditions": [], "reason": "action_completed", "requested_failure_policy": "FAIL_STAGE", "robot_id": "robot2", "stage_id": "Phase 1", "status": "succeeded", "world_version": 1684}, {"action_key": "0:robot1:5", "action_type": "GoToObject", "attempts": 1, "cursor": 5, "effects": [], "error": "step navigation planning failed after full refresh with status NO_PLAN_FOUND; parking recovery found no safe joint plan", "failure_decision": "skip", "preconditions": [], "reason": "action_failed", "requested_failure_policy": "FAIL_STAGE", "robot_id": "robot1", "stage_id": "Phase 1", "status": "failed", "world_version": 1686}, {"action_key": "0:robot1:6", "action_type": "RunToaster", "attempts": 1, "cursor": 6, "effects": [], "error": "Cannot PutObject 'Bread' for agent 0: robot is not holding it. Currently holding: nothing.", "failure_decision": "skip", "preconditions": [], "reason": "action_failed", "requested_failure_policy": "FAIL_STAGE", "robot_id": "robot1", "stage_id": "Phase 1", "status": "failed", "world_version": 1702}, {"action_key": "0:robot2:6", "action_type": "GoToObject", "attempts": 1, "cursor": 6, "effects": [], "error": "", "failure_decision": "", "preconditions": [], "reason": "action_completed", "requested_failure_policy": "FAIL_STAGE", "robot_id": "robot2", "stage_id": "Phase 1", "status": "succeeded", "world_version": 1760}, {"action_key": "0:robot2:7", "action_type": "HeatByStoveBurner", "attempts": 1, "cursor": 7, "effects": [], "error": "PutObject failed for agent 1 on StoveBurner|+01.77|+00.90|+00.60: StoveBurner_ab166a5a is full right now", "failure_decision": "skip", "preconditions": [], "reason": "action_failed", "requested_failure_policy": "FAIL_STAGE", "robot_id": "robot2", "stage_id": "Phase 1", "status": "failed", "world_version": 1760}], "condition": {"final": null, "initial": null}, "continue_task": true, "diagnostics": {"resource_holders": {}, "robots": {"robot1": {"action": null, "cursor": null, "reason": null, "status": "FINISHED", "wait_rounds": 0}, "robot2": {"action": null, "cursor": null, "reason": null, "status": "FINISHED", "wait_rounds": 0}, "robot3": {"action": null, "cursor": null, "reason": null, "status": "FINISHED", "wait_rounds": 0}}, "stage_id": "Phase 1", "world_version": 1761}, "errors": [{"exception_type": "RuntimeError", "message": "HeatByStoveBurner timed out waiting for Kettle|+01.68|+00.90|+00.09 to become Hot.", "phase": "Phase 1", "robot_id": "robot2", "traceback": "Traceback (most recent call last):\n  File \"/home/dwb/thor/Coder/reports/pickup_recovery_20260908/updated_code/executor_system/executor.py\", line 651, in _execute_queue\n    event = executor.execute_action(pending.action, action_wave=action_wave)\n  File \"/home/dwb/thor/Coder/reports/pickup_recovery_20260908/updated_code/executor_system/executor.py\", line 702, in execute_action\n    return self.adapter.execute(\n  File \"/home/dwb/thor/Coder/reports/pickup_recovery_20260908/updated_code/executor_system/action_plan.py\", line 525, in execute\n    return registry.execute(self.runtime, robot_id, prepared, {\n  File \"/home/dwb/thor/Coder/reports/pickup_recovery_20260908/updated_code/executor_system/action_registry.py\", line 278, in execute\n    return ObjectInteractor(runtime).execute(robot_id, prepared, context, registry=self)\n  File \"/home/dwb/thor/Coder/reports/pickup_recovery_20260908/updated_code/executor_system/object_interactor.py\", line 48, in execute\n    return executor(self.runtime, robot_id, normalized, action_context)\n  File \"/home/dwb/thor/Coder/reports/pickup_recovery_20260908/updated_code/executor_system/action_registry.py\", line 77, in _helper\n    return function(ObjectInteractor(runtime))(robot_id, *normalized.parameters['args'])\n  File \"/home/dwb/thor/Coder/reports/pickup_recovery_20260908/updated_code/executor_system/object_interactor.py\", line 1782, in HeatByStoveBurner\n    self._wait_for_object_hot(robot, obj, \"HeatByStoveBurner\")\n  File \"/home/dwb/thor/Coder/reports/pickup_recovery_20260908/updated_code/executor_system/object_interactor.py\", line 1609, in _wait_for_object_hot\n    raise RuntimeError(f\"{action_name} timed out waiting for {target_id} to become Hot.\")\nRuntimeError: HeatByStoveBurner timed out waiting for Kettle|+01.68|+00.90|+00.09 to become Hot.\n"}, {"exception_type": "StepNavigationError", "message": "step navigation planning failed after full refresh with status NO_PLAN_FOUND; parking recovery found no safe joint plan", "phase": "Phase 1", "robot_id": "robot2", "traceback": "Traceback (most recent call last):\n  File \"/home/dwb/thor/Coder/reports/pickup_recovery_20260908/updated_code/executor_system/executor.py\", line 651, in _execute_queue\n    event = executor.execute_action(pending.action, action_wave=action_wave)\n  File \"/home/dwb/thor/Coder/reports/pickup_recovery_20260908/updated_code/executor_system/executor.py\", line 702, in execute_action\n    return self.adapter.execute(\n  File \"/home/dwb/thor/Coder/reports/pickup_recovery_20260908/updated_code/executor_system/action_plan.py\", line 525, in execute\n    return registry.execute(self.runtime, robot_id, prepared, {\n  File \"/home/dwb/thor/Coder/reports/pickup_recovery_20260908/updated_code/executor_system/action_registry.py\", line 278, in execute\n    return ObjectInteractor(runtime).execute(robot_id, prepared, context, registry=self)\n  File \"/home/dwb/thor/Coder/reports/pickup_recovery_20260908/updated_code/executor_system/object_interactor.py\", line 48, in execute\n    return executor(self.runtime, robot_id, normalized, action_context)\n  File \"/home/dwb/thor/Coder/reports/pickup_recovery_20260908/updated_code/executor_system/action_registry.py\", line 87, in _navigate\n    return runtime.navigate_to_object(robot_id, normalized.parameters['args'][0],\n  File \"/home/dwb/thor/Coder/reports/pickup_recovery_20260908/updated_code/executor_system/runtime.py\", line 2419, in navigate_to_object\n    result = self.movement_strategy.navigate(request)\n  File \"/home/dwb/thor/Coder/reports/pickup_recovery_20260908/updated_code/executor_system/step_movement.py\", line 31, in navigate\n    return self._navigate(request)\n  File \"/home/dwb/thor/Coder/reports/pickup_recovery_20260908/updated_code/executor_system/step_movement.py\", line 35, in _navigate\n    return request.phase_coordinator.submit_step_navigation(\n  File \"/home/dwb/thor/Coder/reports/pickup_recovery_20260908/updated_code/executor_system/executor.py\", line 389, in submit_step_navigation\n    raise request_error\nexecutor_system.movement.StepNavigationError: step navigation planning failed after full refresh with status NO_PLAN_FOUND; parking recovery found no safe joint plan\n"}, {"exception_type": "_InteractionRepositionError", "message": "PickupObject failed for agent 0 on Bread|+00.26|+00.99|-00.08: NullReferenceException: Target object not found within the specified visibility.. trace:   at UnityStandardAssets.Characters.FirstPerson.BaseFPSAgentController.getInteractableSimObjectFromId (System.String objectId, System.Boolean forceAction) [0x0007a] in <686694aeb00e4f03b2b15637c42c1442>:0 \n  at UnityStandardAssets.Characters.FirstPerson.PhysicsRemoteFPSAgentController.PickupObject (System.String objectId, System.Boolean forceAction, System.Boolean manualInteract) [0x00000] in <686694aeb00e4f03b2b15637c42c1442>:0 \n  at (wrapper managed-to-native) System.Reflection.MonoMethod.InternalInvoke(System.Reflection.MonoMethod,object,object[],System.Exception&)\n  at System.Reflection.MonoMethod.Invoke (System.Object obj, System.Reflection.BindingFlags invokeAttr, System.Reflection.Binder binder, System.Object[] parameters, System.Globalization.CultureInfo culture) [0x00032] in <695d1cc93cca45069c528c15c9fdd749>:0 ; PickupObject interaction reposition failed for agent 0 on Bread|+00.26|+00.99|-00.08: step navigation planning failed after full refresh with status NO_PLAN_FOUND; parking recovery found no safe joint plan", "phase": "Phase 1", "robot_id": "robot1", "traceback": "Traceback (most recent call last):\n  File \"/home/dwb/thor/Coder/reports/pickup_recovery_20260908/updated_code/executor_system/object_interactor.py\", line 956, in retry_object_action_after_interaction_reposition\n    runtime.navigate_to_object(\n  File \"/home/dwb/thor/Coder/reports/pickup_recovery_20260908/updated_code/executor_system/runtime.py\", line 2419, in navigate_to_object\n    result = self.movement_strategy.navigate(request)\n  File \"/home/dwb/thor/Coder/reports/pickup_recovery_20260908/updated_code/executor_system/step_movement.py\", line 31, in navigate\n    return self._navigate(request)\n  File \"/home/dwb/thor/Coder/reports/pickup_recovery_20260908/updated_code/executor_system/step_movement.py\", line 45, in _navigate\n    raise outcome.failed_agent_errors[request.agent_id]\nexecutor_system.movement.StepNavigationError: step navigation planning failed after full refresh with status NO_PLAN_FOUND; parking recovery found no safe joint plan\n\nDuring handling of the above exception, another exception occurred:\n\nTraceback (most recent call last):\n  File \"/home/dwb/thor/Coder/reports/pickup_recovery_20260908/updated_code/executor_system/executor.py\", line 651, in _execute_queue\n    event = executor.execute_action(pending.action, action_wave=action_wave)\n  File \"/home/dwb/thor/Coder/reports/pickup_recovery_20260908/updated_code/executor_system/executor.py\", line 702, in execute_action\n    return self.adapter.execute(\n  File \"/home/dwb/thor/Coder/reports/pickup_recovery_20260908/updated_code/executor_system/action_plan.py\", line 525, in execute\n    return registry.execute(self.runtime, robot_id, prepared, {\n  File \"/home/dwb/thor/Coder/reports/pickup_recovery_20260908/updated_code/executor_system/action_registry.py\", line 278, in execute\n    return ObjectInteractor(runtime).execute(robot_id, prepared, context, registry=self)\n  File \"/home/dwb/thor/Coder/reports/pickup_recovery_20260908/updated_code/executor_system/object_interactor.py\", line 48, in execute\n    return executor(self.runtime, robot_id, normalized, action_context)\n  File \"/home/dwb/thor/Coder/reports/pickup_recovery_20260908/updated_code/executor_system/action_registry.py\", line 81, in _object\n    return runtime.object_action(action_type, robot_id, normalized.parameters['args'][0])\n  File \"/home/dwb/thor/Coder/reports/pickup_recovery_20260908/updated_code/executor_system/runtime.py\", line 2468, in object_action\n    return self._get_object_interactor().object_action(action, robot, obj_name, force_action=force_action, extra_object_resources=extra_object_resources, action_parameters=action_parameters)\n  File \"/home/dwb/thor/Coder/reports/pickup_recovery_20260908/updated_code/executor_system/object_interactor.py\", line 579, in object_action\n    return runtime.object_action_by_object(\n  File \"/home/dwb/thor/Coder/reports/pickup_recovery_20260908/updated_code/executor_system/runtime.py\", line 2542, in object_action_by_object\n    return self._get_object_interactor().object_action_by_object(action, agent_id, obj, force_action=force_action, extra_object_resources=extra_object_resources, action_parameters=action_parameters, goal_object_name=goal_object_name)\n  File \"/home/dwb/thor/Coder/reports/pickup_recovery_20260908/updated_code/executor_system/object_interactor.py\", line 1150, in object_action_by_object\n    event = runtime.retry_object_action_after_target_visibility_error(\n  File \"/home/dwb/thor/Coder/reports/pickup_recovery_20260908/updated_code/executor_system/runtime.py\", line 171, in guarded\n    return method(self, *args, **kwargs)\n  File \"/home/dwb/thor/Coder/reports/pickup_recovery_20260908/updated_code/executor_system/runtime.py\", line 2513, in retry_object_action_after_target_visibility_error\n    return self._get_object_interactor().retry_object_action_after_target_visibility_error(action, agent_id, payload, initial_event)\n  File \"/home/dwb/thor/Coder/reports/pickup_recovery_20260908/updated_code/executor_system/runtime_metrics.py\", line 94, in wrapped\n    return function(self, *args, **kwargs)\n  File \"/home/dwb/thor/Coder/reports/pickup_recovery_20260908/updated_code/executor_system/object_interactor.py\", line 874, in retry_object_action_after_target_visibility_error\n    return self.retry_object_action_after_interaction_reposition(\n  File \"/home/dwb/thor/Coder/reports/pickup_recovery_20260908/updated_code/executor_system/runtime_metrics.py\", line 94, in wrapped\n    return function(self, *args, **kwargs)\n  File \"/home/dwb/thor/Coder/reports/pickup_recovery_20260908/updated_code/executor_system/object_interactor.py\", line 967, in retry_object_action_after_interaction_reposition\n    return failed(exc)\n  File \"/home/dwb/thor/Coder/reports/pickup_recovery_20260908/updated_code/executor_system/object_interactor.py\", line 940, in failed\n    raise _InteractionRepositionError(\nexecutor_system.object_interactor._InteractionRepositionError: PickupObject failed for agent 0 on Bread|+00.26|+00.99|-00.08: NullReferenceException: Target object not found within the specified visibility.. trace:   at UnityStandardAssets.Characters.FirstPerson.BaseFPSAgentController.getInteractableSimObjectFromId (System.String objectId, System.Boolean forceAction) [0x0007a] in <686694aeb00e4f03b2b15637c42c1442>:0 \n  at UnityStandardAssets.Characters.FirstPerson.PhysicsRemoteFPSAgentController.PickupObject (System.String objectId, System.Boolean forceAction, System.Boolean manualInteract) [0x00000] in <686694aeb00e4f03b2b15637c42c1442>:0 \n  at (wrapper managed-to-native) System.Reflection.MonoMethod.InternalInvoke(System.Reflection.MonoMethod,object,object[],System.Exception&)\n  at System.Reflection.MonoMethod.Invoke (System.Object obj, System.Reflection.BindingFlags invokeAttr, System.Reflection.Binder binder, System.Object[] parameters, System.Globalization.CultureInfo culture) [0x00032] in <695d1cc93cca45069c528c15c9fdd749>:0 ; PickupObject interaction reposition failed for agent 0 on Bread|+00.26|+00.99|-00.08: step navigation planning failed after full refresh with status NO_PLAN_FOUND; parking recovery found no safe joint plan\n"}, {"exception_type": "StepNavigationError", "message": "step navigation planning failed after full refresh with status NO_PLAN_FOUND; parking recovery found no safe joint plan", "phase": "Phase 1", "robot_id": "robot1", "traceback": "Traceback (most recent call last):\n  File \"/home/dwb/thor/Coder/reports/pickup_recovery_20260908/updated_code/executor_system/executor.py\", line 651, in _execute_queue\n    event = executor.execute_action(pending.action, action_wave=action_wave)\n  File \"/home/dwb/thor/Coder/reports/pickup_recovery_20260908/updated_code/executor_system/executor.py\", line 702, in execute_action\n    return self.adapter.execute(\n  File \"/home/dwb/thor/Coder/reports/pickup_recovery_20260908/updated_code/executor_system/action_plan.py\", line 525, in execute\n    return registry.execute(self.runtime, robot_id, prepared, {\n  File \"/home/dwb/thor/Coder/reports/pickup_recovery_20260908/updated_code/executor_system/action_registry.py\", line 278, in execute\n    return ObjectInteractor(runtime).execute(robot_id, prepared, context, registry=self)\n  File \"/home/dwb/thor/Coder/reports/pickup_recovery_20260908/updated_code/executor_system/object_interactor.py\", line 48, in execute\n    return executor(self.runtime, robot_id, normalized, action_context)\n  File \"/home/dwb/thor/Coder/reports/pickup_recovery_20260908/updated_code/executor_system/action_registry.py\", line 87, in _navigate\n    return runtime.navigate_to_object(robot_id, normalized.parameters['args'][0],\n  File \"/home/dwb/thor/Coder/reports/pickup_recovery_20260908/updated_code/executor_system/runtime.py\", line 2419, in navigate_to_object\n    result = self.movement_strategy.navigate(request)\n  File \"/home/dwb/thor/Coder/reports/pickup_recovery_20260908/updated_code/executor_system/step_movement.py\", line 31, in navigate\n    return self._navigate(request)\n  File \"/home/dwb/thor/Coder/reports/pickup_recovery_20260908/updated_code/executor_system/step_movement.py\", line 35, in _navigate\n    return request.phase_coordinator.submit_step_navigation(\n  File \"/home/dwb/thor/Coder/reports/pickup_recovery_20260908/updated_code/executor_system/executor.py\", line 389, in submit_step_navigation\n    raise request_error\nexecutor_system.movement.StepNavigationError: step navigation planning failed after full refresh with status NO_PLAN_FOUND; parking recovery found no safe joint plan\n"}, {"exception_type": "RuntimeError", "message": "Cannot PutObject 'Bread' for agent 0: robot is not holding it. Currently holding: nothing.", "phase": "Phase 1", "robot_id": "robot1", "traceback": "Traceback (most recent call last):\n  File \"/home/dwb/thor/Coder/reports/pickup_recovery_20260908/updated_code/executor_system/executor.py\", line 651, in _execute_queue\n    event = executor.execute_action(pending.action, action_wave=action_wave)\n  File \"/home/dwb/thor/Coder/reports/pickup_recovery_20260908/updated_code/executor_system/executor.py\", line 702, in execute_action\n    return self.adapter.execute(\n  File \"/home/dwb/thor/Coder/reports/pickup_recovery_20260908/updated_code/executor_system/action_plan.py\", line 525, in execute\n    return registry.execute(self.runtime, robot_id, prepared, {\n  File \"/home/dwb/thor/Coder/reports/pickup_recovery_20260908/updated_code/executor_system/action_registry.py\", line 278, in execute\n    return ObjectInteractor(runtime).execute(robot_id, prepared, context, registry=self)\n  File \"/home/dwb/thor/Coder/reports/pickup_recovery_20260908/updated_code/executor_system/object_interactor.py\", line 48, in execute\n    return executor(self.runtime, robot_id, normalized, action_context)\n  File \"/home/dwb/thor/Coder/reports/pickup_recovery_20260908/updated_code/executor_system/action_registry.py\", line 77, in _helper\n    return function(ObjectInteractor(runtime))(robot_id, *normalized.parameters['args'])\n  File \"/home/dwb/thor/Coder/reports/pickup_recovery_20260908/updated_code/executor_system/object_interactor.py\", line 1744, in RunToaster\n    self.PutObject(robot, bread, toaster)\n  File \"/home/dwb/thor/Coder/reports/pickup_recovery_20260908/updated_code/executor_system/object_interactor.py\", line 1322, in PutObject\n    raise RuntimeError(\nRuntimeError: Cannot PutObject 'Bread' for agent 0: robot is not holding it. Currently holding: nothing.\n"}, {"exception_type": "RuntimeError", "message": "PutObject failed for agent 1 on StoveBurner|+01.77|+00.90|+00.60: StoveBurner_ab166a5a is full right now", "phase": "Phase 1", "robot_id": "robot2", "traceback": "Traceback (most recent call last):\n  File \"/home/dwb/thor/Coder/reports/pickup_recovery_20260908/updated_code/executor_system/executor.py\", line 651, in _execute_queue\n    event = executor.execute_action(pending.action, action_wave=action_wave)\n  File \"/home/dwb/thor/Coder/reports/pickup_recovery_20260908/updated_code/executor_system/executor.py\", line 702, in execute_action\n    return self.adapter.execute(\n  File \"/home/dwb/thor/Coder/reports/pickup_recovery_20260908/updated_code/executor_system/action_plan.py\", line 525, in execute\n    return registry.execute(self.runtime, robot_id, prepared, {\n  File \"/home/dwb/thor/Coder/reports/pickup_recovery_20260908/updated_code/executor_system/action_registry.py\", line 278, in execute\n    return ObjectInteractor(runtime).execute(robot_id, prepared, context, registry=self)\n  File \"/home/dwb/thor/Coder/reports/pickup_recovery_20260908/updated_code/executor_system/object_interactor.py\", line 48, in execute\n    return executor(self.runtime, robot_id, normalized, action_context)\n  File \"/home/dwb/thor/Coder/reports/pickup_recovery_20260908/updated_code/executor_system/action_registry.py\", line 77, in _helper\n    return function(ObjectInteractor(runtime))(robot_id, *normalized.parameters['args'])\n  File \"/home/dwb/thor/Coder/reports/pickup_recovery_20260908/updated_code/executor_system/object_interactor.py\", line 1781, in HeatByStoveBurner\n    self._ensure_object_on_receptacle(robot, obj, str(burner[\"objectId\"]))\n  File \"/home/dwb/thor/Coder/reports/pickup_recovery_20260908/updated_code/executor_system/object_interactor.py\", line 1569, in _ensure_object_on_receptacle\n    self.PutObject(robot, obj_name, receptacle_id)\n  File \"/home/dwb/thor/Coder/reports/pickup_recovery_20260908/updated_code/executor_system/object_interactor.py\", line 1327, in PutObject\n    runtime.object_action(\n  File \"/home/dwb/thor/Coder/reports/pickup_recovery_20260908/updated_code/executor_system/runtime.py\", line 2468, in object_action\n    return self._get_object_interactor().object_action(action, robot, obj_name, force_action=force_action, extra_object_resources=extra_object_resources, action_parameters=action_parameters)\n  File \"/home/dwb/thor/Coder/reports/pickup_recovery_20260908/updated_code/executor_system/object_interactor.py\", line 579, in object_action\n    return runtime.object_action_by_object(\n  File \"/home/dwb/thor/Coder/reports/pickup_recovery_20260908/updated_code/executor_system/runtime.py\", line 2542, in object_action_by_object\n    return self._get_object_interactor().object_action_by_object(action, agent_id, obj, force_action=force_action, extra_object_resources=extra_object_resources, action_parameters=action_parameters, goal_object_name=goal_object_name)\n  File \"/home/dwb/thor/Coder/reports/pickup_recovery_20260908/updated_code/executor_system/object_interactor.py\", line 1180, in object_action_by_object\n    raise RuntimeError(\nRuntimeError: PutObject failed for agent 1 on StoveBurner|+01.77|+00.90|+00.60: StoveBurner_ab166a5a is full right now\n"}], "resources": [{"action_key": "0:robot1:0", "event": "acquired", "keys": [], "world_version": 9}, {"action_key": "0:robot2:0", "event": "acquired", "keys": [], "world_version": 9}, {"action_key": "0:robot3:0", "event": "acquired", "keys": [], "world_version": 9}, {"action_key": "0:robot1:0", "event": "released", "world_version": 280}, {"action_key": "0:robot3:0", "event": "released", "world_version": 280}, {"action_key": "0:robot1:1", "event": "acquired", "keys": ["Knife|+00.60|+00.91|-01.44"], "world_version": 280}, {"action_key": "0:robot3:1", "event": "acquired", "keys": ["StoveKnob|+01.60|+00.92|+00.46"], "world_version": 280}, {"action_key": "0:robot2:0", "event": "released", "world_version": 280}, {"action_key": "0:robot2:1", "event": "acquired", "keys": ["Kettle|+01.68|+00.90|+00.09"], "world_version": 281}, {"action_key": "0:robot3:1", "event": "released", "world_version": 281}, {"action_key": "0:robot1:1", "event": "released", "world_version": 283}, {"action_key": "0:robot1:2", "event": "acquired", "keys": [], "world_version": 283}, {"action_key": "0:robot2:1", "event": "released", "world_version": 283}, {"action_key": "0:robot2:2", "event": "acquired", "keys": [], "world_version": 284}, {"action_key": "0:robot1:2", "event": "released", "world_version": 313}, {"action_key": "0:robot1:3", "event": "acquired", "keys": ["Bread|+00.26|+00.99|-00.08"], "world_version": 315}, {"action_key": "0:robot1:3", "event": "released", "world_version": 318}, {"action_key": "0:robot1:4", "event": "acquired", "keys": ["Bread|+00.26|+00.99|-00.08", "CounterTop|-00.02|+00.96|+00.51", "Knife|+00.60|+00.91|-01.44"], "world_version": 320}, {"action_key": "0:robot2:2", "event": "released", "world_version": 343}, {"action_key": "0:robot2:3", "event": "acquired", "keys": ["Kettle|+01.68|+00.90|+00.09", "StoveBurner|+01.77|+00.90|+00.60", "StoveKnob|+01.60|+00.92|+00.46"], "world_version": 344}, {"action_key": "0:robot2:3", "event": "released", "world_version": 344}, {"action_key": "0:robot2:4", "event": "acquired", "keys": [], "world_version": 417}, {"action_key": "0:robot2:4", "event": "released", "world_version": 417}, {"action_key": "0:robot2:5", "event": "acquired", "keys": ["Pan|-01.29|+00.90|-01.35"], "world_version": 1017}, {"action_key": "0:robot1:4", "event": "released", "world_version": 1017}, {"action_key": "0:robot1:5", "event": "acquired", "keys": [], "world_version": 1616}, {"action_key": "0:robot2:5", "event": "released", "world_version": 1684}, {"action_key": "0:robot2:6", "event": "acquired", "keys": [], "world_version": 1686}, {"action_key": "0:robot1:5", "event": "released", "world_version": 1686}, {"action_key": "0:robot1:6", "event": "acquired", "keys": ["Bread|+00.26|+00.99|-00.08", "Toaster|+01.98|+00.90|-00.34"], "world_version": 1702}, {"action_key": "0:robot1:6", "event": "released", "world_version": 1702}, {"action_key": "0:robot2:6", "event": "released", "world_version": 1760}, {"action_key": "0:robot2:7", "event": "acquired", "keys": ["Pan|-01.29|+00.90|-01.35", "StoveBurner|+01.77|+00.90|+00.60", "StoveKnob|+01.60|+00.92|+00.46"], "world_version": 1760}, {"action_key": "0:robot2:7", "event": "released", "world_version": 1760}], "snapshot": {"held_object_sources": {"robot1": {}, "robot2": {"Pan|-01.29|+00.90|-01.35": {"source": "inventory", "version": 1761}}, "robot3": {}, "robot4": {}}, "held_objects": {"robot1": [], "robot2": ["Pan|-01.29|+00.90|-01.35"], "robot3": [], "robot4": []}, "objects_by_id": {"Apple|-01.65|+00.81|+00.07": {"assetId": "Apple_2", "axisAlignedBoundingBox": {"center": {"x": -1.6514379978179932, "y": 0.8086351752281189, "z": 0.0725005567073822}, "cornerPoints": [[-1.5979623794555664, 0.8644901514053345, 0.1259745955467224], [-1.5979623794555664, 0.8644901514053345, 0.019026517868041992], [-1.5979623794555664, 0.7527801990509033, 0.1259745955467224], [-1.5979623794555664, 0.7527801990509033, 0.019026517868041992], [-1.70491361618042, 0.8644901514053345, 0.1259745955467224], [-1.70491361618042, 0.8644901514053345, 0.019026517868041992], [-1.70491361618042, 0.7527801990509033, 0.1259745955467224], [-1.70491361618042, 0.7527801990509033, 0.019026517868041992]], "size": {"x": 0.10695123672485352, "y": 0.11170995235443115, "z": 0.10694807767868042}}, "breakable": false, "canBeUsedUp": false, "canFillWithLiquid": false, "controlledObjects": null, "cookable": false, "dirtyable": false, "distance": 2.903132915496826, "fillLiquid": null, "isBroken": false, "isColdSource": false, "isCooked": false, "isDirty": false, "isFilledWithLiquid": false, "isHeatSource": false, "isInteractable": false, "isMoving": false, "isOpen": false, "isPickedUp": false, "isSliced": false, "isToggled": false, "isUsedUp": false, "mass": 0.20000000298023224, "moveable": false, "name": "Apple_2d23335f", "objectId": "Apple|-01.65|+00.81|+00.07", "objectOrientedBoundingBox": {"cornerPoints": [[-1.5979260206222534, 0.7528161406517029, 0.12597419321537018], [-1.704874038696289, 0.7527434825897217, 0.12597419321537018], [-1.704874038696289, 0.752744197845459, 0.019026152789592743], [-1.5979260206222534, 0.7528168559074402, 0.019026152789592743], [-1.5980019569396973, 0.8645261526107788, 0.12597495317459106], [-1.704949975013733, 0.8644534349441528, 0.12597495317459106], [-1.704949975013733, 0.8644542098045349, 0.019026920199394226], [-1.5980019569396973, 0.8645268678665161, 0.019026920199394226]]}, "objectType": "Apple", "openable": false, "openness": 0.0, "parentReceptacles": ["Fridge|-01.76|+00.00|00.00"], "pickupable": true, "position": {"x": -1.650652527809143, "y": 0.805435836315155, "z": 0.07250083982944489}, "receptacle": false, "receptacleObjectIds": null, "rotation": {"x": 0.0007107572164386511, "y": 3.006524309512315e-07, "z": 0.05708881467580795}, "salientMaterials": ["Food"], "sliceable": true, "temperature": "Cold", "toggleable": false, "visible": false}, "Bowl|+00.28|+00.92|+01.09": {"assetId": "Bowl_2", "axisAlignedBoundingBox": {"center": {"x": 0.27544617652893066, "y": 0.9866768717765808, "z": 1.091047763824463}, "cornerPoints": [[0.3696317672729492, 1.0583457946777344, 1.1860325336456299], [0.3696317672729492, 1.0583457946777344, 0.9960629940032959], [0.3696317672729492, 0.9150079488754272, 1.1860325336456299], [0.3696317672729492, 0.9150079488754272, 0.9960629940032959], [0.1812605857849121, 1.0583457946777344, 1.1860325336456299], [0.1812605857849121, 1.0583457946777344, 0.9960629940032959], [0.1812605857849121, 0.9150079488754272, 1.1860325336456299], [0.1812605857849121, 0.9150079488754272, 0.9960629940032959]], "size": {"x": 0.1883711814880371, "y": 0.14333784580230713, "z": 0.18996953964233398}}, "breakable": true, "canBeUsedUp": false, "canFillWithLiquid": true, "controlledObjects": null, "cookable": false, "dirtyable": true, "distance": 1.4623881578445435, "fillLiquid": null, "isBroken": false, "isColdSource": false, "isCooked": false, "isDirty": false, "isFilledWithLiquid": false, "isHeatSource": false, "isInteractable": false, "isMoving": false, "isOpen": false, "isPickedUp": false, "isSliced": false, "isToggled": false, "isUsedUp": false, "mass": 0.4699999988079071, "moveable": false, "name": "Bowl_7d4ccff3", "objectId": "Bowl|+00.28|+00.92|+01.09", "objectOrientedBoundingBox": {"cornerPoints": [[0.3696296513080597, 0.9150081872940063, 1.1860328912734985], [0.18126001954078674, 0.9150094389915466, 1.1860320568084717], [0.1812608242034912, 0.9150090217590332, 0.9960636496543884], [0.36963045597076416, 0.9150078296661377, 0.9960644841194153], [0.3696305751800537, 1.0583443641662598, 1.1860326528549194], [0.18126095831394196, 1.0583455562591553, 1.1860318183898926], [0.18126177787780762, 1.058345079421997, 0.9960633516311646], [0.36963140964508057, 1.0583438873291016, 0.9960641860961914]]}, "objectType": "Bowl", "openable": false, "openness": 0.0, "parentReceptacles": ["CounterTop|-00.02|+00.96|+00.51"], "pickupable": true, "position": {"x": 0.2765314280986786, "y": 0.9161399602890015, "z": 1.091195821762085}, "receptacle": true, "receptacleObjectIds": [], "rotation": {"x": -0.0004651841300074011, "y": -0.0002986430190503597, "z": -0.0005186839844100177}, "salientMaterials": ["Glass"], "sliceable": false, "temperature": "RoomTemp", "toggleable": false, "visible": false}, "Bread|+00.26|+00.99|-00.08": {"assetId": "Bread_2", "axisAlignedBoundingBox": {"center": {"x": 0.0, "y": 0.0, "z": 0.0}, "cornerPoints": null, "size": {"x": 0.0, "y": 0.0, "z": 0.0}}, "breakable": false, "canBeUsedUp": false, "canFillWithLiquid": false, "controlledObjects": null, "cookable": false, "dirtyable": false, "distance": 1.0005099773406982, "fillLiquid": null, "isBroken": false, "isColdSource": false, "isCooked": false, "isDirty": false, "isFilledWithLiquid": false, "isHeatSource": false, "isInteractable": false, "isMoving": false, "isOpen": false, "isPickedUp": false, "isSliced": true, "isToggled": false, "isUsedUp": false, "mass": 0.699999988079071, "moveable": false, "name": "Bread_d5a1c3f9", "objectId": "Bread|+00.26|+00.99|-00.08", "objectOrientedBoundingBox": {"cornerPoints": [[0.2505062222480774, 0.9277744293212891, 0.05329267680644989], [0.1508455127477646, 0.9277744293212891, -0.002206578850746155], [0.2660558521747589, 0.9277744293212891, -0.2090912014245987], [0.3657165467739105, 0.9277744293212891, -0.15359194576740265], [0.250506192445755, 1.0185744762420654, 0.05329267680644989], [0.1508454978466034, 1.0185744762420654, -0.0022065863013267517], [0.2660558223724365, 1.0185744762420654, -0.2090912014245987], [0.36571651697158813, 1.0185744762420654, -0.15359196066856384]]}, "objectType": "Bread", "openable": false, "openness": 0.0, "parentReceptacles": null, "pickupable": true, "position": {"x": 0.25613731145858765, "y": 0.9874744415283203, "z": -0.07600238919258118}, "receptacle": false, "receptacleObjectIds": null, "rotation": {"x": 1.628937866371416e-06, "y": 330.8873596191406, "z": 1.3500380191544537e-05}, "salientMaterials": ["Food"], "sliceable": true, "temperature": "RoomTemp", "toggleable": false, "visible": false}, "Bread|+00.26|+00.99|-00.08|BreadSliced_1": {"assetId": "", "axisAlignedBoundingBox": {"center": {"x": 0.26295551657676697, "y": 0.9748872518539429, "z": -0.08900782465934753}, "cornerPoints": [[0.3276708424091339, 1.0347893238067627, -0.047156453132629395], [0.3276708424091339, 1.0347893238067627, -0.13085919618606567], [0.3276708424091339, 0.914985179901123, -0.047156453132629395], [0.3276708424091339, 0.914985179901123, -0.13085919618606567], [0.19824019074440002, 1.0347893238067627, -0.047156453132629395], [0.19824019074440002, 1.0347893238067627, -0.13085919618606567], [0.19824019074440002, 0.914985179901123, -0.047156453132629395], [0.19824019074440002, 0.914985179901123, -0.13085919618606567]], "size": {"x": 0.1294306516647339, "y": 0.11980414390563965, "z": 0.08370274305343628}}, "breakable": false, "canBeUsedUp": false, "canFillWithLiquid": false, "controlledObjects": null, "cookable": true, "dirtyable": false, "distance": 0.9937933683395386, "fillLiquid": null, "isBroken": false, "isColdSource": false, "isCooked": false, "isDirty": false, "isFilledWithLiquid": false, "isHeatSource": false, "isInteractable": false, "isMoving": false, "isOpen": false, "isPickedUp": false, "isSliced": false, "isToggled": false, "isUsedUp": false, "mass": 0.043800000101327896, "moveable": false, "name": "Bread_2_Slice_2", "objectId": "Bread|+00.26|+00.99|-00.08|BreadSliced_1", "objectOrientedBoundingBox": {"cornerPoints": [[0.3183177411556244, 0.9149996042251587, -0.04723309725522995], [0.19829726219177246, 0.914985179901123, -0.11406151950359344], [0.2076503336429596, 0.9150003790855408, -0.13085918128490448], [0.3276708126068115, 0.9150147438049316, -0.06403075158596039], [0.31826069951057434, 1.0347740650177002, -0.04715647175908089], [0.1982402205467224, 1.034759759902954, -0.11398489773273468], [0.20759329199790955, 1.034774899482727, -0.13078255951404572], [0.3276137709617615, 1.0347893238067627, -0.06395412981510162]]}, "objectType": "BreadSliced", "openable": false, "openness": 0.0, "parentReceptacles": ["CounterTop|-00.02|+00.96|+00.51"], "pickupable": true, "position": {"x": 0.26296481490135193, "y": 0.9748873710632324, "z": -0.08902058005332947}, "receptacle": false, "receptacleObjectIds": null, "rotation": {"x": 0.03210809454321861, "y": 330.8896484375, "z": 0.004311234690248966}, "salientMaterials": ["Food"], "sliceable": false, "temperature": "RoomTemp", "toggleable": false, "visible": false}, "Bread|+00.26|+00.99|-00.08|BreadSliced_2": {"assetId": "", "axisAlignedBoundingBox": {"center": {"x": 0.2735420763492584, "y": 0.9743704795837402, "z": -0.10736870765686035}, "cornerPoints": [[0.3381134867668152, 1.033756136894226, -0.06577607989311218], [0.3381134867668152, 1.033756136894226, -0.14896133542060852], [0.3381134867668152, 0.9149848222732544, -0.06577607989311218], [0.3381134867668152, 0.9149848222732544, -0.14896133542060852], [0.20897066593170166, 1.033756136894226, -0.06577607989311218], [0.20897066593170166, 1.033756136894226, -0.14896133542060852], [0.20897066593170166, 0.9149848222732544, -0.06577607989311218], [0.20897066593170166, 0.9149848222732544, -0.14896133542060852]], "size": {"x": 0.12914282083511353, "y": 0.11877131462097168, "z": 0.08318525552749634}}, "breakable": false, "canBeUsedUp": false, "canFillWithLiquid": false, "controlledObjects": null, "cookable": true, "dirtyable": false, "distance": 0.9850720167160034, "fillLiquid": null, "isBroken": false, "isColdSource": false, "isCooked": false, "isDirty": false, "isFilledWithLiquid": false, "isHeatSource": false, "isInteractable": false, "isMoving": false, "isOpen": false, "isPickedUp": false, "isSliced": false, "isToggled": false, "isUsedUp": false, "mass": 0.043800000101327896, "moveable": false, "name": "Bread_2_Slice_3", "objectId": "Bread|+00.26|+00.99|-00.08|BreadSliced_2", "objectOrientedBoundingBox": {"cornerPoints": [[0.32904955744743347, 0.9149991869926453, -0.06585486233234406], [0.20902882516384125, 0.9149847626686096, -0.13268283009529114], [0.21809273958206177, 0.9149999618530273, -0.14896133542060852], [0.3381134867668152, 0.9150144457817078, -0.08213336765766144], [0.3289914131164551, 1.0337408781051636, -0.06577608734369278], [0.20897066593170166, 1.033726453781128, -0.13260404765605927], [0.21803459525108337, 1.0337415933609009, -0.14888255298137665], [0.3380553126335144, 1.0337560176849365, -0.08205459266901016]]}, "objectType": "BreadSliced", "openable": false, "openness": 0.0, "parentReceptacles": ["CounterTop|-00.02|+00.96|+00.51"], "pickupable": true, "position": {"x": 0.2735525667667389, "y": 0.974370539188385, "z": -0.10738320648670197}, "receptacle": false, "receptacleObjectIds": null, "rotation": {"x": 0.031907424330711365, "y": 330.88970947265625, "z": 0.004155282862484455}, "salientMaterials": ["Food"], "sliceable": false, "temperature": "RoomTemp", "toggleable": false, "visible": false}, "Bread|+00.26|+00.99|-00.08|BreadSliced_3": {"assetId": "", "axisAlignedBoundingBox": {"center": {"x": 0.28388676047325134, "y": 0.9744709730148315, "z": -0.12584643065929413}, "cornerPoints": [[0.34860193729400635, 1.0339570045471191, -0.08399544656276703], [0.34860193729400635, 1.0339570045471191, -0.16769741475582123], [0.34860193729400635, 0.914984941482544, -0.08399544656276703], [0.34860193729400635, 0.914984941482544, -0.16769741475582123], [0.21917158365249634, 1.0339570045471191, -0.08399544656276703], [0.21917158365249634, 1.0339570045471191, -0.16769741475582123], [0.21917158365249634, 0.914984941482544, -0.08399544656276703], [0.21917158365249634, 0.914984941482544, -0.16769741475582123]], "size": {"x": 0.12943035364151, "y": 0.1189720630645752, "z": 0.0837019681930542}}, "breakable": false, "canBeUsedUp": false, "canFillWithLiquid": false, "controlledObjects": null, "cookable": true, "dirtyable": false, "distance": 0.9770355224609375, "fillLiquid": null, "isBroken": false, "isColdSource": false, "isCooked": false, "isDirty": false, "isFilledWithLiquid": false, "isHeatSource": false, "isInteractable": false, "isMoving": false, "isOpen": false, "isPickedUp": false, "isSliced": false, "isToggled": false, "isUsedUp": false, "mass": 0.043800000101327896, "moveable": false, "name": "Bread_2_Slice_4", "objectId": "Bread|+00.26|+00.99|-00.08|BreadSliced_3", "objectOrientedBoundingBox": {"cornerPoints": [[0.3392488956451416, 0.91499924659729, -0.08407159149646759], [0.21922825276851654, 0.9149848818778992, -0.150899738073349], [0.2285812795162201, 0.9150000810623169, -0.16769739985466003], [0.34860193729400635, 0.9150144457817078, -0.10086928308010101], [0.3391922414302826, 1.0339417457580566, -0.08399545401334763], [0.21917159855365753, 1.033927321434021, -0.15082359313964844], [0.22852462530136108, 1.0339425802230835, -0.16762126982212067], [0.34854525327682495, 1.0339568853378296, -0.10079313814640045]]}, "objectType": "BreadSliced", "openable": false, "openness": 0.0, "parentReceptacles": ["CounterTop|-00.02|+00.96|+00.51"], "pickupable": true, "position": {"x": 0.28389599919319153, "y": 0.9744710922241211, "z": -0.1258590966463089}, "receptacle": false, "receptacleObjectIds": null, "rotation": {"x": 0.032179951667785645, "y": 330.8897399902344, "z": 0.004297800827771425}, "salientMaterials": ["Food"], "sliceable": false, "temperature": "RoomTemp", "toggleable": false, "visible": false}, "Bread|+00.26|+00.99|-00.08|BreadSliced_4": {"assetId": "", "axisAlignedBoundingBox": {"center": {"x": 0.2943052053451538, "y": 0.9746626019477844, "z": -0.14428167045116425}, "cornerPoints": [[0.3590202331542969, 1.0343396663665771, -0.10243105888366699], [0.3590202331542969, 1.0343396663665771, -0.1861322820186615], [0.3590202331542969, 0.9149855375289917, -0.10243105888366699], [0.3590202331542969, 0.9149855375289917, -0.1861322820186615], [0.22959017753601074, 1.0343396663665771, -0.10243105888366699], [0.22959017753601074, 1.0343396663665771, -0.1861322820186615], [0.22959017753601074, 0.9149855375289917, -0.10243105888366699], [0.22959017753601074, 0.9149855375289917, -0.1861322820186615]], "size": {"x": 0.12943005561828613, "y": 0.11935412883758545, "z": 0.0837012231349945}}, "breakable": false, "canBeUsedUp": false, "canFillWithLiquid": false, "controlledObjects": null, "cookable": true, "dirtyable": false, "distance": 0.9693222641944885, "fillLiquid": null, "isBroken": false, "isColdSource": false, "isCooked": false, "isDirty": false, "isFilledWithLiquid": false, "isHeatSource": false, "isInteractable": false, "isMoving": false, "isOpen": false, "isPickedUp": false, "isSliced": false, "isToggled": false, "isUsedUp": false, "mass": 0.043800000101327896, "moveable": false, "name": "Bread_2_Slice_5", "objectId": "Bread|+00.26|+00.99|-00.08|BreadSliced_4", "objectOrientedBoundingBox": {"cornerPoints": [[0.34966719150543213, 0.9149998426437378, -0.102506622672081], [0.2296464443206787, 0.9149855375289917, -0.16933459043502808], [0.23899947106838226, 0.9150006175041199, -0.1861322820186615], [0.3590202033519745, 0.9150148630142212, -0.11930430680513382], [0.34961092472076416, 1.0343246459960938, -0.10243107378482819], [0.22959020733833313, 1.0343103408813477, -0.16925904154777527], [0.23894323408603668, 1.034325361251831, -0.1860567331314087], [0.3589639663696289, 1.0343396663665771, -0.11922876536846161]]}, "objectType": "BreadSliced", "openable": false, "openness": 0.0, "parentReceptacles": ["CounterTop|-00.02|+00.96|+00.51"], "pickupable": true, "position": {"x": 0.294313907623291, "y": 0.9746626615524292, "z": -0.14429360628128052}, "receptacle": false, "receptacleObjectIds": null, "rotation": {"x": 0.032367777079343796, "y": 330.88983154296875, "z": 0.00432888139039278}, "salientMaterials": ["Food"], "sliceable": false, "temperature": "RoomTemp", "toggleable": false, "visible": false}, "Bread|+00.26|+00.99|-00.08|BreadSliced_5": {"assetId": "", "axisAlignedBoundingBox": {"center": {"x": 0.30440831184387207, "y": 0.9739105701446533, "z": -0.16293366253376007}, "cornerPoints": [[0.3686169385910034, 1.0328353643417358, -0.12136590480804443], [0.3686169385910034, 1.0328353643417358, -0.2045014202594757], [0.3686169385910034, 0.9149857759475708, -0.12136590480804443], [0.3686169385910034, 0.9149857759475708, -0.2045014202594757], [0.24019968509674072, 1.0328353643417358, -0.12136590480804443], [0.24019968509674072, 1.0328353643417358, -0.2045014202594757], [0.24019968509674072, 0.9149857759475708, -0.12136590480804443], [0.24019968509674072, 0.9149857759475708, -0.2045014202594757]], "size": {"x": 0.1284172534942627, "y": 0.11784958839416504, "z": 0.08313551545143127}}, "breakable": false, "canBeUsedUp": false, "canFillWithLiquid": false, "controlledObjects": null, "cookable": true, "dirtyable": false, "distance": 0.9622883796691895, "fillLiquid": null, "isBroken": false, "isColdSource": false, "isCooked": false, "isDirty": false, "isFilledWithLiquid": false, "isHeatSource": false, "isInteractable": false, "isMoving": false, "isOpen": false, "isPickedUp": false, "isSliced": false, "isToggled": false, "isUsedUp": false, "mass": 0.043800000101327896, "moveable": false, "name": "Bread_2_Slice_6", "objectId": "Bread|+00.26|+00.99|-00.08|BreadSliced_5", "objectOrientedBoundingBox": {"cornerPoints": [[0.35926395654678345, 0.9149996638298035, -0.12143856287002563], [0.24025386571884155, 0.9149857759475708, -0.1877037137746811], [0.2496068775653839, 0.9150004386901855, -0.2045014202594757], [0.3686169385910034, 0.9150143265724182, -0.13823626935482025], [0.35920974612236023, 1.032820701599121, -0.12136590480804443], [0.24019967019557953, 1.0328067541122437, -0.1876310557126999], [0.2495526820421219, 1.0328214168548584, -0.2044287621974945], [0.3685627579689026, 1.0328353643417358, -0.13816362619400024]]}, "objectType": "BreadSliced", "openable": false, "openness": 0.0, "parentReceptacles": ["CounterTop|-00.02|+00.96|+00.51"], "pickupable": true, "position": {"x": 0.3044159412384033, "y": 0.9739106893539429, "z": -0.16294419765472412}, "receptacle": false, "receptacleObjectIds": null, "rotation": {"x": 0.03244447708129883, "y": 330.8899230957031, "z": 0.004395075608044863}, "salientMaterials": ["Food"], "sliceable": false, "temperature": "RoomTemp", "toggleable": false, "visible": false}, "Bread|+00.26|+00.99|-00.08|BreadSliced_6": {"assetId": "", "axisAlignedBoundingBox": {"center": {"x": 0.3148731589317322, "y": 0.9739863872528076, "z": -0.18144679069519043}, "cornerPoints": [[0.37890636920928955, 1.032987356185913, -0.1399768739938736], [0.37890636920928955, 1.032987356185913, -0.22291670739650726], [0.37890636920928955, 0.9149854183197021, -0.1399768739938736], [0.37890636920928955, 0.9149854183197021, -0.22291670739650726], [0.2508399486541748, 1.032987356185913, -0.1399768739938736], [0.2508399486541748, 1.032987356185913, -0.22291670739650726], [0.2508399486541748, 0.9149854183197021, -0.1399768739938736], [0.2508399486541748, 0.9149854183197021, -0.22291670739650726]], "size": {"x": 0.12806642055511475, "y": 0.11800193786621094, "z": 0.08293983340263367}}, "breakable": false, "canBeUsedUp": false, "canFillWithLiquid": false, "controlledObjects": null, "cookable": true, "dirtyable": false, "distance": 0.9553560614585876, "fillLiquid": null, "isBroken": false, "isColdSource": false, "isCooked": false, "isDirty": false, "isFilledWithLiquid": false, "isHeatSource": false, "isInteractable": false, "isMoving": false, "isOpen": false, "isPickedUp": false, "isSliced": false, "isToggled": false, "isUsedUp": false, "mass": 0.043800000101327896, "moveable": false, "name": "Bread_2_Slice_7", "objectId": "Bread|+00.26|+00.99|-00.08|BreadSliced_6", "objectOrientedBoundingBox": {"cornerPoints": [[0.3695533871650696, 0.9149991869926453, -0.14004933834075928], [0.25089403986930847, 0.9149853587150574, -0.20611898601055145], [0.26024702191352844, 0.9149999618530273, -0.22291670739650726], [0.37890636920928955, 0.9150137901306152, -0.1568470597267151], [0.3694993257522583, 1.032972812652588, -0.1399768888950348], [0.2508399486541748, 1.032958984375, -0.20604653656482697], [0.2601929306983948, 1.0329735279083252, -0.22284424304962158], [0.37885230779647827, 1.032987356185913, -0.1567746102809906]]}, "objectType": "BreadSliced", "openable": false, "openness": 0.0, "parentReceptacles": ["CounterTop|-00.02|+00.96|+00.51"], "pickupable": true, "position": {"x": 0.31488037109375, "y": 0.9739865064620972, "z": -0.18145669996738434}, "receptacle": false, "receptacleObjectIds": null, "rotation": {"x": 0.03283658251166344, "y": 330.8900451660156, "z": 0.004413721151649952}, "salientMaterials": ["Food"], "sliceable": false, "temperature": "RoomTemp", "toggleable": false, "visible": false}, "Bread|+00.26|+00.99|-00.08|BreadSliced_7": {"assetId": "", "axisAlignedBoundingBox": {"center": {"x": 0.32593783736228943, "y": 0.9711220264434814, "z": -0.1995069533586502}, "cornerPoints": [[0.38810640573501587, 1.0272586345672607, -0.15907613933086395], [0.38810640573501587, 1.0272586345672607, -0.23993776738643646], [0.38810640573501587, 0.9149854183197021, -0.15907613933086395], [0.38810640573501587, 0.9149854183197021, -0.23993776738643646], [0.263769268989563, 1.0272586345672607, -0.15907613933086395], [0.263769268989563, 1.0272586345672607, -0.23993776738643646], [0.263769268989563, 0.9149854183197021, -0.15907613933086395], [0.263769268989563, 0.9149854183197021, -0.23993776738643646]], "size": {"x": 0.12433713674545288, "y": 0.1122732162475586, "z": 0.08086162805557251}}, "breakable": false, "canBeUsedUp": false, "canFillWithLiquid": false, "controlledObjects": null, "cookable": true, "dirtyable": false, "distance": 0.9479474425315857, "fillLiquid": null, "isBroken": false, "isColdSource": false, "isCooked": false, "isDirty": false, "isFilledWithLiquid": false, "isHeatSource": false, "isInteractable": false, "isMoving": false, "isOpen": false, "isPickedUp": false, "isSliced": false, "isToggled": false, "isUsedUp": false, "mass": 0.043800000101327896, "moveable": false, "name": "Bread_2_Slice_8", "objectId": "Bread|+00.26|+00.99|-00.08|BreadSliced_7", "objectOrientedBoundingBox": {"cornerPoints": [[0.3787534832954407, 0.9149994850158691, -0.15914693474769592], [0.263822466135025, 0.9149853587150574, -0.22314001619815826], [0.27317535877227783, 0.9150003790855408, -0.23993778228759766], [0.38810640573501587, 0.9150145053863525, -0.17594468593597412], [0.378700315952301, 1.0272436141967773, -0.15907615423202515], [0.263769268989563, 1.0272295475006104, -0.2230692356824875], [0.2731221914291382, 1.0272445678710938, -0.23986700177192688], [0.3880532383918762, 1.0272586345672607, -0.17587390542030334]]}, "objectType": "BreadSliced", "openable": false, "openness": 0.0, "parentReceptacles": ["CounterTop|-00.02|+00.96|+00.51"], "pickupable": true, "position": {"x": 0.3259451985359192, "y": 0.971122145652771, "z": -0.19951702654361725}, "receptacle": false, "receptacleObjectIds": null, "rotation": {"x": 0.03371007367968559, "y": 330.89019775390625, "z": 0.00466371001675725}, "salientMaterials": ["Food"], "sliceable": false, "temperature": "RoomTemp", "toggleable": false, "visible": false}, "Bread|+00.26|+00.99|-00.08|BreadSliced_8": {"assetId": "", "axisAlignedBoundingBox": {"center": {"x": 0.33543410897254944, "y": 0.9664930105209351, "z": -0.218319371342659}, "cornerPoints": [[0.38781094551086426, 1.0180014371871948, -0.18348652124404907], [0.38781094551086426, 1.0180014371871948, -0.2531522214412689], [0.38781094551086426, 0.9149845838546753, -0.18348652124404907], [0.38781094551086426, 0.9149845838546753, -0.2531522214412689], [0.2830572724342346, 1.0180014371871948, -0.18348652124404907], [0.2830572724342346, 1.0180014371871948, -0.2531522214412689], [0.2830572724342346, 0.9149845838546753, -0.18348652124404907], [0.2830572724342346, 0.9149845838546753, -0.2531522214412689]], "size": {"x": 0.10475367307662964, "y": 0.10301685333251953, "z": 0.06966570019721985}}, "breakable": false, "canBeUsedUp": false, "canFillWithLiquid": false, "controlledObjects": null, "cookable": true, "dirtyable": false, "distance": 0.9424742460250854, "fillLiquid": null, "isBroken": false, "isColdSource": false, "isCooked": false, "isDirty": false, "isFilledWithLiquid": false, "isHeatSource": false, "isInteractable": false, "isMoving": false, "isOpen": false, "isPickedUp": false, "isSliced": false, "isToggled": false, "isUsedUp": false, "mass": 0.043800000101327896, "moveable": false, "name": "Bread_2_Slice_9", "objectId": "Bread|+00.26|+00.99|-00.08|BreadSliced_8", "objectOrientedBoundingBox": {"cornerPoints": [[0.3786896765232086, 0.9149991869926453, -0.18355445563793182], [0.28311076760292053, 0.9149846434593201, -0.2367698699235916], [0.2922319769859314, 0.9150001406669617, -0.2531522512435913], [0.3878108859062195, 0.9150147438049316, -0.19993680715560913], [0.3786362111568451, 1.0179858207702637, -0.18348655104637146], [0.2830572724342346, 1.0179712772369385, -0.23670196533203125], [0.2921784818172455, 1.01798677444458, -0.25308430194854736], [0.38775742053985596, 1.0180013179779053, -0.19986891746520996]]}, "objectType": "BreadSliced", "openable": false, "openness": 0.0, "parentReceptacles": ["CounterTop|-00.02|+00.96|+00.51"], "pickupable": true, "position": {"x": 0.3355560600757599, "y": 0.9664932489395142, "z": -0.21853533387184143}, "receptacle": false, "receptacleObjectIds": null, "rotation": {"x": 0.03754439949989319, "y": 330.8912658691406, "z": 0.006058126222342253}, "salientMaterials": ["Food"], "sliceable": false, "temperature": "RoomTemp", "toggleable": false, "visible": false}, "Bread|+00.26|+00.99|-00.08|Bread_0": {"assetId": "", "axisAlignedBoundingBox": {"center": {"x": 0.22266018390655518, "y": 0.9759953618049622, "z": -0.015845902264118195}, "cornerPoints": [[0.3190038204193115, 1.036990761756897, 0.08146049827337265], [0.3190038204193115, 1.036990761756897, -0.11315230280160904], [0.3190038204193115, 0.9149999618530273, 0.08146049827337265], [0.3190038204193115, 0.9149999618530273, -0.11315230280160904], [0.12631654739379883, 1.036990761756897, 0.08146049827337265], [0.12631654739379883, 1.036990761756897, -0.11315230280160904], [0.12631654739379883, 0.9149999618530273, 0.08146049827337265], [0.12631654739379883, 0.9149999618530273, -0.11315230280160904]], "size": {"x": 0.1926872730255127, "y": 0.12199079990386963, "z": 0.1946128010749817}}, "breakable": false, "canBeUsedUp": false, "canFillWithLiquid": false, "controlledObjects": null, "cookable": false, "dirtyable": false, "distance": 1.0303118228912354, "fillLiquid": null, "isBroken": false, "isColdSource": false, "isCooked": false, "isDirty": false, "isFilledWithLiquid": false, "isHeatSource": false, "isInteractable": false, "isMoving": false, "isOpen": false, "isPickedUp": false, "isSliced": false, "isToggled": false, "isUsedUp": false, "mass": 0.3499999940395355, "moveable": false, "name": "Bread_2_Slice_1", "objectId": "Bread|+00.26|+00.99|-00.08|Bread_0", "objectOrientedBoundingBox": {"cornerPoints": [[0.24852710962295532, 0.9149999022483826, 0.08146043121814728], [0.12631656229496002, 0.9149999022483826, 0.01340360939502716], [0.19679327309131622, 0.9149999618530273, -0.11315229535102844], [0.3190038204193115, 0.9149999618530273, -0.045095451176166534], [0.24852707982063293, 1.036990761756897, 0.08146049082279205], [0.12631654739379883, 1.036990761756897, 0.013403639197349548], [0.19679324328899384, 1.036990761756897, -0.11315225064754486], [0.31900379061698914, 1.036990761756897, -0.04509540647268295]]}, "objectType": "Bread", "openable": false, "openness": 0.0, "parentReceptacles": ["CounterTop|-00.02|+00.96|+00.51"], "pickupable": true, "position": {"x": 0.22250071167945862, "y": 0.9754488468170166, "z": -0.015559550374746323}, "receptacle": false, "receptacleObjectIds": null, "rotation": {"x": 3.0477931431960315e-05, "y": 330.8873596191406, "z": 1.2677782251557801e-05}, "salientMaterials": ["Food"], "sliceable": false, "temperature": "RoomTemp", "toggleable": false, "visible": false}, "ButterKnife|+01.67|+00.69|-00.11": {"assetId": "ButterKnife_1", "axisAlignedBoundingBox": {"center": {"x": 1.667279601097107, "y": 0.6887325048446655, "z": -0.10977670550346375}, "cornerPoints": [[1.7699227333068848, 0.6920644044876099, -0.007614880800247192], [1.7699227333068848, 0.6920644044876099, -0.2119385302066803], [1.7699227333068848, 0.6854006052017212, -0.007614880800247192], [1.7699227333068848, 0.6854006052017212, -0.2119385302066803], [1.564636468887329, 0.6920644044876099, -0.007614880800247192], [1.564636468887329, 0.6920644044876099, -0.2119385302066803], [1.564636468887329, 0.6854006052017212, -0.007614880800247192], [1.564636468887329, 0.6854006052017212, -0.2119385302066803]], "size": {"x": 0.20528626441955566, "y": 0.006663799285888672, "z": 0.2043236494064331}}, "breakable": false, "canBeUsedUp": false, "canFillWithLiquid": false, "controlledObjects": null, "cookable": false, "dirtyable": false, "distance": 0.4816056489944458, "fillLiquid": null, "isBroken": false, "isColdSource": false, "isCooked": false, "isDirty": false, "isFilledWithLiquid": false, "isHeatSource": false, "isInteractable": false, "isMoving": false, "isOpen": false, "isPickedUp": false, "isSliced": false, "isToggled": false, "isUsedUp": false, "mass": 0.07999999821186066, "moveable": false, "name": "ButterKnife_b89ea1af", "objectId": "ButterKnife|+01.67|+00.69|-00.11", "objectOrientedBoundingBox": {"cornerPoints": [[1.754963755607605, 0.685400664806366, -0.007614364847540855], [1.7549636363983154, 0.6920650005340576, -0.007614335045218468], [1.5646363496780396, 0.6920642256736755, -0.19689756631851196], [1.5646363496780396, 0.6853998899459839, -0.19689759612083435], [1.7699226140975952, 0.6854008436203003, -0.022655783221125603], [1.7699226140975952, 0.6920651793479919, -0.022655753418803215], [1.5795952081680298, 0.6920644044876099, -0.2119389772415161], [1.5795952081680298, 0.6854000687599182, -0.2119390070438385]]}, "objectType": "ButterKnife", "openable": false, "openness": 0.0, "parentReceptacles": ["Drawer|+01.50|+00.63|-00.02"], "pickupable": true, "position": {"x": 1.6680196523666382, "y": 0.6907327175140381, "z": -0.1139843687415123}, "receptacle": false, "receptacleObjectIds": null, "rotation": {"x": -0.0001161132167908363, "y": 45.157535552978516, "z": 270.00201416015625}, "salientMaterials": ["Metal"], "sliceable": false, "temperature": "RoomTemp", "toggleable": false, "visible": false}, "Cabinet|+00.41|+00.48|+00.45": {"assetId": "", "axisAlignedBoundingBox": {"center": {"x": 0.24943450093269348, "y": 0.47525501251220703, "z": 0.6085473299026489}, "cornerPoints": [[0.42072024941444397, 0.8502446413040161, 0.7711665630340576], [0.42072024941444397, 0.8502446413040161, 0.44592809677124023], [0.42072024941444397, 0.10026538372039795, 0.7711665630340576], [0.42072024941444397, 0.10026538372039795, 0.44592809677124023], [0.078148752450943, 0.8502446413040161, 0.7711665630340576], [0.078148752450943, 0.8502446413040161, 0.44592809677124023], [0.078148752450943, 0.10026538372039795, 0.7711665630340576], [0.078148752450943, 0.10026538372039795, 0.44592809677124023]], "size": {"x": 0.342571496963501, "y": 0.7499792575836182, "z": 0.3252384662628174}}, "breakable": false, "canBeUsedUp": false, "canFillWithLiquid": false, "controlledObjects": null, "cookable": false, "dirtyable": false, "distance": 1.0416821241378784, "fillLiquid": null, "isBroken": false, "isColdSource": false, "isCooked": false, "isDirty": false, "isFilledWithLiquid": false, "isHeatSource": false, "isInteractable": false, "isMoving": false, "isOpen": false, "isPickedUp": false, "isSliced": false, "isToggled": false, "isUsedUp": false, "mass": 0.0, "moveable": false, "name": "Cabinet_ef4f82b2", "objectId": "Cabinet|+00.41|+00.48|+00.45", "objectOrientedBoundingBox": null, "objectType": "Cabinet", "openable": true, "openness": 0.0, "parentReceptacles": ["Floor|+00.00|+00.00|+00.00"], "pickupable": false, "position": {"x": 0.4099999964237213, "y": 0.4750000238418579, "z": 0.4449999928474426}, "receptacle": true, "receptacleObjectIds": [], "rotation": {"x": -0.0, "y": 0.0, "z": 0.0}, "salientMaterials": null, "sliceable": false, "temperature": "RoomTemp", "toggleable": false, "visible": false}, "Cabinet|+00.50|+00.48|-01.15": {"assetId": "", "axisAlignedBoundingBox": {"center": {"x": 0.2489364594221115, "y": 0.37186378240585327, "z": -1.3984484672546387}, "cornerPoints": [[0.4949999153614044, 0.6427942514419556, -1.1378967761993408], [0.4949999153614044, 0.6427942514419556, -1.6590001583099365], [0.4949999153614044, 0.10093331336975098, -1.1378967761993408], [0.4949999153614044, 0.10093331336975098, -1.6590001583099365], [0.0028730034828186035, 0.6427942514419556, -1.1378967761993408], [0.0028730034828186035, 0.6427942514419556, -1.6590001583099365], [0.0028730034828186035, 0.10093331336975098, -1.1378967761993408], [0.0028730034828186035, 0.10093331336975098, -1.6590001583099365]], "size": {"x": 0.4921269118785858, "y": 0.5418609380722046, "z": 0.5211033821105957}}, "breakable": false, "canBeUsedUp": false, "canFillWithLiquid": false, "controlledObjects": null, "cookable": false, "dirtyable": false, "distance": 1.4401404857635498, "fillLiquid": null, "isBroken": false, "isColdSource": false, "isCooked": false, "isDirty": false, "isFilledWithLiquid": false, "isHeatSource": false, "isInteractable": false, "isMoving": false, "isOpen": false, "isPickedUp": false, "isSliced": false, "isToggled": false, "isUsedUp": false, "mass": 0.0, "moveable": false, "name": "Cabinet_e7eb8d10", "objectId": "Cabinet|+00.50|+00.48|-01.15", "objectOrientedBoundingBox": null, "objectType": "Cabinet", "openable": true, "openness": 0.0, "parentReceptacles": null, "pickupable": false, "position": {"x": 0.4949999749660492, "y": 0.4749999940395355, "z": -1.149999976158142}, "receptacle": true, "receptacleObjectIds": [], "rotation": {"x": -0.0, "y": 0.0, "z": 0.0}, "salientMaterials": null, "sliceable": false, "temperature": "RoomTemp", "toggleable": false, "visible": false}, "Cabinet|+01.39|+00.48|-01.15": {"assetId": "", "axisAlignedBoundingBox": {"center": {"x": 1.1979999542236328, "y": 0.4750000238418579, "z": -1.3989958763122559}, "cornerPoints": [[1.3915481567382812, 0.8495086431503296, -1.1389917135238647], [1.3915481567382812, 0.8495086431503296, -1.659000039100647], [1.3915481567382812, 0.10049140453338623, -1.1389917135238647], [1.3915481567382812, 0.10049140453338623, -1.659000039100647], [1.0044517517089844, 0.8495086431503296, -1.1389917135238647], [1.0044517517089844, 0.8495086431503296, -1.659000039100647], [1.0044517517089844, 0.10049140453338623, -1.1389917135238647], [1.0044517517089844, 0.10049140453338623, -1.659000039100647]], "size": {"x": 0.3870964050292969, "y": 0.7490172386169434, "z": 0.5200083255767822}}, "breakable": false, "canBeUsedUp": false, "canFillWithLiquid": false, "controlledObjects": null, "cookable": false, "dirtyable": false, "distance": 1.23433256149292, "fillLiquid": null, "isBroken": false, "isColdSource": false, "isCooked": false, "isDirty": false, "isFilledWithLiquid": false, "isHeatSource": false, "isInteractable": false, "isMoving": false, "isOpen": false, "isPickedUp": false, "isSliced": false, "isToggled": false, "isUsedUp": false, "mass": 0.0, "moveable": false, "name": "Cabinet_1749e892", "objectId": "Cabinet|+01.39|+00.48|-01.15", "objectOrientedBoundingBox": null, "objectType": "Cabinet", "openable": true, "openness": 0.0, "parentReceptacles": null, "pickupable": false, "position": {"x": 1.3899999856948853, "y": 0.4749999940395355, "z": -1.1499998569488525}, "receptacle": true, "receptacleObjectIds": [], "rotation": {"x": -0.0, "y": 0.0, "z": 0.0}, "salientMaterials": null, "sliceable": false, "temperature": "RoomTemp", "toggleable": false, "visible": false}, "Cabinet|+01.71|+02.02|-01.45": {"assetId": "", "axisAlignedBoundingBox": {"center": {"x": 1.215000033378601, "y": 2.0199999809265137, "z": -1.5999999046325684}, "cornerPoints": [[1.7055001258850098, 2.3949999809265137, -1.438499927520752], [1.7055001258850098, 2.3949999809265137, -1.7614998817443848], [1.7055001258850098, 1.6449999809265137, -1.438499927520752], [1.7055001258850098, 1.6449999809265137, -1.7614998817443848], [0.7244999408721924, 2.3949999809265137, -1.438499927520752], [0.7244999408721924, 2.3949999809265137, -1.7614998817443848], [0.7244999408721924, 1.6449999809265137, -1.438499927520752], [0.7244999408721924, 1.6449999809265137, -1.7614998817443848]], "size": {"x": 0.9810001850128174, "y": 0.75, "z": 0.3229999542236328}}, "breakable": false, "canBeUsedUp": false, "canFillWithLiquid": false, "controlledObjects": null, "cookable": false, "dirtyable": false, "distance": 1.886788249015808, "fillLiquid": null, "isBroken": false, "isColdSource": false, "isCooked": false, "isDirty": false, "isFilledWithLiquid": false, "isHeatSource": false, "isInteractable": false, "isMoving": false, "isOpen": false, "isPickedUp": false, "isSliced": false, "isToggled": false, "isUsedUp": false, "mass": 0.0, "moveable": false, "name": "Cabinet_a98fbc09", "objectId": "Cabinet|+01.71|+02.02|-01.45", "objectOrientedBoundingBox": null, "objectType": "Cabinet", "openable": true, "openness": 0.0, "parentReceptacles": null, "pickupable": false, "position": {"x": 1.7055000066757202, "y": 2.0199999809265137, "z": -1.4492499828338623}, "receptacle": true, "receptacleObjectIds": ["Plate|+01.32|+01.67|-01.60", "Cup|+00.90|+01.67|-01.61"], "rotation": {"x": -0.0, "y": 0.0, "z": 0.0}, "salientMaterials": null, "sliceable": false, "temperature": "RoomTemp", "toggleable": false, "visible": false}, "Cabinet|+01.79|+02.02|-00.82": {"assetId": "", "axisAlignedBoundingBox": {"center": {"x": 1.9453502893447876, "y": 2.0199999809265137, "z": -1.135000467300415}, "cornerPoints": [[2.110700845718384, 2.3949999809265137, -0.8199999332427979], [2.110700845718384, 2.3949999809265137, -1.4500010013580322], [2.110700845718384, 1.6449999809265137, -0.8199999332427979], [2.110700845718384, 1.6449999809265137, -1.4500010013580322], [1.7799997329711914, 2.3949999809265137, -0.8199999332427979], [1.7799997329711914, 2.3949999809265137, -1.4500010013580322], [1.7799997329711914, 1.6449999809265137, -0.8199999332427979], [1.7799997329711914, 1.6449999809265137, -1.4500010013580322]], "size": {"x": 0.3307011127471924, "y": 0.75, "z": 0.6300010681152344}}, "breakable": false, "canBeUsedUp": false, "canFillWithLiquid": false, "controlledObjects": null, "cookable": false, "dirtyable": false, "distance": 1.4886780977249146, "fillLiquid": null, "isBroken": false, "isColdSource": false, "isCooked": false, "isDirty": false, "isFilledWithLiquid": false, "isHeatSource": false, "isInteractable": false, "isMoving": false, "isOpen": false, "isPickedUp": false, "isSliced": false, "isToggled": false, "isUsedUp": false, "mass": 0.0, "moveable": false, "name": "Cabinet_172b840e", "objectId": "Cabinet|+01.79|+02.02|-00.82", "objectOrientedBoundingBox": null, "objectType": "Cabinet", "openable": true, "openness": 0.0, "parentReceptacles": null, "pickupable": false, "position": {"x": 1.7899998426437378, "y": 2.0199999809265137, "z": -0.8199999928474426}, "receptacle": true, "receptacleObjectIds": [], "rotation": {"x": -7.062251193751548e-30, "y": 270.0, "z": 0.0}, "salientMaterials": null, "sliceable": false, "temperature": "RoomTemp", "toggleable": false, "visible": false}, "Cabinet|-00.50|+00.48|-01.15": {"assetId": "", "axisAlignedBoundingBox": {"center": {"x": -0.24849240481853485, "y": 0.3732048273086548, "z": -1.3988168239593506}, "cornerPoints": [[-0.0019847750663757324, 0.648857831954956, -1.1386334896087646], [-0.0019847750663757324, 0.648857831954956, -1.6590001583099365], [-0.0019847750663757324, 0.09755182266235352, -1.1386334896087646], [-0.0019847750663757324, 0.09755182266235352, -1.6590001583099365], [-0.49500003457069397, 0.648857831954956, -1.1386334896087646], [-0.49500003457069397, 0.648857831954956, -1.6590001583099365], [-0.49500003457069397, 0.09755182266235352, -1.1386334896087646], [-0.49500003457069397, 0.09755182266235352, -1.6590001583099365]], "size": {"x": 0.49301525950431824, "y": 0.5513060092926025, "z": 0.5203666687011719}}, "breakable": false, "canBeUsedUp": false, "canFillWithLiquid": false, "controlledObjects": null, "cookable": false, "dirtyable": false, "distance": 2.132840156555176, "fillLiquid": null, "isBroken": false, "isColdSource": false, "isCooked": false, "isDirty": false, "isFilledWithLiquid": false, "isHeatSource": false, "isInteractable": false, "isMoving": false, "isOpen": false, "isPickedUp": false, "isSliced": false, "isToggled": false, "isUsedUp": false, "mass": 0.0, "moveable": false, "name": "Cabinet_9aec3b1d", "objectId": "Cabinet|-00.50|+00.48|-01.15", "objectOrientedBoundingBox": null, "objectType": "Cabinet", "openable": true, "openness": 0.0, "parentReceptacles": null, "pickupable": false, "position": {"x": -0.49500009417533875, "y": 0.4749999940395355, "z": -1.149999976158142}, "receptacle": true, "receptacleObjectIds": [], "rotation": {"x": -0.0, "y": 0.0, "z": 0.0}, "salientMaterials": null, "sliceable": false, "temperature": "RoomTemp", "toggleable": false, "visible": false}, "Cabinet|-00.63|+02.02|-01.45": {"assetId": "", "axisAlignedBoundingBox": {"center": {"x": -1.1176000833511353, "y": 2.0199999809265137, "z": -1.6017498970031738}, "cornerPoints": [[-0.6270999908447266, 2.3949999809265137, -1.438499927520752], [-0.6270999908447266, 2.3949999809265137, -1.7649998664855957], [-0.6270999908447266, 1.6449999809265137, -1.438499927520752], [-0.6270999908447266, 1.6449999809265137, -1.7649998664855957], [-1.608100175857544, 2.3949999809265137, -1.438499927520752], [-1.608100175857544, 2.3949999809265137, -1.7649998664855957], [-1.608100175857544, 1.6449999809265137, -1.438499927520752], [-1.608100175857544, 1.6449999809265137, -1.7649998664855957]], "size": {"x": 0.9810001850128174, "y": 0.75, "z": 0.32649993896484375}}, "breakable": false, "canBeUsedUp": false, "canFillWithLiquid": false, "controlledObjects": null, "cookable": false, "dirtyable": false, "distance": 2.6222128868103027, "fillLiquid": null, "isBroken": false, "isColdSource": false, "isCooked": false, "isDirty": false, "isFilledWithLiquid": false, "isHeatSource": false, "isInteractable": false, "isMoving": false, "isOpen": false, "isPickedUp": false, "isSliced": false, "isToggled": false, "isUsedUp": false, "mass": 0.0, "moveable": false, "name": "Cabinet_ddb3e0e0", "objectId": "Cabinet|-00.63|+02.02|-01.45", "objectOrientedBoundingBox": null, "objectType": "Cabinet", "openable": true, "openness": 0.0, "parentReceptacles": null, "pickupable": false, "position": {"x": -0.6270999908447266, "y": 2.0199999809265137, "z": -1.4492499828338623}, "receptacle": true, "receptacleObjectIds": [], "rotation": {"x": -0.0, "y": 0.0, "z": 0.0}, "salientMaterials": null, "sliceable": false, "temperature": "RoomTemp", "toggleable": false, "visible": false}, "Cabinet|-01.39|+00.48|-01.15": {"assetId": "", "axisAlignedBoundingBox": {"center": {"x": -1.1974999904632568, "y": 0.4750000238418579, "z": -1.3994998931884766}, "cornerPoints": [[-1.0049999952316284, 0.8500000238418579, -1.1399998664855957], [-1.0049999952316284, 0.8500000238418579, -1.6589999198913574], [-1.0049999952316284, 0.10000002384185791, -1.1399998664855957], [-1.0049999952316284, 0.10000002384185791, -1.6589999198913574], [-1.3899999856948853, 0.8500000238418579, -1.1399998664855957], [-1.3899999856948853, 0.8500000238418579, -1.6589999198913574], [-1.3899999856948853, 0.10000002384185791, -1.1399998664855957], [-1.3899999856948853, 0.10000002384185791, -1.6589999198913574]], "size": {"x": 0.38499999046325684, "y": 0.75, "z": 0.5190000534057617}}, "breakable": false, "canBeUsedUp": false, "canFillWithLiquid": false, "controlledObjects": null, "cookable": false, "dirtyable": false, "distance": 2.9109420776367188, "fillLiquid": null, "isBroken": false, "isColdSource": false, "isCooked": false, "isDirty": false, "isFilledWithLiquid": false, "isHeatSource": false, "isInteractable": false, "isMoving": false, "isOpen": false, "isPickedUp": false, "isSliced": false, "isToggled": false, "isUsedUp": false, "mass": 0.0, "moveable": false, "name": "Cabinet_eaf65aa0", "objectId": "Cabinet|-01.39|+00.48|-01.15", "objectOrientedBoundingBox": null, "objectType": "Cabinet", "openable": true, "openness": 0.0, "parentReceptacles": null, "pickupable": false, "position": {"x": -1.3899999856948853, "y": 0.4749999940395355, "z": -1.1499998569488525}, "receptacle": true, "receptacleObjectIds": [], "rotation": {"x": -0.0, "y": 0.0, "z": 0.0}, "salientMaterials": null, "sliceable": false, "temperature": "RoomTemp", "toggleable": false, "visible": false}, "Cabinet|-01.70|+02.02|-01.45": {"assetId": "", "axisAlignedBoundingBox": {"center": {"x": -1.8475005626678467, "y": 2.0225000381469727, "z": -1.1386995315551758}, "cornerPoints": [[-1.6939997673034668, 2.397599697113037, -0.8236989974975586], [-1.6939997673034668, 2.397599697113037, -1.453700065612793], [-1.6939997673034668, 1.6474003791809082, -0.8236989974975586], [-1.6939997673034668, 1.6474003791809082, -1.453700065612793], [-2.0010013580322266, 2.397599697113037, -0.8236989974975586], [-2.0010013580322266, 2.397599697113037, -1.453700065612793], [-2.0010013580322266, 1.6474003791809082, -0.8236989974975586], [-2.0010013580322266, 1.6474003791809082, -1.453700065612793]], "size": {"x": 0.30700159072875977, "y": 0.7501993179321289, "z": 0.6300010681152344}}, "breakable": false, "canBeUsedUp": false, "canFillWithLiquid": false, "controlledObjects": null, "cookable": false, "dirtyable": false, "distance": 3.478125810623169, "fillLiquid": null, "isBroken": false, "isColdSource": false, "isCooked": false, "isDirty": false, "isFilledWithLiquid": false, "isHeatSource": false, "isInteractable": false, "isMoving": false, "isOpen": false, "isPickedUp": false, "isSliced": false, "isToggled": false, "isUsedUp": false, "mass": 0.0, "moveable": false, "name": "Cabinet_3f7c894c", "objectId": "Cabinet|-01.70|+02.02|-01.45", "objectOrientedBoundingBox": null, "objectType": "Cabinet", "openable": true, "openness": 0.0, "parentReceptacles": null, "pickupable": false, "position": {"x": -1.7039999961853027, "y": 2.022599935531616, "z": -1.4536999464035034}, "receptacle": true, "receptacleObjectIds": [], "rotation": {"x": -0.0, "y": 90.0, "z": -0.0}, "salientMaterials": null, "sliceable": false, "temperature": "RoomTemp", "toggleable": false, "visible": false}, "CellPhone|-00.31|+00.92|+01.29": {"assetId": "Cellphone_4", "axisAlignedBoundingBox": {"center": {"x": -0.30842316150665283, "y": 0.9201101660728455, "z": 1.2885699272155762}, "cornerPoints": [[-0.2452554702758789, 0.9252197742462158, 1.386207938194275], [-0.2452554702758789, 0.9252197742462158, 1.1909319162368774], [-0.2452554702758789, 0.9150005578994751, 1.386207938194275], [-0.2452554702758789, 0.9150005578994751, 1.1909319162368774], [-0.37159085273742676, 0.9252197742462158, 1.386207938194275], [-0.37159085273742676, 0.9252197742462158, 1.1909319162368774], [-0.37159085273742676, 0.9150005578994751, 1.386207938194275], [-0.37159085273742676, 0.9150005578994751, 1.1909319162368774]], "size": {"x": 0.12633538246154785, "y": 0.010219216346740723, "z": 0.19527602195739746}}, "breakable": true, "canBeUsedUp": false, "canFillWithLiquid": false, "controlledObjects": [], "cookable": false, "dirtyable": false, "distance": 2.021855115890503, "fillLiquid": null, "isBroken": false, "isColdSource": false, "isCooked": false, "isDirty": false, "isFilledWithLiquid": false, "isHeatSource": false, "isInteractable": false, "isMoving": false, "isOpen": false, "isPickedUp": false, "isSliced": false, "isToggled": false, "isUsedUp": false, "mass": 0.1599999964237213, "moveable": false, "name": "CellPhone_aedef2ad", "objectId": "CellPhone|-00.31|+00.92|+01.29", "objectOrientedBoundingBox": {"cornerPoints": [[-0.2452555000782013, 0.9150006771087646, 1.3664727210998535], [-0.33135420083999634, 0.9150005578994751, 1.3862078189849854], [-0.37159082293510437, 0.9150004982948303, 1.2106670141220093], [-0.2854921221733093, 0.9150005578994751, 1.1909319162368774], [-0.2452555000782013, 0.9252198338508606, 1.3664727210998535], [-0.33135420083999634, 0.9252197742462158, 1.3862078189849854], [-0.37159082293510437, 0.925219714641571, 1.2106670141220093], [-0.2854921221733093, 0.9252197742462158, 1.1909319162368774]]}, "objectType": "CellPhone", "openable": false, "openness": 0.0, "parentReceptacles": ["CounterTop|-00.02|+00.96|+00.51"], "pickupable": true, "position": {"x": -0.3085974454879761, "y": 0.9157510995864868, "z": 1.2878094911575317}, "receptacle": false, "receptacleObjectIds": null, "rotation": {"x": -2.4122575268847868e-05, "y": 12.910051345825195, "z": -2.6756166334962472e-05}, "salientMaterials": ["Metal", "Glass"], "sliceable": false, "temperature": "RoomTemp", "toggleable": true, "visible": false}, "Chair|00.00|+00.00|+01.24": {"assetId": "Chair_205_1", "axisAlignedBoundingBox": {"center": {"x": -0.00621439516544342, "y": 0.4374757707118988, "z": 1.2685775756835938}, "cornerPoints": [[0.20226125419139862, 0.8749510049819946, 1.5025649070739746], [0.20226125419139862, 0.8749510049819946, 1.034590244293213], [0.20226125419139862, 5.364418029785156e-07, 1.5025649070739746], [0.20226125419139862, 5.364418029785156e-07, 1.034590244293213], [-0.21469004452228546, 0.8749510049819946, 1.5025649070739746], [-0.21469004452228546, 0.8749510049819946, 1.034590244293213], [-0.21469004452228546, 5.364418029785156e-07, 1.5025649070739746], [-0.21469004452228546, 5.364418029785156e-07, 1.034590244293213]], "size": {"x": 0.4169512987136841, "y": 0.8749504685401917, "z": 0.4679746627807617}}, "breakable": false, "canBeUsedUp": false, "canFillWithLiquid": false, "controlledObjects": null, "cookable": false, "dirtyable": false, "distance": 1.9793657064437866, "fillLiquid": null, "isBroken": false, "isColdSource": false, "isCooked": false, "isDirty": false, "isFilledWithLiquid": false, "isHeatSource": false, "isInteractable": false, "isMoving": false, "isOpen": false, "isPickedUp": false, "isSliced": false, "isToggled": false, "isUsedUp": false, "mass": 10.0, "moveable": true, "name": "Chair_1090c2d5", "objectId": "Chair|00.00|+00.00|+01.24", "objectOrientedBoundingBox": {"cornerPoints": [[-0.2146904021501541, 4.172150511294603e-06, 1.0347111225128174], [0.20226596295833588, 4.105328116565943e-06, 1.0347102880477905], [0.2022669017314911, 4.71901148557663e-06, 1.5026910305023193], [-0.2146894633769989, 4.78583388030529e-06, 1.5026918649673462], [-0.21469026803970337, 0.8749546408653259, 1.0347100496292114], [0.20226609706878662, 0.8749545216560364, 1.0347092151641846], [0.20226703584194183, 0.8749551773071289, 1.5026898384094238], [-0.21468932926654816, 0.8749552965164185, 1.5026907920837402]]}, "objectType": "Chair", "openable": false, "openness": 0.0, "parentReceptacles": ["Floor|+00.00|+00.00|+00.00"], "pickupable": false, "position": {"x": -1.5680212527513504e-05, "y": 0.000587165355682373, "z": 1.2428220510482788}, "receptacle": true, "receptacleObjectIds": [], "rotation": {"x": 6.8301392275316175e-06, "y": 180.00015258789062, "z": 3.741930777323432e-05}, "salientMaterials": ["Metal", "Plastic"], "sliceable": false, "temperature": "RoomTemp", "toggleable": false, "visible": false}, "CoffeeMachine|+01.36|+00.90|-01.60": {"assetId": "coffee_machine_2", "axisAlignedBoundingBox": {"center": {"x": 1.3554856777191162, "y": 1.1211247444152832, "z": -1.4892492294311523}, "cornerPoints": [[1.502827525138855, 1.3422470092773438, -1.2438628673553467], [1.502827525138855, 1.3422470092773438, -1.734635591506958], [1.502827525138855, 0.9000024795532227, -1.2438628673553467], [1.502827525138855, 0.9000024795532227, -1.734635591506958], [1.2081438302993774, 1.3422470092773438, -1.2438628673553467], [1.2081438302993774, 1.3422470092773438, -1.734635591506958], [1.2081438302993774, 0.9000024795532227, -1.2438628673553467], [1.2081438302993774, 0.9000024795532227, -1.734635591506958]], "size": {"x": 0.29468369483947754, "y": 0.4422445297241211, "z": 0.49077272415161133}}, "breakable": false, "canBeUsedUp": false, "canFillWithLiquid": false, "controlledObjects": [], "cookable": false, "dirtyable": false, "distance": 1.5995815992355347, "fillLiquid": null, "isBroken": false, "isColdSource": false, "isCooked": false, "isDirty": false, "isFilledWithLiquid": false, "isHeatSource": true, "isInteractable": false, "isMoving": false, "isOpen": false, "isPickedUp": false, "isSliced": false, "isToggled": false, "isUsedUp": false, "mass": 5.0, "moveable": true, "name": "CoffeeMachine_8626f75d", "objectId": "CoffeeMachine|+01.36|+00.90|-01.60", "objectOrientedBoundingBox": {"cornerPoints": [[1.502827525138855, 0.9000025987625122, -1.2438628673553467], [1.2081438302993774, 0.900002658367157, -1.2438628673553467], [1.2081438302993774, 0.9000025391578674, -1.7346354722976685], [1.502827525138855, 0.9000024795532227, -1.7346354722976685], [1.502827525138855, 1.3422470092773438, -1.2438629865646362], [1.2081438302993774, 1.3422470092773438, -1.2438629865646362], [1.208143949508667, 1.3422470092773438, -1.734635591506958], [1.502827525138855, 1.3422468900680542, -1.734635591506958]]}, "objectType": "CoffeeMachine", "openable": false, "openness": 0.0, "parentReceptacles": ["CounterTop|+00.00|+00.95|-01.51"], "pickupable": false, "position": {"x": 1.3554856777191162, "y": 0.8999999761581421, "z": -1.5960984230041504}, "receptacle": true, "receptacleObjectIds": [], "rotation": {"x": -6.830189249740215e-06, "y": -7.5335933615860995e-06, "z": -1.0761667681435938e-06}, "salientMaterials": ["Plastic"], "sliceable": false, "temperature": "RoomTemp", "toggleable": true, "visible": false}, "CounterTop|+00.00|+00.95|-01.51": {"assetId": "", "axisAlignedBoundingBox": {"center": {"x": 0.05000019073486328, "y": 0.9097498655319214, "z": -0.12499988079071045}, "cornerPoints": [[2.1500000953674316, 0.9180001020431519, 1.5500000715255737], [2.1500000953674316, 0.9180001020431519, -1.7999998331069946], [2.1500000953674316, 0.9014996290206909, 1.5500000715255737], [2.1500000953674316, 0.9014996290206909, -1.7999998331069946], [-2.049999713897705, 0.9180001020431519, 1.5500000715255737], [-2.049999713897705, 0.9180001020431519, -1.7999998331069946], [-2.049999713897705, 0.9014996290206909, 1.5500000715255737], [-2.049999713897705, 0.9014996290206909, -1.7999998331069946]], "size": {"x": 4.199999809265137, "y": 0.016500473022460938, "z": 3.3499999046325684}}, "breakable": false, "canBeUsedUp": false, "canFillWithLiquid": false, "controlledObjects": null, "cookable": false, "dirtyable": false, "distance": 1.9618346691131592, "fillLiquid": null, "isBroken": false, "isColdSource": false, "isCooked": false, "isDirty": false, "isFilledWithLiquid": false, "isHeatSource": false, "isInteractable": true, "isMoving": false, "isOpen": false, "isPickedUp": false, "isSliced": false, "isToggled": false, "isUsedUp": false, "mass": 0.0, "moveable": false, "name": "CounterTop_87ea3962", "objectId": "CounterTop|+00.00|+00.95|-01.51", "objectOrientedBoundingBox": null, "objectType": "CounterTop", "openable": false, "openness": 0.0, "parentReceptacles": null, "pickupable": false, "position": {"x": 0.0020000000949949026, "y": 0.9470000267028809, "z": -1.5130000114440918}, "receptacle": true, "receptacleObjectIds": ["CoffeeMachine|+01.36|+00.90|-01.60", "Pot|+00.89|+00.90|-01.41", "Window|-00.01|+01.58|-01.82", "SoapBottle|-00.56|+00.90|-01.57", "DishSponge|-00.55|+00.92|-01.39", "SaltShaker|+02.01|+00.90|+00.03", "Spatula|+01.78|+00.91|-00.13", "PepperShaker|+01.89|+00.90|+00.03", "Window|+02.22|+01.57|-00.39", "Toaster|+01.98|+00.90|-00.34", "Microwave|+01.93|+00.90|-00.77", "Fork|+01.69|+00.90|+01.45", "Spoon|+01.62|+00.90|+01.40", "Ladle|+01.79|+00.93|+01.13"], "rotation": {"x": -0.0, "y": 0.0, "z": 0.0}, "salientMaterials": null, "sliceable": false, "temperature": "RoomTemp", "toggleable": false, "visible": true}, "CounterTop|-00.02|+00.96|+00.51": {"assetId": "", "axisAlignedBoundingBox": {"center": {"x": 0.0, "y": 0.924299955368042, "z": 0.4999999403953552}, "cornerPoints": [[0.42500004172325134, 0.9321000576019287, 1.4249998331069946], [0.42500004172325134, 0.9321000576019287, -0.4249999523162842], [0.42500004172325134, 0.9164998531341553, 1.4249998331069946], [0.42500004172325134, 0.9164998531341553, -0.4249999523162842], [-0.42500004172325134, 0.9321000576019287, 1.4249998331069946], [-0.42500004172325134, 0.9321000576019287, -0.4249999523162842], [-0.42500004172325134, 0.9164998531341553, 1.4249998331069946], [-0.42500004172325134, 0.9164998531341553, -0.4249999523162842]], "size": {"x": 0.8500000834465027, "y": 0.015600204467773438, "z": 1.8499997854232788}}, "breakable": false, "canBeUsedUp": false, "canFillWithLiquid": false, "controlledObjects": null, "cookable": false, "dirtyable": false, "distance": 1.3637725114822388, "fillLiquid": null, "isBroken": false, "isColdSource": false, "isCooked": false, "isDirty": false, "isFilledWithLiquid": false, "isHeatSource": false, "isInteractable": false, "isMoving": false, "isOpen": false, "isPickedUp": false, "isSliced": false, "isToggled": false, "isUsedUp": false, "mass": 0.0, "moveable": false, "name": "CounterTop_8c9efcb4", "objectId": "CounterTop|-00.02|+00.96|+00.51", "objectOrientedBoundingBox": null, "objectType": "CounterTop", "openable": false, "openness": 0.0, "parentReceptacles": null, "pickupable": false, "position": {"x": -0.014999999664723873, "y": 0.9610999822616577, "z": 0.5059999823570251}, "receptacle": true, "receptacleObjectIds": ["Potato|+00.33|+00.94|+01.31", "Bowl|+00.28|+00.92|+01.09", "Knife|+00.60|+00.91|-01.44", "CellPhone|-00.31|+00.92|+01.29", "Bread|+00.26|+00.99|-00.08|BreadSliced_1", "Bread|+00.26|+00.99|-00.08|Bread_0", "Bread|+00.26|+00.99|-00.08|BreadSliced_2", "Bread|+00.26|+00.99|-00.08|BreadSliced_4", "Bread|+00.26|+00.99|-00.08|BreadSliced_3", "Bread|+00.26|+00.99|-00.08|BreadSliced_6", "Bread|+00.26|+00.99|-00.08|BreadSliced_5", "Bread|+00.26|+00.99|-00.08|BreadSliced_8", "Bread|+00.26|+00.99|-00.08|BreadSliced_7", "Egg|+00.13|+00.95|-00.17", "Tomato|+00.17|+00.97|-00.28", "Mug|-00.24|+00.92|-00.26"], "rotation": {"x": -0.0, "y": 0.0, "z": 0.0}, "salientMaterials": null, "sliceable": false, "temperature": "RoomTemp", "toggleable": false, "visible": false}, "Cup|+00.90|+01.67|-01.61": {"assetId": "Cup_2", "axisAlignedBoundingBox": {"center": {"x": 0.8976294994354248, "y": 1.7322063446044922, "z": -1.6073511838912964}, "cornerPoints": [[0.948166012763977, 1.7963860034942627, -1.5568153858184814], [0.948166012763977, 1.7963860034942627, -1.6578869819641113], [0.948166012763977, 1.6680266857147217, -1.5568153858184814], [0.948166012763977, 1.6680266857147217, -1.6578869819641113], [0.8470929861068726, 1.7963860034942627, -1.5568153858184814], [0.8470929861068726, 1.7963860034942627, -1.6578869819641113], [0.8470929861068726, 1.6680266857147217, -1.5568153858184814], [0.8470929861068726, 1.6680266857147217, -1.6578869819641113]], "size": {"x": 0.10107302665710449, "y": 0.12835931777954102, "z": 0.10107159614562988}}, "breakable": false, "canBeUsedUp": false, "canFillWithLiquid": true, "controlledObjects": null, "cookable": false, "dirtyable": true, "distance": 1.8151615858078003, "fillLiquid": null, "isBroken": false, "isColdSource": false, "isCooked": false, "isDirty": false, "isFilledWithLiquid": false, "isHeatSource": false, "isInteractable": false, "isMoving": false, "isOpen": false, "isPickedUp": false, "isSliced": false, "isToggled": false, "isUsedUp": false, "mass": 0.4000000059604645, "moveable": false, "name": "Cup_bb2cfefd", "objectId": "Cup|+00.90|+01.67|-01.61", "objectOrientedBoundingBox": {"cornerPoints": [[0.9481683373451233, 1.668027639389038, -1.5568263530731201], [0.8470956683158875, 1.668025016784668, -1.5568277835845947], [0.8470971584320068, 1.6680339574813843, -1.657900094985962], [0.9481698274612427, 1.6680365800857544, -1.6578985452651978], [0.9481649994850159, 1.7963836193084717, -1.5568149089813232], [0.84709233045578, 1.7963809967041016, -1.5568164587020874], [0.8470938205718994, 1.7963899374008179, -1.657888650894165], [0.9481664896011353, 1.796392560005188, -1.6578872203826904]]}, "objectType": "Cup", "openable": false, "openness": 0.0, "parentReceptacles": ["Cabinet|+01.71|+02.02|-01.45"], "pickupable": true, "position": {"x": 0.8968402743339539, "y": 1.6681205034255981, "z": -1.6067391633987427}, "receptacle": true, "receptacleObjectIds": [], "rotation": {"x": 0.005217745900154114, "y": 0.00011497743253130466, "z": 359.9851379394531}, "salientMaterials": ["Plastic"], "sliceable": false, "temperature": "RoomTemp", "toggleable": false, "visible": false}, "DishSponge|-00.55|+00.92|-01.39": {"assetId": "Dish_Sponge_1", "axisAlignedBoundingBox": {"center": {"x": -0.5490002632141113, "y": 0.9130194187164307, "z": -1.3869999647140503}, "cornerPoints": [[-0.4824119806289673, 0.9260389804840088, -1.308444857597351], [-0.4824119806289673, 0.9260389804840088, -1.4655550718307495], [-0.4824119806289673, 0.8999998569488525, -1.308444857597351], [-0.4824119806289673, 0.8999998569488525, -1.4655550718307495], [-0.6155885457992554, 0.9260389804840088, -1.308444857597351], [-0.6155885457992554, 0.9260389804840088, -1.4655550718307495], [-0.6155885457992554, 0.8999998569488525, -1.308444857597351], [-0.6155885457992554, 0.8999998569488525, -1.4655550718307495]], "size": {"x": 0.13317656517028809, "y": 0.02603912353515625, "z": 0.15711021423339844}}, "breakable": false, "canBeUsedUp": false, "canFillWithLiquid": false, "controlledObjects": null, "cookable": false, "dirtyable": false, "distance": 2.2717185020446777, "fillLiquid": null, "isBroken": false, "isColdSource": false, "isCooked": false, "isDirty": false, "isFilledWithLiquid": false, "isHeatSource": false, "isInteractable": false, "isMoving": false, "isOpen": false, "isPickedUp": false, "isSliced": false, "isToggled": false, "isUsedUp": false, "mass": 0.029999997466802597, "moveable": false, "name": "DishSponge_846279b8", "objectId": "DishSponge|-00.55|+00.92|-01.39", "objectOrientedBoundingBox": {"cornerPoints": [[-0.6155885457992554, 0.9260388612747192, -1.345224142074585], [-0.5518848299980164, 0.9260388612747192, -1.3084449768066406], [-0.4824119806289673, 0.9260389804840088, -1.4287757873535156], [-0.5461156964302063, 0.9260389804840088, -1.46555495262146], [-0.6155885457992554, 0.8999998569488525, -1.345224142074585], [-0.5518848299980164, 0.8999998569488525, -1.3084449768066406], [-0.4824119806289673, 0.8999999761581421, -1.4287757873535156], [-0.5461156964302063, 0.8999999761581421, -1.4655550718307495]]}, "objectType": "DishSponge", "openable": false, "openness": 0.0, "parentReceptacles": ["CounterTop|+00.00|+00.95|-01.51"], "pickupable": true, "position": {"x": -0.5490002632141113, "y": 0.923947811126709, "z": -1.3869999647140503}, "receptacle": false, "receptacleObjectIds": null, "rotation": {"x": 8.394417250201514e-07, "y": 330.0000915527344, "z": 180.0000457763672}, "salientMaterials": ["Sponge"], "sliceable": false, "temperature": "RoomTemp", "toggleable": false, "visible": false}, "Drawer|+00.81|+00.48|-01.16": {"assetId": "", "axisAlignedBoundingBox": {"center": {"x": 0.7499853372573853, "y": 0.47489655017852783, "z": -1.2921459674835205}, "cornerPoints": [[0.9944148063659668, 0.8487579226493835, -1.1396784782409668], [0.9944148063659668, 0.8487579226493835, -1.4446134567260742], [0.9944148063659668, 0.10103517770767212, -1.1396784782409668], [0.9944148063659668, 0.10103517770767212, -1.4446134567260742], [0.5055558681488037, 0.8487579226493835, -1.1396784782409668], [0.5055558681488037, 0.8487579226493835, -1.4446134567260742], [0.5055558681488037, 0.10103517770767212, -1.1396784782409668], [0.5055558681488037, 0.10103517770767212, -1.4446134567260742]], "size": {"x": 0.4888589382171631, "y": 0.7477227449417114, "z": 0.3049349784851074}}, "breakable": false, "canBeUsedUp": false, "canFillWithLiquid": false, "controlledObjects": null, "cookable": false, "dirtyable": false, "distance": 1.313431978225708, "fillLiquid": null, "isBroken": false, "isColdSource": false, "isCooked": false, "isDirty": false, "isFilledWithLiquid": false, "isHeatSource": false, "isInteractable": false, "isMoving": false, "isOpen": false, "isPickedUp": false, "isSliced": false, "isToggled": false, "isUsedUp": false, "mass": 0.0, "moveable": false, "name": "Drawer_ada4d0ff", "objectId": "Drawer|+00.81|+00.48|-01.16", "objectOrientedBoundingBox": null, "objectType": "Drawer", "openable": true, "openness": 0.0, "parentReceptacles": null, "pickupable": false, "position": {"x": 0.8050000071525574, "y": 0.4750000238418579, "z": -1.159999966621399}, "receptacle": true, "receptacleObjectIds": [], "rotation": {"x": -0.0, "y": 0.0, "z": 0.0}, "salientMaterials": null, "sliceable": false, "temperature": "RoomTemp", "toggleable": false, "visible": false}, "Drawer|+01.50|+00.14|+00.60": {"assetId": "", "axisAlignedBoundingBox": {"center": {"x": 1.7092394828796387, "y": 0.14782315492630005, "z": 0.6003106832504272}, "cornerPoints": [[1.9387094974517822, 0.19406506419181824, 0.8976768851280212], [1.9387094974517822, 0.19406506419181824, 0.30294448137283325], [1.9387094974517822, 0.10158124566078186, 0.8976768851280212], [1.9387094974517822, 0.10158124566078186, 0.30294448137283325], [1.4797694683074951, 0.19406506419181824, 0.8976768851280212], [1.4797694683074951, 0.19406506419181824, 0.30294448137283325], [1.4797694683074951, 0.10158124566078186, 0.8976768851280212], [1.4797694683074951, 0.10158124566078186, 0.30294448137283325]], "size": {"x": 0.4589400291442871, "y": 0.09248381853103638, "z": 0.594732403755188}}, "breakable": false, "canBeUsedUp": false, "canFillWithLiquid": false, "controlledObjects": null, "cookable": false, "dirtyable": false, "distance": 1.0001405477523804, "fillLiquid": null, "isBroken": false, "isColdSource": false, "isCooked": false, "isDirty": false, "isFilledWithLiquid": false, "isHeatSource": false, "isInteractable": false, "isMoving": false, "isOpen": false, "isPickedUp": false, "isSliced": false, "isToggled": false, "isUsedUp": false, "mass": 0.0, "moveable": false, "name": "Drawer_ae5c1e11", "objectId": "Drawer|+01.50|+00.14|+00.60", "objectOrientedBoundingBox": null, "objectType": "Drawer", "openable": true, "openness": 0.0, "parentReceptacles": null, "pickupable": false, "position": {"x": 1.5, "y": 0.14079999923706055, "z": 0.5999000072479248}, "receptacle": true, "receptacleObjectIds": [], "rotation": {"x": -7.062251193751548e-30, "y": 270.0, "z": 0.0}, "salientMaterials": null, "sliceable": false, "temperature": "RoomTemp", "toggleable": false, "visible": false}, "Drawer|+01.50|+00.20|+01.22": {"assetId": "", "axisAlignedBoundingBox": {"center": {"x": 1.7104183435440063, "y": 0.2559528946876526, "z": 1.221160650253296}, "cornerPoints": [[1.9394199848175049, 0.4015847146511078, 1.520269751548767], [1.9394199848175049, 0.4015847146511078, 0.9220515489578247], [1.9394199848175049, 0.11032107472419739, 1.520269751548767], [1.9394199848175049, 0.11032107472419739, 0.9220515489578247], [1.4814167022705078, 0.4015847146511078, 1.520269751548767], [1.4814167022705078, 0.4015847146511078, 0.9220515489578247], [1.4814167022705078, 0.11032107472419739, 1.520269751548767], [1.4814167022705078, 0.11032107472419739, 0.9220515489578247]], "size": {"x": 0.45800328254699707, "y": 0.2912636399269104, "z": 0.5982182025909424}}, "breakable": false, "canBeUsedUp": false, "canFillWithLiquid": false, "controlledObjects": null, "cookable": false, "dirtyable": false, "distance": 1.4290895462036133, "fillLiquid": null, "isBroken": false, "isColdSource": false, "isCooked": false, "isDirty": false, "isFilledWithLiquid": false, "isHeatSource": false, "isInteractable": true, "isMoving": false, "isOpen": false, "isPickedUp": false, "isSliced": false, "isToggled": false, "isUsedUp": false, "mass": 0.0, "moveable": false, "name": "Drawer_c0f04d10", "objectId": "Drawer|+01.50|+00.20|+01.22", "objectOrientedBoundingBox": null, "objectType": "Drawer", "openable": true, "openness": 0.0, "parentReceptacles": null, "pickupable": false, "position": {"x": 1.5, "y": 0.20000000298023224, "z": 1.2200000286102295}, "receptacle": true, "receptacleObjectIds": [], "rotation": {"x": -0.0, "y": 0.0, "z": 0.0}, "salientMaterials": null, "sliceable": false, "temperature": "RoomTemp", "toggleable": false, "visible": true}, "Drawer|+01.50|+00.20|-00.02": {"assetId": "", "axisAlignedBoundingBox": {"center": {"x": 1.708338737487793, "y": 0.207323357462883, "z": -0.018300026655197144}, "cornerPoints": [[1.9376516342163086, 0.31769487261772156, 0.27199995517730713], [1.9376516342163086, 0.31769487261772156, -0.3086000084877014], [1.9376516342163086, 0.09695184230804443, 0.27199995517730713], [1.9376516342163086, 0.09695184230804443, -0.3086000084877014], [1.4790258407592773, 0.31769487261772156, 0.27199995517730713], [1.4790258407592773, 0.31769487261772156, -0.3086000084877014], [1.4790258407592773, 0.09695184230804443, 0.27199995517730713], [1.4790258407592773, 0.09695184230804443, -0.3086000084877014]], "size": {"x": 0.45862579345703125, "y": 0.22074303030967712, "z": 0.5805999636650085}}, "breakable": false, "canBeUsedUp": false, "canFillWithLiquid": false, "controlledObjects": null, "cookable": false, "dirtyable": false, "distance": 0.7478091716766357, "fillLiquid": null, "isBroken": false, "isColdSource": false, "isCooked": false, "isDirty": false, "isFilledWithLiquid": false, "isHeatSource": false, "isInteractable": false, "isMoving": false, "isOpen": false, "isPickedUp": false, "isSliced": false, "isToggled": false, "isUsedUp": false, "mass": 0.0, "moveable": false, "name": "Drawer_3973fc5f", "objectId": "Drawer|+01.50|+00.20|-00.02", "objectOrientedBoundingBox": null, "objectType": "Drawer", "openable": true, "openness": 0.0, "parentReceptacles": null, "pickupable": false, "position": {"x": 1.5, "y": 0.1965000033378601, "z": -0.019999999552965164}, "receptacle": true, "receptacleObjectIds": [], "rotation": {"x": -0.0, "y": 0.0, "z": 0.0}, "salientMaterials": null, "sliceable": false, "temperature": "RoomTemp", "toggleable": false, "visible": false}, "Drawer|+01.50|+00.31|+00.60": {"assetId": "", "axisAlignedBoundingBox": {"center": {"x": 1.708338737487793, "y": 0.3168233633041382, "z": 0.6017000675201416}, "cornerPoints": [[1.9376516342163086, 0.42719489336013794, 0.8920000791549683], [1.9376516342163086, 0.42719489336013794, 0.31140005588531494], [1.9376516342163086, 0.20645183324813843, 0.8920000791549683], [1.9376516342163086, 0.20645183324813843, 0.31140005588531494], [1.4790258407592773, 0.42719489336013794, 0.8920000791549683], [1.4790258407592773, 0.42719489336013794, 0.31140005588531494], [1.4790258407592773, 0.20645183324813843, 0.8920000791549683], [1.4790258407592773, 0.20645183324813843, 0.31140005588531494]], "size": {"x": 0.45862579345703125, "y": 0.2207430601119995, "z": 0.5806000232696533}}, "breakable": false, "canBeUsedUp": false, "canFillWithLiquid": false, "controlledObjects": null, "cookable": false, "dirtyable": false, "distance": 0.8812050223350525, "fillLiquid": null, "isBroken": false, "isColdSource": false, "isCooked": false, "isDirty": false, "isFilledWithLiquid": false, "isHeatSource": false, "isInteractable": false, "isMoving": false, "isOpen": false, "isPickedUp": false, "isSliced": false, "isToggled": false, "isUsedUp": false, "mass": 0.0, "moveable": false, "name": "Drawer_ee643389", "objectId": "Drawer|+01.50|+00.31|+00.60", "objectOrientedBoundingBox": null, "objectType": "Drawer", "openable": true, "openness": 0.0, "parentReceptacles": null, "pickupable": false, "position": {"x": 1.5, "y": 0.3059999942779541, "z": 0.6000000238418579}, "receptacle": true, "receptacleObjectIds": [], "rotation": {"x": -0.0, "y": 0.0, "z": 0.0}, "salientMaterials": null, "sliceable": false, "temperature": "RoomTemp", "toggleable": false, "visible": false}, "Drawer|+01.50|+00.43|-00.02": {"assetId": "", "axisAlignedBoundingBox": {"center": {"x": 1.708338737487793, "y": 0.44002336263656616, "z": -0.018300026655197144}, "cornerPoints": [[1.9376516342163086, 0.5503948926925659, 0.27199995517730713], [1.9376516342163086, 0.5503948926925659, -0.3086000084877014], [1.9376516342163086, 0.3296518325805664, 0.27199995517730713], [1.9376516342163086, 0.3296518325805664, -0.3086000084877014], [1.4790258407592773, 0.5503948926925659, 0.27199995517730713], [1.4790258407592773, 0.5503948926925659, -0.3086000084877014], [1.4790258407592773, 0.3296518325805664, 0.27199995517730713], [1.4790258407592773, 0.3296518325805664, -0.3086000084877014]], "size": {"x": 0.45862579345703125, "y": 0.2207430601119995, "z": 0.5805999636650085}}, "breakable": false, "canBeUsedUp": false, "canFillWithLiquid": false, "controlledObjects": null, "cookable": false, "dirtyable": false, "distance": 0.5343163013458252, "fillLiquid": null, "isBroken": false, "isColdSource": false, "isCooked": false, "isDirty": false, "isFilledWithLiquid": false, "isHeatSource": false, "isInteractable": false, "isMoving": false, "isOpen": false, "isPickedUp": false, "isSliced": false, "isToggled": false, "isUsedUp": false, "mass": 0.0, "moveable": false, "name": "Drawer_d7beddd4", "objectId": "Drawer|+01.50|+00.43|-00.02", "objectOrientedBoundingBox": null, "objectType": "Drawer", "openable": true, "openness": 0.0, "parentReceptacles": null, "pickupable": false, "position": {"x": 1.5, "y": 0.4291999936103821, "z": -0.019999999552965164}, "receptacle": true, "receptacleObjectIds": [], "rotation": {"x": -0.0, "y": 0.0, "z": 0.0}, "salientMaterials": null, "sliceable": false, "temperature": "RoomTemp", "toggleable": false, "visible": false}, "Drawer|+01.50|+00.52|+01.22": {"assetId": "", "axisAlignedBoundingBox": {"center": {"x": 1.7104183435440063, "y": 0.5759528875350952, "z": 1.221160650253296}, "cornerPoints": [[1.9394199848175049, 0.721584677696228, 1.520269751548767], [1.9394199848175049, 0.721584677696228, 0.9220515489578247], [1.9394199848175049, 0.4303210973739624, 1.520269751548767], [1.9394199848175049, 0.4303210973739624, 0.9220515489578247], [1.4814167022705078, 0.721584677696228, 1.520269751548767], [1.4814167022705078, 0.721584677696228, 0.9220515489578247], [1.4814167022705078, 0.4303210973739624, 1.520269751548767], [1.4814167022705078, 0.4303210973739624, 0.9220515489578247]], "size": {"x": 0.45800328254699707, "y": 0.2912635803222656, "z": 0.5982182025909424}}, "breakable": false, "canBeUsedUp": false, "canFillWithLiquid": false, "controlledObjects": null, "cookable": false, "dirtyable": false, "distance": 1.3023277521133423, "fillLiquid": null, "isBroken": false, "isColdSource": false, "isCooked": false, "isDirty": false, "isFilledWithLiquid": false, "isHeatSource": false, "isInteractable": true, "isMoving": false, "isOpen": false, "isPickedUp": false, "isSliced": false, "isToggled": false, "isUsedUp": false, "mass": 0.0, "moveable": false, "name": "Drawer_44d719df", "objectId": "Drawer|+01.50|+00.52|+01.22", "objectOrientedBoundingBox": null, "objectType": "Drawer", "openable": true, "openness": 0.0, "parentReceptacles": null, "pickupable": false, "position": {"x": 1.5, "y": 0.5199999809265137, "z": 1.2200000286102295}, "receptacle": true, "receptacleObjectIds": [], "rotation": {"x": -0.0, "y": 0.0, "z": 0.0}, "salientMaterials": null, "sliceable": false, "temperature": "RoomTemp", "toggleable": false, "visible": true}, "Drawer|+01.50|+00.54|+00.60": {"assetId": "", "axisAlignedBoundingBox": {"center": {"x": 1.708338737487793, "y": 0.5498233437538147, "z": 0.6017000675201416}, "cornerPoints": [[1.9376516342163086, 0.6601948738098145, 0.8920000791549683], [1.9376516342163086, 0.6601948738098145, 0.31140005588531494], [1.9376516342163086, 0.43945181369781494, 0.8920000791549683], [1.9376516342163086, 0.43945181369781494, 0.31140005588531494], [1.4790258407592773, 0.6601948738098145, 0.8920000791549683], [1.4790258407592773, 0.6601948738098145, 0.31140005588531494], [1.4790258407592773, 0.43945181369781494, 0.8920000791549683], [1.4790258407592773, 0.43945181369781494, 0.31140005588531494]], "size": {"x": 0.45862579345703125, "y": 0.2207430601119995, "z": 0.5806000232696533}}, "breakable": false, "canBeUsedUp": false, "canFillWithLiquid": false, "controlledObjects": null, "cookable": false, "dirtyable": false, "distance": 0.7440038323402405, "fillLiquid": null, "isBroken": false, "isColdSource": false, "isCooked": false, "isDirty": false, "isFilledWithLiquid": false, "isHeatSource": false, "isInteractable": false, "isMoving": false, "isOpen": false, "isPickedUp": false, "isSliced": false, "isToggled": false, "isUsedUp": false, "mass": 0.0, "moveable": false, "name": "Drawer_424043cf", "objectId": "Drawer|+01.50|+00.54|+00.60", "objectOrientedBoundingBox": null, "objectType": "Drawer", "openable": true, "openness": 0.0, "parentReceptacles": null, "pickupable": false, "position": {"x": 1.5, "y": 0.5389999747276306, "z": 0.6000000238418579}, "receptacle": true, "receptacleObjectIds": [], "rotation": {"x": -0.0, "y": 0.0, "z": 0.0}, "salientMaterials": null, "sliceable": false, "temperature": "RoomTemp", "toggleable": false, "visible": false}, "Drawer|+01.50|+00.60|-00.02": {"assetId": "", "axisAlignedBoundingBox": {"center": {"x": 1.7092394828796387, "y": 0.6100231409072876, "z": -0.01958930492401123}, "cornerPoints": [[1.9387094974517822, 0.6562650203704834, 0.2777767479419708], [1.9387094974517822, 0.6562650203704834, -0.3169553577899933], [1.9387094974517822, 0.5637812614440918, 0.2777767479419708], [1.9387094974517822, 0.5637812614440918, -0.3169553577899933], [1.4797694683074951, 0.6562650203704834, 0.2777767479419708], [1.4797694683074951, 0.6562650203704834, -0.3169553577899933], [1.4797694683074951, 0.5637812614440918, 0.2777767479419708], [1.4797694683074951, 0.5637812614440918, -0.3169553577899933]], "size": {"x": 0.4589400291442871, "y": 0.0924837589263916, "z": 0.5947321057319641}}, "breakable": false, "canBeUsedUp": false, "canFillWithLiquid": false, "controlledObjects": null, "cookable": false, "dirtyable": false, "distance": 0.38949063420295715, "fillLiquid": null, "isBroken": false, "isColdSource": false, "isCooked": false, "isDirty": false, "isFilledWithLiquid": false, "isHeatSource": false, "isInteractable": false, "isMoving": false, "isOpen": false, "isPickedUp": false, "isSliced": false, "isToggled": false, "isUsedUp": false, "mass": 0.0, "moveable": false, "name": "Drawer_1e9a9b91", "objectId": "Drawer|+01.50|+00.60|-00.02", "objectOrientedBoundingBox": null, "objectType": "Drawer", "openable": true, "openness": 0.0, "parentReceptacles": null, "pickupable": false, "position": {"x": 1.5, "y": 0.6029999852180481, "z": -0.019999999552965164}, "receptacle": true, "receptacleObjectIds": [], "rotation": {"x": -7.062251193751548e-30, "y": 270.0, "z": 0.0}, "salientMaterials": null, "sliceable": false, "temperature": "RoomTemp", "toggleable": false, "visible": false}, "Drawer|+01.50|+00.63|+00.61": {"assetId": "", "axisAlignedBoundingBox": {"center": {"x": 1.713001012802124, "y": 0.7551000118255615, "z": 0.6036773920059204}, "cornerPoints": [[1.940471887588501, 0.8377782106399536, 0.9014052748680115], [1.940471887588501, 0.8377782106399536, 0.30594950914382935], [1.940471887588501, 0.6724218130111694, 0.9014052748680115], [1.940471887588501, 0.6724218130111694, 0.30594950914382935], [1.485530138015747, 0.8377782106399536, 0.9014052748680115], [1.485530138015747, 0.8377782106399536, 0.30594950914382935], [1.485530138015747, 0.6724218130111694, 0.9014052748680115], [1.485530138015747, 0.6724218130111694, 0.30594950914382935]], "size": {"x": 0.4549417495727539, "y": 0.16535639762878418, "z": 0.5954557657241821}}, "breakable": false, "canBeUsedUp": false, "canFillWithLiquid": false, "controlledObjects": null, "cookable": false, "dirtyable": false, "distance": 0.708579421043396, "fillLiquid": null, "isBroken": false, "isColdSource": false, "isCooked": false, "isDirty": false, "isFilledWithLiquid": false, "isHeatSource": false, "isInteractable": true, "isMoving": false, "isOpen": false, "isPickedUp": false, "isSliced": false, "isToggled": false, "isUsedUp": false, "mass": 0.0, "moveable": false, "name": "Drawer_0f0979ed", "objectId": "Drawer|+01.50|+00.63|+00.61", "objectOrientedBoundingBox": null, "objectType": "Drawer", "openable": true, "openness": 0.0, "parentReceptacles": null, "pickupable": false, "position": {"x": 1.5, "y": 0.6299999952316284, "z": 0.6050999760627747}, "receptacle": true, "receptacleObjectIds": [], "rotation": {"x": -0.0, "y": 0.0, "z": 0.0}, "salientMaterials": null, "sliceable": false, "temperature": "RoomTemp", "toggleable": false, "visible": true}, "Drawer|+01.50|+00.63|-00.02": {"assetId": "", "axisAlignedBoundingBox": {"center": {"x": 1.713001012802124, "y": 0.7551000118255615, "z": -0.02042260766029358}, "cornerPoints": [[1.940471887588501, 0.8377782106399536, 0.2773052752017975], [1.940471887588501, 0.8377782106399536, -0.31815049052238464], [1.940471887588501, 0.6724218130111694, 0.2773052752017975], [1.940471887588501, 0.6724218130111694, -0.31815049052238464], [1.485530138015747, 0.8377782106399536, 0.2773052752017975], [1.485530138015747, 0.8377782106399536, -0.31815049052238464], [1.485530138015747, 0.6724218130111694, 0.2773052752017975], [1.485530138015747, 0.6724218130111694, -0.31815049052238464]], "size": {"x": 0.4549417495727539, "y": 0.16535639762878418, "z": 0.5954557657241821}}, "breakable": false, "canBeUsedUp": false, "canFillWithLiquid": false, "controlledObjects": null, "cookable": false, "dirtyable": false, "distance": 0.36918962001800537, "fillLiquid": null, "isBroken": false, "isColdSource": false, "isCooked": false, "isDirty": false, "isFilledWithLiquid": false, "isHeatSource": false, "isInteractable": false, "isMoving": false, "isOpen": false, "isPickedUp": false, "isSliced": false, "isToggled": false, "isUsedUp": false, "mass": 0.0, "moveable": false, "name": "Drawer_e9f533ba", "objectId": "Drawer|+01.50|+00.63|-00.02", "objectOrientedBoundingBox": null, "objectType": "Drawer", "openable": true, "openness": 0.0, "parentReceptacles": null, "pickupable": false, "position": {"x": 1.5, "y": 0.6299999952316284, "z": -0.01899999938905239}, "receptacle": true, "receptacleObjectIds": ["ButterKnife|+01.67|+00.69|-00.11"], "rotation": {"x": -0.0, "y": 0.0, "z": 0.0}, "salientMaterials": null, "sliceable": false, "temperature": "RoomTemp", "toggleable": false, "visible": false}, "Drawer|+01.50|+00.78|+01.22": {"assetId": "", "axisAlignedBoundingBox": {"center": {"x": 1.7092394828796387, "y": 0.7896231412887573, "z": 1.220410704612732}, "cornerPoints": [[1.9387094974517822, 0.8358650207519531, 1.5177769660949707], [1.9387094974517822, 0.8358650207519531, 0.9230444431304932], [1.9387094974517822, 0.7433812618255615, 1.5177769660949707], [1.9387094974517822, 0.7433812618255615, 0.9230444431304932], [1.4797694683074951, 0.8358650207519531, 1.5177769660949707], [1.4797694683074951, 0.8358650207519531, 0.9230444431304932], [1.4797694683074951, 0.7433812618255615, 1.5177769660949707], [1.4797694683074951, 0.7433812618255615, 0.9230444431304932]], "size": {"x": 0.4589400291442871, "y": 0.0924837589263916, "z": 0.5947325229644775}}, "breakable": false, "canBeUsedUp": false, "canFillWithLiquid": false, "controlledObjects": null, "cookable": false, "dirtyable": false, "distance": 1.2509658336639404, "fillLiquid": null, "isBroken": false, "isColdSource": false, "isCooked": false, "isDirty": false, "isFilledWithLiquid": false, "isHeatSource": false, "isInteractable": false, "isMoving": false, "isOpen": false, "isPickedUp": false, "isSliced": false, "isToggled": false, "isUsedUp": false, "mass": 0.0, "moveable": false, "name": "Drawer_2b94e84f", "objectId": "Drawer|+01.50|+00.78|+01.22", "objectOrientedBoundingBox": null, "objectType": "Drawer", "openable": true, "openness": 0.0, "parentReceptacles": null, "pickupable": false, "position": {"x": 1.5, "y": 0.7825999855995178, "z": 1.2200000286102295}, "receptacle": true, "receptacleObjectIds": [], "rotation": {"x": -7.062251193751548e-30, "y": 270.0, "z": 0.0}, "salientMaterials": null, "sliceable": false, "temperature": "RoomTemp", "toggleable": false, "visible": false}, "Drawer|-00.70|+00.48|-01.16": {"assetId": "", "axisAlignedBoundingBox": {"center": {"x": -0.7515146732330322, "y": 0.47489655017852783, "z": -1.2921459674835205}, "cornerPoints": [[-0.5070852041244507, 0.8487579226493835, -1.1396784782409668], [-0.5070852041244507, 0.8487579226493835, -1.4446134567260742], [-0.5070852041244507, 0.10103517770767212, -1.1396784782409668], [-0.5070852041244507, 0.10103517770767212, -1.4446134567260742], [-0.9959441423416138, 0.8487579226493835, -1.1396784782409668], [-0.9959441423416138, 0.8487579226493835, -1.4446134567260742], [-0.9959441423416138, 0.10103517770767212, -1.1396784782409668], [-0.9959441423416138, 0.10103517770767212, -1.4446134567260742]], "size": {"x": 0.4888589382171631, "y": 0.7477227449417114, "z": 0.3049349784851074}}, "breakable": false, "canBeUsedUp": false, "canFillWithLiquid": false, "controlledObjects": null, "cookable": false, "dirtyable": false, "distance": 2.305633306503296, "fillLiquid": null, "isBroken": false, "isColdSource": false, "isCooked": false, "isDirty": false, "isFilledWithLiquid": false, "isHeatSource": false, "isInteractable": false, "isMoving": false, "isOpen": false, "isPickedUp": false, "isSliced": false, "isToggled": false, "isUsedUp": false, "mass": 0.0, "moveable": false, "name": "Drawer_49dc10c8", "objectId": "Drawer|-00.70|+00.48|-01.16", "objectOrientedBoundingBox": null, "objectType": "Drawer", "openable": true, "openness": 0.0, "parentReceptacles": null, "pickupable": false, "position": {"x": -0.6965000033378601, "y": 0.4750000238418579, "z": -1.159999966621399}, "receptacle": true, "receptacleObjectIds": [], "rotation": {"x": -0.0, "y": 0.0, "z": 0.0}, "salientMaterials": null, "sliceable": false, "temperature": "RoomTemp", "toggleable": false, "visible": false}, "Egg|+00.13|+00.95|-00.17": {"assetId": "Egg_2", "axisAlignedBoundingBox": {"center": {"x": 0.13451409339904785, "y": 0.954972505569458, "z": -0.16905932128429413}, "cornerPoints": [[0.1904989331960678, 0.9949460029602051, -0.12899769842624664], [0.1904989331960678, 0.9949460029602051, -0.2091209441423416], [0.1904989331960678, 0.9149990081787109, -0.12899769842624664], [0.1904989331960678, 0.9149990081787109, -0.2091209441423416], [0.0785292536020279, 0.9949460029602051, -0.12899769842624664], [0.0785292536020279, 0.9949460029602051, -0.2091209441423416], [0.0785292536020279, 0.9149990081787109, -0.12899769842624664], [0.0785292536020279, 0.9149990081787109, -0.2091209441423416]], "size": {"x": 0.11196967959403992, "y": 0.07994699478149414, "z": 0.08012324571609497}}, "breakable": true, "canBeUsedUp": false, "canFillWithLiquid": false, "controlledObjects": null, "cookable": false, "dirtyable": false, "distance": 1.1295052766799927, "fillLiquid": null, "isBroken": false, "isColdSource": false, "isCooked": false, "isDirty": false, "isFilledWithLiquid": false, "isHeatSource": false, "isInteractable": false, "isMoving": false, "isOpen": false, "isPickedUp": false, "isSliced": false, "isToggled": false, "isUsedUp": false, "mass": 0.054999999701976776, "moveable": false, "name": "Egg_3f59b271", "objectId": "Egg|+00.13|+00.95|-00.17", "objectOrientedBoundingBox": {"cornerPoints": [[0.07865041494369507, 0.9111834764480591, -0.1327880173921585], [0.07868917286396027, 0.9907264113426208, -0.12480401992797852], [0.07840964943170547, 0.9987465143203735, -0.2047051638364792], [0.07837089151144028, 0.919203519821167, -0.21268916130065918], [0.1906195878982544, 0.9111683964729309, -0.13318124413490295], [0.1906583458185196, 0.9907113313674927, -0.12519723176956177], [0.1903788149356842, 0.9987314343452454, -0.20509837567806244], [0.1903400719165802, 0.9191884398460388, -0.21308238804340363]]}, "objectType": "Egg", "openable": false, "openness": 0.0, "parentReceptacles": ["CounterTop|-00.02|+00.96|+00.51"], "pickupable": true, "position": {"x": 0.13453029096126556, "y": 0.954975962638855, "z": -0.16909387707710266}, "receptacle": false, "receptacleObjectIds": null, "rotation": {"x": 5.731236457824707, "y": 0.19819983839988708, "z": 269.96966552734375}, "salientMaterials": ["Food"], "sliceable": true, "temperature": "RoomTemp", "toggleable": false, "visible": false}, "Faucet|+00.00|+00.91|-01.68": {"assetId": "Kitchen_Faucet_1", "axisAlignedBoundingBox": {"center": {"x": 0.04275196045637131, "y": 1.0680077075958252, "z": -1.5997813940048218}, "cornerPoints": [[0.13382172584533691, 1.236792802810669, -1.49800705909729], [0.13382172584533691, 1.236792802810669, -1.7015557289123535], [0.13382172584533691, 0.8992226123809814, -1.49800705909729], [0.13382172584533691, 0.8992226123809814, -1.7015557289123535], [-0.048317812383174896, 1.236792802810669, -1.49800705909729], [-0.048317812383174896, 1.236792802810669, -1.7015557289123535], [-0.048317812383174896, 0.8992226123809814, -1.49800705909729], [-0.048317812383174896, 0.8992226123809814, -1.7015557289123535]], "size": {"x": 0.1821395456790924, "y": 0.3375701904296875, "z": 0.20354866981506348}}, "breakable": false, "canBeUsedUp": false, "canFillWithLiquid": false, "controlledObjects": [], "cookable": false, "dirtyable": false, "distance": 2.0952274799346924, "fillLiquid": null, "isBroken": false, "isColdSource": false, "isCooked": false, "isDirty": false, "isFilledWithLiquid": false, "isHeatSource": false, "isInteractable": false, "isMoving": false, "isOpen": false, "isPickedUp": false, "isSliced": false, "isToggled": false, "isUsedUp": false, "mass": 0.0, "moveable": false, "name": "Faucet_ab2bbf59", "objectId": "Faucet|+00.00|+00.91|-01.68", "objectOrientedBoundingBox": null, "objectType": "Faucet", "openable": false, "openness": 0.0, "parentReceptacles": null, "pickupable": false, "position": {"x": 0.0, "y": 0.9064000248908997, "z": -1.68149995803833}, "receptacle": false, "receptacleObjectIds": null, "rotation": {"x": -0.0, "y": -5.4641506721964106e-05, "z": 0.0}, "salientMaterials": null, "sliceable": false, "temperature": "RoomTemp", "toggleable": true, "visible": false}, "Floor|+00.00|+00.00|+00.00": {"assetId": "", "axisAlignedBoundingBox": {"center": {"x": -0.40000009536743164, "y": -0.04999999701976776, "z": 1.0}, "cornerPoints": [[2.5, 0.0, 4.0], [2.5, 0.0, -2.0], [2.5, -0.09999999403953552, 4.0], [2.5, -0.09999999403953552, -2.0], [-3.3000001907348633, 0.0, 4.0], [-3.3000001907348633, 0.0, -2.0], [-3.3000001907348633, -0.09999999403953552, 4.0], [-3.3000001907348633, -0.09999999403953552, -2.0]], "size": {"x": 5.800000190734863, "y": 0.09999999403953552, "z": 6.0}}, "breakable": false, "canBeUsedUp": false, "canFillWithLiquid": false, "controlledObjects": null, "cookable": false, "dirtyable": false, "distance": 1.540877342224121, "fillLiquid": null, "isBroken": false, "isColdSource": false, "isCooked": false, "isDirty": false, "isFilledWithLiquid": false, "isHeatSource": false, "isInteractable": true, "isMoving": false, "isOpen": false, "isPickedUp": false, "isSliced": false, "isToggled": false, "isUsedUp": false, "mass": 1.0, "moveable": false, "name": "Floor_bbd4574e", "objectId": "Floor|+00.00|+00.00|+00.00", "objectOrientedBoundingBox": null, "objectType": "Floor", "openable": false, "openness": 0.0, "parentReceptacles": null, "pickupable": false, "position": {"x": 0.0, "y": 0.0, "z": 0.0}, "receptacle": true, "receptacleObjectIds": ["Chair|00.00|+00.00|+01.24", "GarbageCan|-01.80|+00.01|+01.33", "Fridge|-01.76|+00.00|00.00", "Cabinet|+00.41|+00.48|+00.45"], "rotation": {"x": -0.0, "y": 0.0, "z": 0.0}, "salientMaterials": ["Ceramic"], "sliceable": false, "temperature": "Cold", "toggleable": false, "visible": true}, "Fork|+01.69|+00.90|+01.45": {"assetId": "Fork_1", "axisAlignedBoundingBox": {"center": {"x": 1.6928476095199585, "y": 0.910115659236908, "z": 1.4259589910507202}, "cornerPoints": [[1.7100523710250854, 0.9202913641929626, 1.5500013828277588], [1.7100523710250854, 0.9202913641929626, 1.3019165992736816], [1.7100523710250854, 0.8999399542808533, 1.5500013828277588], [1.7100523710250854, 0.8999399542808533, 1.3019165992736816], [1.6756428480148315, 0.9202913641929626, 1.5500013828277588], [1.6756428480148315, 0.9202913641929626, 1.3019165992736816], [1.6756428480148315, 0.8999399542808533, 1.5500013828277588], [1.6756428480148315, 0.8999399542808533, 1.3019165992736816]], "size": {"x": 0.034409523010253906, "y": 0.020351409912109375, "z": 0.24808478355407715}}, "breakable": false, "canBeUsedUp": false, "canFillWithLiquid": false, "controlledObjects": null, "cookable": false, "dirtyable": false, "distance": 1.5145388841629028, "fillLiquid": null, "isBroken": false, "isColdSource": false, "isCooked": false, "isDirty": false, "isFilledWithLiquid": false, "isHeatSource": false, "isInteractable": true, "isMoving": false, "isOpen": false, "isPickedUp": false, "isSliced": false, "isToggled": false, "isUsedUp": false, "mass": 0.03999999910593033, "moveable": false, "name": "Fork_40ceb846", "objectId": "Fork|+01.69|+00.90|+01.45", "objectOrientedBoundingBox": {"cornerPoints": [[1.7090684175491333, 0.8987158536911011, 1.5499153137207031], [1.675657868385315, 0.8986878991127014, 1.5494664907455444], [1.678983449935913, 0.8999828696250916, 1.301814079284668], [1.7123939990997314, 0.9000108242034912, 1.3022629022598267], [1.709048867225647, 0.9202834963798523, 1.550027847290039], [1.675638198852539, 0.9202555418014526, 1.5495790243148804], [1.6789637804031372, 0.9215505123138428, 1.301926612854004], [1.7123744487762451, 0.9215784668922424, 1.3023754358291626]]}, "objectType": "Fork", "openable": false, "openness": 0.0, "parentReceptacles": ["CounterTop|+00.00|+00.95|-01.51"], "pickupable": true, "position": {"x": 1.6937183141708374, "y": 0.9017397165298462, "z": 1.4480834007263184}, "receptacle": false, "receptacleObjectIds": null, "rotation": {"x": 0.3015574514865875, "y": 359.2322692871094, "z": 0.16502028703689575}, "salientMaterials": ["Metal"], "sliceable": false, "temperature": "RoomTemp", "toggleable": false, "visible": true}, "Fridge|-01.76|+00.00|00.00": {"assetId": "Fridge_2", "axisAlignedBoundingBox": {"center": {"x": -1.7403756380081177, "y": 0.9017434120178223, "z": -0.0006968677043914795}, "cornerPoints": [[-1.381410837173462, 1.810964822769165, 0.43430620431900024], [-1.381410837173462, 1.810964822769165, -0.4356999397277832], [-1.381410837173462, -0.007477998733520508, 0.43430620431900024], [-1.381410837173462, -0.007477998733520508, -0.4356999397277832], [-2.0993404388427734, 1.810964822769165, 0.43430620431900024], [-2.0993404388427734, 1.810964822769165, -0.4356999397277832], [-2.0993404388427734, -0.007477998733520508, 0.43430620431900024], [-2.0993404388427734, -0.007477998733520508, -0.4356999397277832]], "size": {"x": 0.7179296016693115, "y": 1.8184428215026855, "z": 0.8700061440467834}}, "breakable": false, "canBeUsedUp": false, "canFillWithLiquid": false, "controlledObjects": null, "cookable": false, "dirtyable": false, "distance": 3.145791530609131, "fillLiquid": null, "isBroken": false, "isColdSource": true, "isCooked": false, "isDirty": false, "isFilledWithLiquid": false, "isHeatSource": false, "isInteractable": false, "isMoving": false, "isOpen": false, "isPickedUp": false, "isSliced": false, "isToggled": false, "isUsedUp": false, "mass": 0.0, "moveable": false, "name": "Fridge_0c8b2aac", "objectId": "Fridge|-01.76|+00.00|00.00", "objectOrientedBoundingBox": null, "objectType": "Fridge", "openable": true, "openness": 0.0, "parentReceptacles": ["Floor|+00.00|+00.00|+00.00"], "pickupable": false, "position": {"x": -1.7640000581741333, "y": 0.0, "z": -0.0010000000474974513}, "receptacle": true, "receptacleObjectIds": ["Lettuce|-01.71|+00.82|-00.14", "Apple|-01.65|+00.81|+00.07"], "rotation": {"x": -0.0, "y": 90.0, "z": -0.0}, "salientMaterials": null, "sliceable": false, "temperature": "RoomTemp", "toggleable": false, "visible": false}, "GarbageCan|-01.80|+00.01|+01.33": {"assetId": "bin_2", "axisAlignedBoundingBox": {"center": {"x": -1.8106837272644043, "y": 0.26133713126182556, "z": 1.3391823768615723}, "cornerPoints": [[-1.574711799621582, 0.5227003693580627, 1.6783759593963623], [-1.574711799621582, 0.5227003693580627, 0.9999887943267822], [-1.574711799621582, -2.6106834411621094e-05, 1.6783759593963623], [-1.574711799621582, -2.6106834411621094e-05, 0.9999887943267822], [-2.0466556549072266, 0.5227003693580627, 1.6783759593963623], [-2.0466556549072266, 0.5227003693580627, 0.9999887943267822], [-2.0466556549072266, -2.6106834411621094e-05, 1.6783759593963623], [-2.0466556549072266, -2.6106834411621094e-05, 0.9999887943267822]], "size": {"x": 0.47194385528564453, "y": 0.5227264761924744, "z": 0.6783871650695801}}, "breakable": false, "canBeUsedUp": false, "canFillWithLiquid": false, "controlledObjects": null, "cookable": false, "dirtyable": false, "distance": 3.441422462463379, "fillLiquid": null, "isBroken": false, "isColdSource": false, "isCooked": false, "isDirty": false, "isFilledWithLiquid": false, "isHeatSource": false, "isInteractable": false, "isMoving": false, "isOpen": false, "isPickedUp": false, "isSliced": false, "isToggled": false, "isUsedUp": false, "mass": 0.699999988079071, "moveable": true, "name": "GarbageCan_6027cab7", "objectId": "GarbageCan|-01.80|+00.01|+01.33", "objectOrientedBoundingBox": {"cornerPoints": [[-2.0401089191436768, -0.009131316095590591, 1.6636887788772583], [-2.040191888809204, 0.010987586341798306, 0.9854239225387573], [-1.568276286125183, 0.017223414033651352, 0.985551118850708], [-1.5681933164596558, -0.002895488403737545, 1.663815975189209], [-2.04683780670166, 0.49979740381240845, 1.6787855625152588], [-2.0469207763671875, 0.519916296005249, 1.0005207061767578], [-1.575005292892456, 0.5261521339416504, 1.000648021697998], [-1.5749223232269287, 0.5060332417488098, 1.678912878036499]]}, "objectType": "GarbageCan", "openable": false, "openness": 0.0, "parentReceptacles": ["Floor|+00.00|+00.00|+00.00"], "pickupable": false, "position": {"x": -1.7960394620895386, "y": 0.009188339114189148, "z": 1.3303005695343018}, "receptacle": true, "receptacleObjectIds": [], "rotation": {"x": 0.7537040114402771, "y": 269.9890441894531, "z": 358.2998352050781}, "salientMaterials": ["Plastic"], "sliceable": false, "temperature": "RoomTemp", "toggleable": false, "visible": false}, "Kettle|+01.68|+00.90|+00.09": {"assetId": "Kettle_1", "axisAlignedBoundingBox": {"center": {"x": 1.7649999856948853, "y": 1.0272819995880127, "z": 0.598488450050354}, "cornerPoints": [[1.8633975982666016, 1.120643138885498, 0.7029229402542114], [1.8633975982666016, 1.120643138885498, 0.4940539598464966], [1.8633975982666016, 0.9339208602905273, 0.7029229402542114], [1.8633975982666016, 0.9339208602905273, 0.4940539598464966], [1.666602373123169, 1.120643138885498, 0.7029229402542114], [1.666602373123169, 1.120643138885498, 0.4940539598464966], [1.666602373123169, 0.9339208602905273, 0.7029229402542114], [1.666602373123169, 0.9339208602905273, 0.4940539598464966]], "size": {"x": 0.19679522514343262, "y": 0.1867222785949707, "z": 0.20886898040771484}}, "breakable": false, "canBeUsedUp": false, "canFillWithLiquid": true, "controlledObjects": null, "cookable": false, "dirtyable": false, "distance": 0.792726993560791, "fillLiquid": null, "isBroken": false, "isColdSource": false, "isCooked": false, "isDirty": false, "isFilledWithLiquid": false, "isHeatSource": false, "isInteractable": true, "isMoving": false, "isOpen": false, "isPickedUp": false, "isSliced": false, "isToggled": false, "isUsedUp": false, "mass": 0.800000011920929, "moveable": false, "name": "Kettle_fbe2db4a", "objectId": "Kettle|+01.68|+00.90|+00.09", "objectOrientedBoundingBox": {"cornerPoints": [[1.6666022539138794, 0.9339209198951721, 0.49405452609062195], [1.8633970022201538, 0.9339209198951721, 0.49405384063720703], [1.8633977174758911, 0.9339209198951721, 0.7029224038124084], [1.6666029691696167, 0.9339209198951721, 0.7029231190681458], [1.6666022539138794, 1.1206430196762085, 0.49405452609062195], [1.8633970022201538, 1.1206430196762085, 0.49405384063720703], [1.8633977174758911, 1.1206430196762085, 0.7029224038124084], [1.6666029691696167, 1.1206430196762085, 0.7029231190681458]]}, "objectType": "Kettle", "openable": true, "openness": 0.0, "parentReceptacles": ["StoveBurner|+01.77|+00.90|+00.60"], "pickupable": true, "position": {"x": 1.7649999856948853, "y": 0.9383000135421753, "z": 0.6015000343322754}, "receptacle": false, "receptacleObjectIds": null, "rotation": {"x": -0.0, "y": 180.00021362304688, "z": 0.0}, "salientMaterials": ["Metal", "Plastic"], "sliceable": false, "temperature": "RoomTemp", "toggleable": false, "visible": true}, "Knife|+00.60|+00.91|-01.44": {"assetId": "Knife_2", "axisAlignedBoundingBox": {"center": {"x": 0.3214951455593109, "y": 0.9450656175613403, "z": 0.7815365791320801}, "cornerPoints": [[0.3284228444099426, 0.969531238079071, 0.9495006799697876], [0.3284228444099426, 0.969531238079071, 0.6135724782943726], [0.3284228444099426, 0.9205999970436096, 0.9495006799697876], [0.3284228444099426, 0.9205999970436096, 0.6135724782943726], [0.3145674467086792, 0.969531238079071, 0.9495006799697876], [0.3145674467086792, 0.969531238079071, 0.6135724782943726], [0.3145674467086792, 0.9205999970436096, 0.9495006799697876], [0.3145674467086792, 0.9205999970436096, 0.6135724782943726]], "size": {"x": 0.013855397701263428, "y": 0.048931241035461426, "z": 0.33592814207077026}}, "breakable": false, "canBeUsedUp": false, "canFillWithLiquid": false, "controlledObjects": null, "cookable": false, "dirtyable": false, "distance": 1.186987042427063, "fillLiquid": null, "isBroken": false, "isColdSource": false, "isCooked": false, "isDirty": false, "isFilledWithLiquid": false, "isHeatSource": false, "isInteractable": false, "isMoving": false, "isOpen": false, "isPickedUp": false, "isSliced": false, "isToggled": false, "isUsedUp": false, "mass": 0.18000000715255737, "moveable": false, "name": "Knife_32559729", "objectId": "Knife|+00.60|+00.91|-01.44", "objectOrientedBoundingBox": {"cornerPoints": [[0.32842278480529785, 0.9205999970436096, 0.949500560760498], [0.3145674169063568, 0.9205999970436096, 0.949500560760498], [0.314567506313324, 0.9205999970436096, 0.6135724782943726], [0.328422874212265, 0.9205999970436096, 0.6135724782943726], [0.32842278480529785, 0.969531238079071, 0.949500560760498], [0.3145674169063568, 0.969531238079071, 0.949500560760498], [0.314567506313324, 0.969531238079071, 0.6135724782943726], [0.328422874212265, 0.969531238079071, 0.6135724782943726]]}, "objectType": "Knife", "openable": false, "openness": 0.0, "parentReceptacles": ["CounterTop|-00.02|+00.96|+00.51"], "pickupable": true, "position": {"x": 0.32148152589797974, "y": 0.9456998109817505, "z": 0.738100528717041}, "receptacle": false, "receptacleObjectIds": null, "rotation": {"x": -0.0, "y": -1.366037849948043e-05, "z": 0.0}, "salientMaterials": ["Metal", "Plastic"], "sliceable": false, "temperature": "RoomTemp", "toggleable": false, "visible": false}, "Ladle|+01.79|+00.93|+01.13": {"assetId": "Ladle_3", "axisAlignedBoundingBox": {"center": {"x": 1.7952176332473755, "y": 0.9277766942977905, "z": 1.1368460655212402}, "cornerPoints": [[1.883819341659546, 0.9559330940246582, 1.253312110900879], [1.883819341659546, 0.9559330940246582, 1.0203800201416016], [1.883819341659546, 0.8996202945709229, 1.253312110900879], [1.883819341659546, 0.8996202945709229, 1.0203800201416016], [1.706615924835205, 0.9559330940246582, 1.253312110900879], [1.706615924835205, 0.9559330940246582, 1.0203800201416016], [1.706615924835205, 0.8996202945709229, 1.253312110900879], [1.706615924835205, 0.8996202945709229, 1.0203800201416016]], "size": {"x": 0.17720341682434082, "y": 0.05631279945373535, "z": 0.23293209075927734}}, "breakable": false, "canBeUsedUp": false, "canFillWithLiquid": false, "controlledObjects": null, "cookable": false, "dirtyable": false, "distance": 1.2504589557647705, "fillLiquid": null, "isBroken": false, "isColdSource": false, "isCooked": false, "isDirty": false, "isFilledWithLiquid": false, "isHeatSource": false, "isInteractable": true, "isMoving": false, "isOpen": false, "isPickedUp": false, "isSliced": false, "isToggled": false, "isUsedUp": false, "mass": 0.07999999821186066, "moveable": false, "name": "Ladle_24291006", "objectId": "Ladle|+01.79|+00.93|+01.13", "objectOrientedBoundingBox": {"cornerPoints": [[1.9034302234649658, 0.9117456078529358, 1.2255042791366577], [1.8286192417144775, 0.9140814542770386, 1.2763310670852661], [1.6813936233520508, 0.8536202311515808, 1.0624110698699951], [1.756204605102539, 0.851284384727478, 1.0115842819213867], [1.897140383720398, 0.9691518545150757, 1.2136081457138062], [1.8223292827606201, 0.9714876413345337, 1.2644349336624146], [1.6751036643981934, 0.9110264778137207, 1.0505149364471436], [1.7499147653579712, 0.9086906313896179, 0.9996880888938904]]}, "objectType": "Ladle", "openable": false, "openness": 0.0, "parentReceptacles": ["CounterTop|+00.00|+00.95|-01.51"], "pickupable": true, "position": {"x": 1.7857903242111206, "y": 0.9266914129257202, "z": 1.1295661926269531}, "receptacle": false, "receptacleObjectIds": null, "rotation": {"x": 346.90472412109375, "y": 34.57090377807617, "z": 358.3304748535156}, "salientMaterials": ["Metal", "Plastic"], "sliceable": false, "temperature": "RoomTemp", "toggleable": false, "visible": true}, "Lettuce|-01.71|+00.82|-00.14": {"assetId": "Lettuce_2", "axisAlignedBoundingBox": {"center": {"x": -1.7089605331420898, "y": 0.8219245076179504, "z": -0.14161846041679382}, "cornerPoints": [[-1.6065503358840942, 0.8910693526268005, -0.05244675278663635], [-1.6065503358840942, 0.8910693526268005, -0.2307901680469513], [-1.6065503358840942, 0.7527796626091003, -0.05244675278663635], [-1.6065503358840942, 0.7527796626091003, -0.2307901680469513], [-1.8113707304000854, 0.8910693526268005, -0.05244675278663635], [-1.8113707304000854, 0.8910693526268005, -0.2307901680469513], [-1.8113707304000854, 0.7527796626091003, -0.05244675278663635], [-1.8113707304000854, 0.7527796626091003, -0.2307901680469513]], "size": {"x": 0.2048203945159912, "y": 0.1382896900177002, "z": 0.17834341526031494}}, "breakable": false, "canBeUsedUp": false, "canFillWithLiquid": false, "controlledObjects": null, "cookable": false, "dirtyable": false, "distance": 2.9662134647369385, "fillLiquid": null, "isBroken": false, "isColdSource": false, "isCooked": false, "isDirty": false, "isFilledWithLiquid": false, "isHeatSource": false, "isInteractable": false, "isMoving": false, "isOpen": false, "isPickedUp": false, "isSliced": false, "isToggled": false, "isUsedUp": false, "mass": 0.4699999988079071, "moveable": false, "name": "Lettuce_e4c06bf0", "objectId": "Lettuce|-01.71|+00.82|-00.14", "objectOrientedBoundingBox": {"cornerPoints": [[-1.7631431818008423, 0.7528180480003357, -0.01640966534614563], [-1.8421945571899414, 0.7527512311935425, -0.12987591326236725], [-1.6584696769714355, 0.7527438998222351, -0.25787603855133057], [-1.5794183015823364, 0.7528107166290283, -0.14440979063510895], [-1.763177752494812, 0.8911066055297852, -0.016467072069644928], [-1.8422290086746216, 0.8910398483276367, -0.12993332743644714], [-1.6585041284561157, 0.8910325169563293, -0.25793343782424927], [-1.5794527530670166, 0.8910993337631226, -0.14446720480918884]]}, "objectType": "Lettuce", "openable": false, "openness": 0.0, "parentReceptacles": ["Fridge|-01.76|+00.00|00.00"], "pickupable": true, "position": {"x": -1.7119662761688232, "y": 0.8199281692504883, "z": -0.13637524843215942}, "receptacle": false, "receptacleObjectIds": null, "rotation": {"x": 359.9936218261719, "y": 304.8647766113281, "z": 0.028084646910429}, "salientMaterials": ["Food"], "sliceable": true, "temperature": "Cold", "toggleable": false, "visible": false}, "LightSwitch|-00.15|+01.29|+03.70": {"assetId": "Light_Switch_2", "axisAlignedBoundingBox": {"center": {"x": -0.15400008857250214, "y": 1.2910000085830688, "z": 3.6846206188201904}, "cornerPoints": [[-0.09512308239936829, 1.3516191244125366, 3.700000286102295], [-0.09512308239936829, 1.3516191244125366, 3.669240951538086], [-0.09512308239936829, 1.230380892753601, 3.700000286102295], [-0.09512308239936829, 1.230380892753601, 3.669240951538086], [-0.212877094745636, 1.3516191244125366, 3.700000286102295], [-0.212877094745636, 1.3516191244125366, 3.669240951538086], [-0.212877094745636, 1.230380892753601, 3.700000286102295], [-0.212877094745636, 1.230380892753601, 3.669240951538086]], "size": {"x": 0.1177540123462677, "y": 0.12123823165893555, "z": 0.030759334564208984}}, "breakable": false, "canBeUsedUp": false, "canFillWithLiquid": false, "controlledObjects": [], "cookable": false, "dirtyable": false, "distance": 3.976595640182495, "fillLiquid": null, "isBroken": false, "isColdSource": false, "isCooked": false, "isDirty": false, "isFilledWithLiquid": false, "isHeatSource": false, "isInteractable": false, "isMoving": false, "isOpen": false, "isPickedUp": false, "isSliced": false, "isToggled": true, "isUsedUp": false, "mass": 0.0, "moveable": false, "name": "LightSwitch_117b5e68", "objectId": "LightSwitch|-00.15|+01.29|+03.70", "objectOrientedBoundingBox": null, "objectType": "LightSwitch", "openable": false, "openness": 0.0, "parentReceptacles": null, "pickupable": false, "position": {"x": -0.15399999916553497, "y": 1.2910000085830688, "z": 3.700000047683716}, "receptacle": false, "receptacleObjectIds": null, "rotation": {"x": -0.0, "y": 180.00033569335938, "z": 0.0}, "salientMaterials": null, "sliceable": false, "temperature": "RoomTemp", "toggleable": true, "visible": false}, "Microwave|+01.93|+00.90|-00.77": {"assetId": "Microwave_2", "axisAlignedBoundingBox": {"center": {"x": 1.9408602714538574, "y": 1.077628254890442, "z": -0.7673106789588928}, "cornerPoints": [[2.1127309799194336, 1.2553036212921143, -0.4625359773635864], [2.1127309799194336, 1.2553036212921143, -1.0720853805541992], [2.1127309799194336, 0.8999528884887695, -0.4625359773635864], [2.1127309799194336, 0.8999528884887695, -1.0720853805541992], [1.7689895629882812, 1.2553036212921143, -0.4625359773635864], [1.7689895629882812, 1.2553036212921143, -1.0720853805541992], [1.7689895629882812, 0.8999528884887695, -0.4625359773635864], [1.7689895629882812, 0.8999528884887695, -1.0720853805541992]], "size": {"x": 0.34374141693115234, "y": 0.3553507328033447, "z": 0.6095494031906128}}, "breakable": false, "canBeUsedUp": false, "canFillWithLiquid": false, "controlledObjects": [], "cookable": false, "dirtyable": false, "distance": 1.0269018411636353, "fillLiquid": null, "isBroken": false, "isColdSource": false, "isCooked": false, "isDirty": false, "isFilledWithLiquid": false, "isHeatSource": true, "isInteractable": false, "isMoving": false, "isOpen": false, "isPickedUp": false, "isSliced": false, "isToggled": false, "isUsedUp": false, "mass": 6.999999523162842, "moveable": true, "name": "Microwave_034418c4", "objectId": "Microwave|+01.93|+00.90|-00.77", "objectOrientedBoundingBox": {"cornerPoints": [[1.7690181732177734, 0.9001330137252808, -0.4625290632247925], [1.7689399719238281, 0.9001097679138184, -1.0720294713974], [2.1124684810638428, 0.8999395966529846, -1.0720734596252441], [2.112546682357788, 0.8999627828598022, -0.4625731110572815], [1.76919424533844, 1.2553105354309082, -0.4625426232814789], [1.7691160440444946, 1.2552872896194458, -1.0720429420471191], [2.1126444339752197, 1.2551170587539673, -1.072087049484253], [2.112722635269165, 1.2551403045654297, -0.4625866711139679]]}, "objectType": "Microwave", "openable": true, "openness": 0.0, "parentReceptacles": ["CounterTop|+00.00|+00.95|-01.51"], "pickupable": false, "position": {"x": 1.9329763650894165, "y": 0.9005632400512695, "z": -0.7668576836585999}, "receptacle": true, "receptacleObjectIds": [], "rotation": {"x": 359.9715881347656, "y": 270.00738525390625, "z": 0.0022041811607778072}, "salientMaterials": ["Metal", "Glass"], "sliceable": false, "temperature": "RoomTemp", "toggleable": true, "visible": false}, "Mug|-00.24|+00.92|-00.26": {"assetId": "Mug_2", "axisAlignedBoundingBox": {"center": {"x": -0.25047072768211365, "y": 0.9668223261833191, "z": -0.2561497092247009}, "cornerPoints": [[-0.19589373469352722, 1.0186409950256348, -0.2132212519645691], [-0.19589373469352722, 1.0186409950256348, -0.29907816648483276], [-0.19589373469352722, 0.9150036573410034, -0.2132212519645691], [-0.19589373469352722, 0.9150036573410034, -0.29907816648483276], [-0.3050477206707001, 1.0186409950256348, -0.2132212519645691], [-0.3050477206707001, 1.0186409950256348, -0.29907816648483276], [-0.3050477206707001, 0.9150036573410034, -0.2132212519645691], [-0.3050477206707001, 0.9150036573410034, -0.29907816648483276]], "size": {"x": 0.10915398597717285, "y": 0.10363733768463135, "z": 0.08585691452026367}}, "breakable": true, "canBeUsedUp": false, "canFillWithLiquid": true, "controlledObjects": null, "cookable": false, "dirtyable": true, "distance": 1.5069770812988281, "fillLiquid": null, "isBroken": false, "isColdSource": false, "isCooked": false, "isDirty": false, "isFilledWithLiquid": false, "isHeatSource": false, "isInteractable": false, "isMoving": false, "isOpen": false, "isPickedUp": false, "isSliced": false, "isToggled": false, "isUsedUp": false, "mass": 1.0, "moveable": false, "name": "Mug_5b20fbb4", "objectId": "Mug|-00.24|+00.92|-00.26", "objectOrientedBoundingBox": {"cornerPoints": [[-0.19589245319366455, 0.9150042533874512, -0.2132219672203064], [-0.3050454258918762, 0.9150041341781616, -0.213221937417984], [-0.3050454556941986, 0.9150037169456482, -0.29907771944999695], [-0.19589246809482574, 0.9150038361549377, -0.29907774925231934], [-0.1958926022052765, 1.018640398979187, -0.213222473859787], [-0.30504557490348816, 1.018640160560608, -0.2132224440574646], [-0.30504560470581055, 1.0186398029327393, -0.2990782558917999], [-0.19589261710643768, 1.0186399221420288, -0.2990782856941223]]}, "objectType": "Mug", "openable": false, "openness": 0.0, "parentReceptacles": ["CounterTop|-00.02|+00.96|+00.51"], "pickupable": true, "position": {"x": -0.23500609397888184, "y": 0.9150363206863403, "z": -0.2559991180896759}, "receptacle": true, "receptacleObjectIds": [], "rotation": {"x": 0.0004189175961073488, "y": 0.000219840178033337, "z": 4.39950090367347e-05}, "salientMaterials": ["Ceramic"], "sliceable": false, "temperature": "RoomTemp", "toggleable": false, "visible": false}, "Pan|-01.29|+00.90|-01.35": {"assetId": "Pan_2", "axisAlignedBoundingBox": {"center": {"x": 1.364063024520874, "y": 1.248793601989746, "z": 0.12162987887859344}, "cornerPoints": [[1.5387208461761475, 1.2713303565979004, 0.3126988410949707], [1.5387208461761475, 1.2713303565979004, -0.06943909823894501], [1.5387208461761475, 1.2262568473815918, 0.3126988410949707], [1.5387208461761475, 1.2262568473815918, -0.06943909823894501], [1.1894052028656006, 1.2713303565979004, 0.3126988410949707], [1.1894052028656006, 1.2713303565979004, -0.06943909823894501], [1.1894052028656006, 1.2262568473815918, 0.3126988410949707], [1.1894052028656006, 1.2262568473815918, -0.06943909823894501]], "size": {"x": 0.3493156433105469, "y": 0.045073509216308594, "z": 0.3821379542350769}}, "breakable": false, "canBeUsedUp": false, "canFillWithLiquid": false, "controlledObjects": null, "cookable": false, "dirtyable": true, "distance": 0.3929929733276367, "fillLiquid": null, "isBroken": false, "isColdSource": false, "isCooked": false, "isDirty": false, "isFilledWithLiquid": false, "isHeatSource": false, "isInteractable": true, "isMoving": false, "isOpen": false, "isPickedUp": true, "isSliced": false, "isToggled": false, "isUsedUp": false, "mass": 0.6700000166893005, "moveable": false, "name": "Pan_72f9bafb", "objectId": "Pan|-01.29|+00.90|-01.35", "objectOrientedBoundingBox": {"cornerPoints": [[1.5927791595458984, 1.226257085800171, 0.1822366714477539], [1.3772658109664917, 1.226257085800171, 0.36675748229026794], [1.0844253301620483, 1.226257085800171, 0.024730876088142395], [1.299938678741455, 1.226257085800171, -0.15978994965553284], [1.5927791595458984, 1.2713303565979004, 0.1822366714477539], [1.3772658109664917, 1.2713303565979004, 0.36675748229026794], [1.0844253301620483, 1.2713303565979004, 0.02473088726401329], [1.299938678741455, 1.2713303565979004, -0.15978993475437164]]}, "objectType": "Pan", "openable": false, "openness": 0.0, "parentReceptacles": null, "pickupable": true, "position": {"x": 1.3927621841430664, "y": 1.226975917816162, "z": 0.1667403280735016}, "receptacle": true, "receptacleObjectIds": [], "rotation": {"x": -0.0, "y": 40.56987762451172, "z": 0.0}, "salientMaterials": ["Metal"], "sliceable": false, "temperature": "RoomTemp", "toggleable": false, "visible": true}, "PepperShaker|+01.89|+00.90|+00.03": {"assetId": "Pepper_Shaker_1", "axisAlignedBoundingBox": {"center": {"x": 1.8892827033996582, "y": 0.9570775032043457, "z": 0.03494314104318619}, "cornerPoints": [[1.922726035118103, 1.0141534805297852, 0.06849110126495361], [1.922726035118103, 1.0141534805297852, 0.0013951808214187622], [1.922726035118103, 0.9000015258789062, 0.06849110126495361], [1.922726035118103, 0.9000015258789062, 0.0013951808214187622], [1.8558393716812134, 1.0141534805297852, 0.06849110126495361], [1.8558393716812134, 1.0141534805297852, 0.0013951808214187622], [1.8558393716812134, 0.9000015258789062, 0.06849110126495361], [1.8558393716812134, 0.9000015258789062, 0.0013951808214187622]], "size": {"x": 0.06688666343688965, "y": 0.1141519546508789, "z": 0.06709592044353485}}, "breakable": false, "canBeUsedUp": false, "canFillWithLiquid": false, "controlledObjects": null, "cookable": false, "dirtyable": false, "distance": 0.6399568915367126, "fillLiquid": null, "isBroken": false, "isColdSource": false, "isCooked": false, "isDirty": false, "isFilledWithLiquid": false, "isHeatSource": false, "isInteractable": true, "isMoving": false, "isOpen": false, "isPickedUp": false, "isSliced": false, "isToggled": false, "isUsedUp": false, "mass": 0.14000000059604645, "moveable": false, "name": "PepperShaker_57398a24", "objectId": "PepperShaker|+01.89|+00.90|+00.03", "objectOrientedBoundingBox": {"cornerPoints": [[1.9227255582809448, 0.9000033140182495, 0.06849091500043869], [1.855839490890503, 0.9000036716461182, 0.06849110126495361], [1.8558393716812134, 0.9000019431114197, 0.001398243010044098], [1.9227253198623657, 0.900001585483551, 0.0013980567455291748], [1.9227261543273926, 1.0141531229019165, 0.06848802417516708], [1.8558400869369507, 1.0141534805297852, 0.068488210439682], [1.8558399677276611, 1.0141518115997314, 0.0013953521847724915], [1.9227259159088135, 1.0141514539718628, 0.0013951659202575684]]}, "objectType": "PepperShaker", "openable": false, "openness": 0.0, "parentReceptacles": ["CounterTop|+00.00|+00.95|-01.51"], "pickupable": true, "position": {"x": 1.8889998197555542, "y": 0.9000789523124695, "z": 0.034999679774045944}, "receptacle": false, "receptacleObjectIds": null, "rotation": {"x": 359.9942321777344, "y": 0.0003381512069609016, "z": -0.0011285468935966492}, "salientMaterials": ["Metal", "Glass"], "sliceable": false, "temperature": "RoomTemp", "toggleable": false, "visible": true}, "Plate|+01.32|+01.67|-01.60": {"assetId": "Plate_2", "axisAlignedBoundingBox": {"center": {"x": 1.3250901699066162, "y": 1.6814711093902588, "z": -1.596937656402588}, "cornerPoints": [[1.4460530281066895, 1.6949396133422852, -1.47391939163208], [1.4460530281066895, 1.6949396133422852, -1.7199559211730957], [1.4460530281066895, 1.6680026054382324, -1.47391939163208], [1.4460530281066895, 1.6680026054382324, -1.7199559211730957], [1.204127311706543, 1.6949396133422852, -1.47391939163208], [1.204127311706543, 1.6949396133422852, -1.7199559211730957], [1.204127311706543, 1.6680026054382324, -1.47391939163208], [1.204127311706543, 1.6680026054382324, -1.7199559211730957]], "size": {"x": 0.24192571640014648, "y": 0.026937007904052734, "z": 0.24603652954101562}}, "breakable": true, "canBeUsedUp": false, "canFillWithLiquid": false, "controlledObjects": null, "cookable": false, "dirtyable": true, "distance": 1.7726337909698486, "fillLiquid": null, "isBroken": false, "isColdSource": false, "isCooked": false, "isDirty": false, "isFilledWithLiquid": false, "isHeatSource": false, "isInteractable": false, "isMoving": false, "isOpen": false, "isPickedUp": false, "isSliced": false, "isToggled": false, "isUsedUp": false, "mass": 0.6200000047683716, "moveable": false, "name": "Plate_f7062da2", "objectId": "Plate|+01.32|+01.67|-01.60", "objectOrientedBoundingBox": {"cornerPoints": [[1.4460471868515015, 1.6678920984268188, -1.4739280939102173], [1.2041209936141968, 1.6679269075393677, -1.473931908607483], [1.204124927520752, 1.6680508852005005, -1.7199678421020508], [1.4460512399673462, 1.6680161952972412, -1.7199639081954956], [1.4460511207580566, 1.6948096752166748, -1.4739145040512085], [1.2041248083114624, 1.6948444843292236, -1.4739183187484741], [1.2041288614273071, 1.694968581199646, -1.719954252243042], [1.4460550546646118, 1.6949337720870972, -1.7199503183364868]]}, "objectType": "Plate", "openable": false, "openness": 0.0, "parentReceptacles": ["Cabinet|+01.71|+02.02|-01.45"], "pickupable": true, "position": {"x": 1.3229528665542603, "y": 1.6700921058654785, "z": -1.5954315662384033}, "receptacle": true, "receptacleObjectIds": [], "rotation": {"x": 0.021064601838588715, "y": -0.0008525053272023797, "z": 359.98504638671875}, "salientMaterials": ["Ceramic"], "sliceable": false, "temperature": "RoomTemp", "toggleable": false, "visible": false}, "Potato|+00.33|+00.94|+01.31": {"assetId": "Potato_2", "axisAlignedBoundingBox": {"center": {"x": 0.32592329382896423, "y": 0.9467581510543823, "z": 1.3149805068969727}, "cornerPoints": [[0.3636060059070587, 0.9785163402557373, 1.3688493967056274], [0.3636060059070587, 0.9785163402557373, 1.2611116170883179], [0.3636060059070587, 0.9149999618530273, 1.3688493967056274], [0.3636060059070587, 0.9149999618530273, 1.2611116170883179], [0.28824058175086975, 0.9785163402557373, 1.3688493967056274], [0.28824058175086975, 0.9785163402557373, 1.2611116170883179], [0.28824058175086975, 0.9149999618530273, 1.3688493967056274], [0.28824058175086975, 0.9149999618530273, 1.2611116170883179]], "size": {"x": 0.07536542415618896, "y": 0.06351637840270996, "z": 0.10773777961730957}}, "breakable": false, "canBeUsedUp": false, "canFillWithLiquid": false, "controlledObjects": null, "cookable": true, "dirtyable": false, "distance": 1.60396409034729, "fillLiquid": null, "isBroken": false, "isColdSource": false, "isCooked": false, "isDirty": false, "isFilledWithLiquid": false, "isHeatSource": false, "isInteractable": false, "isMoving": false, "isOpen": false, "isPickedUp": false, "isSliced": false, "isToggled": false, "isUsedUp": false, "mass": 0.18000000715255737, "moveable": false, "name": "Potato_582b16c0", "objectId": "Potato|+00.33|+00.94|+01.31", "objectOrientedBoundingBox": {"cornerPoints": [[0.34245777130126953, 0.9150023460388184, 1.3759874105453491], [0.2811056673526764, 0.9149971008300781, 1.3595480918884277], [0.3093939423561096, 0.9149974584579468, 1.2539746761322021], [0.37074607610702515, 0.915002703666687, 1.2704139947891235], [0.34245264530181885, 0.9785189032554626, 1.3759862184524536], [0.2811005115509033, 0.9785135984420776, 1.3595470190048218], [0.30938878655433655, 0.9785139560699463, 1.2539736032485962], [0.3707409203052521, 0.9785192608833313, 1.270412802696228]]}, "objectType": "Potato", "openable": false, "openness": 0.0, "parentReceptacles": ["CounterTop|-00.02|+00.96|+00.51"], "pickupable": true, "position": {"x": 0.3274373412132263, "y": 0.9400352835655212, "z": 1.3115087747573853}, "receptacle": false, "receptacleObjectIds": null, "rotation": {"x": 0.00027485168538987637, "y": 345.0, "z": 0.001974150538444519}, "salientMaterials": ["Food"], "sliceable": true, "temperature": "RoomTemp", "toggleable": false, "visible": false}, "Pot|+00.89|+00.90|-01.41": {"assetId": "Pot_2", "axisAlignedBoundingBox": {"center": {"x": 0.8894854784011841, "y": 0.9909587502479553, "z": -1.4123826026916504}, "cornerPoints": [[1.032234787940979, 1.0819075107574463, -1.2863547801971436], [1.032234787940979, 1.0819075107574463, -1.5384104251861572], [1.032234787940979, 0.9000099897384644, -1.2863547801971436], [1.032234787940979, 0.9000099897384644, -1.5384104251861572], [0.7467361688613892, 1.0819075107574463, -1.2863547801971436], [0.7467361688613892, 1.0819075107574463, -1.5384104251861572], [0.7467361688613892, 0.9000099897384644, -1.2863547801971436], [0.7467361688613892, 0.9000099897384644, -1.5384104251861572]], "size": {"x": 0.28549861907958984, "y": 0.18189752101898193, "z": 0.25205564498901367}}, "breakable": false, "canBeUsedUp": false, "canFillWithLiquid": true, "controlledObjects": null, "cookable": false, "dirtyable": true, "distance": 1.4576683044433594, "fillLiquid": null, "isBroken": false, "isColdSource": false, "isCooked": false, "isDirty": false, "isFilledWithLiquid": false, "isHeatSource": false, "isInteractable": false, "isMoving": false, "isOpen": false, "isPickedUp": false, "isSliced": false, "isToggled": false, "isUsedUp": false, "mass": 0.5699999928474426, "moveable": false, "name": "Pot_68f3f3e0", "objectId": "Pot|+00.89|+00.90|-01.41", "objectOrientedBoundingBox": {"cornerPoints": [[1.0322328805923462, 0.9000123143196106, -1.2863545417785645], [0.7467373609542847, 0.9000100493431091, -1.2863551378250122], [0.7467378377914429, 0.9000102877616882, -1.5384080410003662], [1.0322333574295044, 0.9000125527381897, -1.538407564163208], [1.0322314500808716, 1.0819058418273926, -1.286354422569275], [0.7467359304428101, 1.0819035768508911, -1.286354899406433], [0.7467364072799683, 1.0819038152694702, -1.538407802581787], [1.0322319269180298, 1.0819060802459717, -1.538407325744629]]}, "objectType": "Pot", "openable": false, "openness": 0.0, "parentReceptacles": ["CounterTop|+00.00|+00.95|-01.51"], "pickupable": true, "position": {"x": 0.8894878625869751, "y": 0.9032002091407776, "z": -1.4123806953430176}, "receptacle": true, "receptacleObjectIds": [], "rotation": {"x": 0.00019808624347206205, "y": -4.5570526708615944e-05, "z": 0.0011136532993987203}, "salientMaterials": ["Metal"], "sliceable": false, "temperature": "RoomTemp", "toggleable": false, "visible": false}, "SaltShaker|+02.01|+00.90|+00.03": {"assetId": "Salt_Shaker_1", "axisAlignedBoundingBox": {"center": {"x": 2.00982666015625, "y": 0.9554014205932617, "z": 0.028732994571328163}, "cornerPoints": [[2.0438499450683594, 1.0108014345169067, 0.06278802454471588], [2.0438499450683594, 1.0108014345169067, -0.005322037264704704], [2.0438499450683594, 0.9000014066696167, 0.06278802454471588], [2.0438499450683594, 0.9000014066696167, -0.005322037264704704], [1.9758033752441406, 1.0108014345169067, 0.06278802454471588], [1.9758033752441406, 1.0108014345169067, -0.005322037264704704], [1.9758033752441406, 0.9000014066696167, 0.06278802454471588], [1.9758033752441406, 0.9000014066696167, -0.005322037264704704]], "size": {"x": 0.06804656982421875, "y": 0.11080002784729004, "z": 0.06811006367206573}}, "breakable": false, "canBeUsedUp": false, "canFillWithLiquid": false, "controlledObjects": null, "cookable": false, "dirtyable": false, "distance": 0.7603685259819031, "fillLiquid": null, "isBroken": false, "isColdSource": false, "isCooked": false, "isDirty": false, "isFilledWithLiquid": false, "isHeatSource": false, "isInteractable": true, "isMoving": false, "isOpen": false, "isPickedUp": false, "isSliced": false, "isToggled": false, "isUsedUp": false, "mass": 0.4000000059604645, "moveable": false, "name": "SaltShaker_6320d1b6", "objectId": "SaltShaker|+02.01|+00.90|+00.03", "objectOrientedBoundingBox": {"cornerPoints": [[2.043848752975464, 0.900002658367157, 0.06278805434703827], [1.9758034944534302, 0.9000033140182495, 0.06278806924819946], [1.9758034944534302, 0.9000018835067749, -0.005319725722074509], [2.043848752975464, 0.9000012278556824, -0.0053197480738162994], [2.0438499450683594, 1.0108009576797485, 0.06278572231531143], [1.9758045673370361, 1.0108016729354858, 0.06278574466705322], [1.9758045673370361, 1.0108002424240112, -0.005322054028511047], [2.0438499450683594, 1.010799527168274, -0.005322076380252838]]}, "objectType": "SaltShaker", "openable": false, "openness": 0.0, "parentReceptacles": ["CounterTop|+00.00|+00.95|-01.51"], "pickupable": true, "position": {"x": 2.009826183319092, "y": 0.9000757336616516, "z": 0.028733838349580765}, "receptacle": false, "receptacleObjectIds": null, "rotation": {"x": -0.004600601736456156, "y": 0.0001657133107073605, "z": -0.0020239257719367743}, "salientMaterials": ["Metal", "Glass"], "sliceable": false, "temperature": "RoomTemp", "toggleable": false, "visible": true}, "Sink|+00.00|+00.89|-01.44": {"assetId": "", "axisAlignedBoundingBox": {"center": {"x": 0.0014500021934509277, "y": 0.45385000109672546, "z": -1.4325499534606934}, "cornerPoints": [[0.40400001406669617, 0.9077000021934509, -1.1843998432159424], [0.40400001406669617, 0.9077000021934509, -1.6807000637054443], [0.40400001406669617, 0.0, -1.1843998432159424], [0.40400001406669617, 0.0, -1.6807000637054443], [-0.4011000096797943, 0.9077000021934509, -1.1843998432159424], [-0.4011000096797943, 0.9077000021934509, -1.6807000637054443], [-0.4011000096797943, 0.0, -1.1843998432159424], [-0.4011000096797943, 0.0, -1.6807000637054443]], "size": {"x": 0.8051000237464905, "y": 0.9077000021934509, "z": 0.49630022048950195}}, "breakable": false, "canBeUsedUp": false, "canFillWithLiquid": false, "controlledObjects": null, "cookable": false, "dirtyable": false, "distance": 1.90309739112854, "fillLiquid": null, "isBroken": false, "isColdSource": false, "isCooked": false, "isDirty": false, "isFilledWithLiquid": false, "isHeatSource": false, "isInteractable": false, "isMoving": false, "isOpen": false, "isPickedUp": false, "isSliced": false, "isToggled": false, "isUsedUp": false, "mass": 0.0, "moveable": false, "name": "Sink_8d06bd95", "objectId": "Sink|+00.00|+00.89|-01.44", "objectOrientedBoundingBox": null, "objectType": "Sink", "openable": false, "openness": 0.0, "parentReceptacles": null, "pickupable": false, "position": {"x": 0.0, "y": 0.8939999938011169, "z": -1.434999942779541}, "receptacle": false, "receptacleObjectIds": null, "rotation": {"x": -0.0, "y": 0.0, "z": 0.0}, "salientMaterials": null, "sliceable": false, "temperature": "RoomTemp", "toggleable": false, "visible": false}, "Sink|+00.00|+00.89|-01.44|SinkBasin": {"assetId": "", "axisAlignedBoundingBox": {"center": {"x": 5.960464477539063e-08, "y": 0.8077900409698486, "z": -1.4350003004074097}, "cornerPoints": [[0.34724539518356323, 0.865469217300415, -1.2363907098770142], [0.34724539518356323, 0.865469217300415, -1.6336098909378052], [0.34724539518356323, 0.7501108646392822, -1.2363907098770142], [0.34724539518356323, 0.7501108646392822, -1.6336098909378052], [-0.3472452759742737, 0.865469217300415, -1.2363907098770142], [-0.3472452759742737, 0.865469217300415, -1.6336098909378052], [-0.3472452759742737, 0.7501108646392822, -1.2363907098770142], [-0.3472452759742737, 0.7501108646392822, -1.6336098909378052]], "size": {"x": 0.6944906711578369, "y": 0.11535835266113281, "z": 0.397219181060791}}, "breakable": false, "canBeUsedUp": false, "canFillWithLiquid": false, "controlledObjects": null, "cookable": false, "dirtyable": false, "distance": 1.9203611612319946, "fillLiquid": null, "isBroken": false, "isColdSource": false, "isCooked": false, "isDirty": false, "isFilledWithLiquid": false, "isHeatSource": false, "isInteractable": false, "isMoving": false, "isOpen": false, "isPickedUp": false, "isSliced": false, "isToggled": false, "isUsedUp": false, "mass": 0.0, "moveable": false, "name": "SinkBasin_0b197de3", "objectId": "Sink|+00.00|+00.89|-01.44|SinkBasin", "objectOrientedBoundingBox": null, "objectType": "SinkBasin", "openable": false, "openness": 0.0, "parentReceptacles": null, "pickupable": false, "position": {"x": -0.014999999664723873, "y": 0.7369999885559082, "z": -1.4355000257492065}, "receptacle": true, "receptacleObjectIds": [], "rotation": {"x": 1.403341910044412e-14, "y": -0.0, "z": -0.0}, "salientMaterials": null, "sliceable": false, "temperature": "RoomTemp", "toggleable": false, "visible": false}, "SoapBottle|-00.56|+00.90|-01.57": {"assetId": "Soap_Bottle_2", "axisAlignedBoundingBox": {"center": {"x": -0.5609992742538452, "y": 1.047438621520996, "z": -1.572000503540039}, "cornerPoints": [[-0.46834659576416016, 1.194880485534668, -1.4724445343017578], [-0.46834659576416016, 1.194880485534668, -1.6715564727783203], [-0.46834659576416016, 0.8999967575073242, -1.4724445343017578], [-0.46834659576416016, 0.8999967575073242, -1.6715564727783203], [-0.6536519527435303, 1.194880485534668, -1.4724445343017578], [-0.6536519527435303, 1.194880485534668, -1.6715564727783203], [-0.6536519527435303, 0.8999967575073242, -1.4724445343017578], [-0.6536519527435303, 0.8999967575073242, -1.6715564727783203]], "size": {"x": 0.18530535697937012, "y": 0.29488372802734375, "z": 0.1991119384765625}}, "breakable": false, "canBeUsedUp": false, "canFillWithLiquid": false, "controlledObjects": null, "cookable": false, "dirtyable": false, "distance": 2.398106098175049, "fillLiquid": null, "isBroken": false, "isColdSource": false, "isCooked": false, "isDirty": false, "isFilledWithLiquid": false, "isHeatSource": false, "isInteractable": false, "isMoving": false, "isOpen": false, "isPickedUp": false, "isSliced": false, "isToggled": false, "isUsedUp": false, "mass": 0.4000000059604645, "moveable": false, "name": "SoapBottle_977a5c07", "objectId": "SoapBottle|-00.56|+00.90|-01.57", "objectOrientedBoundingBox": {"cornerPoints": [[-0.4683470129966736, 0.8999972939491272, -1.608522653579712], [-0.5583542585372925, 0.8999972343444824, -1.4724446535110474], [-0.6536516547203064, 0.8999972343444824, -1.535478115081787], [-0.5636444091796875, 0.8999972343444824, -1.6715561151504517], [-0.46834707260131836, 1.1948798894882202, -1.608522653579712], [-0.5583543181419373, 1.1948798894882202, -1.4724446535110474], [-0.6536517143249512, 1.1948798894882202, -1.535478115081787], [-0.563644528388977, 1.1948798894882202, -1.671555995941162]]}, "objectType": "SoapBottle", "openable": false, "openness": 0.0, "parentReceptacles": ["CounterTop|+00.00|+00.95|-01.51"], "pickupable": true, "position": {"x": -0.5609994530677795, "y": 0.9001105427742004, "z": -1.5720003843307495}, "receptacle": false, "receptacleObjectIds": null, "rotation": {"x": -9.89805266726762e-06, "y": 56.51774978637695, "z": 1.2545467598101823e-06}, "salientMaterials": ["Plastic"], "sliceable": false, "temperature": "RoomTemp", "toggleable": false, "visible": false}, "Spatula|+01.78|+00.91|-00.13": {"assetId": "Spatula_1", "axisAlignedBoundingBox": {"center": {"x": 1.8448350429534912, "y": 0.9078890085220337, "z": -0.08204680681228638}, "cornerPoints": [[1.9835574626922607, 0.9170361757278442, 0.00955626368522644], [1.9835574626922607, 0.9170361757278442, -0.1736498773097992], [1.9835574626922607, 0.8987418413162231, 0.00955626368522644], [1.9835574626922607, 0.8987418413162231, -0.1736498773097992], [1.7061126232147217, 0.9170361757278442, 0.00955626368522644], [1.7061126232147217, 0.9170361757278442, -0.1736498773097992], [1.7061126232147217, 0.8987418413162231, 0.00955626368522644], [1.7061126232147217, 0.8987418413162231, -0.1736498773097992]], "size": {"x": 0.27744483947753906, "y": 0.018294334411621094, "z": 0.18320614099502563}}, "breakable": false, "canBeUsedUp": false, "canFillWithLiquid": false, "controlledObjects": null, "cookable": false, "dirtyable": false, "distance": 0.541977047920227, "fillLiquid": null, "isBroken": false, "isColdSource": false, "isCooked": false, "isDirty": false, "isFilledWithLiquid": false, "isHeatSource": false, "isInteractable": true, "isMoving": false, "isOpen": false, "isPickedUp": false, "isSliced": false, "isToggled": false, "isUsedUp": false, "mass": 0.06499999761581421, "moveable": false, "name": "Spatula_650f2009", "objectId": "Spatula|+01.78|+00.91|-00.13", "objectOrientedBoundingBox": {"cornerPoints": [[1.9836556911468506, 0.8996964693069458, -0.046175166964530945], [1.9516267776489258, 0.8984317779541016, 0.00929182767868042], [1.6939756870269775, 0.8994271755218506, -0.13946369290351868], [1.7260046005249023, 0.90069180727005, -0.19493068754673004], [1.983534812927246, 0.917034387588501, -0.04584968835115433], [1.9515058994293213, 0.9157696962356567, 0.00961729884147644], [1.693854808807373, 0.9167650938034058, -0.13913822174072266], [1.7258837223052979, 0.91802978515625, -0.19460520148277283]]}, "objectType": "Spatula", "openable": false, "openness": 0.0, "parentReceptacles": ["CounterTop|+00.00|+00.95|-01.51"], "pickupable": true, "position": {"x": 1.7764477729797363, "y": 0.9074095487594604, "z": -0.12865425646305084}, "receptacle": false, "receptacleObjectIds": null, "rotation": {"x": 0.19168220460414886, "y": 59.99991226196289, "z": 1.1312041282653809}, "salientMaterials": ["Metal", "Plastic"], "sliceable": false, "temperature": "RoomTemp", "toggleable": false, "visible": true}, "Spoon|+01.62|+00.90|+01.40": {"assetId": "Spoon_1", "axisAlignedBoundingBox": {"center": {"x": 1.6198266744613647, "y": 0.9094380140304565, "z": 1.3893362283706665}, "cornerPoints": [[1.6405223608016968, 0.9188740849494934, 1.4930524826049805], [1.6405223608016968, 0.9188740849494934, 1.2856199741363525], [1.6405223608016968, 0.9000019431114197, 1.4930524826049805], [1.6405223608016968, 0.9000019431114197, 1.2856199741363525], [1.5991309881210327, 0.9188740849494934, 1.4930524826049805], [1.5991309881210327, 0.9188740849494934, 1.2856199741363525], [1.5991309881210327, 0.9000019431114197, 1.4930524826049805], [1.5991309881210327, 0.9000019431114197, 1.2856199741363525]], "size": {"x": 0.04139137268066406, "y": 0.01887214183807373, "z": 0.20743250846862793}}, "breakable": false, "canBeUsedUp": false, "canFillWithLiquid": false, "controlledObjects": null, "cookable": false, "dirtyable": false, "distance": 1.4510542154312134, "fillLiquid": null, "isBroken": false, "isColdSource": false, "isCooked": false, "isDirty": false, "isFilledWithLiquid": false, "isHeatSource": false, "isInteractable": true, "isMoving": false, "isOpen": false, "isPickedUp": false, "isSliced": false, "isToggled": false, "isUsedUp": false, "mass": 0.03999999910593033, "moveable": false, "name": "Spoon_ab4315e1", "objectId": "Spoon|+01.62|+00.90|+01.40", "objectOrientedBoundingBox": {"cornerPoints": [[1.6405225992202759, 0.8997361660003662, 1.4930384159088135], [1.5991312265396118, 0.8997352719306946, 1.4930384159088135], [1.599131464958191, 0.9000023007392883, 1.2856132984161377], [1.640522837638855, 0.9000032544136047, 1.2856132984161377], [1.6405222415924072, 0.9187925457954407, 1.493062973022461], [1.5991307497024536, 0.918791651725769, 1.4930628538131714], [1.5991309881210327, 0.9190586805343628, 1.2856377363204956], [1.6405224800109863, 0.9190595746040344, 1.2856378555297852]]}, "objectType": "Spoon", "openable": false, "openness": 0.0, "parentReceptacles": ["CounterTop|+00.00|+00.95|-01.51"], "pickupable": true, "position": {"x": 1.6208981275558472, "y": 0.9003047347068787, "z": 1.4028528928756714}, "receptacle": false, "receptacleObjectIds": null, "rotation": {"x": 0.0722554475069046, "y": -0.00019275859813205898, "z": 0.014450008980929852}, "salientMaterials": ["Metal"], "sliceable": false, "temperature": "RoomTemp", "toggleable": false, "visible": true}, "StoveBurner|+01.77|+00.90|+00.38": {"assetId": "", "axisAlignedBoundingBox": {"center": {"x": 1.7649999856948853, "y": 0.923267126083374, "z": 0.3846000134944916}, "cornerPoints": [[1.8662995100021362, 0.9393094778060913, 0.48589959740638733], [1.8662995100021362, 0.9393094778060913, 0.2833004295825958], [1.8662995100021362, 0.9072247743606567, 0.48589959740638733], [1.8662995100021362, 0.9072247743606567, 0.2833004295825958], [1.6637004613876343, 0.9393094778060913, 0.48589959740638733], [1.6637004613876343, 0.9393094778060913, 0.2833004295825958], [1.6637004613876343, 0.9072247743606567, 0.48589959740638733], [1.6637004613876343, 0.9072247743606567, 0.2833004295825958]], "size": {"x": 0.20259904861450195, "y": 0.03208470344543457, "z": 0.2025991678237915}}, "breakable": false, "canBeUsedUp": false, "canFillWithLiquid": false, "controlledObjects": null, "cookable": false, "dirtyable": false, "distance": 0.6427625417709351, "fillLiquid": null, "isBroken": false, "isColdSource": false, "isCooked": false, "isDirty": false, "isFilledWithLiquid": false, "isHeatSource": true, "isInteractable": true, "isMoving": false, "isOpen": false, "isPickedUp": false, "isSliced": false, "isToggled": false, "isUsedUp": false, "mass": 0.0, "moveable": false, "name": "StoveBurner_6b49cad8", "objectId": "StoveBurner|+01.77|+00.90|+00.38", "objectOrientedBoundingBox": null, "objectType": "StoveBurner", "openable": false, "openness": 0.0, "parentReceptacles": null, "pickupable": false, "position": {"x": 1.7649999856948853, "y": 0.902899980545044, "z": 0.3846000134944916}, "receptacle": true, "receptacleObjectIds": [], "rotation": {"x": -0.0, "y": 270.00018310546875, "z": 0.0}, "salientMaterials": null, "sliceable": false, "temperature": "RoomTemp", "toggleable": false, "visible": true}, "StoveBurner|+01.77|+00.90|+00.60": {"assetId": "", "axisAlignedBoundingBox": {"center": {"x": 1.7649999856948853, "y": 0.923267126083374, "z": 0.6014999747276306}, "cornerPoints": [[1.8662995100021362, 0.9393094778060913, 0.7027995586395264], [1.8662995100021362, 0.9393094778060913, 0.5002003908157349], [1.8662995100021362, 0.9072247743606567, 0.7027995586395264], [1.8662995100021362, 0.9072247743606567, 0.5002003908157349], [1.6637004613876343, 0.9393094778060913, 0.7027995586395264], [1.6637004613876343, 0.9393094778060913, 0.5002003908157349], [1.6637004613876343, 0.9072247743606567, 0.7027995586395264], [1.6637004613876343, 0.9072247743606567, 0.5002003908157349]], "size": {"x": 0.20259904861450195, "y": 0.03208470344543457, "z": 0.2025991678237915}}, "breakable": false, "canBeUsedUp": false, "canFillWithLiquid": false, "controlledObjects": null, "cookable": false, "dirtyable": false, "distance": 0.7918512225151062, "fillLiquid": null, "isBroken": false, "isColdSource": false, "isCooked": false, "isDirty": false, "isFilledWithLiquid": false, "isHeatSource": true, "isInteractable": true, "isMoving": false, "isOpen": false, "isPickedUp": false, "isSliced": false, "isToggled": false, "isUsedUp": false, "mass": 0.0, "moveable": false, "name": "StoveBurner_ab166a5a", "objectId": "StoveBurner|+01.77|+00.90|+00.60", "objectOrientedBoundingBox": null, "objectType": "StoveBurner", "openable": false, "openness": 0.0, "parentReceptacles": null, "pickupable": false, "position": {"x": 1.7649999856948853, "y": 0.902899980545044, "z": 0.6014999747276306}, "receptacle": true, "receptacleObjectIds": ["Kettle|+01.68|+00.90|+00.09"], "rotation": {"x": -0.0, "y": 270.00018310546875, "z": 0.0}, "salientMaterials": null, "sliceable": false, "temperature": "RoomTemp", "toggleable": false, "visible": true}, "StoveBurner|+01.77|+00.90|+00.82": {"assetId": "", "axisAlignedBoundingBox": {"center": {"x": 1.7649999856948853, "y": 0.923267126083374, "z": 0.8191999793052673}, "cornerPoints": [[1.8662995100021362, 0.9393094778060913, 0.9204995632171631], [1.8662995100021362, 0.9393094778060913, 0.7179003953933716], [1.8662995100021362, 0.9072247743606567, 0.9204995632171631], [1.8662995100021362, 0.9072247743606567, 0.7179003953933716], [1.6637004613876343, 0.9393094778060913, 0.9204995632171631], [1.6637004613876343, 0.9393094778060913, 0.7179003953933716], [1.6637004613876343, 0.9072247743606567, 0.9204995632171631], [1.6637004613876343, 0.9072247743606567, 0.7179003953933716]], "size": {"x": 0.20259904861450195, "y": 0.03208470344543457, "z": 0.2025991678237915}}, "breakable": false, "canBeUsedUp": false, "canFillWithLiquid": false, "controlledObjects": null, "cookable": false, "dirtyable": false, "distance": 0.9676333665847778, "fillLiquid": null, "isBroken": false, "isColdSource": false, "isCooked": false, "isDirty": false, "isFilledWithLiquid": false, "isHeatSource": true, "isInteractable": true, "isMoving": false, "isOpen": false, "isPickedUp": false, "isSliced": false, "isToggled": false, "isUsedUp": false, "mass": 0.0, "moveable": false, "name": "StoveBurner_360448ba", "objectId": "StoveBurner|+01.77|+00.90|+00.82", "objectOrientedBoundingBox": null, "objectType": "StoveBurner", "openable": false, "openness": 0.0, "parentReceptacles": null, "pickupable": false, "position": {"x": 1.7649999856948853, "y": 0.902899980545044, "z": 0.8191999793052673}, "receptacle": true, "receptacleObjectIds": [], "rotation": {"x": -0.0, "y": 270.00018310546875, "z": 0.0}, "salientMaterials": null, "sliceable": false, "temperature": "RoomTemp", "toggleable": false, "visible": true}, "StoveBurner|+01.98|+00.90|+00.38": {"assetId": "", "axisAlignedBoundingBox": {"center": {"x": 1.9752998352050781, "y": 0.923267126083374, "z": 0.3846000134944916}, "cornerPoints": [[2.076599359512329, 0.9393094778060913, 0.48589959740638733], [2.076599359512329, 0.9393094778060913, 0.2833004295825958], [2.076599359512329, 0.9072247743606567, 0.48589959740638733], [2.076599359512329, 0.9072247743606567, 0.2833004295825958], [1.8740003108978271, 0.9393094778060913, 0.48589959740638733], [1.8740003108978271, 0.9393094778060913, 0.2833004295825958], [1.8740003108978271, 0.9072247743606567, 0.48589959740638733], [1.8740003108978271, 0.9072247743606567, 0.2833004295825958]], "size": {"x": 0.20259904861450195, "y": 0.03208470344543457, "z": 0.2025991678237915}}, "breakable": false, "canBeUsedUp": false, "canFillWithLiquid": false, "controlledObjects": null, "cookable": false, "dirtyable": false, "distance": 0.8209617137908936, "fillLiquid": null, "isBroken": false, "isColdSource": false, "isCooked": false, "isDirty": false, "isFilledWithLiquid": false, "isHeatSource": true, "isInteractable": true, "isMoving": false, "isOpen": false, "isPickedUp": false, "isSliced": false, "isToggled": true, "isUsedUp": false, "mass": 0.0, "moveable": false, "name": "StoveBurner_06531075", "objectId": "StoveBurner|+01.98|+00.90|+00.38", "objectOrientedBoundingBox": null, "objectType": "StoveBurner", "openable": false, "openness": 0.0, "parentReceptacles": null, "pickupable": false, "position": {"x": 1.9752999544143677, "y": 0.902899980545044, "z": 0.3846000134944916}, "receptacle": true, "receptacleObjectIds": [], "rotation": {"x": -0.0, "y": 270.00018310546875, "z": 0.0}, "salientMaterials": null, "sliceable": false, "temperature": "Hot", "toggleable": false, "visible": true}, "StoveBurner|+01.98|+00.90|+00.60": {"assetId": "", "axisAlignedBoundingBox": {"center": {"x": 1.9752998352050781, "y": 0.923267126083374, "z": 0.6014999747276306}, "cornerPoints": [[2.076599359512329, 0.9393094778060913, 0.7027995586395264], [2.076599359512329, 0.9393094778060913, 0.5002003908157349], [2.076599359512329, 0.9072247743606567, 0.7027995586395264], [2.076599359512329, 0.9072247743606567, 0.5002003908157349], [1.8740003108978271, 0.9393094778060913, 0.7027995586395264], [1.8740003108978271, 0.9393094778060913, 0.5002003908157349], [1.8740003108978271, 0.9072247743606567, 0.7027995586395264], [1.8740003108978271, 0.9072247743606567, 0.5002003908157349]], "size": {"x": 0.20259904861450195, "y": 0.03208470344543457, "z": 0.2025991678237915}}, "breakable": false, "canBeUsedUp": false, "canFillWithLiquid": false, "controlledObjects": null, "cookable": false, "dirtyable": false, "distance": 0.9422647356987, "fillLiquid": null, "isBroken": false, "isColdSource": false, "isCooked": false, "isDirty": false, "isFilledWithLiquid": false, "isHeatSource": true, "isInteractable": true, "isMoving": false, "isOpen": false, "isPickedUp": false, "isSliced": false, "isToggled": false, "isUsedUp": false, "mass": 0.0, "moveable": false, "name": "StoveBurner_4b38f6f5", "objectId": "StoveBurner|+01.98|+00.90|+00.60", "objectOrientedBoundingBox": null, "objectType": "StoveBurner", "openable": false, "openness": 0.0, "parentReceptacles": null, "pickupable": false, "position": {"x": 1.9752999544143677, "y": 0.902899980545044, "z": 0.6014999747276306}, "receptacle": true, "receptacleObjectIds": [], "rotation": {"x": -0.0, "y": 270.00018310546875, "z": 0.0}, "salientMaterials": null, "sliceable": false, "temperature": "RoomTemp", "toggleable": false, "visible": true}, "StoveBurner|+01.98|+00.90|+00.82": {"assetId": "", "axisAlignedBoundingBox": {"center": {"x": 1.9752998352050781, "y": 0.923267126083374, "z": 0.8191999793052673}, "cornerPoints": [[2.076599359512329, 0.9393094778060913, 0.9204995632171631], [2.076599359512329, 0.9393094778060913, 0.7179003953933716], [2.076599359512329, 0.9072247743606567, 0.9204995632171631], [2.076599359512329, 0.9072247743606567, 0.7179003953933716], [1.8740003108978271, 0.9393094778060913, 0.9204995632171631], [1.8740003108978271, 0.9393094778060913, 0.7179003953933716], [1.8740003108978271, 0.9072247743606567, 0.9204995632171631], [1.8740003108978271, 0.9072247743606567, 0.7179003953933716]], "size": {"x": 0.20259904861450195, "y": 0.03208470344543457, "z": 0.2025991678237915}}, "breakable": false, "canBeUsedUp": false, "canFillWithLiquid": false, "controlledObjects": null, "cookable": false, "dirtyable": false, "distance": 1.0941429138183594, "fillLiquid": null, "isBroken": false, "isColdSource": false, "isCooked": false, "isDirty": false, "isFilledWithLiquid": false, "isHeatSource": true, "isInteractable": true, "isMoving": false, "isOpen": false, "isPickedUp": false, "isSliced": false, "isToggled": false, "isUsedUp": false, "mass": 0.0, "moveable": false, "name": "StoveBurner_c581f3ca", "objectId": "StoveBurner|+01.98|+00.90|+00.82", "objectOrientedBoundingBox": null, "objectType": "StoveBurner", "openable": false, "openness": 0.0, "parentReceptacles": null, "pickupable": false, "position": {"x": 1.9752999544143677, "y": 0.902899980545044, "z": 0.8191999793052673}, "receptacle": true, "receptacleObjectIds": [], "rotation": {"x": -0.0, "y": 270.00018310546875, "z": 0.0}, "salientMaterials": null, "sliceable": false, "temperature": "RoomTemp", "toggleable": false, "visible": true}, "StoveKnob|+01.60|+00.92|+00.46": {"assetId": "", "axisAlignedBoundingBox": {"center": {"x": 1.6025031805038452, "y": 0.9166072010993958, "z": 0.4625000059604645}, "cornerPoints": [[1.63008451461792, 0.9294231534004211, 0.4905734956264496], [1.63008451461792, 0.9294231534004211, 0.43442651629447937], [1.63008451461792, 0.9037912487983704, 0.4905734956264496], [1.63008451461792, 0.9037912487983704, 0.43442651629447937], [1.5749218463897705, 0.9294231534004211, 0.4905734956264496], [1.5749218463897705, 0.9294231534004211, 0.43442651629447937], [1.5749218463897705, 0.9037912487983704, 0.4905734956264496], [1.5749218463897705, 0.9037912487983704, 0.43442651629447937]], "size": {"x": 0.055162668228149414, "y": 0.02563190460205078, "z": 0.056146979331970215}}, "breakable": false, "canBeUsedUp": false, "canFillWithLiquid": false, "controlledObjects": ["StoveBurner|+01.98|+00.90|+00.38"], "cookable": false, "dirtyable": false, "distance": 0.5817452669143677, "fillLiquid": null, "isBroken": false, "isColdSource": false, "isCooked": false, "isDirty": false, "isFilledWithLiquid": false, "isHeatSource": false, "isInteractable": false, "isMoving": false, "isOpen": false, "isPickedUp": false, "isSliced": false, "isToggled": true, "isUsedUp": false, "mass": 0.0, "moveable": false, "name": "StoveKnob_9b4908fb", "objectId": "StoveKnob|+01.60|+00.92|+00.46", "objectOrientedBoundingBox": null, "objectType": "StoveKnob", "openable": false, "openness": 0.0, "parentReceptacles": null, "pickupable": false, "position": {"x": 1.6024999618530273, "y": 0.9173359870910645, "z": 0.4625000059604645}, "receptacle": false, "receptacleObjectIds": null, "rotation": {"x": -0.0, "y": 269.9999694824219, "z": 180.0}, "salientMaterials": null, "sliceable": false, "temperature": "RoomTemp", "toggleable": true, "visible": false}, "StoveKnob|+01.60|+00.92|+00.52": {"assetId": "", "axisAlignedBoundingBox": {"center": {"x": 1.6025031805038452, "y": 0.9166072010993958, "z": 0.5170999765396118}, "cornerPoints": [[1.63008451461792, 0.9294231534004211, 0.5451734662055969], [1.63008451461792, 0.9294231534004211, 0.4890264868736267], [1.63008451461792, 0.9037912487983704, 0.5451734662055969], [1.63008451461792, 0.9037912487983704, 0.4890264868736267], [1.5749218463897705, 0.9294231534004211, 0.5451734662055969], [1.5749218463897705, 0.9294231534004211, 0.4890264868736267], [1.5749218463897705, 0.9037912487983704, 0.5451734662055969], [1.5749218463897705, 0.9037912487983704, 0.4890264868736267]], "size": {"x": 0.055162668228149414, "y": 0.02563190460205078, "z": 0.056146979331970215}}, "breakable": false, "canBeUsedUp": false, "canFillWithLiquid": false, "controlledObjects": ["StoveBurner|+01.98|+00.90|+00.60"], "cookable": false, "dirtyable": false, "distance": 0.6260300278663635, "fillLiquid": null, "isBroken": false, "isColdSource": false, "isCooked": false, "isDirty": false, "isFilledWithLiquid": false, "isHeatSource": false, "isInteractable": false, "isMoving": false, "isOpen": false, "isPickedUp": false, "isSliced": false, "isToggled": false, "isUsedUp": false, "mass": 0.0, "moveable": false, "name": "StoveKnob_09865c03", "objectId": "StoveKnob|+01.60|+00.92|+00.52", "objectOrientedBoundingBox": null, "objectType": "StoveKnob", "openable": false, "openness": 0.0, "parentReceptacles": null, "pickupable": false, "position": {"x": 1.6024999618530273, "y": 0.9173359870910645, "z": 0.5170999765396118}, "receptacle": false, "receptacleObjectIds": null, "rotation": {"x": -0.0, "y": 269.9999694824219, "z": 180.0}, "salientMaterials": null, "sliceable": false, "temperature": "RoomTemp", "toggleable": true, "visible": false}, "StoveKnob|+01.60|+00.92|+00.57": {"assetId": "", "axisAlignedBoundingBox": {"center": {"x": 1.6025031805038452, "y": 0.9166072010993958, "z": 0.5705999732017517}, "cornerPoints": [[1.63008451461792, 0.9294231534004211, 0.5986734628677368], [1.63008451461792, 0.9294231534004211, 0.5425264835357666], [1.63008451461792, 0.9037912487983704, 0.5986734628677368], [1.63008451461792, 0.9037912487983704, 0.5425264835357666], [1.5749218463897705, 0.9294231534004211, 0.5986734628677368], [1.5749218463897705, 0.9294231534004211, 0.5425264835357666], [1.5749218463897705, 0.9037912487983704, 0.5986734628677368], [1.5749218463897705, 0.9037912487983704, 0.5425264835357666]], "size": {"x": 0.055162668228149414, "y": 0.02563190460205078, "z": 0.056146979331970215}}, "breakable": false, "canBeUsedUp": false, "canFillWithLiquid": false, "controlledObjects": ["StoveBurner|+01.98|+00.90|+00.82"], "cookable": false, "dirtyable": false, "distance": 0.670898973941803, "fillLiquid": null, "isBroken": false, "isColdSource": false, "isCooked": false, "isDirty": false, "isFilledWithLiquid": false, "isHeatSource": false, "isInteractable": false, "isMoving": false, "isOpen": false, "isPickedUp": false, "isSliced": false, "isToggled": false, "isUsedUp": false, "mass": 0.0, "moveable": false, "name": "StoveKnob_222489f6", "objectId": "StoveKnob|+01.60|+00.92|+00.57", "objectOrientedBoundingBox": null, "objectType": "StoveKnob", "openable": false, "openness": 0.0, "parentReceptacles": null, "pickupable": false, "position": {"x": 1.6024999618530273, "y": 0.9173359870910645, "z": 0.5705999732017517}, "receptacle": false, "receptacleObjectIds": null, "rotation": {"x": -0.0, "y": 269.9999694824219, "z": 180.0}, "salientMaterials": null, "sliceable": false, "temperature": "RoomTemp", "toggleable": true, "visible": false}, "StoveKnob|+01.60|+00.92|+00.63": {"assetId": "", "axisAlignedBoundingBox": {"center": {"x": 1.6025031805038452, "y": 0.9166072010993958, "z": 0.6255000233650208}, "cornerPoints": [[1.63008451461792, 0.9294231534004211, 0.6535735130310059], [1.63008451461792, 0.9294231534004211, 0.5974265336990356], [1.63008451461792, 0.9037912487983704, 0.6535735130310059], [1.63008451461792, 0.9037912487983704, 0.5974265336990356], [1.5749218463897705, 0.9294231534004211, 0.6535735130310059], [1.5749218463897705, 0.9294231534004211, 0.5974265336990356], [1.5749218463897705, 0.9037912487983704, 0.6535735130310059], [1.5749218463897705, 0.9037912487983704, 0.5974265336990356]], "size": {"x": 0.055162668228149414, "y": 0.02563190460205078, "z": 0.056146979331970215}}, "breakable": false, "canBeUsedUp": false, "canFillWithLiquid": false, "controlledObjects": ["StoveBurner|+01.77|+00.90|+00.38"], "cookable": false, "dirtyable": false, "distance": 0.7181721925735474, "fillLiquid": null, "isBroken": false, "isColdSource": false, "isCooked": false, "isDirty": false, "isFilledWithLiquid": false, "isHeatSource": false, "isInteractable": false, "isMoving": false, "isOpen": false, "isPickedUp": false, "isSliced": false, "isToggled": false, "isUsedUp": false, "mass": 0.0, "moveable": false, "name": "StoveKnob_d2aa9e48", "objectId": "StoveKnob|+01.60|+00.92|+00.63", "objectOrientedBoundingBox": null, "objectType": "StoveKnob", "openable": false, "openness": 0.0, "parentReceptacles": null, "pickupable": false, "position": {"x": 1.6024999618530273, "y": 0.9173359870910645, "z": 0.6255000233650208}, "receptacle": false, "receptacleObjectIds": null, "rotation": {"x": -0.0, "y": 269.9999694824219, "z": 180.0}, "salientMaterials": null, "sliceable": false, "temperature": "RoomTemp", "toggleable": true, "visible": false}, "StoveKnob|+01.60|+00.92|+00.68": {"assetId": "", "axisAlignedBoundingBox": {"center": {"x": 1.6025031805038452, "y": 0.9166072010993958, "z": 0.6809999942779541}, "cornerPoints": [[1.63008451461792, 0.9294231534004211, 0.7090734839439392], [1.63008451461792, 0.9294231534004211, 0.652926504611969], [1.63008451461792, 0.9037912487983704, 0.7090734839439392], [1.63008451461792, 0.9037912487983704, 0.652926504611969], [1.5749218463897705, 0.9294231534004211, 0.7090734839439392], [1.5749218463897705, 0.9294231534004211, 0.652926504611969], [1.5749218463897705, 0.9037912487983704, 0.7090734839439392], [1.5749218463897705, 0.9037912487983704, 0.652926504611969]], "size": {"x": 0.055162668228149414, "y": 0.02563190460205078, "z": 0.056146979331970215}}, "breakable": false, "canBeUsedUp": false, "canFillWithLiquid": false, "controlledObjects": ["StoveBurner|+01.77|+00.90|+00.60"], "cookable": false, "dirtyable": false, "distance": 0.766995370388031, "fillLiquid": null, "isBroken": false, "isColdSource": false, "isCooked": false, "isDirty": false, "isFilledWithLiquid": false, "isHeatSource": false, "isInteractable": true, "isMoving": false, "isOpen": false, "isPickedUp": false, "isSliced": false, "isToggled": false, "isUsedUp": false, "mass": 0.0, "moveable": false, "name": "StoveKnob_02a2aeb7", "objectId": "StoveKnob|+01.60|+00.92|+00.68", "objectOrientedBoundingBox": null, "objectType": "StoveKnob", "openable": false, "openness": 0.0, "parentReceptacles": null, "pickupable": false, "position": {"x": 1.6024999618530273, "y": 0.9173359870910645, "z": 0.6809999942779541}, "receptacle": false, "receptacleObjectIds": null, "rotation": {"x": -0.0, "y": 269.9999694824219, "z": 180.0}, "salientMaterials": null, "sliceable": false, "temperature": "RoomTemp", "toggleable": true, "visible": true}, "StoveKnob|+01.60|+00.92|+00.74": {"assetId": "", "axisAlignedBoundingBox": {"center": {"x": 1.6025031805038452, "y": 0.9166072010993958, "z": 0.7396000027656555}, "cornerPoints": [[1.63008451461792, 0.9294231534004211, 0.7676732540130615], [1.63008451461792, 0.9294231534004211, 0.7115267515182495], [1.63008451461792, 0.9037912487983704, 0.7676732540130615], [1.63008451461792, 0.9037912487983704, 0.7115267515182495], [1.5749218463897705, 0.9294231534004211, 0.7676732540130615], [1.5749218463897705, 0.9294231534004211, 0.7115267515182495], [1.5749218463897705, 0.9037912487983704, 0.7676732540130615], [1.5749218463897705, 0.9037912487983704, 0.7115267515182495]], "size": {"x": 0.055162668228149414, "y": 0.02563190460205078, "z": 0.05614650249481201}}, "breakable": false, "canBeUsedUp": false, "canFillWithLiquid": false, "controlledObjects": ["StoveBurner|+01.77|+00.90|+00.82"], "cookable": false, "dirtyable": false, "distance": 0.8194686770439148, "fillLiquid": null, "isBroken": false, "isColdSource": false, "isCooked": false, "isDirty": false, "isFilledWithLiquid": false, "isHeatSource": false, "isInteractable": true, "isMoving": false, "isOpen": false, "isPickedUp": false, "isSliced": false, "isToggled": false, "isUsedUp": false, "mass": 0.0, "moveable": false, "name": "StoveKnob_c8efc5af", "objectId": "StoveKnob|+01.60|+00.92|+00.74", "objectOrientedBoundingBox": null, "objectType": "StoveKnob", "openable": false, "openness": 0.0, "parentReceptacles": null, "pickupable": false, "position": {"x": 1.6024999618530273, "y": 0.9173359870910645, "z": 0.7396000027656555}, "receptacle": false, "receptacleObjectIds": null, "rotation": {"x": -0.0, "y": 269.9999694824219, "z": 180.0}, "salientMaterials": null, "sliceable": false, "temperature": "RoomTemp", "toggleable": true, "visible": true}, "Toaster|+01.98|+00.90|-00.34": {"assetId": "Toaster_2", "axisAlignedBoundingBox": {"center": {"x": 1.9594777822494507, "y": 1.0036084651947021, "z": -0.3357711434364319}, "cornerPoints": [[2.137028455734253, 1.1074979305267334, -0.23731553554534912], [2.137028455734253, 1.1074979305267334, -0.43422675132751465], [2.137028455734253, 0.8997189998626709, -0.23731553554534912], [2.137028455734253, 0.8997189998626709, -0.43422675132751465], [1.7819271087646484, 1.1074979305267334, -0.23731553554534912], [1.7819271087646484, 1.1074979305267334, -0.43422675132751465], [1.7819271087646484, 0.8997189998626709, -0.23731553554534912], [1.7819271087646484, 0.8997189998626709, -0.43422675132751465]], "size": {"x": 0.3551013469696045, "y": 0.2077789306640625, "z": 0.19691121578216553}}, "breakable": false, "canBeUsedUp": false, "canFillWithLiquid": false, "controlledObjects": [], "cookable": false, "dirtyable": false, "distance": 0.8007898330688477, "fillLiquid": null, "isBroken": false, "isColdSource": false, "isCooked": false, "isDirty": false, "isFilledWithLiquid": false, "isHeatSource": true, "isInteractable": false, "isMoving": false, "isOpen": false, "isPickedUp": false, "isSliced": false, "isToggled": false, "isUsedUp": false, "mass": 5.0, "moveable": true, "name": "Toaster_22ab325a", "objectId": "Toaster|+01.98|+00.90|-00.34", "objectOrientedBoundingBox": {"cornerPoints": [[1.7822551727294922, 0.8997186422348022, -0.2379060536623001], [1.782526969909668, 0.8998138308525085, -0.43422695994377136], [2.137028932571411, 0.9003758430480957, -0.43373599648475647], [2.1367571353912354, 0.9002807140350342, -0.23741507530212402], [1.7819267511367798, 1.1068408489227295, -0.23780611157417297], [1.782198429107666, 1.106935977935791, -0.4341270327568054], [2.136700391769409, 1.1074979305267334, -0.4336360692977905], [2.1364285945892334, 1.1074028015136719, -0.23731514811515808]]}, "objectType": "Toaster", "openable": false, "openness": 0.0, "parentReceptacles": ["CounterTop|+00.00|+00.95|-01.51"], "pickupable": false, "position": {"x": 1.9769835472106934, "y": 0.9000750780105591, "z": -0.3357970416545868}, "receptacle": true, "receptacleObjectIds": [], "rotation": {"x": 0.09083607792854309, "y": 269.9206237792969, "z": 359.97222900390625}, "salientMaterials": ["Metal"], "sliceable": false, "temperature": "RoomTemp", "toggleable": true, "visible": false}, "Tomato|+00.17|+00.97|-00.28": {"assetId": "Tomato_2", "axisAlignedBoundingBox": {"center": {"x": 0.1692819595336914, "y": 0.9744961261749268, "z": -0.2816971242427826}, "cornerPoints": [[0.2383745014667511, 1.0340025424957275, -0.2107682228088379], [0.2383745014667511, 1.0340025424957275, -0.3526260256767273], [0.2383745014667511, 0.914989709854126, -0.2107682228088379], [0.2383745014667511, 0.914989709854126, -0.3526260256767273], [0.10018941760063171, 1.0340025424957275, -0.2107682228088379], [0.10018941760063171, 1.0340025424957275, -0.3526260256767273], [0.10018941760063171, 0.914989709854126, -0.2107682228088379], [0.10018941760063171, 0.914989709854126, -0.3526260256767273]], "size": {"x": 0.13818508386611938, "y": 0.11901283264160156, "z": 0.1418578028678894}}, "breakable": false, "canBeUsedUp": false, "canFillWithLiquid": false, "controlledObjects": null, "cookable": false, "dirtyable": false, "distance": 1.120059609413147, "fillLiquid": null, "isBroken": false, "isColdSource": false, "isCooked": false, "isDirty": false, "isFilledWithLiquid": false, "isHeatSource": false, "isInteractable": false, "isMoving": false, "isOpen": false, "isPickedUp": false, "isSliced": false, "isToggled": false, "isUsedUp": false, "mass": 0.11999998986721039, "moveable": false, "name": "Tomato_5fb6a620", "objectId": "Tomato|+00.17|+00.97|-00.28", "objectOrientedBoundingBox": {"cornerPoints": [[0.24194514751434326, 0.9142507314682007, -0.21522966027259827], [0.1041995957493782, 0.9161338210105896, -0.20612657070159912], [0.09483997523784637, 0.9159981608390808, -0.3477257192134857], [0.23258551955223083, 0.9141151309013367, -0.35682880878448486], [0.24355389177799225, 1.0329941511154175, -0.2154497504234314], [0.10580834746360779, 1.0348771810531616, -0.20634666085243225], [0.09644873440265656, 1.0347415208816528, -0.34794580936431885], [0.23419427871704102, 1.0328584909439087, -0.357048898935318]]}, "objectType": "Tomato", "openable": false, "openness": 0.0, "parentReceptacles": ["CounterTop|-00.02|+00.96|+00.51"], "pickupable": true, "position": {"x": 0.16839702427387238, "y": 0.9745070934295654, "z": -0.2815350294113159}, "receptacle": false, "receptacleObjectIds": null, "rotation": {"x": 359.9452209472656, "y": 3.7817153930664062, "z": 359.2184753417969}, "salientMaterials": ["Food"], "sliceable": true, "temperature": "RoomTemp", "toggleable": false, "visible": false}, "Window|+02.22|+01.57|-00.39": {"assetId": "", "axisAlignedBoundingBox": {"center": {"x": 2.208235263824463, "y": 1.5507831573486328, "z": -0.3993671238422394}, "cornerPoints": [[2.280311107635498, 2.0999972820281982, -0.000529944896697998], [2.280311107635498, 2.0999972820281982, -0.7982043027877808], [2.280311107635498, 1.0015690326690674, -0.000529944896697998], [2.280311107635498, 1.0015690326690674, -0.7982043027877808], [2.1361594200134277, 2.0999972820281982, -0.000529944896697998], [2.1361594200134277, 2.0999972820281982, -0.7982043027877808], [2.1361594200134277, 1.0015690326690674, -0.000529944896697998], [2.1361594200134277, 1.0015690326690674, -0.7982043027877808]], "size": {"x": 0.1441516876220703, "y": 1.0984282493591309, "z": 0.7976743578910828}}, "breakable": true, "canBeUsedUp": false, "canFillWithLiquid": false, "controlledObjects": null, "cookable": false, "dirtyable": false, "distance": 1.235190749168396, "fillLiquid": null, "isBroken": false, "isColdSource": false, "isCooked": false, "isDirty": false, "isFilledWithLiquid": false, "isHeatSource": false, "isInteractable": true, "isMoving": false, "isOpen": false, "isPickedUp": false, "isSliced": false, "isToggled": false, "isUsedUp": false, "mass": 0.0, "moveable": false, "name": "Window_a948c2ff", "objectId": "Window|+02.22|+01.57|-00.39", "objectOrientedBoundingBox": null, "objectType": "Window", "openable": false, "openness": 0.0, "parentReceptacles": ["CounterTop|+00.00|+00.95|-01.51"], "pickupable": false, "position": {"x": 2.2177000045776367, "y": 1.5650999546051025, "z": -0.38499999046325684}, "receptacle": false, "receptacleObjectIds": null, "rotation": {"x": -0.0, "y": 0.0, "z": 0.0}, "salientMaterials": null, "sliceable": false, "temperature": "RoomTemp", "toggleable": false, "visible": true}, "Window|-00.01|+01.58|-01.82": {"assetId": "", "axisAlignedBoundingBox": {"center": {"x": -0.002675950527191162, "y": 1.6219801902770996, "z": -1.8361577987670898}, "cornerPoints": [[0.5291962027549744, 2.2698113918304443, -1.7999999523162842], [0.5291962027549744, 2.2698113918304443, -1.8723156452178955], [0.5291962027549744, 0.9741489887237549, -1.7999999523162842], [0.5291962027549744, 0.9741489887237549, -1.8723156452178955], [-0.5345481038093567, 2.2698113918304443, -1.7999999523162842], [-0.5345481038093567, 2.2698113918304443, -1.8723156452178955], [-0.5345481038093567, 0.9741489887237549, -1.7999999523162842], [-0.5345481038093567, 0.9741489887237549, -1.8723156452178955]], "size": {"x": 1.063744306564331, "y": 1.2956624031066895, "z": 0.07231569290161133}}, "breakable": true, "canBeUsedUp": false, "canFillWithLiquid": false, "controlledObjects": null, "cookable": false, "dirtyable": false, "distance": 2.3183908462524414, "fillLiquid": null, "isBroken": false, "isColdSource": false, "isCooked": false, "isDirty": false, "isFilledWithLiquid": false, "isHeatSource": false, "isInteractable": false, "isMoving": false, "isOpen": false, "isPickedUp": false, "isSliced": false, "isToggled": false, "isUsedUp": false, "mass": 0.0, "moveable": false, "name": "Window_ebbaf2e5", "objectId": "Window|-00.01|+01.58|-01.82", "objectOrientedBoundingBox": null, "objectType": "Window", "openable": false, "openness": 0.0, "parentReceptacles": ["CounterTop|+00.00|+00.95|-01.51"], "pickupable": false, "position": {"x": -0.010999999940395355, "y": 1.5829999446868896, "z": -1.8219999074935913}, "receptacle": false, "receptacleObjectIds": null, "rotation": {"x": -0.0, "y": 0.0, "z": 0.0}, "salientMaterials": null, "sliceable": false, "temperature": "RoomTemp", "toggleable": false, "visible": false}, "Window|-03.24|+01.62|+02.69": {"assetId": "", "axisAlignedBoundingBox": {"center": {"x": -3.2329037189483643, "y": 1.551131248474121, "z": 2.6996891498565674}, "cornerPoints": [[-3.186800241470337, 2.1030068397521973, 3.4975953102111816], [-3.186800241470337, 2.1030068397521973, 1.9017829895019531], [-3.186800241470337, 0.9992556571960449, 3.4975953102111816], [-3.186800241470337, 0.9992556571960449, 1.9017829895019531], [-3.2790071964263916, 2.1030068397521973, 3.4975953102111816], [-3.2790071964263916, 2.1030068397521973, 1.9017829895019531], [-3.2790071964263916, 0.9992556571960449, 3.4975953102111816], [-3.2790071964263916, 0.9992556571960449, 1.9017829895019531]], "size": {"x": 0.09220695495605469, "y": 1.1037511825561523, "z": 1.5958123207092285}}, "breakable": true, "canBeUsedUp": false, "canFillWithLiquid": false, "controlledObjects": null, "cookable": false, "dirtyable": false, "distance": 5.284276962280273, "fillLiquid": null, "isBroken": false, "isColdSource": false, "isCooked": false, "isDirty": false, "isFilledWithLiquid": false, "isHeatSource": false, "isInteractable": false, "isMoving": false, "isOpen": false, "isPickedUp": false, "isSliced": false, "isToggled": false, "isUsedUp": false, "mass": 0.0, "moveable": false, "name": "Window_c2ac07c7", "objectId": "Window|-03.24|+01.62|+02.69", "objectOrientedBoundingBox": null, "objectType": "Window", "openable": false, "openness": 0.0, "parentReceptacles": null, "pickupable": false, "position": {"x": -3.240000009536743, "y": 1.6160000562667847, "z": 2.693000078201294}, "receptacle": false, "receptacleObjectIds": null, "rotation": {"x": -7.062251193751548e-30, "y": 270.0, "z": 0.0}, "salientMaterials": null, "sliceable": false, "temperature": "RoomTemp", "toggleable": false, "visible": false}}, "robot_positions": {"robot1": {"x": -0.7500002384185791, "y": 0.9009992480278015, "z": -0.7500000596046448}, "robot2": {"x": 1.250001311302185, "y": 0.9009992480278015, "z": 9.5367431640625e-07}, "robot3": {"x": 0.9999995231628418, "y": 0.9009992480278015, "z": 0.5}, "robot4": {"x": -0.75, "y": 0.9009992480278015, "z": 1.25}}, "robot_rotations": {"robot1": 56.18241500854492, "robot2": 40.56987762451172, "robot3": 270.0, "robot4": 180.0}, "version": 1761}, "snapshot_is_current": true, "stage_id": "Phase 1", "stage_index": 0, "status": "partial", "waits": [], "waves": [{"action_keys": ["0:robot1:0", "0:robot2:0", "0:robot3:0"], "navigation_agent_ids": [0, 1, 2], "robots": ["robot1", "robot2", "robot3"], "wave_id": 1}, {"action_keys": ["0:robot1:1", "0:robot3:1"], "navigation_agent_ids": [], "robots": ["robot1", "robot3"], "wave_id": 2}, {"action_keys": ["0:robot2:1"], "navigation_agent_ids": [], "robots": ["robot2"], "wave_id": 3}, {"action_keys": ["0:robot1:2"], "navigation_agent_ids": [0], "robots": ["robot1"], "wave_id": 4}, {"action_keys": ["0:robot2:2"], "navigation_agent_ids": [1], "robots": ["robot2"], "wave_id": 5}, {"action_keys": ["0:robot1:3"], "navigation_agent_ids": [], "robots": ["robot1"], "wave_id": 6}, {"action_keys": ["0:robot1:4"], "navigation_agent_ids": [], "robots": ["robot1"], "wave_id": 7}, {"action_keys": ["0:robot2:3"], "navigation_agent_ids": [], "robots": ["robot2"], "wave_id": 8}, {"action_keys": ["0:robot2:4"], "navigation_agent_ids": [1], "robots": ["robot2"], "wave_id": 9}, {"action_keys": ["0:robot2:5"], "navigation_agent_ids": [], "robots": ["robot2"], "wave_id": 10}, {"action_keys": ["0:robot1:5"], "navigation_agent_ids": [0], "robots": ["robot1"], "wave_id": 11}, {"action_keys": ["0:robot2:6"], "navigation_agent_ids": [1], "robots": ["robot2"], "wave_id": 12}, {"action_keys": ["0:robot1:6"], "navigation_agent_ids": [], "robots": ["robot1"], "wave_id": 13}, {"action_keys": ["0:robot2:7"], "navigation_agent_ids": [], "robots": ["robot2"], "wave_id": 14}], "world_version": 1761}], "status": "success", "subgoal_results": [{"candidates": [{"object_id": "Bread|+00.26|+00.99|-00.08", "source": "metadata", "status": "unsatisfied"}, {"object_id": "Bread|+00.26|+00.99|-00.08|Bread_0", "source": "metadata", "status": "unsatisfied"}, {"object_id": "Bread|+00.26|+00.99|-00.08|BreadSliced_1", "source": "metadata", "status": "unsatisfied"}, {"object_id": "Bread|+00.26|+00.99|-00.08|BreadSliced_2", "source": "metadata", "status": "unsatisfied"}, {"object_id": "Bread|+00.26|+00.99|-00.08|BreadSliced_3", "source": "metadata", "status": "unsatisfied"}, {"object_id": "Bread|+00.26|+00.99|-00.08|BreadSliced_4", "source": "metadata", "status": "unsatisfied"}, {"object_id": "Bread|+00.26|+00.99|-00.08|BreadSliced_5", "source": "metadata", "status": "unsatisfied"}, {"object_id": "Bread|+00.26|+00.99|-00.08|BreadSliced_6", "source": "metadata", "status": "unsatisfied"}, {"object_id": "Bread|+00.26|+00.99|-00.08|BreadSliced_7", "source": "metadata", "status": "unsatisfied"}, {"object_id": "Bread|+00.26|+00.99|-00.08|BreadSliced_8", "source": "metadata", "status": "unsatisfied"}], "contains": [], "matched_object_ids": [], "name": "Bread", "original_goal_index": 0, "reason": "no matching instance satisfies the condition", "states": ["HOT"], "status": "unsatisfied", "subgoal_index": 0}, {"candidates": [{"object_id": "Bread|+00.26|+00.99|-00.08", "source": "metadata", "status": "unsatisfied"}, {"object_id": "Bread|+00.26|+00.99|-00.08|Bread_0", "source": "metadata", "status": "unsatisfied"}, {"object_id": "Bread|+00.26|+00.99|-00.08|BreadSliced_1", "source": "metadata", "status": "unsatisfied"}, {"object_id": "Bread|+00.26|+00.99|-00.08|BreadSliced_2", "source": "metadata", "status": "unsatisfied"}, {"object_id": "Bread|+00.26|+00.99|-00.08|BreadSliced_3", "source": "metadata", "status": "unsatisfied"}, {"object_id": "Bread|+00.26|+00.99|-00.08|BreadSliced_4", "source": "metadata", "status": "unsatisfied"}, {"object_id": "Bread|+00.26|+00.99|-00.08|BreadSliced_5", "source": "metadata", "status": "unsatisfied"}, {"object_id": "Bread|+00.26|+00.99|-00.08|BreadSliced_6", "source": "metadata", "status": "unsatisfied"}, {"object_id": "Bread|+00.26|+00.99|-00.08|BreadSliced_7", "source": "metadata", "status": "unsatisfied"}, {"object_id": "Bread|+00.26|+00.99|-00.08|BreadSliced_8", "source": "metadata", "status": "unsatisfied"}], "contains": [], "matched_object_ids": [], "name": "Bread", "original_goal_index": 0, "reason": "no matching instance satisfies the condition", "states": ["COOKED"], "status": "unsatisfied", "subgoal_index": 1}, {"candidates": [{"object_id": "Kettle|+01.68|+00.90|+00.09", "source": "metadata", "status": "unsatisfied"}], "contains": [], "matched_object_ids": [], "name": "Kettle", "original_goal_index": 1, "reason": "no matching instance satisfies the condition", "states": ["HOT"], "status": "unsatisfied", "subgoal_index": 2}, {"candidates": [{"object_id": "Pan|-01.29|+00.90|-01.35", "source": "metadata", "status": "unsatisfied"}], "contains": [], "matched_object_ids": [], "name": "Pan", "original_goal_index": 2, "reason": "no matching instance satisfies the condition", "states": ["HOT"], "status": "unsatisfied", "subgoal_index": 3}, {"candidates": [{"object_id": "Potato|+00.33|+00.94|+01.31", "source": "metadata", "status": "unsatisfied"}], "contains": [], "matched_object_ids": [], "name": "Potato", "original_goal_index": 3, "reason": "no matching instance satisfies the condition", "states": ["HOT"], "status": "unsatisfied", "subgoal_index": 4}, {"candidates": [{"object_id": "Potato|+00.33|+00.94|+01.31", "source": "metadata", "status": "unsatisfied"}], "contains": [], "matched_object_ids": [], "name": "Potato", "original_goal_index": 3, "reason": "no matching instance satisfies the condition", "states": ["COOKED"], "status": "unsatisfied", "subgoal_index": 5}, {"candidates": [{"object_id": "StoveKnob|+01.60|+00.92|+00.46", "source": "metadata", "status": "satisfied"}, {"object_id": "StoveKnob|+01.60|+00.92|+00.68", "source": "metadata", "status": "unsatisfied"}, {"object_id": "StoveKnob|+01.60|+00.92|+00.74", "source": "metadata", "status": "unsatisfied"}, {"object_id": "StoveKnob|+01.60|+00.92|+00.63", "source": "metadata", "status": "unsatisfied"}, {"object_id": "StoveKnob|+01.60|+00.92|+00.57", "source": "metadata", "status": "unsatisfied"}, {"object_id": "StoveKnob|+01.60|+00.92|+00.52", "source": "metadata", "status": "unsatisfied"}], "contains": [], "matched_object_ids": ["StoveKnob|+01.60|+00.92|+00.46"], "name": "StoveKnob", "original_goal_index": 4, "reason": null, "states": ["ON"], "status": "satisfied", "subgoal_index": 6}], "task_id": "FloorPlan2_task_7", "task_key": "1ae6b9097aef9cf6da06400af3b2204d7b8b62f730f96a086f4ea356dc4dc1b3", "task_success": false, "tc": 0.0, "timed_out": false, "timeout_message": "", "worker_errors": []}
